date,close,daily_return,month
2014-01-02,30.9964,-0.006684826149655376,1
2014-01-03,30.7879,-0.006726587603721801,1
2014-01-06,30.1373,-0.021131678354158634,1
2014-01-07,30.3708,0.00774787389713083,1
2014-01-08,29.8286,-0.017852674279241865,1
2014-01-09,29.6368,-0.006430070469281235,1
2014-01-10,30.0622,0.01435377638611457,1
2014-01-13,29.178,-0.029412351724092067,1
2014-01-14,29.8453,0.022869970525738692,1
2014-01-15,30.6628,0.027391247533112395,1
2014-01-16,30.7712,0.003535228354879516,1
2014-01-17,30.3458,-0.013824615224625636,1
2014-01-21,30.1706,-0.00577345135076357,1
2014-01-22,29.9704,-0.006635598894287775,1
2014-01-23,30.0789,0.0036202386354535765,1
2014-01-24,30.7045,0.02079863292873063,1
2014-01-27,30.0538,-0.021192333371329974,1
2014-01-28,30.254,0.006661387245539663,1
2014-01-29,30.5794,0.010755602564950006,1
2014-01-30,30.7462,0.005454652478465993,1
2014-01-31,31.5636,0.026585399171279667,1
2014-02-03,30.4292,-0.03594013357158243,2
2014-02-04,30.3208,-0.003562367725737259,2
2014-02-05,29.8787,-0.014580749848288943,2
2014-02-06,30.179,0.010050638079970087,2
2014-02-07,30.4959,0.01050067928029419,2
2014-02-10,30.6961,0.006564816909814253,2
2014-02-11,31.0048,0.010056652147992784,2
2014-02-12,31.255,0.00806971823717606,2
2014-02-13,31.3718,0.0037370020796672065,2
2014-02-14,31.3801,0.000264568816580546,2
2014-02-18,31.4474,0.002144671304425305,2
2014-02-19,31.523,0.002404014322328729,2
2014-02-20,31.7247,0.006398502680582396,2
2014-02-21,31.918,0.00609304422106427,2
2014-02-24,31.6743,-0.007635190174822948,2
2014-02-25,31.5482,-0.003981145597534819,2
2014-02-26,31.4894,-0.0018638147342796563,2
2014-02-27,31.8171,0.010406676532420445,2
2014-02-28,32.1953,0.011886689861741129,2
2014-03-03,31.7499,-0.01383431743142638,3
2014-03-04,32.2793,0.016674068264781905,3
2014-03-05,32.0272,-0.007809958704184994,3
2014-03-06,32.0608,0.0010491082579806577,3
2014-03-07,31.8507,-0.006553173969458093,3
2014-03-10,31.7835,-0.002109843739698025,3
2014-03-11,31.9516,0.005288907766608508,3
2014-03-12,32.1617,0.0065755705504577655,3
2014-03-13,31.8423,-0.009931067076678235,3
2014-03-14,31.6827,-0.005012200751830176,3
2014-03-17,31.9768,0.009282668459443144,3
2014-03-18,33.2374,0.039422331190112736,3
2014-03-19,33.0021,-0.007079374439637354,3
2014-03-20,33.8929,0.02699222170710347,3
2014-03-21,33.75,-0.004216222276641979,3
2014-03-24,34.0357,0.008465185185185131,3
2014-03-25,33.9013,-0.003948794941781686,3
2014-03-26,33.4391,-0.013633695463005746,3
2014-03-27,33.0777,-0.010807707145228274,3
2014-03-28,33.8677,0.02388315995368484,3
2014-03-31,34.4475,0.0171195563914881,3
2014-04-01,34.8089,0.01049132738224845,4
2014-04-02,34.7501,-0.0016892231584449968,4
2014-04-03,34.4643,-0.008224436764210807,4
2014-04-04,33.5063,-0.027796879669687136,4
2014-04-07,33.4475,-0.0017548938557825355,4
2014-04-08,33.4643,0.0005022796920548522,4
2014-04-09,34.0105,0.016321871367397378,4
2014-04-10,33.0777,-0.027426824069037514,4
2014-04-11,32.9516,-0.0038122360381768194,4
2014-04-14,32.9264,-0.0007647580087157824,4
2014-04-15,33.4055,0.014550634141600627,4
2014-04-16,33.9517,0.01635060094894558,4
2014-04-17,33.624,-0.009651946736098593,4
2014-04-21,33.5651,-0.0017517249583630656,4
2014-04-22,33.6072,0.0012542789981260238,4
2014-04-23,33.355,-0.007504344307172284,4
2014-04-24,33.4979,0.004284215260081048,4
2014-04-25,33.5399,0.0012538099403247571,4
2014-04-28,34.3467,0.024054931588943118,4
2014-04-29,34.0442,-0.00880725076936073,4
2014-04-30,33.9517,-0.0027170560624127926,4
2014-05-01,33.6156,-0.009899357027777778,5
2014-05-02,33.355,-0.007752353074168106,5
2014-05-05,33.1365,-0.00655074201768846,5
2014-05-06,32.8256,-0.009382403090247848,5
2014-05-07,33.1281,0.009215368492883735,5
2014-05-08,33.313,0.005581364460986338,5
2014-05-09,33.229,-0.0025215381382643898,5
2014-05-12,33.5903,0.010873032592012999,5
2014-05-13,34.2082,0.018395191468965733,5
2014-05-14,34.0558,-0.004455072175677199,5
2014-05-15,33.5142,-0.01590331162386427,5
2014-05-16,33.7088,0.005806493963752546,5
2014-05-19,33.6411,-0.002008377634326819,5
2014-05-20,33.5819,-0.0017597522078649508,5
2014-05-21,34.1489,0.01688409530133783,5
2014-05-22,33.9373,-0.006196392855992383,5
2014-05-23,33.9543,0.0005009237623501139,5
2014-05-27,34.0135,0.0017435199665432055,5
2014-05-28,33.8612,-0.004477633880665133,5
2014-05-29,34.1404,0.00824542544268958,5
2014-05-30,34.6482,0.014873873768321388,5
2014-06-02,34.5213,-0.0036625279235287245,6
2014-06-03,34.0981,-0.01225909800615832,6
2014-06-04,34.1235,0.0007449095404141737,6
2014-06-05,34.8767,0.022072765103227976,6
2014-06-06,35.1053,0.006554519206232179,6
2014-06-09,34.9275,-0.005064762300849068,6
2014-06-10,34.7921,-0.003876601531744406,6
2014-06-11,34.5805,-0.006081840417795914,6
2014-06-12,34.3436,-0.006850681742600506,6
2014-06-13,34.8937,0.016017540385981688,6
2014-06-16,35.1222,0.006548460037198556,6
2014-06-17,35.2745,0.004336288729066107,6
2014-06-18,35.2491,-0.0007200669038541774,6
2014-06-19,35.1306,-0.0033617879605436496,6
2014-06-20,35.2745,0.004096144102292643,6
2014-06-23,35.5369,0.007438801400445172,6
2014-06-24,35.3338,-0.005715186186752486,6
2014-06-25,35.5707,0.006704628429436088,6
2014-06-26,35.3084,-0.0073740466170191254,6
2014-06-27,35.7569,0.012702359778409722,6
2014-06-30,35.2914,-0.01301846636593218,6
2014-07-01,35.4353,0.004077480632675323,7
2014-07-02,35.4607,0.0007167993498009562,7
2014-07-03,35.3761,-0.0023857397062100327,7
2014-07-07,35.5369,0.00454544169651272,7
2014-07-08,35.3591,-0.005003250142809446,7
2014-07-09,35.2661,-0.00263015744178996,7
2014-07-10,35.283,0.0004792137491811399,7
2014-07-11,35.6215,0.009593855397783457,7
2014-07-14,35.6638,0.001187485086254103,7
2014-07-15,35.9262,0.007357600704355649,7
2014-07-16,37.3057,0.03839816067382573,7
2014-07-17,37.6865,0.01020755541378393,7
2014-07-18,37.8219,0.003592798482215054,7
2014-07-21,37.9489,0.003357842942845357,7
2014-07-22,37.9404,-0.00022398541196200217,7
2014-07-23,37.9743,0.0008935066578108497,7
2014-07-24,37.5765,-0.010475505802608476,7
2014-07-25,37.6611,0.002251407129455707,7
2014-07-28,37.2126,-0.011908839624971024,7
2014-07-29,37.1449,-0.0018192762666409124,7
2014-07-30,36.8825,-0.007064226852138478,7
2014-07-31,36.5271,-0.0096360062360199,7
2014-08-01,36.2732,-0.006951003501509678,8
2014-08-04,36.7048,0.01189859179780095,8
2014-08-05,36.4594,-0.00668577406769677,8
2014-08-06,36.1716,-0.007893711909685908,8
2014-08-07,36.5863,0.011464795585486964,8
2014-08-08,36.5609,-0.0006942489401772223,8
2014-08-11,36.5609,0.0,8
2014-08-12,36.8317,0.00740681985399716,8
2014-08-13,37.3057,0.01286934895755576,8
2014-08-14,37.4665,0.004310333273467748,8
2014-08-15,37.9066,0.011746493534223745,8
2014-08-18,38.1774,0.007143874681453832,8
2014-08-19,38.6032,0.011153195345937617,8
2014-08-20,38.2796,-0.008382724748207337,8
2014-08-21,38.5095,0.006005809883070867,8
2014-08-22,38.4499,-0.0015476700554409861,8
2014-08-25,38.4669,0.00044213378968493977,8
2014-08-26,38.3307,-0.003540706425524287,8
2014-08-27,38.2114,-0.0031123877205477823,8
2014-08-28,38.22,0.00022506372443831246,8
2014-08-29,38.6883,0.012252747252747165,8
2014-09-02,38.3988,-0.007482882421817383,9
2014-09-03,38.2881,-0.0028829025907060046,9
2014-09-04,38.5436,0.006673091639438855,9
2014-09-05,39.0971,0.014360360734337219,9
2014-09-08,39.574,0.012197835645098909,9
2014-09-09,39.821,0.0062414716733207865,9
2014-09-10,39.8891,0.0017101529343814814,9
2014-09-11,40.0254,0.003416973559192904,9
2014-09-12,39.7699,-0.006383446511465163,9
2014-09-15,39.3781,-0.00985167174169399,9
2014-09-16,39.821,0.011247368461149598,9
2014-09-17,39.6166,-0.00513297004093316,9
2014-09-18,39.7529,0.003440476971774409,9
2014-09-19,40.4682,0.01799365580875878,9
2014-09-22,40.0765,-0.009679204906568595,9
2014-09-23,39.6507,-0.01062468029892838,9
2014-09-24,40.0935,0.011167520371645256,9
2014-09-25,39.2078,-0.02209086260865223,9
2014-09-26,39.5229,0.008036666173567575,9
2014-09-29,39.5485,0.0006477257488695098,9
2014-09-30,39.4803,-0.001724464897530864,9
2014-10-01,39.0886,-0.009921403839383225,10
2014-10-02,38.9694,-0.0030494824578010116,10
2014-10-03,39.2504,0.007210785898679406,10
2014-10-06,39.2504,0.0,10
2014-10-07,38.7735,-0.012150194647697843,10
2014-10-08,39.838,0.027454318026487234,10
2014-10-09,39.046,-0.019880516090165168,10
2014-10-10,37.4961,-0.03969420683296632,10
2014-10-13,37.1725,-0.008630230877344602,10
2014-10-14,37.2406,0.0018319994619679925,10
2014-10-15,36.8063,-0.011662003297476464,10
2014-10-16,36.3975,-0.011106794217294325,10
2014-10-17,37.1555,0.020825606154268872,10
2014-10-20,37.5387,0.010313412549958878,10
2014-10-21,38.22,0.018149269953408043,10
2014-10-22,37.7942,-0.011140763997906866,10
2014-10-23,38.3392,0.014420202041583119,10
2014-10-24,39.2845,0.024656226525331837,10
2014-10-27,39.0971,-0.004770329264722872,10
2014-10-28,39.591,0.012632650503490161,10
2014-10-29,39.7018,0.00279861584703589,10
2014-10-30,39.2163,-0.012228664695303482,10
2014-10-31,39.9828,0.01954544411379966,10
2014-11-03,40.4001,0.010436987904799189,11
2014-11-04,40.5108,0.002740092227494495,11
2014-11-05,40.7577,0.006094671050682621,11
2014-11-06,41.4731,0.017552511549964844,11
2014-11-07,41.4561,-0.0004099042511893636,11
2014-11-10,41.6349,0.0043129961573808995,11
2014-11-11,41.6179,-0.0004083112965325153,11
2014-11-12,41.5412,-0.001842956996868983,11
2014-11-13,42.248,0.017014433863248968,11
2014-11-14,42.2225,-0.0006035788676387321,11
2014-11-17,42.1203,-0.002420510391378916,11
2014-11-18,41.7689,-0.00834277058805366,11
2014-11-19,41.3233,-0.010668224444502994,11
2014-11-20,41.7347,0.009955642458370884,11
2014-11-21,41.1176,-0.014786256999570924,11
2014-11-24,40.7834,-0.00812790629803306,11
2014-11-25,40.6806,-0.0025206333949597814,11
2014-11-26,40.9205,0.0058971598255679325,11
2014-11-28,40.972,0.0012585378966534222,11
2014-12-01,41.6661,0.01694083764522114,12
2014-12-02,41.529,-0.0032904447500484713,12
2014-12-03,41.2033,-0.007842712321510348,12
2014-12-04,41.8546,0.01580698633361899,12
2014-12-05,41.4947,-0.008598815900761059,12
2014-12-08,40.8777,-0.014869368859155574,12
2014-12-09,40.7834,-0.002306881257996385,12
2014-12-10,40.1921,-0.01449854597703959,12
2014-12-11,40.4235,0.005757350325063637,12
2014-12-12,40.235,-0.004663129120437315,12
2014-12-15,39.995,-0.005964955884180445,12
2014-12-16,38.701,-0.0323540442555319,12
2014-12-17,39.198,0.012842045425182746,12
2014-12-18,40.7234,0.03891525077810076,12
2014-12-19,40.8434,0.002946708771861095,12
2014-12-22,41.1176,0.0067134469706244815,12
2014-12-23,41.5204,0.00979629161235085,12
2014-12-24,41.2548,-0.006396855521623057,12
2014-12-26,41.032,-0.00540058368965568,12
2014-12-29,40.6635,-0.008980795476701053,12
2014-12-30,40.295,-0.009062181071476827,12
2014-12-31,39.8065,-0.012123092195061469,12
2015-01-02,40.0721,0.0066722771406679815,1
2015-01-05,39.7036,-0.009195924346365625,1
2015-01-06,39.1209,-0.01467625102005865,1
2015-01-07,39.6179,0.012704206702810916,1
2015-01-08,40.7834,0.02941852041627646,1
2015-01-09,40.4406,-0.008405380620546521,1
2015-01-12,39.935,-0.01250228730533176,1
2015-01-13,39.7293,-0.005150870164016497,1
2015-01-14,39.3866,-0.008625875613212486,1
2015-01-15,38.9752,-0.010445176786013532,1
2015-01-16,39.6265,0.01671062624438102,1
2015-01-20,39.7551,0.0032453030169203867,1
2015-01-21,39.3523,-0.010132033374334326,1
2015-01-22,40.3892,0.026349158753109725,1
2015-01-23,40.4321,0.001062165133253412,1
2015-01-26,40.2864,-0.003603572409051181,1
2015-01-27,36.5585,-0.09253494975972032,1
2015-01-28,35.2988,-0.0344571029993026,1
2015-01-29,36.0015,0.0199071923124865,1
2015-01-30,34.6218,-0.03832340319153371,1
2015-02-02,35.3759,0.021781074351997942,2
2015-02-03,35.6501,0.0077510395495239415,2
2015-02-04,35.8558,0.005769969789706009,2
2015-02-05,36.3786,0.01458062572861274,2
2015-02-06,36.3443,-0.0009428620122819975,2
2015-02-09,36.3015,-0.0011776262027333173,2
2015-02-10,36.5071,0.0056636778094569795,2
2015-02-11,36.3186,-0.00516337917829679,2
2015-02-12,36.927,0.0167517470387073,2
2015-02-13,37.5955,0.018103284859317004,2
2015-02-17,37.6127,0.00045750156268686837,2
2015-02-18,37.5696,-0.001145889553262447,2
2015-02-19,37.5437,-0.0006893871640901716,2
2015-02-20,37.8544,0.008275689396623154,2
2015-02-23,38.1047,0.006612177184158297,2
2015-02-24,38.0529,-0.0013594123559560467,2
2015-02-25,37.9666,-0.002267895482341742,2
2015-02-26,38.027,0.0015908719769481827,2
2015-02-27,37.8458,-0.00476503536960593,2
2015-03-02,37.8717,0.0006843559919462727,3
2015-03-03,37.3538,-0.013675118888246351,3
2015-03-04,37.1639,-0.005083820120041382,3
2015-03-05,37.2071,0.0011624183683627276,3
2015-03-06,36.5598,-0.017397217197792747,3
2015-03-09,36.9827,0.01156734993079822,3
2015-03-10,36.275,-0.019135974388024724,3
2015-03-11,36.2318,-0.0011909028256374965,3
2015-03-12,35.4033,-0.022866653050635066,3
2015-03-13,35.714,0.008776018054813983,3
2015-03-16,35.8693,0.0043484347874784834,3
2015-03-17,35.9902,0.0033705703763384776,3
2015-03-18,36.6806,0.01918299981661664,3
2015-03-19,36.4994,-0.004939941004236448,3
2015-03-20,37.0086,0.01395091426160433,3
2015-03-23,36.9913,-0.0004674589149549213,3
2015-03-24,37.0259,0.000935355069975774,3
2015-03-25,35.783,-0.03356839401608058,3
2015-03-26,35.5673,-0.006028002123913523,3
2015-03-27,35.3601,-0.005825575739513589,3
2015-03-30,35.3515,-0.00024321198186660897,3
2015-03-31,35.0926,-0.007323593058286226,3
2015-04-01,35.1444,0.001476094675230577,4
2015-04-02,34.7732,-0.010562137922400017,4
2015-04-06,35.8607,0.03127408463989512,4
2015-04-07,35.8434,-0.00048242226169592506,4
2015-04-08,35.7485,-0.0026476282941909624,4
2015-04-09,35.8003,0.001449011846650805,4
2015-04-10,36.0074,0.005784867724571985,4
2015-04-13,36.0419,0.0009581363830768463,4
2015-04-14,35.947,-0.0026330465375020706,4
2015-04-15,36.4735,0.01464656299552125,4
2015-04-16,36.3872,-0.002366101416096611,4
2015-04-17,35.9211,-0.01280944947673901,4
2015-04-20,37.0345,0.030995710042287072,4
2015-04-21,36.8015,-0.006291430963021094,4
2015-04-22,37.1035,0.00820618724780231,4
2015-04-23,37.4056,0.008142089021251353,4
2015-04-24,41.3153,0.10452178283465585,4
2015-04-27,41.4534,0.0033425873707804143,4
2015-04-28,42.4287,0.023527623789604712,4
2015-04-29,42.3424,-0.0020340005703686215,4
2015-04-30,41.9799,-0.008561158555018045,4
2015-05-01,41.9972,0.0004121019821390348,5
2015-05-04,41.6347,-0.008631527816140072,5
2015-05-05,41.0823,-0.013267779040079697,5
2015-05-06,39.943,-0.027732137684598923,5
2015-05-07,40.3055,0.009075432491300273,5
2015-05-08,41.2118,0.022485764970041178,5
2015-05-11,40.8838,-0.007958885561902052,5
2015-05-12,40.8665,-0.00042315048992502824,5
2015-05-13,41.1082,0.005914379748693799,5
2015-05-14,42.0489,0.022883512291951735,5
2015-05-15,41.6865,-0.008618536989076997,5
2015-05-18,41.4362,-0.006004341933239843,5
2015-05-19,41.3319,-0.0025171227091287385,5
2015-05-20,41.3319,0.0,5
2015-05-21,41.1929,-0.003363019846655879,5
2015-05-22,40.7412,-0.010965481915572894,5
2015-05-26,40.4719,-0.006610016396178864,5
2015-05-27,41.358,0.0218942031384739,5
2015-05-28,41.219,-0.0033608975288939025,5
2015-05-29,40.7065,-0.012433586452849532,5
2015-06-01,41.0279,0.007895544937540855,6
2015-06-02,40.7586,-0.006563826079326485,6
2015-06-03,40.6978,-0.001491709725064183,6
2015-06-04,40.2721,-0.010460024866209006,6
2015-06-05,40.081,-0.004745220636619418,6
2015-06-08,39.7249,-0.008884508869539287,6
2015-06-09,39.6554,-0.0017495324091438835,6
2015-06-10,40.4893,0.021028661922462,6
2015-06-11,40.3416,-0.0036478773404331477,6
2015-06-12,39.9333,-0.010121066095543974,6
2015-06-15,39.5077,-0.010657771834534202,6
2015-06-16,39.8117,0.007694702551654498,6
2015-06-17,39.9333,0.0030543784867262946,6
2015-06-18,40.5849,0.01631720894591715,6
2015-06-19,40.0463,-0.013270945597993244,6
2015-06-22,40.1592,0.0028192367334809454,6
2015-06-23,39.8812,-0.006922448654355651,6
2015-06-24,39.6467,-0.0058799634915699395,6
2015-06-25,39.6554,0.0002194381877935747,6
2015-06-26,39.3166,-0.008543603141060174,6
2015-06-29,38.5434,-0.01966599349892928,6
2015-06-30,38.3523,-0.0049580472921433305,6
2015-07-01,38.6129,0.006794898871775645,7
2015-07-02,38.5695,-0.0011239767020867486,7
2015-07-06,38.5608,-0.0002255668338971839,7
2015-07-07,38.4826,-0.002027966224767197,7
2015-07-08,38.4305,-0.0013538586270157582,7
2015-07-09,38.6737,0.0063283069437034545,7
2015-07-10,38.7519,0.0020220459899105148,7
2015-07-13,39.5598,0.020848010033056585,7
2015-07-14,39.6293,0.00175683395770454,7
2015-07-15,39.7509,0.003068436737464486,7
2015-07-16,40.5327,0.019667479226885387,7
2015-07-17,40.498,-0.000856098902861202,7
2015-07-20,40.7586,0.006434885673366697,7
2015-07-21,41.0713,0.007672000510321686,7
2015-07-22,39.5598,-0.036801854336239614,7
2015-07-23,40.055,0.012517757925975204,7
2015-07-24,39.9073,-0.003687429784046903,7
2015-07-27,39.3948,-0.012842261942050737,7
2015-07-28,39.3861,-0.00022084132931243783,7
2015-07-29,40.2113,0.02095155397462567,7
2015-07-30,40.7238,0.012745173620350325,7
2015-07-31,40.5675,-0.003838050476625332,7
2015-08-03,40.663,0.0023541011893755126,8
2015-08-04,41.2972,0.015596488207953119,8
2015-08-05,41.3319,0.0008402506707476665,8
2015-08-06,40.498,-0.020175699641197253,8
2015-08-07,40.6022,0.0025729665662503898,8
2015-08-10,41.1147,0.01262246873322126,8
2015-08-11,40.3156,-0.019435870868570015,8
2015-08-12,40.6022,0.007108910694619386,8
2015-08-13,40.5935,-0.0002142741033738238,8
2015-08-14,40.8281,0.005779250372596634,8
2015-08-17,41.1061,0.006809035933584839,8
2015-08-18,41.3334,0.005529592931462712,8
2015-08-19,40.7563,-0.013962074254718848,8
2015-08-20,39.9256,-0.020382124972090243,8
2015-08-21,37.6609,-0.05672300478890746,8
2015-08-24,36.4454,-0.03227485269868746,8
2015-08-25,35.3874,-0.029029726659605903,8
2015-08-26,37.3461,0.05535020939656499,8
2015-08-27,38.3866,0.027861008244502106,8
2015-08-28,38.4129,0.0006851349168719434,8
2015-08-31,38.0544,-0.009332802261740158,8
2015-09-01,36.5679,-0.0390625,9
2015-09-02,37.9145,0.036824646753026435,9
2015-09-03,38.0369,0.0032283163433517448,9
2015-09-04,37.2587,-0.020459080524438233,9
2015-09-08,38.3779,0.030038621852077396,9
2015-09-09,37.6609,-0.018682627241198735,9
2015-09-10,37.8533,0.005108746737332304,9
2015-09-11,38.0194,0.004387992592455703,9
2015-09-14,37.6346,-0.010121148676728198,9
2015-09-15,38.4566,0.021841603205560833,9
2015-09-16,38.7364,0.007275734204271966,9
2015-09-17,38.6927,-0.0011281378754866012,9
2015-09-18,38.0194,-0.01740121521630711,9
2015-09-21,38.5703,0.014489970909588479,9
2015-09-22,38.3866,-0.004762731946601484,9
2015-09-23,38.3604,-0.0006825298411425873,9
2015-09-24,38.3954,0.000912399245054818,9
2015-09-25,38.4216,0.0006823734093146516,9
2015-09-28,37.8533,-0.014791159139650678,9
2015-09-29,37.9844,0.003463370432696955,9
2015-09-30,38.7014,0.01887617021724708,9
2015-10-01,39.0075,0.007909274599885219,10
2015-10-02,39.8469,0.02151893866564114,10
2015-10-05,40.7738,0.023261533519546074,10
2015-10-06,40.8787,0.0025727305279370505,10
2015-10-07,40.9224,0.001069016382615029,10
2015-10-08,41.4908,0.013889703438703327,10
2015-10-09,41.1935,-0.007165443905636892,10
2015-10-12,41.0973,-0.002335319892701637,10
2015-10-13,41.0011,-0.0023407863776938598,10
2015-10-14,40.8175,-0.0044779286409388774,10
2015-10-15,41.1061,0.007070496723219133,10
2015-10-16,41.5433,0.010635891023473398,10
2015-10-19,41.6395,0.002315656194861626,10
2015-10-20,41.7706,0.003148452791220002,10
2015-10-21,41.2722,-0.011931837225225506,10
2015-10-22,41.998,0.017585687218030444,10
2015-10-23,46.2301,0.10076908424210673,10
2015-10-26,47.4368,0.02610204174336639,10
2015-10-27,46.9471,-0.010323208985429044,10
2015-10-28,47.2007,0.005401824606844796,10
2015-10-29,46.6586,-0.011484999163147935,10
2015-10-30,46.029,-0.013493761064412468,10
2015-11-02,46.5536,0.011397162658324023,11
2015-11-03,47.3494,0.017094274127027687,11
2015-11-04,47.568,0.004616742767595605,11
2015-11-05,47.5505,-0.0003678943827782888,11
2015-11-06,48.0227,0.009930494947476998,11
2015-11-09,47.3581,-0.01383928850314542,11
2015-11-10,46.7897,-0.012002170695192493,11
2015-11-11,46.9121,0.0026159603502480255,11
2015-11-12,46.6236,-0.006149799305509629,11
2015-11-13,46.2039,-0.009001878876792158,11
2015-11-16,47.0171,0.017600245866690845,11
2015-11-17,46.6297,-0.008239555395802789,11
2015-11-18,47.4044,0.016613874848004695,11
2015-11-19,47.4836,0.0016707309869969933,11
2015-11-20,47.7037,0.004635284603526246,11
2015-11-23,47.7037,0.0,11
2015-11-24,47.7565,0.0011068323840708327,11
2015-11-25,47.2636,-0.01032110812140763,11
2015-11-27,47.4748,0.004468555082558279,11
2015-11-30,47.8446,0.007789395637264329,11
2015-12-01,48.6104,0.01600598604649206,12
2015-12-02,48.6016,-0.0001810312196567354,12
2015-12-03,47.7125,-0.018293636423492243,12
2015-12-04,49.2178,0.031549384333245944,12
2015-12-07,49.1298,-0.0017879710186150533,12
2015-12-08,49.1122,-0.00035823471701501575,12
2015-12-09,48.3992,-0.014517777660133402,12
2015-12-10,48.6544,0.005272814426684702,12
2015-12-11,47.5893,-0.02189113420368971,12
2015-12-14,48.54,0.019977179744186113,12
2015-12-15,48.5928,0.0010877626699627996,12
2015-12-16,49.4115,0.01684817503827718,12
2015-12-17,49.033,-0.007660160084190792,12
2015-12-18,47.6509,-0.028187139273550543,12
2015-12-21,48.2671,0.012931550086147325,12
2015-12-22,48.7249,0.00948472147694801,12
2015-12-23,49.1386,0.008490525378194613,12
2015-12-24,49.0066,-0.0026862792183740547,12
2015-12-28,49.2531,0.005029934743483677,12
2015-12-29,49.7812,0.010722167741725741,12
2015-12-30,49.57,-0.004242565466481274,12
2015-12-31,48.8393,-0.014740770627395539,12
2016-01-04,48.2407,-0.012256522923137836,1
2016-01-05,48.4608,0.004562537442450054,1
2016-01-06,47.5805,-0.018165197437929215,1
2016-01-07,45.9255,-0.034783156965563666,1
2016-01-08,46.0663,0.003065834884758978,1
2016-01-11,46.0399,-0.0005730870506204244,1
2016-01-12,46.4625,0.00917899474151751,1
2016-01-13,45.4589,-0.021600215227333797,1
2016-01-14,46.753,0.02846747281610429,1
2016-01-15,44.8867,-0.03991829401321845,1
2016-01-19,44.5082,-0.00843234187409625,1
2016-01-20,44.7107,0.004549723421751528,1
2016-01-21,44.4378,-0.006103684352962491,1
2016-01-22,46.0311,0.03585461026423453,1
2016-01-25,45.591,-0.00956092728611746,1
2016-01-26,45.9255,0.007336974402842644,1
2016-01-27,45.0892,-0.018209926946903154,1
2016-01-28,45.8287,0.016400823257010533,1
2016-01-29,48.496,0.058201520008204666,1
2016-02-01,48.1615,-0.006897476080501619,2
2016-02-02,46.6562,-0.03125525575407739,2
2016-02-03,45.9167,-0.015849983496298403,2
2016-02-04,45.7758,-0.0030686003131759065,2
2016-02-05,44.1561,-0.03538332481354767,2
2016-02-08,43.4959,-0.014951501604534845,2
2016-02-09,43.3814,-0.002632432022328546,2
2016-02-10,43.76,0.008727242550955028,2
2016-02-11,43.7423,-0.00040447897623396845,2
2016-02-12,44.4554,0.016302297775837138,2
2016-02-16,45.2977,0.018947079544892276,2
2016-02-17,46.4769,0.026032226801802283,2
2016-02-18,46.273,-0.004387125647364543,2
2016-02-19,45.9449,-0.007090527953666381,2
2016-02-22,46.6808,0.016017011681383586,2
2016-02-23,45.3775,-0.027919401552672585,2
2016-02-24,45.5371,0.0035171615888933694,2
2016-02-25,46.1932,0.01440803213204167,2
2016-02-26,45.4839,-0.015355073906981986,2
2016-02-29,45.1115,-0.008187512504424621,2
2016-03-01,46.6188,0.03341276614610478,3
2016-03-02,46.9468,0.007035788136974919,3
2016-03-03,46.4148,-0.011331975768316571,3
2016-03-04,46.1311,-0.006112274533123019,3
2016-03-07,45.2445,-0.019219138498756783,3
2016-03-08,45.7942,0.012149543038380228,3
2016-03-09,46.8493,0.023040035637700962,3
2016-03-10,46.1488,-0.014952197791642474,3
2016-03-11,47.0532,0.01959747599070827,3
2016-03-14,47.1419,0.0018851002694821872,3
2016-03-15,47.5142,0.007897433069095738,3
2016-03-16,48.1881,0.014183128412137869,3
2016-03-17,48.4629,0.005702652729615787,3
2016-03-18,47.4256,-0.021404001824075647,3
2016-03-21,47.7536,0.006916095948179768,3
2016-03-22,47.9398,0.003899182470012752,3
2016-03-23,47.8512,-0.0018481512229922004,3
2016-03-24,48.064,0.004447119403484079,3
2016-03-28,47.4699,-0.012360602529959963,3
2016-03-29,48.5073,0.021853848438694756,3
2016-03-30,48.8087,0.006213497762192599,3
2016-03-31,48.9683,0.00326990884821754,3
2016-04-01,49.2698,0.006157044455290306,4
2016-04-04,49.1456,-0.002520813967176516,4
2016-04-05,48.3743,-0.015694182185180483,4
2016-04-06,48.8708,0.01026371441033791,4
2016-04-07,48.2856,-0.011974430539299585,4
2016-04-08,48.2501,-0.000735208840730972,4
2016-04-11,48.1526,-0.0020207212005779462,4
2016-04-12,48.4541,0.00626134414341073,4
2016-04-13,49.0747,0.012807997672023674,4
2016-04-14,49.0836,0.00018135617741932286,4
2016-04-15,49.3407,0.005238002102535333,4
2016-04-18,50.0589,0.014555934553016181,4
2016-04-19,49.9968,-0.0012405386454756862,4
2016-04-20,49.2875,-0.01418690796210953,4
2016-04-21,49.456,0.0034187167131625174,4
2016-04-22,45.9095,-0.07171020705273379,4
2016-04-25,46.202,0.006371230355372903,4
2016-04-26,45.608,-0.012856586294965666,4
2016-04-27,45.1647,-0.0097197860024556,4
2016-04-28,44.2426,-0.02041638713419991,4
2016-04-29,44.216,-0.0006012304882624386,4
2016-05-02,44.8721,0.014838519992762755,5
2016-05-03,44.1362,-0.016399945623226886,5
2016-05-04,44.216,0.0018080396590554049,5
2016-05-05,44.2781,0.001404468970508388,5
2016-05-06,44.677,0.009008968316165378,5
2016-05-09,44.3933,-0.006350023502025515,5
2016-05-10,45.2356,0.018973583851617182,5
2016-05-11,45.2622,0.000588032434631236,5
2016-05-12,45.6701,0.009011934903738528,5
2016-05-13,45.2888,-0.008349007337404513,5
2016-05-16,45.9538,0.014683542067795985,5
2016-05-17,45.0967,-0.018651341129569343,5
2016-05-18,45.3645,0.005938350256227132,5
2016-05-19,44.927,-0.009644104971949452,5
2016-05-20,45.1949,0.0059630066552407435,5
2016-05-23,44.6681,-0.01165618244536426,5
2016-05-24,46.0609,0.031181088965055448,5
2016-05-25,46.5341,0.010273355492402603,5
2016-05-26,46.3288,-0.004411818429925551,5
2016-05-27,46.7127,0.008286422268653615,5
2016-05-31,47.3198,0.012996465629261378,5
2016-06-01,47.1859,-0.002829682289443358,6
2016-06-02,46.8555,-0.007002091726553861,6
2016-06-03,46.2395,-0.01314680240313304,6
2016-06-06,46.5431,0.006565814941770665,6
2016-06-07,46.5163,-0.0005758103779077706,6
2016-06-08,46.4627,-0.0011522842530468091,6
2016-06-09,46.0877,-0.008070990278223222,6
2016-06-10,45.9627,-0.0027122203971992054,6
2016-06-13,44.7663,-0.026029802426750348,6
2016-06-14,44.4896,-0.006180988824182387,6
2016-06-15,44.3646,-0.0028096454002732862,6
2016-06-16,44.9895,0.014085554699016622,6
2016-06-17,44.7574,-0.005158981540137164,6
2016-06-20,44.7038,-0.0011975673296481526,6
2016-06-21,45.7038,0.022369462998671263,6
2016-06-22,45.5252,-0.00390777134505238,6
2016-06-23,46.3466,0.01804275434264979,6
2016-06-24,44.4896,-0.040067664078918375,6
2016-06-27,43.2396,-0.028096454002733195,6
2016-06-28,44.1413,0.020853569413223028,6
2016-06-29,45.1235,0.022251270352255048,6
2016-06-30,45.6859,0.012463572196305561,6
2016-07-01,45.677,-0.00019480846388042483,7
2016-07-05,45.6859,0.00019484642161260446,7
2016-07-06,45.8734,0.004104110896359758,7
2016-07-07,45.8734,0.0,7
2016-07-08,46.6948,0.017905801619239048,7
2016-07-11,46.9538,0.005546656158715857,7
2016-07-12,47.5073,0.011788183278030662,7
2016-07-13,47.7752,0.005639133354242265,7
2016-07-14,47.9805,0.00429720859357996,7
2016-07-15,47.9448,-0.000744052271235196,7
2016-07-18,48.1769,0.004840983798034548,7
2016-07-19,47.4002,-0.016121834323088557,7
2016-07-20,49.9179,0.05311580963793405,7
2016-07-21,49.8197,-0.001967230191975311,7
2016-07-22,50.5072,0.013799761941561295,7
2016-07-25,50.6501,0.002829299585009659,7
2016-07-26,50.6768,0.0005271460470956946,7
2016-07-27,50.1679,-0.010042070533261671,7
2016-07-28,50.1858,0.0003568018593562705,7
2016-07-29,50.6054,0.008360930781217135,7
2016-08-01,50.5161,-0.0017646338137827788,8
2016-08-02,50.5161,0.0,8
2016-08-03,50.8643,0.0068928519818434175,8
2016-08-04,51.2393,0.007372557963050808,8
2016-08-05,51.7482,0.009931829669804104,8
2016-08-08,51.8375,0.0017256638878260233,8
2016-08-09,51.9625,0.002411381721726613,8
2016-08-10,51.8018,-0.003092614866490262,8
2016-08-11,52.0518,0.004826087124385703,8
2016-08-12,51.7304,-0.006174618360940354,8
2016-08-15,51.8911,0.003106490574207754,8
2016-08-16,51.6036,-0.005540449132895642,8
2016-08-17,51.7114,0.0020890015425278907,8
2016-08-18,51.7473,0.0006942376342549128,8
2016-08-19,51.7653,0.0003478442353515021,8
2016-08-22,51.8102,0.000867376408520748,8
2016-08-23,52.0079,0.00381585093282788,8
2016-08-24,52.0618,0.001036381011346288,8
2016-08-25,52.2594,0.003795489207057745,8
2016-08-26,52.1337,-0.002405308901365144,8
2016-08-29,52.1965,0.0012045951083465845,8
2016-08-30,52.0079,-0.0036132690889235652,8
2016-08-31,51.6216,-0.00742771771211681,8
2016-09-01,51.7384,0.0022626187487408966,9
2016-09-02,51.8102,0.0013877506842114862,9
2016-09-06,51.7563,-0.0010403356867952906,9
2016-09-07,51.8012,0.0008675272382299148,9
2016-09-08,51.5946,-0.0039883245947970325,9
2016-09-09,50.4986,-0.02124253313331237,9
2016-09-12,51.2532,0.014942988518493516,9
2016-09-13,50.7861,-0.009113577298588194,9
2016-09-14,50.5435,-0.004776897615686115,9
2016-09-15,51.379,0.016530315470832058,9
2016-09-16,51.4329,0.0010490667393292519,9
2016-09-19,51.1454,-0.005589807302329719,9
2016-09-20,51.0376,-0.002107716431976381,9
2016-09-21,51.8911,0.016722965029703607,9
2016-09-22,51.945,0.0010387137678715685,9
2016-09-23,51.5946,-0.006745596303782908,9
2016-09-26,51.1185,-0.009227709876615031,9
2016-09-27,52.0618,0.01845320187407684,9
2016-09-28,52.1337,0.001381050981717813,9
2016-09-29,51.5677,-0.01085670113573356,9
2016-09-30,51.7473,0.0034828002800202373,9
2016-10-03,51.5856,-0.003124800714240261,10
2016-10-04,51.4239,-0.003134595701125842,10
2016-10-05,51.7833,0.006988968164608256,10
2016-10-06,51.8731,0.0017341498127776411,10
2016-10-07,51.927,0.0010390742022359234,10
2016-10-10,52.1426,0.004151982590945069,10
2016-10-11,51.379,-0.014644455780877919,10
2016-10-12,51.3071,-0.001399404425932782,10
2016-10-13,51.1364,-0.0033270249146803987,10
2016-10-14,51.5856,0.008784349308907036,10
2016-10-17,51.406,-0.003481591762042102,10
2016-10-18,51.8012,0.007687818542582603,10
2016-10-19,51.6845,-0.002252843563469553,10
2016-10-20,51.4329,-0.004867997175168615,10
2016-10-21,53.598,0.0420956236183454,10
2016-10-24,54.8019,0.0224616590171276,10
2016-10-25,54.7929,-0.00016422788260994636,10
2016-10-26,54.4695,-0.00590222455829148,10
2016-10-27,53.9933,-0.008742507274713374,10
2016-10-28,53.7867,-0.003826400683047626,10
2016-10-31,53.8316,0.0008347788579703419,10
2016-11-01,53.7238,-0.0020025412582944657,11
2016-11-02,53.3914,-0.00618720194774014,11
2016-11-03,53.1938,-0.00370097056829366,11
2016-11-04,52.7446,-0.00844459316687296,11
2016-11-07,54.2808,0.029125256424354262,11
2016-11-08,54.3257,0.000827180144728823,11
2016-11-09,54.0562,-0.004960819648895498,11
2016-11-10,52.7356,-0.024430130123834104,11
2016-11-11,53.0231,0.005451725210294356,11
2016-11-14,52.2145,-0.015249957094172095,11
2016-11-15,53.2456,0.019747388177613567,11
2016-11-16,53.9511,0.013249921120242591,11
2016-11-17,54.8465,0.016596510543807286,11
2016-11-18,54.5842,-0.004782438259505972,11
2016-11-21,55.0455,0.008451163523510274,11
2016-11-22,55.2806,0.004271012162665455,11
2016-11-23,54.6294,-0.0117799010864571,11
2016-11-25,54.747,0.002152687014684407,11
2016-11-28,54.8194,0.001322446892067175,11
2016-11-29,55.2535,0.007918729500870247,11
2016-11-30,54.5028,-0.013586469635407772,11
2016-12-01,53.5441,-0.01758992198565945,12
2016-12-02,53.5893,0.0008441639695129233,12
2016-12-05,54.4666,0.016370805365996555,12
2016-12-06,54.2224,-0.004483481619928509,12
2016-12-07,55.5067,0.023685782997432847,12
2016-12-08,55.1811,-0.005865958523926018,12
2016-12-09,56.0494,0.01573546014849292,12
2016-12-12,56.2303,0.0032275100179484095,12
2016-12-13,56.9629,0.013028562892248408,12
2016-12-14,56.6916,-0.004762749087563911,12
2016-12-15,56.6011,-0.0015963564267016395,12
2016-12-16,56.3479,-0.004473411294126817,12
2016-12-19,57.5418,0.021188012330539463,12
2016-12-20,57.4694,-0.0012582157666253257,12
2016-12-21,57.4694,0.0,12
2016-12-22,57.4785,0.0001583451367161981,12
2016-12-23,57.1981,-0.0048783458162617865,12
2016-12-27,57.2343,0.000632888155375877,12
2016-12-28,56.972,-0.004582916188369479,12
2016-12-29,56.8906,-0.0014287720283648886,12
2016-12-30,56.2032,-0.012082839695837233,12
2017-01-03,56.6011,0.007079668061604982,1
2017-01-04,56.3479,-0.004473411294126817,1
2017-01-05,56.3479,0.0,1
2017-01-06,56.8363,0.00866758122308009,1
2017-01-09,56.6554,-0.003182825060744632,1
2017-01-10,56.6373,-0.00031947528390929847,1
2017-01-11,57.1529,0.009103541305817808,1
2017-01-12,56.6283,-0.00917888681064305,1
2017-01-13,56.7097,0.0014374438222584107,1
2017-01-17,56.5559,-0.0027120580782475923,1
2017-01-18,56.5288,-0.00047917193431634697,1
2017-01-19,56.3479,-0.0032001386903666162,1
2017-01-20,56.7459,0.007063262339856324,1
2017-01-23,56.9448,0.003505099046803517,1
2017-01-24,57.4513,0.008894578609460524,1
2017-01-25,57.596,0.0025186549303495287,1
2017-01-26,58.1297,0.009266268490867535,1
2017-01-27,59.4954,0.023494014247450012,1
2017-01-30,58.9075,-0.009881436211875205,1
2017-01-31,58.4734,-0.007369180494843586,1
2017-02-01,57.5056,-0.01655111554997657,2
2017-02-02,57.1348,-0.00644806766645345,2
2017-02-03,57.596,0.008072138171482113,2
2017-02-06,57.5599,-0.0006267796374748169,2
2017-02-07,57.3699,-0.003300909139869912,2
2017-02-08,57.2885,-0.0014188625045538084,2
2017-02-09,57.9397,0.01136702828665448,2
2017-02-10,57.8855,-0.0009354553095718421,2
2017-02-13,58.5367,0.011249794853633421,2
2017-02-14,58.7551,0.0037309926934725457,2
2017-02-15,58.7187,-0.0006195206884168636,2
2017-02-16,58.7096,-0.0001549761830557106,2
2017-02-17,58.8006,0.0015500020439587203,2
2017-02-21,58.6823,-0.002011884232473893,2
2017-02-22,58.564,-0.0020159400705153097,2
2017-02-23,58.8006,0.004040024588484403,2
2017-02-24,58.8006,0.0,2
2017-02-27,58.4457,-0.006035652697421456,2
2017-02-28,58.2182,-0.0038925019291410345,2
2017-03-01,59.0918,0.015005616800244592,3
2017-03-02,58.2455,-0.01432178407156326,3
2017-03-03,58.4639,0.0037496458953911738,3
2017-03-06,58.4821,0.00031130321446215525,3
2017-03-07,58.6004,0.002022841177043988,3
2017-03-08,59.1372,0.009160347028347893,3
2017-03-09,58.9007,-0.00399917480029488,3
2017-03-10,59.0827,0.0030899462994498084,3
2017-03-13,58.8825,-0.0033884707367808353,3
2017-03-14,58.6095,-0.004636352057062809,3
2017-03-15,58.9189,0.005279007669405145,3
2017-03-16,58.8188,-0.0016989454996613196,3
2017-03-17,59.0281,0.003558386094241861,3
2017-03-20,59.0827,0.0009249831859741153,3
2017-03-21,58.4275,-0.011089540593100855,3
2017-03-22,59.1736,0.012769671815497707,3
2017-03-23,59.0281,-0.0024588667919477336,3
2017-03-24,59.1281,0.001694108399220129,3
2017-03-27,59.2373,0.001846837628809217,3
2017-03-28,59.4102,0.002918769086369677,3
2017-03-29,59.574,0.002757102315763982,3
2017-03-30,59.7924,0.003666028804512056,3
2017-03-31,59.9289,0.002282898829951696,3
2017-04-03,59.6468,-0.00470724475169737,4
2017-04-04,59.8106,0.0027461657624550107,4
2017-04-05,59.6559,-0.002586498045496932,4
2017-04-06,59.8106,0.0025932053661079646,4
2017-04-07,59.7651,-0.0007607347192638558,4
2017-04-10,59.6286,-0.002283941631487263,4
2017-04-11,59.5831,-0.0007630566540216543,4
2017-04-12,59.3556,-0.0038181967705607223,4
2017-04-13,59.1008,-0.00429277102750214,4
2017-04-17,59.5831,0.008160634035410785,4
2017-04-18,59.5012,-0.001374550837402011,4
2017-04-19,59.1827,-0.005352833220170328,4
2017-04-20,59.6013,0.007073012890591368,4
2017-04-21,60.4203,0.013741311011672419,4
2017-04-24,61.4485,0.017017459363823262,4
2017-04-25,61.8034,0.005775568158701949,4
2017-04-26,61.7215,-0.001325169812664062,4
2017-04-27,62.1219,0.006487204620756026,4
2017-04-28,62.2948,0.0027832374734193532,4
2017-05-01,63.1592,0.01387595754380766,5
2017-05-02,63.0591,-0.001584883912399082,5
2017-05-03,62.8589,-0.003174799513472326,5
2017-05-04,62.6132,-0.003908754368911915,5
2017-05-05,62.7861,0.002761398554937289,5
2017-05-08,62.7315,-0.0008696192310081452,5
2017-05-09,62.8225,0.0014506268780436482,5
2017-05-10,63.0682,0.0039110191412312645,5
2017-05-11,62.2948,-0.012262915383663975,5
2017-05-12,62.222,-0.0011686368685669413,5
2017-05-15,62.2675,0.0007312526116163287,5
2017-05-16,63.5212,0.020134098847713444,5
2017-05-17,61.755,-0.027804890335824894,5
2017-05-18,61.9655,0.0034086308800906906,5
2017-05-19,61.9471,-0.00029693942597086576,5
2017-05-22,62.6427,0.011228935656390604,5
2017-05-23,62.8532,0.003360327699795773,5
2017-05-24,62.9355,0.0013094003169289437,5
2017-05-25,63.7134,0.01236027361346137,5
2017-05-26,64.0246,0.004884372832088868,5
2017-05-30,64.4364,0.006431902737385364,5
2017-05-31,63.9147,-0.008096355476097439,5
2017-06-01,64.1527,0.0037237130112477423,6
2017-06-02,65.6718,0.023679439836515215,6
2017-06-05,66.1477,0.0072466416330905226,6
2017-06-06,66.3674,0.003321355088687916,6
2017-06-07,66.2484,-0.0017930489969473218,6
2017-06-08,65.8457,-0.006078637370865003,6
2017-06-09,64.354,-0.022654478576429327,6
2017-06-12,63.8598,-0.007679398327998244,6
2017-06-13,64.656,0.01246793757575193,6
2017-06-14,64.3083,-0.005377691165553089,6
2017-06-15,63.9697,-0.00526526124932547,6
2017-06-16,64.0612,0.0014303646882820598,6
2017-06-19,64.8574,0.012428740017358386,6
2017-06-20,63.9788,-0.01354664232608771,6
2017-06-21,64.3083,0.0051501434850294014,6
2017-06-22,64.2991,-0.0001430608490662344,6
2017-06-23,65.1685,0.013521184588897839,6
2017-06-26,64.5462,-0.009549091969279555,6
2017-06-27,63.3382,-0.018715276809479042,6
2017-06-28,63.8781,0.008524081833711783,6
2017-06-29,62.6793,-0.01876699526128678,6
2017-06-30,63.0819,0.006423173200721832,6
2017-07-03,62.3864,-0.011025349585221722,7
2017-07-05,63.2192,0.013349063257376503,7
2017-07-06,62.7525,-0.007382250961733172,7
2017-07-07,63.567,0.012979562567228431,7
2017-07-10,64.0429,0.007486588953387718,7
2017-07-11,64.052,0.00014209225378625234,7
2017-07-12,65.1136,0.01657403359770182,7
2017-07-13,65.681,0.00871400137605649,7
2017-07-14,66.6053,0.014072562841613179,7
2017-07-17,67.127,0.007832710009563648,7
2017-07-18,67.0812,-0.0006822887958645163,7
2017-07-19,67.5937,0.007639994514111237,7
2017-07-20,67.9231,0.004873235227543571,7
2017-07-21,67.5296,-0.005793316265011561,7
2017-07-24,67.3557,-0.0025751670378619806,7
2017-07-25,67.8957,0.008017138861299067,7
2017-07-26,67.7676,-0.001886717420985451,7
2017-07-27,66.9531,-0.012019017937775489,7
2017-07-28,66.8433,-0.001639953937905947,7
2017-07-31,66.5321,-0.004655664816069827,7
2017-08-01,66.4223,-0.0016503311935139875,8
2017-08-02,66.1294,-0.0044096636220065655,8
2017-08-03,66.0288,-0.0015212598329941152,8
2017-08-04,66.5138,0.0073452796355528704,8
2017-08-07,66.2575,-0.003853335698757454,8
2017-08-08,66.6145,0.005388069275176655,8
2017-08-09,66.3216,-0.004396940606024247,8
2017-08-10,65.3515,-0.014627210441243932,8
2017-08-11,66.3491,0.015265143110716695,8
2017-08-14,67.3466,0.015034115006834936,8
2017-08-15,67.365,0.00027321349555875507,8
2017-08-16,67.7606,0.005872485712165032,8
2017-08-17,66.6106,-0.016971514419883982,8
2017-08-18,66.6934,0.0012430454011822523,8
2017-08-21,66.3806,-0.004690119262175774,8
2017-08-22,67.3098,0.01399806569991835,8
2017-08-23,66.905,-0.006013983104986131,8
2017-08-24,66.8774,-0.00041252522233026223,8
2017-08-25,66.997,0.0017883470350223973,8
2017-08-28,67.0062,0.0001373195814740047,8
2017-08-29,67.2086,0.0030206160026982065,8
2017-08-30,68.0918,0.013141175385293025,8
2017-08-31,68.791,0.010268490479029557,8
2017-09-01,68.0274,-0.011100289282028108,9
2017-09-05,67.7238,-0.00446290759311696,9
2017-09-06,67.5306,-0.002852763725602947,9
2017-09-07,68.3954,0.012806046444130414,9
2017-09-08,68.0642,-0.004842430923717056,9
2017-09-11,68.7818,0.010542987356055189,9
2017-09-12,68.7082,-0.001070050507547049,9
2017-09-13,69.1959,0.007098133847197152,9
2017-09-14,68.791,-0.005851502762446836,9
2017-09-15,69.2879,0.007223328633106041,9
2017-09-18,69.1499,-0.0019916897466945027,9
2017-09-19,69.4075,0.003725240383572359,9
2017-09-20,68.9475,-0.006627525843748816,9
2017-09-21,68.2758,-0.009742195148482513,9
2017-09-22,68.4598,0.0026949519449057657,9
2017-09-25,67.4018,-0.01545432501993882,9
2017-09-26,67.4018,0.0,9
2017-09-27,67.9446,0.00805319739235455,9
2017-09-28,67.963,0.00027080886486929856,9
2017-09-29,68.5334,0.00839280196577552,9
2017-10-02,68.6438,0.0016108933746172838,10
2017-10-03,68.3218,-0.0046908824977638375,10
2017-10-04,68.7174,0.005790245573155328,10
2017-10-05,69.8951,0.01713830849246345,10
2017-10-06,69.9227,0.0003948774663746768,10
2017-10-09,70.1895,0.0038156421305239885,10
2017-10-10,70.1895,0.0,10
2017-10-11,70.3091,0.0017039585693017223,10
2017-10-12,70.9531,0.009159554026434868,10
2017-10-13,71.2935,0.004797535273300069,10
2017-10-16,71.4407,0.002064704355937197,10
2017-10-17,71.3855,-0.0007726688008378169,10
2017-10-18,71.4039,0.0002577554265221771,10
2017-10-19,71.68,0.00386673557046624,10
2017-10-20,72.508,0.011551339285714057,10
2017-10-23,72.5264,0.0002537651017817666,10
2017-10-24,72.554,0.000380551082088898,10
2017-10-25,72.3424,-0.002916448438404551,10
2017-10-26,72.462,0.0016532489936746941,10
2017-10-27,77.1082,0.06411912450663793,10
2017-10-30,77.1818,0.0009545028933368727,10
2017-10-31,76.5285,-0.008464430733670425,10
2017-11-01,76.5285,0.0,11
2017-11-02,77.329,0.010460155366954771,11
2017-11-03,77.4118,0.001070749654075609,11
2017-11-06,77.7154,0.003921882710387958,11
2017-11-07,77.5314,-0.002367613111429634,11
2017-11-08,77.7982,0.0034411864096350886,11
2017-11-09,77.3658,-0.005557969207513835,11
2017-11-10,77.1634,-0.0026161430502883443,11
2017-11-13,77.2186,0.0007153650564906133,11
2017-11-14,77.329,0.0014297073503015678,11
2017-11-15,76.7279,-0.0077732803993325605,11
2017-11-16,76.9314,0.0026522295019151265,11
2017-11-17,76.1916,-0.009616359509901029,11
2017-11-20,76.3119,0.0015789142110154142,11
2017-11-21,77.4122,0.014418458982150995,11
2017-11-22,76.8482,-0.007285673317642294,11
2017-11-24,76.9869,0.0018048568476554117,11
2017-11-27,77.5509,0.007325921682779679,11
2017-11-28,78.4848,0.012042413434273591,11
2017-11-29,77.0608,-0.018143640552055973,11
2017-11-30,77.8283,0.009959668210036687,11
2017-12-01,77.9115,0.0010690198809431006,12
2017-12-04,74.9711,-0.037740256573163045,12
2017-12-05,75.4427,0.006290423910013221,12
2017-12-06,76.543,0.014584578759774036,12
2017-12-07,76.2749,-0.0035026063781142813,12
2017-12-08,77.819,0.02024388101459329,12
2017-12-11,78.8084,0.0127141186599673,12
2017-12-12,79.1321,0.004107430172417992,12
2017-12-13,78.9194,-0.0026879104686972077,12
2017-12-14,78.3091,-0.0077332062838794124,12
2017-12-15,80.3064,0.025505337183034937,12
2017-12-18,79.8718,-0.005411772909755697,12
2017-12-19,79.3632,-0.006367704246054151,12
2017-12-20,79.0766,-0.003611245514293815,12
2017-12-21,79.0581,-0.00023395037217077697,12
2017-12-22,79.0673,0.00011637011261345087,12
2017-12-26,78.9656,-0.0012862460207950788,12
2017-12-27,79.2523,0.0036306948848614518,12
2017-12-28,79.2615,0.00011608495904846805,12
2017-12-29,79.0951,-0.002099379900708409,12
2018-01-02,79.4742,0.004792964418781853,1
2018-01-03,79.844,0.004653082383968554,1
2018-01-04,80.5468,0.008802164220229614,1
2018-01-05,81.5454,0.012397761301504273,1
2018-01-08,81.6286,0.0010202905375411575,1
2018-01-09,81.5731,-0.000679908757469927,1
2018-01-10,81.2033,-0.004533357197409438,1
2018-01-11,81.4437,0.002960470818304195,1
2018-01-12,82.8492,0.01725732008737313,1
2018-01-16,81.6933,-0.013951854695036348,1
2018-01-17,83.3485,0.02026114748700336,1
2018-01-18,83.3115,-0.0004439192067045017,1
2018-01-19,83.219,-0.0011102908962148383,1
2018-01-22,84.7077,0.01788894363066129,1
2018-01-23,84.9759,0.00316618205900987,1
2018-01-24,84.9019,-0.0008708351426698346,1
2018-01-25,85.3735,0.0055546460091000505,1
2018-01-26,86.9731,0.018736493174111413,1
2018-01-29,86.8437,-0.0014878163478133644,1
2018-01-30,85.7526,-0.01256395109835251,1
2018-01-31,87.8516,0.02447739193913656,1
2018-02-01,87.1581,-0.007893993962545975,2
2018-02-02,84.8649,-0.026310807601358843,2
2018-02-05,81.3697,-0.04118546065570117,2
2018-02-06,84.4488,0.03784086705493572,2
2018-02-07,82.8584,-0.018832712839021992,2
2018-02-08,78.605,-0.051333359080069085,2
2018-02-09,81.5362,0.037290248711913776,2
2018-02-12,82.4146,0.010773128990558822,2
2018-02-13,83.0618,0.007852977506412895,2
2018-02-14,84.3624,0.015658220746480156,2
2018-02-15,86.0811,0.020372820118915724,2
2018-02-16,85.4679,-0.0071235149179088575,2
2018-02-20,86.1368,0.007826330119261149,2
2018-02-21,84.9942,-0.013264945992885635,2
2018-02-22,85.2171,0.002622531890411395,2
2018-02-23,87.3817,0.025401005197313697,2
2018-02-26,88.6451,0.014458404906290578,2
2018-02-27,87.5117,-0.012785816700528252,2
2018-02-28,87.1123,-0.004563961161764607,2
2018-03-01,86.2576,-0.009811473236270962,3
2018-03-02,86.4434,0.0021540130956576586,3
2018-03-05,86.9915,0.006340565040245938,3
2018-03-06,86.6942,-0.0034175752803435877,3
2018-03-07,87.1959,0.005787007666026023,3
2018-03-08,87.7254,0.006072533226906263,3
2018-03-09,89.6856,0.022344725700880197,3
2018-03-12,89.8993,0.0023827682481913914,3
2018-03-13,87.7068,-0.024388399019792062,3
2018-03-14,87.1866,-0.005931125066699572,3
2018-03-15,87.4932,0.0035165954401250588,3
2018-03-16,87.8833,0.004458632213703462,3
2018-03-19,86.2948,-0.018075106419536024,3
2018-03-20,86.5177,0.0025830061602785115,3
2018-03-21,85.9139,-0.006978918764599662,3
2018-03-22,83.4149,-0.02908726061789768,3
2018-03-23,80.9902,-0.0290679482922116,3
2018-03-26,87.1216,0.07570545572180332,3
2018-03-27,83.1176,-0.0459587519053829,3
2018-03-28,83.0433,-0.0008939141649902949,3
2018-03-29,84.7898,0.021031196977961963,3
2018-04-02,82.235,-0.030130982736131018,4
2018-04-03,83.3405,0.013443181127257287,4
2018-04-04,85.7745,0.029205488328003737,4
2018-04-05,85.821,0.0005421191612891008,4
2018-04-06,83.8236,-0.023274023840318736,4
2018-04-09,84.3253,0.005985187942297854,4
2018-04-10,86.2855,0.02324569257387754,4
2018-04-11,85.3379,-0.010982146478840549,4
2018-04-12,86.9358,0.01872438857764247,4
2018-04-13,86.4713,-0.005343023242438738,4
2018-04-16,87.4839,0.011710243745612692,4
2018-04-17,89.249,0.020176283864802524,4
2018-04-18,89.5927,0.003851023540879961,4
2018-04-19,89.2861,-0.0034221538138708985,4
2018-04-20,88.2549,-0.011549390106634694,4
2018-04-23,88.5801,0.0036847812416080927,4
2018-04-24,86.5084,-0.02338787154225397,4
2018-04-25,85.7559,-0.008698577247989725,4
2018-04-26,87.5675,0.021125077108397283,4
2018-04-27,89.0167,0.016549518942530206,4
2018-04-30,86.88,-0.02400336116706192,4
2018-05-01,88.2549,0.015825276243094155,5
2018-05-02,86.8707,-0.01568411498964939,5
2018-05-03,87.391,0.005989361200036347,5
2018-05-04,88.4036,0.011587005526884742,5
2018-05-07,89.3883,0.011138686659819319,5
2018-05-08,89.0074,-0.004261184069950907,5
2018-05-09,90.0572,0.011794524949610752,5
2018-05-10,90.9583,0.010005862940442256,5
2018-05-11,90.7632,-0.0021449389445492573,5
2018-05-14,91.0698,0.0033780210481781925,5
2018-05-15,90.4102,-0.00724279618490431,5
2018-05-16,90.6435,0.002580461054173089,5
2018-05-17,89.7384,-0.009985271972066445,5
2018-05-18,89.9064,0.001872108261346428,5
2018-05-21,91.0633,0.012867826984508168,5
2018-05-22,90.97,-0.0010245620354193408,5
2018-05-23,92.0524,0.011898428053204402,5
2018-05-24,91.7258,-0.003547979194458817,5
2018-05-25,91.7724,0.0005080359070184226,5
2018-05-29,91.4459,-0.0035577145198339988,5
2018-05-30,92.3229,0.009590369825219103,5
2018-05-31,92.2203,-0.0011113169105391174,5
2018-06-01,94.0397,0.01972884495062366,6
2018-06-04,94.8608,0.00873141875186767,6
2018-06-05,95.3459,0.005113808865200298,6
2018-06-06,95.6258,0.0029356270169980103,6
2018-06-07,94.1237,-0.01570810387991528,6
2018-06-08,94.8234,0.007433834411524565,6
2018-06-11,94.2823,-0.0057063973660509415,6
2018-06-12,94.5249,0.0025731234812895742,6
2018-06-13,94.0957,-0.004540602529069182,6
2018-06-14,94.6275,0.005651692904139027,6
2018-06-15,93.4239,-0.012719346912895224,6
2018-06-18,94.105,0.007290425683363688,6
2018-06-19,94.105,0.0,6
2018-06-20,95.0474,0.010014345677700431,6
2018-06-21,94.3663,-0.007165898278122307,6
2018-06-22,93.6851,-0.007218678702036518,6
2018-06-25,91.8004,-0.020117393267445993,6
2018-06-26,92.4442,0.007013041337510462,6
2018-06-27,91.0074,-0.01554234878986449,6
2018-06-28,92.0244,0.011174915446436229,6
2018-06-29,92.0057,-0.0002032069755412147,6
2018-07-02,93.3119,0.014196946493532314,7
2018-07-03,92.4162,-0.009598990053787282,7
2018-07-05,93.0787,0.007168656577526411,7
2018-07-06,94.3849,0.014033285810824747,7
2018-07-09,95.0287,0.006821006326223733,7
2018-07-10,95.2806,0.0026507781333429126,7
2018-07-11,95.15,-0.0013706882618287342,7
2018-07-12,97.212,0.021671045717288395,7
2018-07-13,98.3689,0.011900794140641047,7
2018-07-16,97.8838,-0.004931436663416999,7
2018-07-17,98.8541,0.009912774126055623,7
2018-07-18,98.0797,-0.007833767137630065,7
2018-07-19,97.4079,-0.006849531554439903,7
2018-07-20,99.1527,0.01791230485412365,7
2018-07-23,100.739,0.015998555762979816,7
2018-07-24,100.45,-0.002868799571169034,7
2018-07-25,103.407,0.029437531110005022,7
2018-07-26,102.278,-0.010918022957826734,7
2018-07-27,100.468,-0.0176968654060502,7
2018-07-30,98.313,-0.021449615798065036,7
2018-07-31,98.9754,0.0067376643984009554,7
2018-08-01,99.162,0.001885316957547234,8
2018-08-02,100.366,0.01214174784695743,8
2018-08-03,100.804,0.004364027658768865,8
2018-08-06,100.888,0.00083330026586248,8
2018-08-07,101.588,0.0069383871223533955,8
2018-08-08,102.157,0.005601055242745234,8
2018-08-09,102.325,0.0016445275409420201,8
2018-08-10,101.7,-0.006107989249938939,8
2018-08-13,100.963,-0.007246804326450418,8
2018-08-14,102.222,0.012469914721234598,8
2018-08-15,100.836,-0.013558725127663318,8
2018-08-16,100.817,-0.00018842476893177196,8
2018-08-17,100.761,-0.0005554618764692654,8
2018-08-20,100.096,-0.0065997757068706475,8
2018-08-21,99.2626,-0.00832600703324804,8
2018-08-22,100.274,0.010189134679123857,8
2018-08-23,100.743,0.004677184514430444,8
2018-08-24,101.529,0.007802030910336155,8
2018-08-27,102.653,0.011070728560312881,8
2018-08-28,103.271,0.006020281920645187,8
2018-08-29,104.92,0.0159676966428135,8
2018-08-30,104.854,-0.0006290507052992833,8
2018-08-31,105.21,0.003395197131249139,8
2018-09-04,104.629,-0.005522288755821614,9
2018-09-05,101.614,-0.028816102610174976,9
2018-09-06,101.848,0.0023028322868896556,9
2018-09-07,101.351,-0.004879820909590715,9
2018-09-10,102.447,0.010813904154867826,9
2018-09-11,104.189,0.017003914219059446,9
2018-09-12,104.629,0.004223094568524655,9
2018-09-13,105.753,0.010742719513710197,9
2018-09-14,106.184,0.0040755345002032595,9
2018-09-17,105.032,-0.010849092141942296,9
2018-09-18,106.034,0.009539949729606256,9
2018-09-19,104.62,-0.01333534526661262,9
2018-09-20,106.371,0.016736761613458162,9
2018-09-21,107.018,0.0060824848877985005,9
2018-09-24,107.402,0.0035881814274234536,9
2018-09-25,107.196,-0.0019180275972514593,9
2018-09-26,106.756,-0.004104630769804829,9
2018-09-27,107.158,0.0037655963130878156,9
2018-09-28,107.121,-0.0003452845331193277,9
2018-10-01,108.282,0.010838210995042896,10
2018-10-02,107.851,-0.0039803476108678515,10
2018-10-03,107.87,0.00017616897386218966,10
2018-10-04,105.641,-0.020663761935663327,10
2018-10-05,105.023,-0.005850001419903328,10
2018-10-08,103.824,-0.011416546851641951,10
2018-10-09,105.145,0.012723455077823909,10
2018-10-10,99.4312,-0.05434209900613429,10
2018-10-11,99.1971,-0.0023543917804471626,10
2018-10-12,102.625,0.034556453767297546,10
2018-10-15,100.78,-0.017978075517661396,10
2018-10-16,103.964,0.03159357015280806,10
2018-10-17,103.693,-0.0026066715401484863,10
2018-10-18,101.623,-0.01996277472924879,10
2018-10-19,101.773,0.0014760438089802541,10
2018-10-22,102.681,0.008921816198795396,10
2018-10-23,101.248,-0.013955843826998104,10
2018-10-24,95.8346,-0.05346673514538569,10
2018-10-25,101.436,0.05844861876608243,10
2018-10-26,100.18,-0.012382191726803105,10
2018-10-29,97.2676,-0.029071670992214083,10
2018-10-30,97.1552,-0.00115557492937024,10
2018-10-31,100.04,0.02969269786897688,10
2018-11-01,99.2064,-0.008332666933226762,11
2018-11-02,99.4312,0.002265982839816827,11
2018-11-05,100.696,0.01272035336996824,11
2018-11-06,100.892,0.0019464526892825074,11
2018-11-07,104.864,0.03936883003607816,11
2018-11-08,104.667,-0.0018786237412267148,11
2018-11-09,102.625,-0.01950949200798724,11
2018-11-12,100.096,-0.024643118148599208,11
2018-11-13,100.162,0.0006593670076726621,11
2018-11-14,98.7414,-0.014183023501926906,11
2018-11-15,100.914,0.022002928862665527,11
2018-11-16,101.864,0.009413956438155235,11
2018-11-19,98.4121,-0.0338873399827222,11
2018-11-20,95.6748,-0.027814669131133174,11
2018-11-21,96.9917,0.013764335018207507,11
2018-11-23,96.9541,-0.0003876620370608652,11
2018-11-26,100.152,0.032983648963788026,11
2018-11-27,100.783,0.006300423356498053,11
2018-11-28,104.526,0.037139200063502686,11
2018-11-29,103.652,-0.008361555976503454,11
2018-11-30,104.31,0.006348165013699614,11
2018-12-03,105.439,0.010823506854568121,12
2018-12-04,102.081,-0.0318477982530182,12
2018-12-06,102.711,0.006171569635877283,12
2018-12-07,98.6003,-0.04002200348550777,12
2018-12-10,101.206,0.026426897281245587,12
2018-12-11,102.147,0.009297867715352792,12
2018-12-12,102.607,0.004503313851605961,12
2018-12-13,102.955,0.003391581471049676,12
2018-12-14,99.7385,-0.03124180467194404,12
2018-12-17,96.7848,-0.029614441765215993,12
2018-12-18,97.8007,0.01049648291880545,12
2018-12-19,97.5373,-0.002693232257028888,12
2018-12-20,95.4867,-0.021023751939001856,12
2018-12-21,92.4013,-0.03231235344817651,12
2018-12-24,88.5446,-0.04173859025792925,12
2018-12-26,94.5931,0.06831020751124295,12
2018-12-27,95.1763,0.006165354555458968,12
2018-12-28,94.4331,-0.0078086666533579985,12
2018-12-31,95.5431,0.011754353081705471,12
2019-01-02,95.1198,-0.00443046122639934,1
2019-01-03,91.6206,-0.03678729349725296,1
2019-01-04,95.8818,0.04650919116443242,1
2019-01-07,96.004,0.0012744858774031975,1
2019-01-08,96.7001,0.007250739552518759,1
2019-01-09,98.0829,0.014299881799501701,1
2019-01-10,97.4527,-0.006425177069601329,1
2019-01-11,96.7001,-0.007722720868687971,1
2019-01-14,95.9946,-0.007295752538001521,1
2019-01-15,98.779,0.029005798242817793,1
2019-01-16,99.1271,0.0035240283866004862,1
2019-01-17,99.8231,0.007021288830198813,1
2019-01-18,101.319,0.014985509366068683,1
2019-01-22,99.4092,-0.01884937672104936,1
2019-01-23,100.378,0.00974557686813693,1
2019-01-24,99.8984,-0.004777939389109198,1
2019-01-25,100.811,0.009135281445949106,1
2019-01-28,98.8449,-0.01950283203221881,1
2019-01-29,96.8318,-0.02036625056022101,1
2019-01-30,100.068,0.033420839021891524,1
2019-01-31,98.2334,-0.0183335331974257,1
2019-02-01,96.6813,-0.015800125008398447,2
2019-02-04,99.4657,0.02879977824046631,2
2019-02-05,100.858,0.013997790193001292,2
2019-02-06,99.7385,-0.01109976402466839,2
2019-02-07,99.0236,-0.007167743649643787,2
2019-02-08,99.3998,0.003799094357304744,2
2019-02-11,99.0048,-0.003973851054026256,2
2019-02-12,100.548,0.015587123048579343,2
2019-02-13,100.472,-0.0007558578987151288,2
2019-02-14,100.557,0.0008460068476789928,2
2019-02-15,101.799,0.012351203794862764,2
2019-02-19,101.752,-0.00046169412273211474,2
2019-02-20,101.223,-0.0051989150090415714,2
2019-02-21,103.357,0.021082165120575258,2
2019-02-22,104.831,0.014261249842777879,2
2019-02-25,105.417,0.005589949537827543,2
2019-02-26,106.144,0.006896420880882603,2
2019-02-27,105.965,-0.001686388302683195,2
2019-02-28,105.832,-0.001255131411315169,2
2019-03-01,106.305,0.004469347645324806,3
2019-03-04,106.05,-0.002398758289826497,3
2019-03-05,105.521,-0.004988213107024908,3
2019-03-06,105.568,0.0004454089707262021,3
2019-03-07,104.283,-0.012172249166414018,3
2019-03-08,104.397,0.0010931791375392574,3
2019-03-11,106.588,0.02098719311857611,3
2019-03-12,107.335,0.007008293616542094,3
2019-03-13,108.166,0.007742115805655203,3
2019-03-14,108.251,0.0007858291884697,3
2019-03-15,109.498,0.01151952406906176,3
2019-03-18,111.066,0.014319896253812914,3
2019-03-19,111.142,0.0006842778167934771,3
2019-03-20,111.019,-0.0011066923395295358,3
2019-03-21,113.569,0.022969041335267004,3
2019-03-22,110.575,-0.026362827884369833,3
2019-03-25,111.151,0.005209134071896937,3
2019-03-26,111.387,0.0021232377576450023,3
2019-03-27,110.31,-0.009668991893129308,3
2019-03-28,110.462,0.0013779349107061467,3
2019-03-29,111.416,0.008636454165233287,3
2019-04-01,112.436,0.00915487901199108,4
2019-04-02,112.596,0.0014230317691841243,4
2019-04-03,113.333,0.006545525595935908,4
2019-04-04,112.757,-0.005082367889317263,4
2019-04-05,113.258,0.0044431831283200385,4
2019-04-08,113.296,0.00033551713786228454,4
2019-04-09,112.681,-0.005428258720519774,4
2019-04-10,113.541,0.007632165138754532,4
2019-04-11,113.673,0.001162575633471663,4
2019-04-12,114.259,0.005155137983514191,4
2019-04-15,114.354,0.0008314443501167279,4
2019-04-16,114.089,-0.0023173653741889177,4
2019-04-17,115.034,0.008283007126015818,4
2019-04-18,116.545,0.013135246970460868,4
2019-04-22,116.914,0.0031661589943798862,4
2019-04-23,118.501,0.013574080093059937,4
2019-04-24,118.094,-0.0034345701724036726,4
2019-04-25,122.005,0.033117685911223216,4
2019-04-26,122.704,0.00572927339043483,4
2019-04-29,122.591,-0.0009209153735819653,4
2019-04-30,123.375,0.0063952492434191655,4
2019-05-01,120.806,-0.02082269503546097,5
2019-05-02,119.228,-0.013062265119282213,5
2019-05-03,121.769,0.02131210789411897,5
2019-05-06,121.061,-0.005814287708694299,5
2019-05-07,118.576,-0.02052684184006426,5
2019-05-08,118.567,-7.590068816620832e-05,5
2019-05-09,118.557,-8.434049946437483e-05,5
2019-05-10,120.097,0.012989532461178843,5
2019-05-13,116.526,-0.0297342981090285,5
2019-05-14,117.83,0.011190635566311391,5
2019-05-15,119.489,0.014079606212339835,5
2019-05-16,122.248,0.02308999154733904,5
2019-05-17,121.433,-0.0066667757345723055,5
2019-05-20,119.679,-0.014444179094644793,5
2019-05-21,120.324,0.005389416689644877,5
2019-05-22,121.054,0.006066952561417649,5
2019-05-23,119.641,-0.011672476745914984,5
2019-05-24,119.698,0.0004764253057061296,5
2019-05-28,119.622,-0.0006349312436297883,5
2019-05-29,118.465,-0.009672133888415146,5
2019-05-30,119.214,0.0063225425231081545,5
2019-05-31,117.271,-0.016298421326354284,5
2019-06-03,113.63,-0.031047744114060638,6
2019-06-04,116.777,0.027695150928451984,6
2019-06-05,119.309,0.02168235183298073,6
2019-06-06,121.196,0.015816074227426258,6
2019-06-07,124.59,0.028004224561866797,6
2019-06-10,125.728,0.009133959386788515,6
2019-06-11,125.254,-0.003770043268007006,6
2019-06-12,124.676,-0.004614623085889447,6
2019-06-13,125.463,0.006312361641374276,6
2019-06-14,125.586,0.0009803687142824202,6
2019-06-17,125.965,0.003017852308378366,6
2019-06-18,128.156,0.017393720477910657,6
2019-06-19,128.658,0.003917101033115822,6
2019-06-20,129.853,0.009288190396244511,6
2019-06-21,129.872,0.0001463192995156959,6
2019-06-24,130.64,0.0059135148453859365,6
2019-06-25,126.515,-0.03157532149418241,6
2019-06-26,126.989,0.003746591313283032,6
2019-06-27,127.198,0.0016458118419704348,6
2019-06-28,127.018,-0.0014151165898834694,6
2019-07-01,128.649,0.012840699743343453,7
2019-07-02,129.502,0.00663044407651836,7
2019-07-03,130.336,0.0064400549798457885,7
2019-07-05,129.957,-0.002907868892708221,7
2019-07-08,129.862,-0.0007310110267242376,7
2019-07-09,129.388,-0.00365002849178353,7
2019-07-10,130.706,0.0101864160509475,7
2019-07-11,131.228,0.003993695775251549,7
2019-07-12,131.702,0.0036120340171303944,7
2019-07-15,131.702,0.0,7
2019-07-16,129.976,-0.013105343882401144,7
2019-07-17,129.208,-0.005908783159968012,7
2019-07-18,129.35,0.0010990031576991743,7
2019-07-19,129.54,0.001468882875917954,7
2019-07-22,131.256,0.013246873552570593,7
2019-07-23,132.072,0.006216858657889901,7
2019-07-24,133.428,0.010267127021624578,7
2019-07-25,132.925,-0.003769823425367913,7
2019-07-26,134.015,0.008200112845589524,7
2019-07-29,133.721,-0.002193784277879196,7
2019-07-30,133.077,-0.004815997487305657,7
2019-07-31,129.208,-0.029073393599194475,7
2019-08-01,130.905,0.013133861680391323,8
2019-08-02,129.805,-0.008403040372789383,8
2019-08-05,125.358,-0.03425908092908592,8
2019-08-06,127.71,0.01876226487340249,8
2019-08-07,128.269,0.004377104377104368,8
2019-08-08,131.692,0.026686104982497794,8
2019-08-09,130.574,-0.00848950581660235,8
2019-08-12,128.753,-0.013946114846753788,8
2019-08-13,131.417,0.020690780020659938,8
2019-08-14,127.46,-0.030110259707648246,8
2019-08-15,127.174,-0.0022438412050838075,8
2019-08-16,129.505,0.018329218236431855,8
2019-08-19,131.674,0.016748388093123845,8
2019-08-20,130.58,-0.008308398013275209,8
2019-08-21,132.036,0.011150252718639786,8
2019-08-22,131.075,-0.007278318034475539,8
2019-08-23,126.898,-0.031867251573526545,8
2019-08-26,128.858,0.015445475894025229,8
2019-08-27,129.134,0.002141892625991293,8
2019-08-28,128.963,-0.001324205863676431,8
2019-08-29,131.398,0.01888138458317501,8
2019-08-30,131.151,-0.0018797850804425087,8
2019-09-03,129.419,-0.01320615168774919,9
2019-09-04,130.932,0.011690710019394146,9
2019-09-05,133.234,0.01758164543427143,9
2019-09-06,132.331,-0.006777549274209482,9
2019-09-09,130.827,-0.011365439692891277,9
2019-09-10,129.458,-0.010464200814816471,9
2019-09-11,129.496,0.00029353149283939395,9
2019-09-12,130.827,0.010278309754741422,9
2019-09-13,130.637,-0.0014522996017641843,9
2019-09-16,129.695,-0.007210820824115727,9
2019-09-17,130.704,0.007779791048228679,9
2019-09-18,131.779,0.008224690904639509,9
2019-09-19,134.205,0.01840961002891217,9
2019-09-20,132.654,-0.011556946462501494,9
2019-09-23,132.369,-0.002148446334072074,9
2019-09-24,130.694,-0.012654020201104621,9
2019-09-25,132.578,0.014415351890675998,9
2019-09-26,132.749,0.0012898067552684633,9
2019-09-27,131.027,-0.012971849128807111,9
2019-09-30,132.264,0.009440802277393301,9
2019-10-01,130.399,-0.014100586705377172,10
2019-10-02,128.097,-0.017653509612803764,10
2019-10-03,129.648,0.012108011897234094,10
2019-10-04,131.398,0.013498087128224201,10
2019-10-07,130.447,-0.00723755308299967,10
2019-10-08,129.068,-0.01057134315085817,10
2019-10-09,131.512,0.018935754795921467,10
2019-10-10,132.331,0.006227568586896881,10
2019-10-11,132.882,0.004163801376850573,10
2019-10-14,132.759,-0.0009256332686143898,10
2019-10-15,134.68,0.014469828787502248,10
2019-10-16,133.577,-0.00818978318978325,10
2019-10-17,132.892,-0.005128128345448735,10
2019-10-18,130.723,-0.016321524245251684,10
2019-10-21,131.693,0.007420270342632929,10
2019-10-22,129.734,-0.014875505911475906,10
2019-10-23,130.561,0.006374581836681159,10
2019-10-24,133.13,0.019676626251330598,10
2019-10-25,133.881,0.0056411026815894605,10
2019-10-28,137.173,0.02458900067970804,10
2019-10-29,135.879,-0.009433343296421426,10
2019-10-30,137.572,0.012459614804348096,10
2019-10-31,136.393,-0.008570057860611158,10
2019-11-01,136.726,0.0024414742692073776,11
2019-11-04,137.515,0.005770665418427967,11
2019-11-05,137.43,-0.0006181143875212403,11
2019-11-06,137.049,-0.002772320454049293,11
2019-11-07,137.24,0.0013936621208472388,11
2019-11-08,138.857,0.011782279218886638,11
2019-11-11,138.999,0.0010226347969493066,11
2019-11-12,139.913,0.006575586874725925,11
2019-11-13,140.141,0.0016295840986897403,11
2019-11-14,140.855,0.005094868739341063,11
2019-11-15,142.672,0.012899790564765201,11
2019-11-18,143.024,0.002467197487944439,11
2019-11-19,143.071,0.00032861617630608464,11
2019-11-20,142.823,-0.0017334050925763567,11
2019-11-21,142.689,-0.000938224235592422,11
2019-11-22,142.794,0.0007358661144167833,11
2019-11-25,144.36,0.010966847346527198,11
2019-11-26,145.124,0.005292324743696231,11
2019-11-27,145.4,0.0019018218902455697,11
2019-11-29,144.503,-0.006169188445667273,11
2019-12-02,142.756,-0.01208971440039297,12
2019-12-03,142.527,-0.0016041357280955904,12
2019-12-04,143.042,0.003613350452896791,12
2019-12-05,143.119,0.0005383034353545479,12
2019-12-06,144.856,0.012136753331144057,12
2019-12-09,144.484,-0.0025680675981663015,12
2019-12-10,144.264,-0.0015226599485064218,12
2019-12-11,144.809,0.0037777962624077066,12
2019-12-12,146.279,0.010151302750519564,12
2019-12-13,147.51,0.008415425317372938,12
2019-12-16,148.464,0.0064673581452106,12
2019-12-17,147.663,-0.005395247332686592,12
2019-12-18,147.357,-0.0020722862192966707,12
2019-12-19,148.636,0.008679601240524581,12
2019-12-20,150.259,0.010919292768911903,12
2019-12-23,150.259,0.0,12
2019-12-24,150.23,-0.00019300008651723655,12
2019-12-26,151.462,0.008200758836450772,12
2019-12-27,151.739,0.0018288415576184214,12
2019-12-30,150.431,-0.008620064716387987,12
2019-12-31,150.536,0.00069799442933971,12
2020-01-02,153.323,0.01851384386459065,1
2020-01-03,151.414,-0.012450839078285814,1
2020-01-06,151.805,0.002582323959475552,1
2020-01-07,150.421,-0.00911695925694156,1
2020-01-08,152.817,0.015928626986923433,1
2020-01-09,154.727,0.01249860944790182,1
2020-01-10,154.011,-0.004627505218869454,1
2020-01-13,155.862,0.0120186220464773,1
2020-01-14,154.765,-0.007038277450565289,1
2020-01-15,155.767,0.006474332051820575,1
2020-01-16,158.621,0.01832223770118202,1
2020-01-17,159.509,0.005598249916467513,1
2020-01-21,158.936,-0.0035922737901935564,1
2020-01-22,158.173,-0.004800674485327505,1
2020-01-23,159.146,0.006151492353309251,1
2020-01-24,157.542,-0.010078795571362043,1
2020-01-27,154.908,-0.016719351030201612,1
2020-01-28,157.943,0.019592274123996445,1
2020-01-29,160.406,0.015594233362668852,1
2020-01-30,164.931,0.028209667967532326,1
2020-01-31,162.497,-0.014757686547707816,1
2020-02-03,166.458,0.02437583463079318,2
2020-02-04,171.937,0.032915209842723225,2
2020-02-05,171.727,-0.0012213775976084307,2
2020-02-06,175.288,0.020736401381262093,2
2020-02-07,175.536,0.0014148144767467397,2
2020-02-10,180.128,0.026159876036824237,2
2020-02-11,176.061,-0.022578388701367746,2
2020-02-12,176.319,0.0014654011961763302,2
2020-02-13,175.364,-0.005416319284932358,2
2020-02-14,176.93,0.008929997034739179,2
2020-02-18,178.724,0.01013960323291685,2
2020-02-19,179.26,0.002999037622255507,2
2020-02-20,176.523,-0.015268325337498556,2
2020-02-21,170.943,-0.03161061164834034,2
2020-02-24,163.572,-0.043119636370018144,2
2020-02-25,160.873,-0.016500379037977186,2
2020-02-26,162.883,0.012494327823811435,2
2020-02-27,151.406,-0.07046161969020714,2
2020-02-28,155.072,0.024213043076232177,2
2020-03-02,165.391,0.06654328312009894,3
2020-03-03,157.465,-0.04792280111977065,3
2020-03-04,163.247,0.03671927094909977,3
2020-03-05,159.15,-0.02509693899428478,3
2020-03-06,154.651,-0.028268928683631733,3
2020-03-09,144.17,-0.06777195103814404,3
2020-03-10,154.029,0.06838454602205735,3
2020-03-11,147.051,-0.04530315719767064,3
2020-03-12,133.105,-0.09483784537337381,3
2020-03-13,152.029,0.14217347207092157,3
2020-03-16,129.621,-0.14739293161173184,3
2020-03-17,140.294,0.0823400529235232,3
2020-03-18,134.388,-0.04209730993485117,3
2020-03-19,136.599,0.016452361818019456,3
2020-03-20,131.469,-0.03755517975973466,3
2020-03-23,130.157,-0.009979538902706975,3
2020-03-24,141.988,0.09089791559424376,3
2020-03-25,140.629,-0.009571231371665267,3
2020-03-26,149.425,0.06254755420290281,3
2020-03-27,143.29,-0.04105738664882064,3
2020-03-30,153.369,0.07033987019331422,3
2020-03-31,150.957,-0.015726776597617564,3
2020-04-01,145.596,-0.03551342435263016,4
2020-04-02,148.612,0.020714854803703275,4
2020-04-03,147.243,-0.009211907517562512,4
2020-04-06,158.193,0.07436686294085293,4
2020-04-07,156.489,-0.010771652348713356,4
2020-04-08,158.059,0.010032654052361423,4
2020-04-09,158.068,5.6940762626744856e-05,4
2020-04-13,158.423,0.0022458688665636384,4
2020-04-14,166.262,0.04948145155690775,4
2020-04-15,164.52,-0.01047743922243205,4
2020-04-16,169.459,0.030020666180403444,4
2020-04-17,170.952,0.008810390713978045,4
2020-04-20,167.564,-0.019818428564743362,4
2020-04-21,160.634,-0.04135733212384529,4
2020-04-22,166.09,0.033965412054733246,4
2020-04-23,164.08,-0.012101872478776476,4
2020-04-24,167.076,0.01825938566552887,4
2020-04-27,166.597,-0.0028669587493116433,4
2020-04-28,162.538,-0.024364184229007657,4
2020-04-29,169.832,0.04487565984569741,4
2020-04-30,171.536,0.010033444816053505,4
2020-05-01,167.095,-0.02588960917824834,5
2020-05-04,171.182,0.024459140010173686,5
2020-05-05,173.02,0.010737110210185863,5
2020-05-06,174.723,0.009842792740723638,5
2020-05-07,175.738,0.005809195125999311,5
2020-05-08,176.772,0.0058837587772706534,5
2020-05-11,178.744,0.011155612879867993,5
2020-05-12,174.695,-0.022652508615673805,5
2020-05-13,172.053,-0.015123500958813874,5
2020-05-14,172.799,0.004335873248359601,5
2020-05-15,175.317,0.014571843587057876,5
2020-05-18,176.992,0.009554121961931727,5
2020-05-19,175.767,-0.006921216778159378,5
2020-05-20,178.205,0.013870635557300393,5
2020-05-21,176.064,-0.012014253247664364,5
2020-05-22,176.141,0.00043734096692116253,5
2020-05-26,174.279,-0.010571076580693894,5
2020-05-27,174.509,0.0013197229729340343,5
2020-05-28,174.116,-0.0022520328464432637,5
2020-05-29,175.891,0.010194353189827421,5
2020-06-01,175.488,-0.0022911917039529772,6
2020-06-02,177.485,0.011379695477753637,6
2020-06-03,177.917,0.0024340085077612095,6
2020-06-04,175.575,-0.013163441379969387,6
2020-06-05,179.683,0.023397408514879814,6
2020-06-08,180.796,0.006194242081888568,6
2020-06-09,182.178,0.00764397442421294,6
2020-06-10,188.936,0.03709558783168121,6
2020-06-11,178.79,-0.053700724054706384,6
2020-06-12,180.201,0.007891940265115416,6
2020-06-15,181.353,0.006392861304876263,6
2020-06-16,185.797,0.024504695262829834,6
2020-06-17,186.44,0.00346076632023129,6
2020-06-18,188.437,0.010711220768075513,6
2020-06-19,187.314,-0.005959551468129987,6
2020-06-22,192.516,0.027771549376981897,6
2020-06-23,193.802,0.006679964262710669,6
2020-06-24,189.896,-0.020154590767897163,6
2020-06-25,192.295,0.012633230821081032,6
2020-06-26,188.446,-0.0200161210639902,6
2020-06-29,190.472,0.010751090498073879,6
2020-06-30,195.338,0.02554706203536461,6
2020-07-01,196.48,0.005846276710112619,7
2020-07-02,197.977,0.0076190960912052574,7
2020-07-06,202.239,0.02152775322385936,7
2020-07-07,199.888,-0.01162485969570659,7
2020-07-08,204.284,0.021992315696790055,7
2020-07-09,205.714,0.007000058741751802,7
2020-07-10,205.09,-0.003033337546302084,7
2020-07-13,198.755,-0.03088887805353746,7
2020-07-14,199.984,0.006183492239189015,7
2020-07-15,199.686,-0.0014901192095367888,7
2020-07-16,195.732,-0.01980108770770117,7
2020-07-17,194.733,-0.005103917601618546,7
2020-07-20,203.103,0.04298192910292564,7
2020-07-21,200.368,-0.013466073864000117,7
2020-07-22,203.247,0.014368561846203054,7
2020-07-23,194.407,-0.04349387690839224,7
2020-07-24,193.217,-0.00612117876413909,7
2020-07-27,195.664,0.01266451709735672,7
2020-07-28,193.908,-0.008974568648295045,7
2020-07-29,195.866,0.010097572044474923,7
2020-07-30,195.712,-0.000786251825227624,7
2020-07-31,196.778,0.005446778940483954,7
2020-08-03,207.845,0.05624104320604939,8
2020-08-04,204.725,-0.015011186220500905,8
2020-08-05,204.389,-0.001641226034924781,8
2020-08-06,207.662,0.016013581944233746,8
2020-08-07,203.948,-0.017884832082903923,8
2020-08-10,199.888,-0.01990703512660086,8
2020-08-11,195.213,-0.02338809733450742,8
2020-08-12,200.79,0.028568794086459404,8
2020-08-13,200.32,-0.0023407540216145994,8
2020-08-14,200.512,0.000958466453674145,8
2020-08-17,201.836,0.0066030960740504074,8
2020-08-18,202.997,0.005752194851265324,8
2020-08-19,201.766,-0.006064129026537413,8
2020-08-20,206.461,0.023269530049661702,8
2020-08-21,204.96,-0.0072701381859043845,8
2020-08-24,205.605,0.0031469555035128494,8
2020-08-25,208.28,0.013010383988716345,8
2020-08-26,212.783,0.02161993470328394,8
2020-08-27,218.007,0.0245508334782385,8
2020-08-28,220.249,0.01028407344718274,8
2020-08-31,216.997,-0.014765106765524338,8
2020-09-01,218.671,0.007714392364871259,9
2020-09-02,222.885,0.019270959569398727,9
2020-09-03,209.078,-0.061946743836507556,9
2020-09-04,206.144,-0.014033040300749033,9
2020-09-08,194.992,-0.05409810617820565,9
2020-09-09,203.296,0.04258636251743653,9
2020-09-10,197.6,-0.02801825909019362,9
2020-09-11,196.311,-0.00652327935222663,9
2020-09-14,197.638,0.006759682340775619,9
2020-09-15,200.881,0.016408787783725787,9
2020-09-16,197.292,-0.017866298953111537,9
2020-09-17,195.233,-0.010436307604971273,9
2020-09-18,192.808,-0.012421055866580044,9
2020-09-21,194.877,0.010730882535994413,9
2020-09-22,199.572,0.024092119644698817,9
2020-09-23,193.001,-0.03292546048543887,9
2020-09-24,195.502,0.012958482080403844,9
2020-09-25,199.957,0.022787490665057142,9
2020-09-28,201.516,0.007796676285401372,9
2020-09-29,199.418,-0.010411083983405733,9
2020-09-30,202.372,0.014813106138864107,9
2020-10-01,204.421,0.01012491846698138,10
2020-10-02,198.389,-0.02950773159313369,10
2020-10-05,202.42,0.0203186668615698,10
2020-10-06,198.119,-0.021247900405098274,10
2020-10-07,201.891,0.019039062381699834,10
2020-10-08,202.613,0.0035761871504922382,10
2020-10-09,207.645,0.024835523880501365,10
2020-10-12,213.023,0.025899973512485186,10
2020-10-13,214.428,0.006595531937865884,10
2020-10-14,212.504,-0.00897270878803147,10
2020-10-15,211.349,-0.005435191808154216,10
2020-10-16,211.349,0.0,10
2020-10-19,206.115,-0.02476472564336707,10
2020-10-20,206.529,0.0020085874390509684,10
2020-10-21,206.673,0.0006972386444519252,10
2020-10-22,206.76,0.0004209548417064557,10
2020-10-23,208.049,0.006234281292319732,10
2020-10-26,202.132,-0.028440415479045855,10
2020-10-27,205.182,0.01508914966457553,10
2020-10-28,195.012,-0.04956575138170005,10
2020-10-29,196.974,0.010060919328041207,10
2020-10-30,194.809,-0.010991298343943856,10
2020-11-02,194.675,-0.0006878532306001661,11
2020-11-03,198.62,0.0202645434698856,11
2020-11-04,208.203,0.04824791058302291,11
2020-11-05,214.842,0.031887148600164394,11
2020-11-06,215.255,0.0019223429310841755,11
2020-11-09,210.127,-0.023822907714106445,11
2020-11-10,203.026,-0.033793848482108424,11
2020-11-11,208.357,0.02625772068602039,11
2020-11-12,207.289,-0.005125817707108515,11
2020-11-13,208.318,0.004964083960075083,11
2020-11-16,209.011,0.0033266448410602667,11
2020-11-17,206.346,-0.012750525091980713,11
2020-11-18,203.626,-0.013181743285549552,11
2020-11-19,204.918,0.006344965770579414,11
2020-11-20,202.96,-0.009555041528806596,11
2020-11-23,202.69,-0.0013303113914072684,11
2020-11-24,206.307,0.017844984952390286,11
2020-11-25,206.317,4.8471452738008125e-05,11
2020-11-27,207.629,0.006359146362151291,11
2020-11-30,206.51,-0.005389420553005619,11
2020-12-01,208.574,0.009994673381434449,12
2020-12-02,207.764,-0.003883513764898816,12
2020-12-03,206.674,-0.0052463371902735645,12
2020-12-04,206.79,0.0005612704065338647,12
2020-12-07,206.722,-0.0003288360172154503,12
2020-12-08,208.381,0.008025270653341243,12
2020-12-09,204.32,-0.019488341067563808,12
2020-12-10,203.085,-0.006044440093970205,12
2020-12-11,205.729,0.013019179161434913,12
2020-12-14,206.635,0.004403851668943082,12
2020-12-15,206.568,-0.0003242432308174781,12
2020-12-16,211.536,0.024050191704426682,12
2020-12-17,211.671,0.0006381892443838577,12
2020-12-18,210.87,-0.0037841744972149094,12
2020-12-21,214.729,0.01830037463840295,12
2020-12-22,216.031,0.006063456729179517,12
2020-12-23,213.214,-0.013039795214575767,12
2020-12-24,214.883,0.007827816184678316,12
2020-12-28,217.015,0.009921678308660864,12
2020-12-29,216.234,-0.0035988295739924903,12
2020-12-30,213.851,-0.01102046856646044,12
2020-12-31,214.565,0.0033387732580161256,12
2021-01-04,210.002,-0.02126628294456223,1
2021-01-05,210.205,0.0009666574604052514,1
2021-01-06,204.754,-0.025931828453176764,1
2021-01-07,210.581,0.028458540492493523,1
2021-01-08,211.864,0.006092667429635323,1
2021-01-11,209.809,-0.009699618623267736,1
2021-01-12,207.339,-0.011772612233030944,1
2021-01-13,208.7,0.006564129276209529,1
2021-01-14,205.497,-0.015347388596070766,1
2021-01-15,205.14,-0.001737251638710191,1
2021-01-19,208.796,0.017821975236423926,1
2021-01-20,216.417,0.036499741374355965,1
2021-01-21,217.025,0.002809391129162675,1
2021-01-22,217.97,0.004354337057942637,1
2021-01-25,221.424,0.01584621736936276,1
2021-01-26,224.125,0.01219831635233759,1
2021-01-27,224.675,0.0024539877300613355,1
2021-01-28,230.492,0.02589073105596973,1
2021-01-29,223.768,-0.029172379084740463,1
2021-02-01,231.186,0.03315040577741235,2
2021-02-02,231.051,-0.0005839453946173689,2
2021-02-03,234.418,0.014572540261673872,2
2021-02-04,233.463,-0.0040739192382838185,2
2021-02-05,233.646,0.0007838501175774226,2
2021-02-08,233.907,0.0011170745486763778,2
2021-02-09,235.161,0.00536110505457299,2
2021-02-10,234.245,-0.0038952037114997617,2
2021-02-11,235.855,0.00687314563811392,2
2021-02-12,236.338,0.002047868393716401,2
2021-02-16,235.093,-0.005267879054574376,2
2021-02-17,236.118,0.0043599766900759285,2
2021-02-18,235.722,-0.0016771275379259265,2
2021-02-19,232.995,-0.011568712296688433,2
2021-02-22,226.749,-0.026807442219790145,2
2021-02-23,225.55,-0.005287785172150672,2
2021-02-24,226.788,0.005488805142983777,2
2021-02-25,221.412,-0.02370495793428229,2
2021-02-26,224.689,0.014800462486224797,2
2021-03-01,229.099,0.01962712905393671,3
2021-03-02,226.13,-0.012959462939602484,3
2021-03-03,220.029,-0.026980055720160934,3
2021-03-04,219.227,-0.0036449740715995826,3
2021-03-05,223.935,0.02147545694645281,3
2021-03-08,219.865,-0.018174916828543997,3
2021-03-09,226.043,0.02809906078730129,3
2021-03-10,224.728,-0.00581747720566439,3
2021-03-11,229.282,0.020264497525897873,3
2021-03-12,227.948,-0.005818162786437653,3
2021-03-15,227.039,-0.003987751592468558,3
2021-03-16,229.843,0.012350301049599333,3
2021-03-17,229.195,-0.0028193157938244395,3
2021-03-18,223.085,-0.026658522219071057,3
2021-03-19,222.727,-0.0016047694824842251,3
2021-03-22,228.18,0.02448288712190272,3
2021-03-23,229.717,0.006735910246296717,3
2021-03-24,227.668,-0.008919670725283768,3
2021-03-25,224.651,-0.013251752551961649,3
2021-03-26,228.654,0.017818749972178916,3
2021-03-29,227.455,-0.005243730702283678,3
2021-03-30,224.177,-0.014411641863225744,3
2021-03-31,227.967,0.01690628387390336,3
2021-04-01,234.33,0.027911934622116386,4
2021-04-05,240.827,0.02772585669781935,4
2021-04-06,239.657,-0.004858259248340047,4
2021-04-07,241.63,0.008232599089532,4
2021-04-08,244.869,0.013404792451268577,4
2021-04-09,247.383,0.010266714038935199,4
2021-04-12,247.441,0.0002344542672696459,4
2021-04-13,249.935,0.010079170388092473,4
2021-04-14,247.131,-0.011218916918398825,4
2021-04-15,250.912,0.015299577956630284,4
2021-04-16,252.111,0.004778567784721188,4
2021-04-19,250.177,-0.007671224182998704,4
2021-04-20,249.713,-0.0018546868816877726,4
2021-04-21,251.956,0.008982311693824574,4
2021-04-22,248.659,-0.01308561812379938,4
2021-04-23,252.507,0.015475007942604257,4
2021-04-26,252.894,0.0015326307785525906,4
2021-04-27,253.3,0.001605415707766955,4
2021-04-28,246.135,-0.028286616660086916,4
2021-04-29,244.153,-0.008052491518881877,4
2021-04-30,243.834,-0.001306557773199546,4
2021-05-03,243.525,-0.001267255591919092,5
2021-05-04,239.59,-0.016158505286931524,5
2021-05-05,238.313,-0.005329938645185606,5
2021-05-06,241.465,0.013226303223072167,5
2021-05-07,244.105,0.01093326154929275,5
2021-05-10,239.0,-0.020913131644169525,5
2021-05-11,238.081,-0.0038451882845188523,5
2021-05-12,231.09,-0.029363955964566646,5
2021-05-13,234.987,0.016863559652083637,5
2021-05-14,239.938,0.02106925063939702,5
2021-05-17,237.066,-0.011969758854370682,5
2021-05-18,235.035,-0.008567234441041793,5
2021-05-19,235.617,0.002476226944922999,5
2021-05-20,238.873,0.013819036826714592,5
2021-05-21,237.604,-0.005312446362711443,5
2021-05-24,243.04,0.022878402720492907,5
2021-05-25,243.952,0.0037524687294272496,5
2021-05-26,243.729,-0.0009141142519839551,5
2021-05-27,241.616,-0.008669464856459475,5
2021-05-28,241.975,0.0014858287530625791,5
2021-06-01,239.765,-0.009133174914763953,6
2021-06-02,239.668,-0.000404562801075925,6
2021-06-03,238.127,-0.006429727790109641,6
2021-06-04,243.05,0.020673842109462548,6
2021-06-07,245.977,0.012042789549475463,6
2021-06-08,244.775,-0.004886635742366141,6
2021-06-09,245.764,0.0040404453069144974,6
2021-06-10,249.301,0.014391855601308512,6
2021-06-11,249.931,0.0025270656756291032,6
2021-06-14,251.869,0.007754140142679278,6
2021-06-15,250.387,-0.005884011132771372,6
2021-06-16,249.437,-0.00379412669188095,6
2021-06-17,252.848,0.01367479563978069,6
2021-06-18,251.424,-0.00563184205530598,6
2021-06-21,254.525,0.012333746977217785,6
2021-06-22,257.316,0.01096552401532258,6
2021-06-23,257.083,-0.0009055014068303224,6
2021-06-24,258.46,0.005356246815230614,6
2021-06-25,256.841,-0.0062640253811033775,6
2021-06-28,260.427,0.013961945328043512,6
2021-06-29,263.024,0.009972084307694695,6
2021-06-30,262.54,-0.0018401362613297279,6
2021-07-01,263.218,0.0025824636245905808,7
2021-07-02,269.081,0.022274312547014175,7
2021-07-06,269.091,3.7163530683947954e-05,7
2021-07-07,271.291,0.008175672913623977,7
2021-07-08,268.858,-0.008968229686941331,7
2021-07-09,269.362,0.0018745955113852464,7
2021-07-12,268.761,-0.002231198164551751,7
2021-07-13,272.309,0.013201320132013139,7
2021-07-14,273.791,0.005442346745792248,7
2021-07-15,272.357,-0.005237571724417411,7
2021-07-16,272.086,-0.0009950175688526741,7
2021-07-19,268.461,-0.013322993465301414,7
2021-07-20,270.7,0.008340131341237456,7
2021-07-21,272.716,0.007447358699667506,7
2021-07-22,277.309,0.016841696123439887,7
2021-07-23,280.73,0.01233641894060411,7
2021-07-26,280.129,-0.0021408470772628085,7
2021-07-27,277.697,-0.008681714495821669,7
2021-07-28,277.387,-0.0011163246272015703,7
2021-07-29,277.658,0.000976974407596698,7
2021-07-30,276.117,-0.005549993157049293,7
2021-08-02,276.03,-0.0003150838231620323,8
2021-08-03,278.259,0.0080752092163896,8
2021-08-04,277.668,-0.002123920520091027,8
2021-08-05,280.585,0.01050535171499778,8
2021-08-06,280.527,-0.00020671097884772394,8
2021-08-09,279.432,-0.0039033675902853116,8
2021-08-10,277.6,-0.006556156775172517,8
2021-08-11,278.094,0.001779538904899125,8
2021-08-12,280.866,0.009967852596604043,8
2021-08-13,283.812,0.0104889876311125,8
2021-08-16,285.508,0.005975786788437354,8
2021-08-17,284.035,-0.005159224960421316,8
2021-08-18,282.297,-0.006118964212156963,8
2021-08-19,288.162,0.02077599124326479,8
2021-08-20,295.532,0.025575891338899703,8
2021-08-23,295.813,0.0009508276599488052,8
2021-08-24,293.842,-0.006662993174742171,8
2021-08-25,293.25,-0.0020146881657489013,8
2021-08-26,290.414,-0.009670929241261783,8
2021-08-27,291.026,0.0021073364231751768,8
2021-08-30,294.784,0.012912935614000087,8
2021-08-31,293.124,-0.005631241858445435,8
2021-09-01,293.075,-0.00016716474938949233,9
2021-09-02,292.415,-0.0022519832807300633,9
2021-09-03,292.405,-3.4197972060390214e-05,9
2021-09-07,291.473,-0.003187359997263939,9
2021-09-08,291.502,9.949463586678142e-05,9
2021-09-09,288.628,-0.009859280553821348,9
2021-09-10,287.133,-0.0051796776473522765,9
2021-09-13,288.375,0.0043255216223840876,9
2021-09-14,291.094,0.009428695275249144,9
2021-09-15,295.978,0.01677808542944903,9
2021-09-16,296.367,0.0013142868726729873,9
2021-09-17,291.172,-0.01752894215617795,9
2021-09-20,285.763,-0.018576648853598776,9
2021-09-21,286.249,0.0017007100289401222,9
2021-09-22,289.919,0.012821005488228732,9
2021-09-23,290.871,0.0032836757853056397,9
2021-09-24,290.667,-0.0007013418319461451,9
2021-09-27,285.637,-0.017305026026346204,9
2021-09-28,275.296,-0.03620329299075398,9
2021-09-29,275.762,0.0016927234685575332,9
2021-09-30,273.742,-0.007325157200774535,9
2021-10-01,280.714,0.02546923745716767,10
2021-10-04,274.898,-0.02071859615124283,10
2021-10-05,280.384,0.019956492953750127,10
2021-10-06,284.608,0.015065053640721304,10
2021-10-07,286.297,0.005934478299977508,10
2021-10-08,286.297,0.0,10
2021-10-11,285.695,-0.002102711519855416,10
2021-10-12,284.385,-0.004585309508391866,10
2021-10-13,287.715,0.011709478348014057,10
2021-10-14,293.968,0.021733312479363498,10
2021-10-15,295.386,0.004823654275295297,10
2021-10-18,298.377,0.01012573378562287,10
2021-10-19,299.289,0.0030565358589971225,10
2021-10-20,298.493,-0.002659636672246557,10
2021-10-21,301.746,0.010898078011879697,10
2021-10-22,300.192,-0.005150026843769195,10
2021-10-25,299.192,-0.003331201364460079,10
2021-10-26,301.115,0.006427310890665616,10
2021-10-27,313.796,0.042113478239210966,10
2021-10-28,314.942,0.0036520542008184886,10
2021-10-29,322.001,0.02241365076744284,10
2021-11-01,319.816,-0.006785693212132848,11
2021-11-02,323.467,0.011415939165019928,11
2021-11-03,324.312,0.0026123221225040627,11
2021-11-04,326.681,0.007304694245047871,11
2021-11-05,326.312,-0.001129542275185802,11
2021-11-08,327.215,0.002767290200789363,11
2021-11-09,326.205,-0.0030866555628561443,11
2021-11-10,321.205,-0.015327784675280842,11
2021-11-11,322.787,0.0049252035304556685,11
2021-11-12,326.953,0.012906343811863508,11
2021-11-15,326.322,-0.001929941000694213,11
2021-11-16,329.662,0.010235289070304798,11
2021-11-17,329.886,0.0006794838349584165,11
2021-11-18,331.977,0.006338553318419038,11
2021-11-19,333.767,0.005391939803058632,11
2021-11-22,330.577,-0.009557565607145047,11
2021-11-23,328.485,-0.006328328952104889,11
2021-11-24,328.709,0.0006819185046500476,11
2021-11-26,320.703,-0.02435588925158738,11
2021-11-29,327.464,0.02108181089668637,11
2021-11-30,321.588,-0.017943957198348404,11
2021-12-01,321.092,-0.001542346107441972,12
2021-12-02,320.518,-0.0017876496455845325,12
2021-12-03,314.215,-0.01966504221291787,12
2021-12-06,317.308,0.009843578441512957,12
2021-12-07,325.8,0.026762640715015218,12
2021-12-08,325.849,0.00015039901780222742,12
2021-12-09,324.03,-0.00558234028645177,12
2021-12-10,333.213,0.02833996852143339,12
2021-12-13,330.158,-0.009168309759823301,12
2021-12-14,319.399,-0.03258742783758084,12
2021-12-15,325.538,0.019220473451701414,12
2021-12-16,316.053,-0.029136383463681748,12
2021-12-17,314.983,-0.0033855081268014953,12
2021-12-20,311.199,-0.012013346752046905,12
2021-12-21,318.378,0.023068840195501927,12
2021-12-22,324.127,0.018057152190164016,12
2021-12-23,325.576,0.004470469908400165,12
2021-12-27,333.125,0.023186598520775314,12
2021-12-28,331.958,-0.003503189493433312,12
2021-12-29,332.639,0.0020514643418745315,12
2021-12-30,330.08,-0.0076930245701797295,12
2021-12-31,327.162,-0.008840281143965067,12
2022-01-03,325.635,-0.004667412474553823,1
2022-01-04,320.051,-0.017148033841571042,1
2022-01-05,307.765,-0.03838763197115458,1
2022-01-06,305.333,-0.007902133121050037,1
2022-01-07,305.489,0.000510917588337767,1
2022-01-10,305.712,0.0007299771841211555,1
2022-01-11,306.403,0.002260297273250833,1
2022-01-12,309.603,0.010443761973609966,1
2022-01-13,296.5,-0.042321941324858,1
2022-01-14,301.753,0.017716694772343944,1
2022-01-18,294.409,-0.024337786202622613,1
2022-01-19,295.07,0.002245175928724974,1
2022-01-20,293.388,-0.00570034229165961,1
2022-01-21,287.969,-0.01847042142146227,1
2022-01-24,288.3,0.0011494292788460925,1
2022-01-25,280.634,-0.026590357266735976,1
2022-01-26,288.631,0.028496190768046548,1
2022-01-27,291.675,0.010546337711472509,1
2022-01-28,299.866,0.028082626210679695,1
2022-01-31,302.512,0.008823941360474485,1
2022-02-01,300.353,-0.007136906965674039,2
2022-02-02,304.924,0.01521875925993732,2
2022-02-03,293.047,-0.038950689352100665,2
2022-02-04,297.609,0.015567468699559939,2
2022-02-07,292.755,-0.016309990625283488,2
2022-02-08,296.267,0.011996379224949116,2
2022-02-09,302.736,0.021835033938980786,2
2022-02-10,294.146,-0.028374557370117737,2
2022-02-11,287.006,-0.024273660019174303,2
2022-02-14,286.967,-0.00013588566092692655,2
2022-02-15,292.288,0.018542201716573725,2
2022-02-16,291.947,-0.0011666575432450754,2
2022-02-17,283.398,-0.02928271227311796,2
2022-02-18,280.669,-0.009629566898849085,2
2022-02-22,280.464,-0.0007303977282848706,2
2022-02-23,273.202,-0.02589280620685719,2
2022-02-24,287.161,0.051094062268943974,2
2022-02-25,289.812,0.009231755008514364,2
2022-02-28,291.255,0.004979089892757971,2
2022-03-01,287.512,-0.012851281523063918,3
2022-03-02,292.62,0.017766214975375005,3
2022-03-03,288.457,-0.014226642061376582,3
2022-03-04,282.55,-0.02047792218597566,3
2022-03-07,271.876,-0.037777384533710934,3
2022-03-08,268.893,-0.010971913666524502,3
2022-03-09,281.224,0.04585838976842105,3
2022-03-10,278.388,-0.0100844878104287,3
2022-03-11,273.007,-0.019329137750190295,3
2022-03-14,269.469,-0.012959374668048862,3
2022-03-15,279.909,0.03874286095988788,3
2022-03-16,286.966,0.02521176525227853,3
2022-03-17,287.775,0.002819149306886315,3
2022-03-18,292.854,0.017649205108157373,3
2022-03-21,291.616,-0.004227362439987115,3
2022-03-22,296.392,0.01637770218369372,3
2022-03-23,291.937,-0.015030770061270182,3
2022-03-24,296.431,0.015393732209346478,3
2022-03-25,296.022,-0.0013797477321871865,3
2022-03-28,302.865,0.02311652512313289,3
2022-03-29,307.456,0.015158568999389166,3
2022-03-30,305.945,-0.004914524354704519,3
2022-03-31,300.535,-0.01768291686414214,3
2022-04-01,301.617,0.0036002462275608327,4
2022-04-04,307.027,0.017936654764154403,4
2022-04-05,303.04,-0.012985828607907313,4
2022-04-06,291.947,-0.03660572861668432,4
2022-04-07,293.77,0.006244284065258343,4
2022-04-08,289.481,-0.014599857031010632,4
2022-04-11,278.066,-0.03943263979328526,4
2022-04-12,274.947,-0.011216761488279658,4
2022-04-13,280.367,0.01971289012064159,4
2022-04-14,272.773,-0.027085926660412984,4
2022-04-18,273.446,0.002467252990581814,4
2022-04-19,278.105,0.017038098929953227,4
2022-04-20,279.138,0.0037144244080471456,4
2022-04-21,273.728,-0.019381094655689934,4
2022-04-22,267.119,-0.024144406125789053,4
2022-04-25,273.641,0.024416084217146583,4
2022-04-26,263.405,-0.037406675169291304,4
2022-04-27,276.078,0.04811222262295711,4
2022-04-28,282.326,0.02263128536138348,4
2022-04-29,270.521,-0.041813364691881016,4
2022-05-02,277.296,0.025044266434029128,5
2022-05-03,274.674,-0.009455599792279834,5
2022-05-04,282.667,0.029099951214894837,5
2022-05-05,270.356,-0.04355301467804862,5
2022-05-06,267.802,-0.009446803473938004,5
2022-05-09,257.908,-0.03694520578636462,5
2022-05-10,262.704,0.01859577833956294,5
2022-05-11,253.979,-0.03321228454838909,5
2022-05-12,248.911,-0.019954405679209697,5
2022-05-13,254.535,0.0225944212991791,5
2022-05-16,254.905,0.001453631131278721,5
2022-05-17,260.091,0.020344834350052077,5
2022-05-18,248.249,-0.04553021826975945,5
2022-05-19,247.331,-0.0036979000922461314,5
2022-05-20,246.764,-0.0022924744573060707,5
2022-05-23,254.669,0.03203465659496518,5
2022-05-24,253.662,-0.003954152252531706,5
2022-05-25,256.496,0.011172347454486475,5
2022-05-26,259.798,0.012873495103237653,5
2022-05-27,266.97,0.02760606317215686,5
2022-05-31,265.631,-0.005015544817770001,5
2022-06-01,266.168,0.002021601394415651,6
2022-06-02,268.279,0.007931081121697492,6
2022-06-03,263.823,-0.01660957436101973,6
2022-06-06,262.583,-0.004700120914400752,6
2022-06-07,266.247,0.013953683216354484,6
2022-06-08,264.205,-0.007669569985765179,6
2022-06-09,258.714,-0.020783104029068245,6
2022-06-10,247.184,-0.044566587042061845,6
2022-06-13,236.701,-0.04240970289339119,6
2022-06-14,238.879,0.009201482038521114,6
2022-06-15,245.983,0.02973890547097069,6
2022-06-16,239.348,-0.026973408731497672,6
2022-06-17,241.967,0.010942226381670306,6
2022-06-21,247.917,0.024590130059057635,6
2022-06-22,247.321,-0.00240403038113568,6
2022-06-23,252.92,0.0226385951860133,6
2022-06-24,261.557,0.0341491380673733,6
2022-06-27,258.811,-0.010498667594444178,6
2022-06-28,250.594,-0.031749036942015585,6
2022-06-29,254.288,0.014740975442349091,6
2022-06-30,250.936,-0.013181903982885546,6
2022-07-01,253.623,0.010707909586508135,7
2022-07-05,256.818,0.01259743792952528,7
2022-07-06,260.101,0.012783371882033157,7
2022-07-07,262.241,0.008227573135051403,7
2022-07-08,261.518,-0.002757005960166481,7
2022-07-11,258.44,-0.01176974433882172,7
2022-07-12,247.849,-0.040980498374864616,7
2022-07-13,246.921,-0.0037442152278202023,7
2022-07-14,248.249,0.005378238383936473,7
2022-07-15,250.829,0.010392791108926991,7
2022-07-18,248.415,-0.009624086529069653,7
2022-07-19,253.574,0.020767667008836144,7
2022-07-20,256.251,0.010557076040918822,7
2022-07-21,258.762,0.009798986150298061,7
2022-07-22,254.385,-0.0169151575579104,7
2022-07-25,252.89,-0.00587691884348529,7
2022-07-26,246.119,-0.026774486931076646,7
2022-07-27,262.573,0.06685383899658293,7
2022-07-28,270.067,0.02854063441404886,7
2022-07-29,274.297,0.01566277997682053,7
2022-08-01,271.63,-0.00972303743752223,8
2022-08-02,268.513,-0.011475168427640625,8
2022-08-03,275.988,0.027838503163720274,8
2022-08-04,277.141,0.004177717871791664,8
2022-08-05,276.418,-0.0026087803681159594,8
2022-08-08,273.887,-0.009156422519517537,8
2022-08-09,275.822,0.007064957445954034,8
2022-08-10,282.524,0.024298279325071892,8
2022-08-11,280.433,-0.00740114114199153,8
2022-08-12,285.211,0.01703793776053475,8
2022-08-15,286.735,0.005343412420979465,8
2022-08-16,285.993,-0.002587755244389478,8
2022-08-17,285.239,-0.0026364281643257437,8
2022-08-18,284.113,-0.003947566777333988,8
2022-08-19,280.177,-0.013853642740740413,8
2022-08-22,271.952,-0.029356442534540728,8
2022-08-23,270.669,-0.004717744307819127,8
2022-08-24,270.033,-0.0023497334382583945,8
2022-08-25,273.029,0.011094940248043583,8
2022-08-26,262.494,-0.038585644748359904,8
2022-08-29,259.694,-0.01066691048176338,8
2022-08-30,257.481,-0.008521567691205933,8
2022-08-31,256.012,-0.005705275340704752,8
2022-09-01,254.964,-0.004093558114463436,9
2022-09-02,250.715,-0.016665097817731067,9
2022-09-06,247.964,-0.010972618311628768,9
2022-09-07,252.703,0.019111645238824915,9
2022-09-08,253.124,0.0016659873448277018,9
2022-09-09,258.94,0.02297688089631955,9
2022-09-12,261.084,0.008279910403954593,9
2022-09-13,246.73,-0.05497847436074221,9
2022-09-14,246.955,0.0009119280184817224,9
2022-09-15,240.258,-0.027118300905023207,9
2022-09-16,239.631,-0.002609694578328381,9
2022-09-19,239.416,-0.0008972127980102496,9
2022-09-20,237.389,-0.00846643499181332,9
2022-09-21,233.962,-0.014436220717893522,9
2022-09-22,235.95,0.008497106367700846,9
2022-09-23,232.954,-0.012697605424878078,9
2022-09-26,232.493,-0.0019789314628639865,9
2022-09-27,231.475,-0.004378626453269585,9
2022-09-28,236.038,0.019712711955934825,9
2022-09-29,232.542,-0.014811174471907051,9
2022-09-30,228.038,-0.019368544176965874,9
2022-10-03,235.715,0.03366544172462471,10
2022-10-04,243.685,0.03381201875145834,10
2022-10-05,243.998,0.0012844450827913523,10
2022-10-06,241.638,-0.009672210427954298,10
2022-10-07,229.35,-0.05085292876120484,10
2022-10-10,224.465,-0.02129932417702196,10
2022-10-11,220.705,-0.016750941126678964,10
2022-10-12,221.038,0.001508801341156829,10
2022-10-13,229.35,0.037604393814638204,10
2022-10-14,223.789,-0.024246784390669296,10
2022-10-17,232.572,0.03924679050355473,10
2022-10-18,233.521,0.004080456804774313,10
2022-10-19,231.544,-0.00846604802137696,10
2022-10-20,231.221,-0.0013949832429257514,10
2022-10-21,237.066,0.02527884577957873,10
2022-10-24,242.089,0.021188192317751264,10
2022-10-25,245.428,0.013792448231848553,10
2022-10-26,226.491,-0.07715908535293436,10
2022-10-27,222.017,-0.019753544290943226,10
2022-10-28,230.946,0.04021764099145564,10
2022-10-31,227.285,-0.015852190555367907,10
2022-11-01,223.407,-0.017062278636953532,11
2022-11-02,215.506,-0.0353659464564674,11
2022-11-03,209.778,-0.02657930637662065,11
2022-11-04,216.769,0.03332570622276898,11
2022-11-07,223.113,0.02926617735930881,11
2022-11-08,224.092,0.004387911058521876,11
2022-11-09,219.824,-0.01904574906734735,11
2022-11-10,237.908,0.0822658126501199,11
2022-11-11,241.952,0.0169981673588111,11
2022-11-14,236.508,-0.022500330644094624,11
2022-11-15,236.919,0.0017377847683799352,11
2022-11-16,237.351,0.001823408000202642,11
2022-11-17,237.302,-0.00020644530673985528,11
2022-11-18,236.85,-0.001904745851278089,11
2022-11-21,237.665,0.0034409964112307456,11
2022-11-22,240.591,0.012311446784339264,11
2022-11-23,243.095,0.010407704361343528,11
2022-11-25,243.007,-0.0003619983956889561,11
2022-11-28,237.38,-0.023155711563864423,11
2022-11-29,235.976,-0.005914567360350453,11
2022-11-30,250.518,0.06162491100789902,11
2022-12-01,250.076,-0.0017643442786546837,12
2022-12-02,250.4,0.0012956061357347615,12
2022-12-05,245.668,-0.018897763578274773,12
2022-12-06,240.68,-0.0203038246739502,12
2022-12-07,239.943,-0.0030621572212065074,12
2022-12-08,242.918,0.012398778043118508,12
2022-12-09,240.974,-0.008002700499757154,12
2022-12-12,247.936,0.02889108368537685,12
2022-12-13,252.266,0.01746418430562713,12
2022-12-14,252.561,0.0011694005533842144,12
2022-12-15,244.499,-0.0319210012630613,12
2022-12-16,240.258,-0.017345674215436424,12
2022-12-19,236.094,-0.017331368778563117,12
2022-12-20,237.42,0.0056164070243207576,12
2022-12-21,240.002,0.010875242186841882,12
2022-12-22,233.875,-0.025528953925384013,12
2022-12-23,234.405,0.0022661678246926886,12
2022-12-27,232.667,-0.0074145176084128295,12
2022-12-28,230.281,-0.010254999634671025,12
2022-12-29,236.644,0.027631458956665966,12
2022-12-30,235.476,-0.004935683981000971,12
2023-01-03,235.24,-0.001002225279858604,1
2023-01-04,224.95,-0.04374256078898153,1
2023-01-05,218.283,-0.029637697266059138,1
2023-01-06,220.855,0.011782869027821663,1
2023-01-09,223.006,0.009739421792578806,1
2023-01-10,224.704,0.00761414491089929,1
2023-01-11,231.499,0.030239782113357982,1
2023-01-12,234.189,0.011619920604408751,1
2023-01-13,234.896,0.003018929155511163,1
2023-01-17,235.996,0.004682923506573289,1
2023-01-18,231.538,-0.018890150680520024,1
2023-01-19,227.729,-0.016450863357202694,1
2023-01-20,235.868,0.03573984867979041,1
2023-01-23,238.186,0.009827530652738004,1
2023-01-24,237.656,-0.0022251517721444403,1
2023-01-25,236.251,-0.0059119062847140524,1
2023-01-26,243.508,0.030717330297014733,1
2023-01-27,243.665,0.000644742677858634,1
2023-01-30,238.313,-0.02196458252108424,1
2023-01-31,243.321,0.021014380247825315,1
2023-02-01,248.171,0.019932517127580374,2
2023-02-02,259.807,0.04688702547840018,2
2023-02-03,253.67,-0.02362138048628415,2
2023-02-06,252.119,-0.006114242914022072,2
2023-02-07,262.713,0.0420198398375371,2
2023-02-08,261.898,-0.0031022446548134575,2
2023-02-09,258.845,-0.011657210058877876,2
2023-02-10,258.334,-0.001974154416735985,2
2023-02-13,266.405,0.03124250001935458,2
2023-02-14,267.24,0.0031343255569529216,2
2023-02-15,265.104,-0.007992815446789536,2
2023-02-16,258.046,-0.02662351379081418,2
2023-02-17,254.02,-0.015601869434131777,2
2023-02-21,248.714,-0.020888119045744502,2
2023-02-22,247.572,-0.0045916192896258146,2
2023-02-23,250.781,0.012961885835231834,2
2023-02-24,245.318,-0.02178394694972907,2
2023-02-27,246.244,0.0037746924400166026,2
2023-02-28,245.515,-0.002960478224850238,2
2023-03-01,242.415,-0.012626519764576516,3
2023-03-02,247.179,0.019652249242002373,3
2023-03-03,251.293,0.01664380873779736,3
2023-03-06,252.849,0.006191975104758107,3
2023-03-07,250.171,-0.01059130152778931,3
2023-03-08,249.728,-0.0017707887804740974,3
2023-03-09,248.37,-0.005437916453100988,3
2023-03-10,244.698,-0.014784394250513366,3
2023-03-13,249.945,0.02144275801191675,3
2023-03-14,256.707,0.027053951869411286,3
2023-03-15,261.284,0.01782966572785316,3
2023-03-16,271.876,0.04053826487653267,3
2023-03-17,275.055,0.01169283055510606,3
2023-03-20,267.968,-0.02576575593972108,3
2023-03-21,269.494,0.005694709816097543,3
2023-03-22,268.027,-0.005443534921000248,3
2023-03-23,273.313,0.019721893689814918,3
2023-03-24,276.177,0.010478828303081222,3
2023-03-27,272.053,-0.014932452738642299,3
2023-03-28,270.921,-0.004160953931770628,3
2023-03-29,276.118,0.01918271378003178,3
2023-03-30,279.603,0.012621415481786746,3
2023-03-31,283.786,0.014960497562615638,3
2023-04-03,282.733,-0.003710542451001775,4
2023-04-04,282.684,-0.00017330838635731816,4
2023-04-05,279.888,-0.009890902916330768,4
2023-04-06,287.035,0.025535214085634417,4
2023-04-10,284.859,-0.007580957026146806,4
2023-04-11,278.402,-0.02266735472637338,4
2023-04-12,279.052,0.0023347533422892752,4
2023-04-13,285.302,0.022397259292174843,4
2023-04-14,281.66,-0.012765420501784086,4
2023-04-17,284.279,0.009298444933607763,4
2023-04-18,283.855,-0.0014914925126371381,4
2023-04-19,283.934,0.00027831110954545935,4
2023-04-20,281.631,-0.008111039889551974,4
2023-04-21,281.286,-0.0012250071902595305,4
2023-04-24,277.359,-0.01396087967406845,4
2023-04-25,271.108,-0.022537577652068208,4
2023-04-26,290.746,0.0724360771353112,4
2023-04-27,300.058,0.032027955672649044,4
2023-04-28,302.45,0.007971792120190058,4
2023-05-01,300.776,-0.005534799140353708,5
2023-05-02,300.629,-0.0004887358033884848,5
2023-05-03,299.634,-0.0033097272718201065,5
2023-05-04,300.629,0.003320717942556506,5
2023-05-05,305.787,0.01715736006838986,5
2023-05-08,303.818,-0.006439122657274532,5
2023-05-09,302.194,-0.005345305413109069,5
2023-05-10,307.421,0.01729683580746144,5
2023-05-11,305.255,-0.007045712557047112,5
2023-05-12,304.133,-0.003675615469034166,5
2023-05-15,304.615,0.0015848329513732384,5
2023-05-16,306.859,0.007366675968025094,5
2023-05-17,309.76,0.009453853398466494,5
2023-05-18,314.219,0.014395015495867858,5
2023-05-19,314.041,-0.0005664838854428922,5
2023-05-22,316.843,0.00892240185198756,5
2023-05-23,311.003,-0.018431841637656654,5
2023-05-24,309.612,-0.004472625665990271,5
2023-05-25,321.519,0.03845781171272433,5
2023-05-26,328.395,0.02138598341000053,5
2023-05-30,326.737,-0.005048797941503258,5
2023-05-31,323.956,-0.00851143274254218,5
2023-06-01,328.089,0.012757905394559677,6
2023-06-02,330.871,0.008479406502503783,6
2023-06-05,331.404,0.001610899716203651,6
2023-06-06,329.174,-0.006728947146081521,6
2023-06-07,319.013,-0.030868173063486215,6
2023-06-08,320.868,0.005814810054762809,6
2023-06-09,322.377,0.004702868469277144,6
2023-06-12,327.369,0.015484975665137402,6
2023-06-13,329.776,0.007352559344348419,6
2023-06-14,332.785,0.009124375333559698,6
2023-06-15,343.399,0.031894466397223376,6
2023-06-16,337.707,-0.01657547051680408,6
2023-06-20,333.485,-0.012501961759750269,6
2023-06-21,329.056,-0.013280957164490292,6
2023-06-22,335.123,0.018437591169892187,6
2023-06-23,330.496,-0.013806870910083813,6
2023-06-26,324.163,-0.019162107862122246,6
2023-06-27,330.052,0.018166786462366247,6
2023-06-28,331.315,0.0038266697368898317,6
2023-06-29,330.526,-0.002381419495042447,6
2023-06-30,335.941,0.016382977435965618,6
2023-07-03,333.426,-0.007486433629714684,7
2023-07-05,333.584,0.00047386826462259,7
2023-07-06,336.662,0.009227061249939883,7
2023-07-07,332.666,-0.011869471458020198,7
2023-07-10,327.349,-0.01598299796191982,7
2023-07-11,327.98,0.0019276063161948187,7
2023-07-12,332.647,0.014229526190621344,7
2023-07-13,338.033,0.016191337964869712,7
2023-07-14,340.578,0.0075288507335080634,7
2023-07-17,341.061,0.0014181773338266535,7
2023-07-18,354.635,0.039799332084289984,7
2023-07-19,350.285,-0.01226613278441202,7
2023-07-20,342.186,-0.023121172759324682,7
2023-07-21,339.128,-0.008936660178966993,7
2023-07-24,340.45,0.0038982331155197336,7
2023-07-25,346.241,0.017009839917755842,7
2023-07-26,333.209,-0.03763852345620533,7
2023-07-27,326.254,-0.02087278554900973,7
2023-07-28,333.801,0.02313228343560536,7
2023-07-31,331.384,-0.007240841099936723,7
2023-08-01,331.798,0.0012493059411438079,8
2023-08-02,323.078,-0.02628105051868912,8
2023-08-03,322.249,-0.002565943827806172,8
2023-08-04,323.354,0.0034290253809940996,8
2023-08-07,325.652,0.0071067622481861825,8
2023-08-08,321.647,-0.012298404431724697,8
2023-08-09,317.879,-0.011714705873208775,8
2023-08-10,318.569,0.0021706372550560626,8
2023-08-11,316.675,-0.00594533680301601,8
2023-08-14,319.664,0.009438698981605764,8
2023-08-15,317.514,-0.006725812102707729,8
2023-08-16,316.743,-0.0024282393847201433,8
2023-08-17,313.263,-0.010986825281063872,8
2023-08-18,312.867,-0.0012641135403796966,8
2023-08-21,318.206,0.01706475914685801,8
2023-08-22,318.779,0.0018007202881151763,8
2023-08-23,323.267,0.014078719112614158,8
2023-08-24,316.318,-0.02149616261480447,8
2023-08-25,319.293,0.00940509234378073,8
2023-08-28,320.005,0.002229926744400812,8
2023-08-29,324.661,0.014549772659802285,8
2023-08-30,325.037,0.0011581310967438974,8
2023-08-31,324.019,-0.00313195113171727,8
2023-09-01,324.908,0.002743666266484368,9
2023-09-05,329.742,0.014878057788666244,9
2023-09-06,329.08,-0.0020076302078595454,9
2023-09-07,326.144,-0.008921842713017991,9
2023-09-08,330.454,0.013215021585557318,9
2023-09-11,334.082,0.010978835178269808,9
2023-09-12,327.983,-0.018255997030669047,9
2023-09-13,332.224,0.012930548229633798,9
2023-09-14,334.834,0.007856145251396773,9
2023-09-15,326.451,-0.025036286637557637,9
2023-09-18,325.304,-0.0035135441459822614,9
2023-09-19,324.898,-0.0012480633499740712,9
2023-09-20,317.108,-0.023976755781814685,9
2023-09-21,315.883,-0.0038630371986831946,9
2023-09-22,313.391,-0.007888996875425325,9
2023-09-25,313.915,0.0016720327003647562,9
2023-09-26,308.577,-0.01700460315690555,9
2023-09-27,309.22,0.0020837586728759128,9
2023-09-28,310.06,0.0027165125153612024,9
2023-09-29,312.146,0.006727730116751651,9
2023-10-02,318.127,0.019160905473720513,10
2023-10-03,309.813,-0.026134216837929602,10
2023-10-04,315.319,0.017772010858162934,10
2023-10-05,315.715,0.0012558710385355276,10
2023-10-06,323.524,0.024734333180241652,10
2023-10-09,326.055,0.007823221770255184,10
2023-10-10,324.641,-0.004336691662449543,10
2023-10-11,328.625,0.012272017397679136,10
2023-10-12,327.38,-0.003788512742487704,10
2023-10-13,323.989,-0.010357993768709162,10
2023-10-16,328.843,0.014981990129294687,10
2023-10-17,328.27,-0.0017424728517865251,10
2023-10-18,326.342,-0.005873214122521064,10
2023-10-19,327.538,0.003664866918754006,10
2023-10-20,322.941,-0.01403501273134733,10
2023-10-23,325.561,0.00811293703803484,10
2023-10-24,326.757,0.0036736586999057685,10
2023-10-25,336.781,0.030677231092218316,10
2023-10-26,324.147,-0.03751399277275147,10
2023-10-27,326.045,0.0058553680891695326,10
2023-10-30,333.46,0.02274225950405606,10
2023-10-31,334.25,0.00236909974209798,10
2023-11-01,342.12,0.023545250560957465,11
2023-11-02,344.344,0.006500643049222488,11
2023-11-03,348.773,0.012862137862137857,11
2023-11-06,352.46,0.0105713458323895,11
2023-11-07,356.414,0.011218294274527585,11
2023-11-08,359.054,0.007407116443237216,11
2023-11-09,356.573,-0.006909824149013755,11
2023-11-10,365.45,0.02489532297734276,11
2023-11-13,362.494,-0.008088657819127043,11
2023-11-14,366.043,0.009790506877355165,11
2023-11-15,366.192,0.00040705600161738964,11
2023-11-16,372.631,0.017583671953510738,11
2023-11-17,366.37,-0.016802144749094916,11
2023-11-20,373.889,0.020522968583672307,11
2023-11-21,369.56,-0.011578302651321648,11
2023-11-22,374.295,0.012812533824007044,11
2023-11-24,373.879,-0.0011114228082127475,11
2023-11-27,375.048,0.003126680022146111,11
2023-11-28,379.099,0.010801284102301523,11
2023-11-29,375.285,-0.010060696546284609,11
2023-11-30,375.345,0.00015987849234577745,11
2023-12-01,370.986,-0.011613315749510522,12
2023-12-04,365.667,-0.014337468260257835,12
2023-12-05,369.015,0.009155871325550402,12
2023-12-06,365.33,-0.009986043927753596,12
2023-12-07,367.46,0.0058303451673829,12
2023-12-08,370.709,0.008841778697001201,12
2023-12-11,367.807,-0.007828242637756277,12
2023-12-12,370.858,0.00829511129478222,12
2023-12-13,370.848,-2.696449854122651e-05,12
2023-12-14,362.487,-0.02254562516179137,12
2023-12-15,367.242,0.0131177118075958,12
2023-12-18,369.144,0.005179146176090832,12
2023-12-19,369.748,0.0016362178445268327,12
2023-12-20,367.133,-0.007072384434804291,12
2023-12-21,370.026,0.007879978100579388,12
2023-12-22,371.056,0.0027835881802900087,12
2023-12-26,371.135,0.00021290586865596595,12
2023-12-27,370.551,-0.0015735514031282039,12
2023-12-28,371.749,0.0032330232545587645,12
2023-12-29,372.502,0.0020255602570551368,12
2024-01-02,367.381,-0.013747577194216487,1
2024-01-03,367.113,-0.0007294879158148415,1
2024-01-04,364.478,-0.007177626507369639,1
2024-01-05,364.29,-0.0005158061666272751,1
2024-01-08,371.165,0.018872326992231514,1
2024-01-09,372.254,0.002934005092074976,1
2024-01-10,379.169,0.018576026046731364,1
2024-01-11,381.011,0.004857992082686113,1
2024-01-12,384.815,0.009983963717582922,1
2024-01-16,386.598,0.004633395267856111,1
2024-01-17,385.806,-0.002048639672217689,1
2024-01-18,390.164,0.011295832620539903,1
2024-01-19,394.919,0.012187182825683651,1
2024-01-22,392.779,-0.005418832722659528,1
2024-01-23,395.147,0.006028835553835599,1
2024-01-24,398.772,0.009173801142359661,1
2024-01-25,401.061,0.005740122175077467,1
2024-01-26,400.13,-0.002321342638650914,1
2024-01-29,405.865,0.014332841826406373,1
2024-01-30,404.746,-0.002757074396659065,1
2024-01-31,393.839,-0.026947764770992144,1
2024-02-01,399.981,0.015595205147280966,2
2024-02-02,407.351,0.018425875229073352,2
2024-02-05,401.833,-0.013546057331392247,2
2024-02-06,401.675,-0.0003931981693887643,2
2024-02-07,410.154,0.021109105620215285,2
2024-02-08,410.214,0.000146286516771843,2
2024-02-09,416.593,0.015550420024670109,2
2024-02-12,411.353,-0.0125782238299732,2
2024-02-13,402.497,-0.021528954450313997,2
2024-02-14,406.387,0.009664668308086766,2
2024-02-15,403.48,-0.00715328000157478,2
2024-02-16,400.999,-0.0061490036680875715,2
2024-02-20,399.738,-0.0031446462460006375,2
2024-02-21,399.133,-0.0015134913368256564,2
2024-02-22,408.531,0.023546036033101903,2
2024-02-23,407.231,-0.0031821330572221473,2
2024-02-26,404.452,-0.0068241366693596595,2
2024-02-27,404.393,-0.0001458763957157272,2
2024-02-28,404.631,0.0005885363989979187,2
2024-02-29,410.506,0.014519401627655748,2
2024-03-01,412.352,0.004496889205029886,3
2024-03-04,411.776,-0.0013968648145272766,3
2024-03-05,399.599,-0.029571903170655944,3
2024-03-06,399.043,-0.0013913948733604853,3
2024-03-07,406.04,0.017534451174434862,3
2024-03-08,403.142,-0.007137227859324247,3
2024-03-11,401.455,-0.004184629733443801,3
2024-03-12,412.134,0.02660073980894495,3
2024-03-13,411.955,-0.00043432475845239793,3
2024-03-14,421.998,0.024378876333580157,3
2024-03-15,413.265,-0.02069441087398516,3
2024-03-18,414.158,0.00216084110679593,3
2024-03-19,418.217,0.009800607497621572,3
2024-03-20,422.008,0.009064672167798049,3
2024-03-21,426.117,0.009736782241094977,3
2024-03-22,425.491,-0.001469080088332575,3
2024-03-25,419.656,-0.013713568559616918,3
2024-03-26,418.455,-0.0028618678155442057,3
2024-03-27,418.237,-0.0005209640224157486,3
2024-03-28,417.532,-0.0016856471330849443,3
2024-04-01,421.353,0.00915139438414303,4
2024-04-02,418.247,-0.0073714913623493805,4
2024-04-03,417.264,-0.0023502858358817047,4
2024-04-04,414.714,-0.0061112389278730195,4
2024-04-05,422.296,0.01828247900963076,4
2024-04-08,421.373,-0.002185670714380472,4
2024-04-09,423.05,0.003979846834040179,4
2024-04-10,420.053,-0.007084268998936327,4
2024-04-11,424.688,0.011034321859384466,4
2024-04-12,418.703,-0.01409269863994278,4
2024-04-15,410.506,-0.019577122686008974,4
2024-04-16,411.439,0.0022728047823905584,4
2024-04-17,408.72,-0.006608513048106723,4
2024-04-18,401.207,-0.01838177725582313,4
2024-04-19,396.096,-0.012739059886791582,4
2024-04-22,397.922,0.004609993536920376,4
2024-04-23,404.482,0.016485642914943144,4
2024-04-24,405.961,0.0036565285970697747,4
2024-04-25,396.017,-0.024494963801941605,4
2024-04-26,403.241,0.018241641141668152,4
2024-04-29,399.202,-0.010016342584211357,4
2024-04-30,386.38,-0.032119077559731646,4
2024-05-01,391.948,0.014410683782804412,5
2024-05-02,394.826,0.007342810781022058,5
2024-05-03,403.579,0.02216925936995029,5
2024-05-06,410.407,0.01691862064180727,5
2024-05-07,406.238,-0.010158208802481417,5
2024-05-08,407.429,0.0029317789079308376,5
2024-05-09,409.196,0.004336951959728053,5
2024-05-10,411.598,0.005870047605548434,5
2024-05-13,410.585,-0.0024611392669546817,5
2024-05-14,413.404,0.0068658134125698655,5
2024-05-15,420.632,0.017484107555804984,5
2024-05-16,418.554,-0.004940185245059903,5
2024-05-17,417.778,-0.0018540021120332373,5
2024-05-20,422.879,0.012209833930939329,5
2024-05-21,426.557,0.008697523405040153,5
2024-05-22,428.029,0.0034508869857954316,5
2024-05-23,424.529,-0.008177016043305452,5
2024-05-24,427.671,0.007401143384786479,5
2024-05-28,427.83,0.0003717811121164427,5
2024-05-29,426.686,-0.002673959282892713,5
2024-05-30,412.27,-0.033785969073276356,5
2024-05-31,412.728,0.0011109224537317886,5
2024-06-03,411.127,-0.0038790680545056633,6
2024-06-04,413.662,0.0061659779095022405,6
2024-06-05,421.556,0.019083212864609234,6
2024-06-06,422.063,0.0012026871874672995,6
2024-06-07,421.397,-0.0015779634793857689,6
2024-06-10,425.394,0.009485117359639528,6
2024-06-11,430.176,0.011241343319369657,6
2024-06-12,438.508,0.019368816484415685,6
2024-06-13,439.025,0.0011789978746110652,6
2024-06-14,440.009,0.00224133022037476,6
2024-06-17,445.775,0.013104277412507415,6
2024-06-18,443.757,-0.004526947451068297,6
2024-06-20,443.121,-0.0014332168281289137,6
2024-06-21,447.177,0.009153256108376917,6
2024-06-24,445.079,-0.004691654535005196,6
2024-06-25,448.341,0.007329035968895337,6
2024-06-26,449.543,0.002680995046181467,6
2024-06-27,450.229,0.0015259941763079432,6
2024-06-28,444.364,-0.013026704188313087,6
2024-07-01,454.087,0.02188071040858408,7
2024-07-02,456.622,0.005582630641264741,7
2024-07-03,458.104,0.0032455729246509968,7
2024-07-05,464.854,0.014734645408029712,7
2024-07-08,463.542,-0.0028223915465931393,7
2024-07-09,456.881,-0.014369787419478697,7
2024-07-10,463.552,0.014601176236263003,7
2024-07-11,452.069,-0.02477176239127432,7
2024-07-12,450.925,-0.0025305871448827455,7
2024-07-15,451.333,0.0009048067860508713,7
2024-07-16,446.919,-0.009779918596690362,7
2024-07-17,440.953,-0.013349175130168978,7
2024-07-18,437.822,-0.007100529988456783,7
2024-07-19,434.581,-0.007402551721932604,7
2024-07-22,440.377,0.013336984359647586,7
2024-07-23,442.276,0.004312214307286677,7
2024-07-24,426.418,-0.0358554386853458,7
2024-07-25,415.979,-0.024480673892753213,7
2024-07-26,422.809,0.016419098079470507,7
2024-07-29,424.261,0.0034341747692221425,7
2024-07-30,420.473,-0.008928466203587004,7
2024-07-31,415.929,-0.010806877017073724,7
2024-08-01,414.696,-0.0029644482591979493,8
2024-08-02,406.126,-0.0206657406871541,8
2024-08-05,392.863,-0.03265735264425318,8
2024-08-06,397.298,0.011288922601517593,8
2024-08-07,396.124,-0.0029549607599332894,8
2024-08-08,400.36,0.010693621189324487,8
2024-08-09,403.671,0.008270056948746163,8
2024-08-12,404.456,0.0019446529475737329,8
2024-08-13,411.614,0.017697845995608752,8
2024-08-14,414.448,0.006885091372013541,8
2024-08-15,419.348,0.011822954870092328,8
2024-08-16,416.798,-0.00608086839569999,8
2024-08-19,419.846,0.007312894975503692,8
2024-08-20,423.103,0.007757606360427438,8
2024-08-21,422.446,-0.0015528133811388845,8
2024-08-22,413.89,-0.020253476183938357,8
2024-08-23,415.125,0.0029838846070211478,8
2024-08-26,411.838,-0.007918096958747345,8
2024-08-27,412.187,0.0008474205877067043,8
2024-08-28,408.96,-0.007828970831200488,8
2024-08-29,411.47,0.006137519561815408,8
2024-08-30,415.474,0.009730964590370927,8
2024-09-03,407.804,-0.018460842315042636,9
2024-09-04,407.267,-0.0013168090553304923,9
2024-09-05,406.759,-0.0012473389692756465,9
2024-09-06,400.095,-0.016383165461612337,9
2024-09-09,404.099,0.010007623189492332,9
2024-09-10,412.545,0.020900818858745174,9
2024-09-11,421.35,0.021343126204414142,9
2024-09-12,425.294,0.009360389225109733,9
2024-09-13,428.87,0.00840830108113444,9
2024-09-16,429.617,0.001741786555366387,9
2024-09-17,433.412,0.008833449328122356,9
2024-09-18,429.089,-0.009974343119249052,9
2024-09-19,436.938,0.01829224240192584,9
2024-09-20,433.531,-0.007797444946422538,9
2024-09-23,431.778,-0.004043540138998103,9
2024-09-24,427.456,-0.010009773541032718,9
2024-09-25,430.384,0.006849827818535603,9
2024-09-26,429.587,-0.0018518346406930508,9
2024-09-27,426.31,-0.007628256907215469,9
2024-09-30,428.581,0.005327109380497852,9
2024-10-01,419.009,-0.022334167870250887,10
2024-10-02,415.464,-0.00846043879725733,10
2024-10-03,414.876,-0.0014152850788516913,10
2024-10-04,414.398,-0.0011521514862270488,10
2024-10-07,407.904,-0.015670925052727158,10
2024-10-08,413.053,0.012623068172903373,10
2024-10-09,415.792,0.0066311102933520605,10
2024-10-10,414.179,-0.003879343517912748,10
2024-10-11,414.657,0.0011540903812119474,10
2024-10-14,417.466,0.006774273676797948,10
2024-10-15,417.067,-0.000955766457627738,10
2024-10-16,414.458,-0.006255589629483915,10
2024-10-17,415.055,0.0014404354602879366,10
2024-10-18,416.49,0.0034573731192251156,10
2024-10-21,417.107,0.0014814281255253192,10
2024-10-22,425.802,0.020845969978926293,10
2024-10-23,422.904,-0.006805980244338983,10
2024-10-24,423.033,0.00030503376652868397,10
2024-10-25,426.44,0.008053745216094255,10
2024-10-28,424.886,-0.00364412344057774,10
2024-10-29,430.224,0.012563369939230684,10
2024-10-30,430.802,0.0013434861839414225,10
2024-10-31,404.727,-0.06052664565159871,10
2024-11-01,408.731,0.009893088427507912,11
2024-11-04,406.828,-0.004655873912181918,11
2024-11-05,409.816,0.007344627213466071,11
2024-11-06,418.501,0.02119243758174405,11
2024-11-07,423.73,0.012494593800253861,11
2024-11-08,420.852,-0.006792060982229398,11
2024-11-11,416.34,-0.010721108608251817,11
2024-11-12,421.34,0.012009415381659228,11
2024-11-13,423.501,0.005128874543124384,11
2024-11-14,425.185,0.003976377859792546,11
2024-11-15,413.342,-0.027853757776026944,11
2024-11-18,414.099,0.001831413212303623,11
2024-11-19,416.121,0.004882890323328448,11
2024-11-20,413.83,-0.005505610147048534,11
2024-11-21,412.044,-0.004315781842785693,11
2024-11-22,416.165,0.01000135907815669,11
2024-11-25,417.952,0.004293969939807463,11
2024-11-26,427.134,0.02196902993645211,11
2024-11-27,422.144,-0.011682516493653039,11
2024-11-29,422.613,0.0011109953001819939,11
2024-12-02,430.118,0.01775856398170439,12
2024-12-03,430.337,0.0005091626018907114,12
2024-12-04,436.545,0.014425903419877928,12
2024-12-05,441.734,0.011886517999289747,12
2024-12-06,442.682,0.0021460879171628644,12
2024-12-09,445.128,0.005525411017389459,12
2024-12-10,442.443,-0.00603197282579393,12
2024-12-11,448.091,0.012765486175620344,12
2024-12-12,448.66,0.0012698313512211623,12
2024-12-13,446.375,-0.005092943431551755,12
2024-12-16,450.686,0.009657798935872153,12
2024-12-17,453.551,0.006356975810209331,12
2024-12-18,436.515,-0.037561376780119504,12
2024-12-19,436.155,-0.0008247139273565018,12
2024-12-20,435.726,-0.000983595281493943,12
2024-12-23,434.379,-0.0030913922969939556,12
2024-12-24,438.451,0.009374302164699477,12
2024-12-26,437.233,-0.002777961505390558,12
2024-12-27,429.668,-0.01730198772736735,12
2024-12-30,423.98,-0.013238128043047137,12
2024-12-31,420.656,-0.007839992452474243,12
