date,msft_return,qqq_return
1999-03-11,0.00038738575146779475,0.004896124631982968
1999-03-12,-0.007740681131535143,-0.024361346968952535
1999-03-15,0.03550521968194098,0.028713910514078123
1999-03-16,0.019212801206001773,0.008494293289897259
1999-03-17,-0.011459055542716201,-0.007218202027992615
1999-03-18,0.031787098910947,0.01939229700581291
1999-03-19,-0.007246896749659171,-0.025564010893563638
1999-03-22,0.009490878105932632,-0.01220297656016367
1999-03-23,-0.03616714208735439,-0.035207544972928995
1999-03-24,0.028141261469772916,0.03393144197766862
1999-03-25,0.05073408903372534,0.03653201482851043
1999-03-26,-0.010075238581215396,-0.010751937443272963
1999-03-29,0.037194236977081685,0.03623084471096605
1999-03-30,0.006763925261974446,-0.006991055754878128
1999-03-31,-0.036288205020481024,-0.014671295282219443
1999-04-01,0.03417070822661805,0.020844747833116184
1999-04-05,0.024273635178855724,0.03617282891538709
1999-04-06,-0.009215278087392642,0.0019699915935702528
1999-04-07,-0.007975243514922403,-0.01039627454469949
1999-04-08,0.013395442967305327,0.007951375433803864
1999-04-09,-0.0033054550337604516,0.006195797392964719
1999-04-12,-0.013262214606745482,-0.006719158996875807
1999-04-13,-0.03091411966530122,-0.013527097762768836
1999-04-14,-0.04715679190751443,-0.03428685918151042
1999-04-15,0.034934994521264695,0.01361049576470652
1999-04-16,-0.025314971735888925,-0.0291884373115473
1999-04-19,-0.06493491849307087,-0.04690362188729891
1999-04-20,0.026232539443272085,0.022713703625296455
1999-04-21,-0.013533045307303926,0.04935156155513587
1999-04-22,0.035823479427904426,0.027042721782013723
1999-04-23,0.012508241716116864,0.013164255377922096
1999-04-26,0.023257398790751616,0.02302354113948324
1999-04-27,-0.04545387273655621,-0.01532423456905807
1999-04-28,-0.02232265716755366,-0.034212612993603564
1999-04-29,-0.0007612100067397876,-0.008129262498768552
1999-04-30,-0.009137511010244515,0.006438838757527154
1999-05-03,-0.017678739463831694,-0.005235234642470998
1999-05-04,-0.022692809391814728,-0.015790564465277046
1999-05-05,0.013609840127130735,0.03030465949820793
1999-05-06,-0.015007242321493197,-0.03633177366892204
1999-05-07,0.01443378215224178,0.01436087884517323
1999-05-10,0.007906961420617309,0.010029293812265916
1999-05-11,0.0023534795541464426,0.015772134281158978
1999-05-12,0.007822436001956534,0.02070225949260074
1999-05-13,-0.017080638572393503,-0.018591640240185447
1999-05-14,-0.028434341771735205,-0.018943837247051065
1999-05-17,0.029266515886932076,0.017992618526043502
1999-05-18,-0.00552638509398562,-0.004455491675208423
1999-05-19,0.007940481559793655,0.013857295541764625
1999-05-20,-0.011030739925777633,-0.027477493918580898
1999-05-21,-0.01115792532326021,-0.00922146302694471
1999-05-24,-0.0040299390891498366,-0.025415118051284824
1999-05-25,-0.012943769836084806,-0.03274711807984776
1999-05-26,0.029506460676556268,0.0279015456472973
1999-05-27,-0.0015885788233732656,-0.0009152307738299337
1999-05-28,0.029504015154977026,0.016482340349625257
1999-06-01,-0.027112967334503635,-0.022222423498616473
1999-06-02,-0.0007922155489930027,0.016893926060415287
1999-06-03,-0.026296672962370926,-0.014196995265390866
1999-06-04,0.041735942362620904,0.030637161476922747
1999-06-07,0.008638893435914063,0.020809844553778545
1999-06-08,-0.01090189109469264,-0.0250450683875727
1999-06-09,0.0370081711679191,0.016726987723332476
1999-06-10,-0.029611638964265108,-0.01145667198298772
1999-06-11,-0.021910158160769688,-0.015156811601997
1999-06-14,-0.0072016503782116326,-0.018857621318577378
1999-06-15,0.0016119756356598458,0.014915958591517953
1999-06-16,0.042640223636950525,0.05136319599312689
1999-06-17,0.023145412521354602,0.011096936280635461
1999-06-18,0.025643040391619243,0.004561155378058013
1999-06-21,0.046322684440358586,0.02993655786286653
1999-06-22,-0.027405886078498143,-0.030169566174851337
1999-06-23,-0.005781674050597263,0.015768255273936216
1999-06-24,-0.01598827854360152,-0.019859337600303784
1999-06-25,0.0036936146636501466,-0.0012823602313410953
1999-06-28,0.021340294708434904,0.023713192523461046
1999-06-29,0.014408767616867157,0.013676951212069577
1999-06-30,0.024859956932594462,0.0154169382865732
1999-07-01,0.01108692277422163,0.006779744185285708
1999-07-02,0.008908678016453342,0.01265789366800707
1999-07-06,-0.02649358187139672,-0.006383196330915553
1999-07-07,0.030704576603301614,0.001606555391850284
1999-07-08,0.0027088131659607217,0.0133617858164774
1999-07-09,0.007425594557612714,0.010019944441903572
1999-07-12,0.0100559361448056,-0.0052211302211302435
1999-07-13,-0.005973492626470067,-0.004724075965199637
1999-07-14,0.014018431577117019,0.017009447262560595
1999-07-15,-0.005926312071088402,0.009205182901196762
1999-07-16,0.05364443355769999,0.009249087974829484
1999-07-19,-0.010687552799261257,-0.010183651256495452
1999-07-20,-0.051459928906658514,-0.03858013917009939
1999-07-21,0.014735336194563686,0.004815072569013479
1999-07-22,-0.03828233263299785,-0.025425498171130823
1999-07-23,-0.008924485125858195,0.0015037377151838616
1999-07-26,-0.029085372893096317,-0.024550224502094764
1999-07-27,0.013551474795817642,0.02013279887654429
1999-07-28,0.013370287679318471,0.019601115339221487
1999-07-29,-0.034024803195184083,-0.021373169910923306
1999-07-30,-0.012939541816629374,-0.004946772479538564
1999-08-02,-0.011655966853344246,-0.0027604813979776877
1999-08-03,-0.0007370894181600862,-0.006506967277282061
1999-08-04,0.0022128993591812307,-0.018112744480025644
1999-08-05,0.009564224052011072,0.015893838489325685
1999-08-06,-0.007286520885621761,-0.010755927240554741
1999-08-09,-0.015418215755573006,-0.012848987136106826
1999-08-10,-0.010438478243134486,-0.009012565388556326
1999-08-11,0.015071096001193496,0.03291053272006561
1999-08-12,-0.02895596851855431,-0.011738276475398157
1999-08-13,0.03593305665968338,0.04355298904351468
1999-08-16,-0.004425221068819707,0.007993951406910949
1999-08-17,0.0029619732070793603,0.004972814738831044
1999-08-18,0.005174883334103431,-0.01123584172995662
1999-08-19,-0.013969968589596315,-0.011904154723409444
1999-08-20,-0.005221181525408514,0.015881733528792408
1999-08-23,0.03673228700076936,0.03180548837247121
1999-08-24,0.06652227140032019,0.0067918002013114265
1999-08-25,0.03389902343405082,0.02127684550955844
1999-08-26,-0.007214765673839274,-0.016641953738931847
1999-08-27,-0.01453095268408,-0.009945315376568065
1999-08-30,-0.010722840243297838,-0.014092821358436258
1999-08-31,0.0033883110328347676,0.011116876896056338
1999-09-01,-0.002026121489902888,0.007198831448254062
1999-09-02,-0.006090704977952832,-0.003508036146490978
1999-09-03,0.04424734824439769,0.045904650645961276
1999-09-07,-0.01694967058344099,-0.00448846200132369
1999-09-08,-0.021218161530250246,-0.013527986234017964
1999-09-09,0.019648674499782803,0.014220913378228062
1999-09-10,0.009965592916433064,0.01151814471215018
1999-09-13,-0.011841397250602292,-0.012004770552477062
1999-09-14,0.01264922758898157,0.0055104797347715895
1999-09-15,-0.0256434846642577,-0.019309676255749086
1999-09-16,0.014848248370699979,-0.0005076686705210998
1999-09-17,0.02592985154242089,0.02999449905985685
1999-09-20,0.011664888516752958,0.002344718243024513
1999-09-21,-0.030109163237586056,-0.024004990364586254
1999-09-22,0.01519160693824606,0.01059523537781426
1999-09-23,-0.05074634959801516,-0.04143781598334584
1999-09-24,-0.002742230347349106,0.0012999177242407622
1999-09-27,0.005499541704858002,0.007022601362945524
1999-09-28,0.007516949635369086,0.004650383831931837
1999-09-29,-0.02849337145644182,-0.020052568938580317
1999-09-30,0.01187059127404222,0.010493542663520206
1999-10-01,-0.0063851817763459495,0.0003895437835468307
1999-10-04,0.028653823886991114,0.022447769605109302
1999-10-05,-0.008104485959611218,0.0071058801014307615
1999-10-06,0.020423217002443428,0.020034661122913855
1999-10-07,0.0006672644243801429,-0.00234732600445986
1999-10-08,0.01266609709169475,0.010526197852185115
1999-10-11,-0.006581361611353254,0.01409015481615361
1999-10-12,-0.018556110225020905,-0.02271571823471208
1999-10-13,-0.01620545434719134,-0.029672749511949092
1999-10-14,-0.004118993135011517,0.006243238413306651
1999-10-15,-0.02894502527573517,-0.029504327301337563
1999-10-18,-0.002129657701892329,-0.01265638466593988
1999-10-19,-0.017781318314869066,0.005416824441477175
1999-10-20,0.06879147160786303,0.03049428331298265
1999-10-21,0.008806079194711547,0.016327095900529276
1999-10-22,-0.004026981827850995,-0.004517753047164841
1999-10-25,-0.002697851203670165,0.0005038281432698799
1999-10-26,-0.0006762873234873457,-0.008064791976254204
1999-10-27,-0.016238355227678802,-0.0015249217423954908
1999-10-28,-0.011006649850951566,0.034606809696123175
1999-10-29,0.02990595293299325,0.0349235491019686
1999-11-01,-0.002026121489902888,-0.005228762854639357
1999-11-02,0.002030234992651092,0.0005980376439478352
1999-11-03,-0.0060783644697083306,0.019935875394478053
1999-11-04,-0.0027180164142710517,0.011234566811695101
1999-11-05,-0.0020405193920316478,0.010186413460867128
1999-11-08,-0.017747923304506252,0.02016393782526671
1999-11-09,-0.011816453977735564,-0.006737508172065643
1999-11-10,-0.019691457754038022,0.013116252421357055
1999-11-11,0.028697316003079232,0.017856060861076495
1999-11-12,-0.004882567707481855,0.013159178436012331
1999-11-15,-0.024528970031505448,-0.0019487291641845372
1999-11-16,0.003596529966093165,0.025374767175840862
1999-11-17,-0.026487621334785105,-0.013536832368467255
1999-11-18,-0.0007354631119284027,0.030660812038632912
1999-11-19,0.012508241716116864,0.00894421551449609
1999-11-22,0.04433406150735797,0.02268158561214162
1999-11-23,-0.0020881594831805295,-0.03266200262086527
1999-11-24,0.023010553466659367,0.03293033459948158
1999-11-26,-0.00613283427853073,0.0032285205251443294
1999-11-29,-0.010286845415046875,-0.016492540821882118
1999-11-30,0.00952370637525135,-0.0314919955467422
1999-12-01,0.02351312980320497,0.01477970548853591
1999-12-02,0.017438488361529947,0.03173019294793944
1999-12-03,0.013842862392126287,0.02127743697517337
1999-12-06,-0.007150405788068914,0.009084411620184696
1999-12-07,-0.02554270137863035,0.0
1999-12-08,-0.013440464937156449,-0.012133848612420728
1999-12-09,0.010898147918138035,0.001584840500218121
1999-12-10,0.012132190323735692,0.006329331020731521
1999-12-13,0.029294043382653845,0.018769275000629637
1999-12-14,0.02134692887277434,-0.018037990335128318
1999-12-15,0.09879610292346741,0.018468589916419642
1999-12-16,0.048414023372287174,0.02623399102551982
1999-12-17,0.013741236310314653,0.007894651055005752
1999-12-20,-0.02169134888661628,0.013054220789722182
1999-12-21,0.027716813750404246,0.04491986329702913
1999-12-22,0.01456365240554569,0.005284594967279954
1999-12-23,-0.0010635086368534497,0.005608326329532787
1999-12-27,0.014369879534773977,0.0003482370009040281
1999-12-28,-0.01364153191861539,-0.005573793319067155
1999-12-29,0.0037242606206546736,0.03714012454458282
1999-12-30,-0.002650315691249183,-0.010811182594098079
1999-12-31,-0.007440603884726005,-0.0013661677128601335
2000-01-03,-0.0016035786297352583,0.0369369903708785
2000-01-04,-0.0337823116330257,-0.0711579423807931
2000-01-05,0.010546278736296655,-0.020683146247916673
2000-01-06,-0.0335000228864375,-0.06308925752014582
2000-01-07,0.013068238999295767,0.09597407580870843
2000-01-10,0.00729276537806367,0.042373016739398306
2000-01-11,-0.025612539992400207,-0.043360651654999804
2000-01-12,-0.03257294082274809,-0.019121809249172284
2000-01-13,0.018902643539160824,0.0541528234680837
2000-01-14,0.041159807202135745,0.015753307923522586
2000-01-18,0.02728330137808821,0.014160326933221334
2000-01-19,-0.07208908992853491,0.013630467070671726
2000-01-20,-0.009344912788928461,0.002294984667128297
2000-01-21,-0.021225161799623526,0.007853674424113333
2000-01-24,-0.024098767601766102,-0.05194738426962986
2000-01-25,0.015435671837616738,0.020889498311177146
2000-01-26,-0.033435940310607704,-0.0392483460501869
2000-01-27,-0.006290750630713271,0.011173566774172361
2000-01-28,-0.005061162583665846,-0.05248666255282253
2000-01-31,-0.0038176666500968626,0.04956301068531954
2000-02-01,0.051722704031563316,0.02777741414384738
2000-02-02,-0.02064203497695727,0.004054193472786682
2000-02-03,0.027898264029067477,0.03499320052366106
2000-02-04,0.028347624448961994,0.008127410737595264
2000-02-07,0.0005866446674918091,0.015479409418950763
2000-02-08,0.031067830717882217,0.03905924496314839
2000-02-09,-0.05401139045937953,-0.0317847875483368
2000-02-10,0.019232093771719416,0.032197485847030194
2000-02-11,-0.05719121382737902,-0.03119314500229442
2000-02-14,-0.0031276674768194734,0.003630919583045289
2000-02-15,-0.010664165397512249,0.00896323402115895
2000-02-16,-0.009513899212130195,-0.0034293383539409916
2000-02-17,0.020487935030933713,0.019705769627642367
2000-02-18,-0.045797410271326666,-0.030060657927453382
2000-02-22,-0.013148836333122138,-0.0015810333233178264
2000-02-23,0.004661155189049193,0.055432152726525796
2000-02-24,0.005306267683240717,0.02280876640532803
2000-02-25,-0.0362777271868181,-0.021713806542683622
2000-02-28,0.002738475581926192,-0.0041987395865490384
2000-02-29,-0.023892666135639562,0.03132523279582111
2000-03-01,0.016083964487772162,0.005841320876253331
2000-03-02,0.0282167852225792,-0.023156246921148593
2000-03-03,0.029450941830379884,0.041762249015786734
2000-03-06,-0.057216795154931055,0.018047489089428437
2000-03-07,0.024826109450448275,-0.01569559796276332
2000-03-08,0.0289399325494486,0.016514836944969913
2000-03-09,0.04643255048534756,0.03081285444234405
2000-03-10,0.010002311732203673,-0.002717995424588171
2000-03-13,-0.029703321394837445,-0.030517734124758444
2000-03-14,-0.02933681521128828,-0.03766131518966809
2000-03-15,0.002628723597243976,-0.03767514328027877
2000-03-16,0.0,0.05371815247451561
2000-03-17,0.041939062900059776,0.021312452696605755
2000-03-20,-0.02012712558566232,-0.03214841623571041
2000-03-21,0.05519833348380132,0.03962729057340009
2000-03-22,0.004867305711795833,0.02242122614594555
2000-03-23,0.08353541819741372,0.0208330103689649
2000-03-24,-0.0016763629907945443,0.012890822337882746
2000-03-27,-0.0682690765979157,-0.00437485632040302
2000-03-28,0.0024029511243497392,-0.020104144810879854
2000-03-29,0.02755833008193531,-0.03913073322357541
2000-03-30,-0.03556761157215582,-0.029411701987009153
2000-03-31,0.02781146159782044,0.020978636877448942
2000-04-03,-0.1447054317015246,-0.05479425524314496
2000-04-04,-0.025445711992662212,-0.02656981734317776
2000-04-05,-0.024702024249821597,-0.01737031610139661
2000-04-06,-0.004342532314547176,0.03346015568564398
2000-04-07,0.03561111721077803,0.036041036436016194
2000-04-10,-0.03368465692027034,-0.056603500956433184
2000-04-11,-0.025415873760512797,-0.02265628773838879
2000-04-12,-0.05365190893033911,-0.058673410958590355
2000-04-13,-0.0015751649000754764,-0.03260854253402301
2000-04-14,-0.06466721446179136,-0.1039321901070418
2000-04-17,0.023605376438548875,0.11598696991409296
2000-04-18,0.061780684363655025,0.030898616108423926
2000-04-19,-0.023271134174779884,-0.029290642532170397
2000-04-20,0.003173709930360369,-0.024561570607074423
2000-04-24,-0.15597673651212673,-0.02158346556003088
2000-04-25,0.04127550397067803,0.0639707258248956
2000-04-26,-0.01981968451830607,-0.033862380098149125
2000-04-27,0.02665574963609907,0.04577853168899182
2000-04-28,-0.0008954597392907271,0.03420091701007277
2000-05-01,0.05286547196146074,0.013226711748945519
2000-05-02,-0.04850852146771423,-0.060051827370068644
2000-05-03,0.009836585013536459,-0.006944680806499237
2000-05-04,-0.001771887891176549,-0.002797298668976378
2000-05-05,0.00976268177910078,0.026647560303357576
2000-05-08,-0.018453073070690218,-0.03551907291163692
2000-05-09,-0.02865004780449132,-0.03116121969454222
2000-05-10,-0.023963854958899966,-0.06432694546912698
2000-05-11,0.025496726206581055,0.05937406574504012
2000-05-12,0.013815335021874375,-0.0007367936685790388
2000-05-15,0.008171511847982371,0.04649396287995455
2000-05-16,0.0018022161626876088,0.027503812034463282
2000-05-17,-0.026080438499918146,-0.020589666093940973
2000-05-18,-0.022160971292234266,-0.03924316840995612
2000-05-19,-0.016996177704753368,-0.046681452128515266
2000-05-22,-0.013446698627806342,0.0038249632215074936
2000-05-23,-0.015577841015729899,-0.08384148093656241
2000-05-24,0.0375847641033038,0.0615646157151617
2000-05-25,-0.061963031753756836,-0.028212647456400175
2000-05-26,-0.0010164915160019161,0.002418675642066548
2000-05-30,0.03153270126607777,0.10056279373783905
2000-05-31,-0.012818339215897923,-0.029239395396714163
2000-06-01,0.03197014801090825,0.054217295026118606
2000-06-02,0.027101583026965415,0.06571380482714528
2000-06-05,0.008484521149927593,0.004021584906232389
2000-06-06,0.04112116771262886,-0.024032859253368177
2000-06-07,0.012565528271269555,0.022571960534527147
2000-06-08,-0.023932460766836305,-0.004681806145737544
2000-06-09,0.0,0.00604796055523682
2000-06-12,-0.028157884775531716,-0.027387169119452492
2000-06-13,0.014951824064111108,0.035026709581528204
2000-06-14,0.03867334407859402,-0.02156520346844526
2000-06-15,0.026597267764610244,0.017802443377363142
2000-06-16,0.0025912679667994265,0.003998135961744698
2000-06-19,0.015502936808144963,0.03865863301071926
2000-06-20,0.016963007476272107,0.005910595468101798
2000-06-21,0.076730898742152,0.003017562934747531
2000-06-22,-0.010067994269919112,-0.03974064952228373
2000-06-23,-0.027388716778085853,-0.032975981639673635
2000-06-26,0.023331838508639846,0.027791812748210187
2000-06-27,-0.00864568657645548,-0.015593493412856096
2000-06-28,0.0015822719442115663,0.012638347078033352
2000-06-29,-0.02216630918990259,-0.023298565971821228
2000-06-30,0.03643289210599576,0.016186826218059114
2000-07-03,0.0,0.020791505889135475
2000-07-05,-0.01875027980936328,-0.04073480944224184
2000-07-06,0.031054019975445435,0.036300651771972614
2000-07-07,0.013126400437680763,0.008923287387913925
2000-07-10,-0.03124925549740709,-0.012119326089399363
2000-07-11,-0.003934813260320635,-0.011107958203276036
2000-07-12,0.015011357276887072,0.040402942303000566
2000-07-13,-0.0046703207602243335,0.02030270593395489
2000-07-14,-0.012512626674052618,0.017056205812899794
2000-07-17,-0.00949925754825931,0.008074222902879846
2000-07-18,0.0039935536797743865,-0.02156516123637009
2000-07-19,-0.06847065069515879,-0.026448086134341464
2000-07-20,0.023077813596452224,0.03686877000457245
2000-07-21,-0.03341587928850909,-0.02869601416808365
2000-07-24,-0.0242015732148243,-0.030828369412562395
2000-07-25,-0.022143984348323653,0.01872086965972386
2000-07-26,-0.017209405480395734,-0.00471622339153599
2000-07-27,0.02304198355996001,-0.04248327762287829
2000-07-28,0.004505540406718911,-0.05187761530503532
2000-07-31,0.0017941326256478707,0.030957916179789713
2000-08-01,-0.016113611454422583,-0.012220101362469649
2000-08-02,0.010006636329161767,-0.01749810426098164
2000-08-03,0.012610819867556078,0.0455118231993239
2000-08-04,-0.016013311209781333,-0.008946665109822338
2000-08-07,0.012656439145937615,0.025173649747216365
2000-08-08,0.058932973626680374,-0.0028794929027842198
2000-08-09,0.0016823333040500987,-0.004245270333436246
2000-08-10,-0.021881838074398363,-0.01825082245091658
2000-08-11,-0.0025823458998534,0.010424922350179333
2000-08-14,-0.003452042233579089,0.022696127811896893
2000-08-15,-0.007794000243562471,0.001345035096415259
2000-08-16,-0.008723480664239225,0.003861306919462182
2000-08-17,0.007924351789857953,0.021575457349754856
2000-08-18,-0.007862050138768728,-0.003110934440760049
2000-08-21,-0.005282901193238709,0.0064047473394046595
2000-08-22,0.008851597436724923,-0.003263204782096296
2000-08-23,-0.007019147283279348,0.016371909743397195
2000-08-24,0.005301572984067748,0.0161081879442444
2000-08-25,-0.007031486042317181,-0.001903008714154164
2000-08-28,0.00973675718039746,0.0006359448991470895
2000-08-29,-0.00525974559633291,0.003967641282140555
2000-08-30,-0.013218891999816407,0.0006330290978799891
2000-08-31,-0.002674543001999985,0.030177934247130223
2000-09-01,0.005372758435743696,0.006135182176168152
2000-09-05,-0.0008953132900675342,-0.02911527718709417
2000-09-06,-0.009801554505186383,-0.0346991688963606
2000-09-07,0.009002968166067271,0.022771787855782488
2000-09-08,-0.010707165528875406,-0.03435229842742327
2000-09-11,-0.007210668971575407,-0.02206834717753403
2000-09-12,-0.009993186463774562,-0.015829841269841327
2000-09-13,0.0018352833218628906,0.02327123713282253
2000-09-14,-0.03571292267765813,-0.0006682890539296826
2000-09-15,-0.024692029881759336,-0.02141973906679795
2000-09-18,-0.018504709874758385,-0.017099813812915476
2000-09-19,0.03174824668847642,0.04105853060860398
2000-09-20,-0.011536111083282341,0.012700336819131852
2000-09-21,-0.0009729844778570973,-0.02425716703165437
2000-09-22,-0.014608981480072503,0.005919521541473127
2000-09-25,-0.03161758271174053,-0.02959077212113681
2000-09-26,0.023469436574047098,-0.013859187312618815
2000-09-27,-0.032903621216213264,0.006324217487375439
2000-09-28,0.0113428250723695,0.03299545843480556
2000-09-29,-0.016308301780583956,-0.040729436801896224
2000-10-02,-0.019693583390017255,-0.02184644651506351
2000-10-03,-0.04333939093562411,-0.03890486195333742
2000-10-04,-0.0198883260419066,0.026986008877106782
2000-10-05,-0.00112765395119363,0.0029198084649677547
2000-10-06,0.0033867809705243612,-0.03347867007279648
2000-10-09,-0.024746702295354805,-0.004518226209402565
2000-10-10,0.006921995361301558,-0.052193293283730124
2000-10-11,0.021762999916456804,-0.015962232245213426
2000-10-12,-0.024663454518907835,-0.02514203068719001
2000-10-13,-0.011496868300978402,0.08153045845690099
2000-10-16,-0.06279303618807608,0.004615545237563579
2000-10-17,0.0012474469350292061,-0.041347615287907535
2000-10-18,0.02601527348314181,-0.003194998818061401
2000-10-19,0.19565367845525627,0.0905457516981576
2000-10-20,0.05353722452587939,0.014694190746080915
2000-10-23,-0.04698067029618902,-0.0014469113220811902
2000-10-24,-0.01005744114379159,-0.04350987991005206
2000-10-25,-0.004065966064007331,-0.055346102505909656
2000-10-26,0.05204208019477252,0.02568307664377123
2000-10-27,0.050432779032575814,-0.001955879142599204
2000-10-30,0.020313822827676464,-0.03704535713757873
2000-10-31,-0.0027155593062121453,0.06431908454119628
2000-11-01,0.010891814593329663,-0.00860452909418119
2000-11-02,0.009876589396695445,0.012344637493545418
2000-11-03,-0.029335358484100515,0.01295704548328147
2000-11-06,0.018314441645675972,-0.0075232975418788595
2000-11-07,0.014387107352837658,-0.0037915924688370906
2000-11-08,-0.015069783767307388,-0.07819634948848941
2000-11-09,0.02070213773603502,-0.00020543276279050282
2000-11-10,-0.04938487123181956,-0.05202408415756821
2000-11-13,-0.013913051882780358,-0.023519153750535704
2000-11-14,0.035751216619537285,0.08251635360788323
2000-11-15,0.018164698311757155,0.020189828191505832
2000-11-16,-0.016056101086052377,-0.05815874543386468
2000-11-17,0.0018089246580517138,-0.0006434486259623284
2000-11-20,-0.027146164036754183,-0.040763964383703444
2000-11-21,0.008369153828633458,-0.0015650666333866248
2000-11-22,0.007381776239907767,-0.04480269181004637
2000-11-24,0.02472616594153121,0.05722253463343563
2000-11-27,0.01072165140433623,-0.012422786203297509
2000-11-28,-0.05216442041068259,-0.05907429550866672
2000-11-29,-0.028919655743839146,-0.03843419188655506
2000-11-30,-0.11815779728363673,0.0007450462845963735
2000-12-01,-0.013069261981102587,0.01612441614461857
2000-12-04,-0.003312019872119265,-0.004882062837229584
2000-12-05,0.060910601375363305,0.10991173984064706
2000-12-06,-0.05323719099046187,-0.038019917496562416
2000-12-07,-0.06284749345218954,-0.022057855306290786
2000-12-08,0.024711636287861216,0.022555378583463348
2000-12-11,0.06658731772671267,0.09374978342377549
2000-12-12,0.005383368755152107,-0.03655470770965974
2000-12-13,-0.019270778137845945,-0.04077626163890968
2000-12-14,-0.03056895218162803,-0.04887409431313505
2000-12-15,-0.11373542887649091,-0.022945336322546583
2000-12-18,-0.02796054809028925,0.001957015744662005
2000-12-19,-0.06273919616468959,-0.07617085747211505
2000-12-20,-0.07392122528753997,-0.05734742027275841
2000-12-21,0.0466895236899707,0.005887239804082789
2000-12-22,0.06905779176973237,0.07915232367046188
2000-12-26,0.009423445026398136,0.0061985643789945755
2000-12-27,-0.009335472712496573,0.011294995635672489
2000-12-28,-0.040372169986607975,-0.0020305248552699995
2000-12-29,-0.026654002118876363,-0.04984811990856519
2001-01-02,0.0,-0.08458231578097553
2001-01-03,0.10518927764474517,0.16842019393159036
2001-01-04,0.010432656387964423,-0.018016760040079127
2001-01-05,0.01419007031176478,-0.07645228793838621
2001-01-08,-0.0038110513862285034,0.011035814380265352
2001-01-09,0.058748386581682244,0.0
2001-01-10,0.020504989568408627,0.051310809781836886
2001-01-11,0.04018596631669702,0.029076800808058634
2001-01-12,-0.02727310399535876,0.012864555989256399
2001-01-16,-0.017521331109948024,-0.01195558067951119
2001-01-17,0.00713599900888906,0.030501515857100703
2001-01-18,0.04840485401661865,0.042074916259646544
2001-01-19,0.09909830631772243,-0.0037559981804117237
2001-01-22,-0.0143475545639421,0.0009434280729372357
2001-01-23,0.007278201677668683,0.02095063297430455
2001-01-24,0.03921937582323043,-0.00945277524231758
2001-01-25,-0.017873771339886102,-0.039107449389017335
2001-01-26,0.03538676288551201,0.016231411782112737
2001-01-29,0.007809201121268927,0.022169776558705667
2001-01-30,-0.017440862603357865,-0.0037314679510511706
2001-01-31,-0.03648731266986227,-0.03670429172807588
2001-02-01,0.021493966652625263,0.013218264438581206
2001-02-02,-0.025050633704299163,-0.05525576247707853
2001-02-05,0.018498391095072675,-0.0008135232447519236
2001-02-06,0.010093151376243226,0.0016264554764997552
2001-02-07,0.033968607531694284,-0.016234318906440448
2001-02-08,-0.03768466087831879,-0.029868476052531734
2001-02-09,-0.05020189551645504,-0.04065195433994939
2001-02-12,-0.006343961671898102,0.012055390875838512
2001-02-13,-0.009571154634833157,-0.03118407853400984
2001-02-14,0.0032230808400155464,0.03887977501757667
2001-02-15,0.007496360583868267,0.016535450833540022
2001-02-16,-0.025505035126860753,-0.05599356038750636
2001-02-20,-0.02508748806980876,-0.038815883674163
2001-02-21,0.006712973754137375,-0.02811919139815544
2001-02-22,-0.018887473952303724,-0.009709071026750227
2001-02-23,0.028313185484108994,0.0035299036899967273
2001-02-26,0.049559370266672564,0.018952534639653074
2001-02-27,-0.0031486765718782284,-0.06040204774147495
2001-02-28,-0.006317244102260422,-0.03163275610846883
2001-03-01,0.006092513492930829,0.028449975418506135
2001-03-02,-0.045011244583402,-0.043032351521004375
2001-03-05,0.013233469650324015,0.01820241386965904
2001-03-06,0.03481701510135604,0.03890572386401092
2001-03-07,0.021029854834291983,0.00040544440284007166
2001-03-08,-0.023687020156768934,-0.01861665987226535
2001-03-09,-0.04324793651840364,-0.07010256186020292
2001-03-12,-0.08378899967835318,-0.06208528824752613
2001-03-13,0.043318538579202315,0.05082862156365753
2001-03-14,-0.00346099768065089,-0.01574961765695948
2001-03-15,-0.005788362978595085,-0.03657055450978486
2001-03-16,0.016301776942203805,-0.02491076345116927
2001-03-19,-0.004582940481447362,0.05255342630681237
2001-03-20,-0.02992026856903074,-0.06726710205949149
2001-03-21,-0.049821096410186616,0.0
2001-03-22,0.07865007772003874,0.060719051387092327
2001-03-23,0.04745251733494116,0.0
2001-03-26,-0.008836058024407123,-0.023131300340789585
2001-03-27,0.03901617446351313,0.03444068407956702
2001-03-28,-0.046136733313583256,-0.08208001787013108
2001-03-29,-0.0033753494014029384,-0.018892338008439924
2001-03-30,-0.012412317063849154,0.005136178296168081
2001-04-02,0.020570128957740463,-0.044701378899408284
2001-04-03,-0.0436771148719205,-0.07326108870967751
2001-04-04,-0.02692612700542929,-0.01759782992956782
2001-04-05,0.09265528222874209,0.09573816551156189
2001-04-06,-0.009908431633542825,-0.027068675870605907
2001-04-09,0.017123585348469028,0.020661854438760896
2001-04-10,0.044273147831635606,0.07422329633987346
2001-04-11,0.0060285332387681745,0.030149995115611894
2001-04-12,0.0356453362255964,0.0439028034804998
2001-04-16,-0.022353945322113544,-0.059580371840539104
2001-04-17,0.011349515811123423,0.024845593185610193
2001-04-18,0.06425064743172171,0.1042419984119638
2001-04-19,0.03988952750615793,0.06037272221719303
2001-04-20,0.014107220619129057,0.0020709539560341828
2001-04-23,-0.010867359698752854,-0.06714864716836455
2001-04-24,-0.01025685062208992,-0.01882469599707748
2001-04-25,0.03167747968341805,0.018058222475173302
2001-04-26,-0.008035956232070984,-0.02549922151746631
2001-04-27,-0.029074313058713774,0.027303068076722115
2001-04-30,0.009386596812922976,0.02214915714211152
2001-05-01,0.03572183775470972,0.04116842137510601
2001-05-02,-0.005846515059416468,0.01935591441615947
2001-05-03,-0.017628691313540612,-0.04450746642035186
2001-05-04,0.03239324198483429,0.02991503555919195
2001-05-07,0.008904985871676097,-0.020747577656755722
2001-05-08,0.00952428738898603,0.02118715990215181
2001-05-09,-0.02303483238973958,-0.03423301426518188
2001-05-10,-0.005684051817832936,-0.01675765559866671
2001-05-11,-0.008567840364667956,-0.004805885472171201
2001-05-14,-0.009800701859740801,-0.016026279373536956
2001-05-15,-0.006547932094816966,0.007362934028006141
2001-05-16,0.013039103001282859,0.04429831428422304
2001-05-17,-0.014316584357683793,0.015904706693720128
2001-05-18,-0.001174953431723691,0.0029245303902734054
2001-05-21,0.010280981618561169,0.06265603923973018
2001-05-22,0.02209926446226218,-0.0029402397426252502
2001-05-23,-0.008678216010706508,-0.04420356276503146
2001-05-24,0.028981309764608554,0.025694614302285812
2001-05-25,-0.011295074748153389,-0.018236895477845017
2001-05-29,-0.008035447804026985,-0.05858402695442422
2001-05-30,-0.016349202675492447,-0.03664296863224947
2001-05-31,-0.0001458802934546366,0.006751363664086352
2001-06-01,0.016769268421250816,0.029511003410991554
2001-06-04,0.006253616312171806,-0.0047766585904380765
2001-06-05,0.025714627436909332,0.0440754565646595
2001-06-06,-0.003305288461538436,-0.0077338435060091415
2001-06-07,0.018241622757481757,0.025695044119544486
2001-06-08,-0.006650669706972812,-0.027719782944761073
2001-06-11,-0.01461821805434449,-0.027455068886494627
2001-06-12,-0.0005552997264134385,-0.005429067771242413
2001-06-13,-0.019283671892997956,-0.027293517210864926
2001-06-14,-0.025323568697894983,-0.051625512063407264
2001-06-15,-0.012773377691246313,0.008282070015560361
2001-06-18,-0.016758492932329228,-0.013380312852622978
2001-06-19,0.006577153762268084,-0.004995262629716946
2001-06-20,0.03104580695398984,0.02271549149753782
2001-06-21,0.006196699471803013,0.013561273652343164
2001-06-22,-0.014461605881612383,-0.0023074288882486416
2001-06-25,0.0002932870381320285,0.0025443143835486293
2001-06-26,0.018731763604292073,0.0034589853461837183
2001-06-27,0.01426051434407194,0.006436501489304192
2001-06-28,0.0224905259689141,0.012787985266777158
2001-06-29,0.0035719721045988084,0.030438594160933086
2001-07-02,-0.0328763090756633,-0.0054706513220311725
2001-07-03,-0.0018401258111080399,0.004181291249099273
2001-07-05,-0.027814483861130945,-0.04798401565392041
2001-07-06,-0.0357580769340442,-0.04142725825738691
2001-07-09,-0.005604021883779509,0.008644660875271937
2001-07-10,-0.018418561310116877,-0.035945356999626976
2001-07-11,0.03132747920843082,0.012346109986269171
2001-07-12,0.07669370988195334,0.06341452200600006
2001-07-13,-0.0036333871444488297,-0.010319836568809748
2001-07-16,-0.0022409244840396747,-0.018539502245764283
2001-07-17,0.008988404272350925,0.022431180537202167
2001-07-18,-0.01740411642034634,-0.03810697707323185
2001-07-19,0.028342584005794924,0.023769988656711316
2001-07-20,-0.04671488307819316,-0.0232180948065297
2001-07-23,-0.030211039572273002,-0.024969378778149642
2001-07-24,-0.011477629541914003,-0.011326250558479245
2001-07-25,0.017492439417147843,0.008715249044843887
2001-07-26,-0.013191733694891794,0.014815913798319702
2001-07-27,-0.01681522807394975,0.020679671487336737
2001-07-30,0.0050378460100060085,-0.005956877933151472
2001-07-31,0.0059280225245064155,0.0014381049788381173
2001-08-01,0.004230430569287957,0.03208660251038942
2001-08-02,0.01474413296170951,0.018793395659067347
2001-08-03,-0.008302801229973178,-0.01662485410322112
2001-08-06,-0.011361036609407127,-0.015746291258639245
2001-08-07,0.0033234041505625367,-0.005178416978998013
2001-08-08,-0.022455589361075612,-0.042099983280388
2001-08-09,0.002314210558020946,0.00419779375829088
2001-08-10,0.007843137254901933,-0.009588783151552094
2001-08-13,0.004730881424830136,0.020357722626029418
2001-08-14,-0.01731599590470012,-0.012165861629090391
2001-08-15,-0.023031779426420207,-0.03694707792490437
2001-08-16,0.02246710560209375,0.011766691073887392
2001-08-17,-0.042399995969103155,-0.0455008428288074
2001-08-20,0.013249005535327374,0.0137724027756978
2001-08-21,-0.030622630731682032,-0.041537656581822624
2001-08-22,-0.0019713616859428074,0.027256321167320685
2001-08-23,-0.025388475886315542,-0.009818631956036494
2001-08-24,0.0495607875533528,0.05305577391156091
2001-08-27,0.004187349795879758,0.001271108952624278
2001-08-28,-0.02519699851597934,-0.031255333227541926
2001-08-29,-0.008067542213883727,-0.014693155968746985
2001-08-30,-0.05493798805695915,-0.03700776040000253
2001-08-31,0.0019327649403302338,0.01271986970684047
2001-09-04,-0.016647927997853973,-0.03166883774786511
2001-09-05,0.02922809053975617,-0.003946070371588228
2001-09-06,-0.029785266386971543,-0.04047740528427235
2001-09-07,-0.011066293140525651,-0.0058978288899778075
2001-09-10,0.03934763444019973,0.011869135353591798
2001-09-17,-0.08110492238966327,-0.08504272175406236
2001-09-18,0.026651979667942527,-0.02243813652446791
2001-09-19,-0.008283732834630908,-0.01737518107194591
2001-09-20,-0.057733105269838325,-0.033367796616832535
2001-09-21,-0.02068647008640212,-0.02692271716099537
2001-09-24,0.04626851985275815,0.05037008555224465
2001-09-25,-0.013653607782744381,0.003039936973034507
2001-09-26,-0.020075274345157657,-0.034678778983279535
2001-09-27,-0.006166042721867382,-0.006628503799164132
2001-09-28,0.02421761968691749,0.017556778223638103
2001-10-01,0.012115196172005183,-0.008626928049305982
2001-10-02,0.024330135418893173,0.003133047914308573
2001-10-03,0.05994525323447819,0.07564100467671775
2001-10-04,0.003734821857682924,0.009676230146815623
2001-10-05,0.022677450618423522,0.014698962979692531
2001-10-08,0.005545057114652474,0.0031457506399079627
2001-10-09,-0.05995803834891,-0.02416629070550025
2001-10-10,0.01740765053410498,0.045353433150297606
2001-10-11,0.014593488066538818,0.06769234115518885
2001-10-12,0.0010637375343256483,-0.004325623718270943
2001-10-15,0.029799201889592952,-0.004341005967604339
2001-10-16,0.006718296984617345,0.016278679485027814
2001-10-17,-0.041399978832088236,-0.07179590873858388
2001-10-18,0.012848301711363641,0.02711799176548335
2001-10-19,0.02026437783999646,0.006603156648226305
2001-10-22,0.0390320984321928,0.02682581655622407
2001-10-23,0.004486683372210587,0.005222262501624497
2001-10-24,0.014730762184937518,0.021658291628250392
2001-10-25,0.020219612174245283,0.04013719842155217
2001-10-26,-0.005756219423337039,-0.02146964283427455
2001-10-29,-0.04115497764795795,-0.05470452359296174
2001-10-30,-0.01274212215840842,-0.019389316147610747
2001-10-31,-0.012397836737853773,0.015576027107157886
2001-11-01,0.06345606844498186,0.042480355051384366
2001-11-02,-0.00711844952587537,0.007354411980423858
2001-11-05,0.030459706114743357,0.03258516954481383
2001-11-06,0.02386257789945523,0.03890284864490656
2001-11-07,-0.00817760532373668,-0.0013111375738091846
2001-11-08,0.00264530154917364,-0.010224854118206839
2001-11-09,0.012261628582836748,-0.0005305685510174074
2001-11-12,0.008892594830211875,0.007157109801680717
2001-11-13,0.032074631297634326,0.035788585974148246
2001-11-14,-0.02871857332610861,0.007115147451477899
2001-11-15,0.0025771159998422277,-0.0040362249705009345
2001-11-16,-0.00559894422722762,-0.0027872692818454725
2001-11-19,0.012018599860352364,0.02844736519222768
2001-11-20,-0.01713119727544954,-0.04618424230432372
2001-11-21,-0.020645912885897344,0.0005186168184383444
2001-11-23,0.010304194879928508,0.016562742975622324
2001-11-26,0.0066467749807539445,0.024694283391871963
2001-11-27,-0.02149312220089572,-0.0012411088019199656
2001-11-28,-0.014747348848613617,-0.03606911953482661
2001-11-29,0.03248702540997628,0.030966953380825224
2001-11-30,-0.009716635784335903,-0.00750846397942706
2001-12-03,0.008721755709707457,-0.017151109235806872
2001-12-04,0.01898676908228092,0.04772860572126514
2001-12-05,0.031819639377420605,0.04947295218913128
2001-12-06,0.00807535081638,0.0014022623165375059
2001-12-07,-0.011942478799491507,-0.027500768791459906
2001-12-10,-0.011352399604466101,-0.01749333694719246
2001-12-11,0.0038745199333853897,0.005609259876550254
2001-12-12,0.009358721990336605,0.008004046315452706
2001-12-13,-0.024720404036531862,-0.04331124964209676
2001-12-14,0.017652983516348586,0.008803719430706458
2001-12-17,0.02283612065968854,0.017204105251408475
2001-12-18,0.004200927036033475,0.011273494870040146
2001-12-19,0.0031774681783143244,-0.018178028172231575
2001-12-20,-0.03928330459554685,-0.0424590721766418
2001-12-21,0.011680647678501632,0.017789562565682093
2001-12-24,-0.0039964326174465326,-0.004052582103582614
2001-12-26,0.006093724286806879,0.00940860617791861
2001-12-27,0.0025112452793880635,0.008062289797166278
2001-12-28,0.0002975233579829428,0.007997809142120005
2001-12-31,-0.023871546517373443,-0.03520795538533894
2002-01-02,0.0119229578371578,0.03083961884229547
2002-01-03,0.03267135828731549,0.03465494856686302
2002-01-04,-0.004768937006762952,0.00409663865546217
2002-01-07,-0.004933557643233888,-0.011038133017419516
2002-01-08,0.011958132289806578,0.006792860634857956
2002-01-09,-0.00965337938672628,-0.009157899220513688
2002-01-10,0.00829269910770547,0.006565786834035636
2002-01-11,-0.009672007105964386,-0.012806751304734187
2002-01-14,-0.0020406129431808084,-0.02178684425319355
2002-01-15,0.01577338069627343,0.009508534093623178
2002-01-16,-0.02415171716415121,-0.03867182252025447
2002-01-17,0.029321320802690343,0.02243637457352654
2002-01-18,-0.05382618462814759,-0.026733979520886075
2002-01-22,-0.024806415384312386,-0.030838887345401078
2002-01-23,-0.011173071483412067,0.027542212701612945
2002-01-24,0.013495841932122277,0.01326862528090067
2002-01-25,-0.012388738243803044,-0.002822901507060216
2002-01-28,0.00031641047624875185,0.0056648198605488975
2002-01-29,-0.023503902862098802,-0.027401227956372898
2002-01-30,0.008505613809606016,0.007637352922016616
2002-01-31,0.01368174023861446,0.006271069037173893
2002-02-01,-0.01648166319146316,-0.009609559997797112
2002-02-04,-0.02457819555513996,-0.031987421267078875
2002-02-05,0.0004954266262511275,-0.016520618063223247
2002-02-06,-0.012267717373941722,-0.006885385266833022
2002-02-07,-0.009934988625704855,-0.02412543658741384
2002-02-08,0.014216254770966552,0.027845575409380485
2002-02-11,0.007913074288413702,0.01271986970684047
2002-02-12,-0.016191916824679797,-0.008188996638844648
2002-02-13,0.027930571496632473,0.017064525439504097
2002-02-14,-0.0022647432149872637,-0.0018940058223142486
2002-02-15,-0.02350649556316875,-0.029828097895708727
2002-02-19,-0.02158565065086715,-0.030741874938259306
2002-02-20,0.016459381958218833,0.013551709845967652
2002-02-21,-0.030880034788280608,-0.04750907512494007
2002-02-22,-0.0010376411332162494,0.005074445136521
2002-02-25,0.018798005659614425,0.04041861132799496
2002-02-26,-0.008972069748473421,-0.0037152327909676375
2002-02-27,-0.00273044754871421,-0.013761142505852031
2002-02-28,-0.0008587376556461468,-0.018021967483740187
2002-03-01,0.05193688992571688,0.05802277522975774
2002-03-04,0.031450778576544325,0.03944935075209899
2002-03-05,-0.0034771337307689665,0.007268852396628223
2002-03-06,0.00871800430480496,0.004810931645728989
2002-03-07,-0.014302088770173804,0.0021276062393071893
2002-03-08,0.019612627251065273,0.026274400672885
2002-03-11,0.006099516824585427,-0.0036225702272867366
2002-03-12,-0.027974717494825607,-0.013754047781402878
2002-03-13,-0.007038770505885417,-0.024211476035010504
2002-03-14,-0.014166845805785422,-0.00593218184822264
2002-03-15,0.020741922616673403,0.010036534263257568
2002-03-18,-0.005601146281099312,0.0056424586309362645
2002-03-19,0.0014514016243123429,-0.0016017370507898088
2002-03-20,-0.03422854960314348,-0.03531365930072394
2002-03-21,0.020965950646043785,0.026621622063143002
2002-03-22,-0.01483112679419507,-0.009184793851343853
2002-03-25,-0.02018205321555533,-0.030533615564242278
2002-03-26,-0.002534178425950828,0.00928027353780192
2002-03-27,0.006095275885633855,-0.007803062135616323
2002-03-28,0.014636444308110175,0.012638669697300653
2002-04-01,0.001160719105976371,0.019133065635955404
2002-04-02,-0.05134136806061085,-0.045168198561824524
2002-04-03,-0.01658670789659178,-0.001712363262757144
2002-04-04,0.00212709385801646,-0.007705398824178311
2002-04-05,-0.010272589892371231,-0.011219083966878318
2002-04-08,0.024161824783061947,0.012508441226780187
2002-04-09,-0.04106658169216837,-0.034769714123207285
2002-04-10,0.026061879161177748,0.007442950242369406
2002-04-11,-0.026822582324161126,-0.024823830877642616
2002-04-12,0.020805105897454323,0.01575899519447055
2002-04-15,-0.0042904463344919375,0.00805601248471044
2002-04-16,0.03806711880261915,0.041725941422594115
2002-04-17,-0.0204110368288547,-0.005111006235628435
2002-04-18,-0.004588131802423012,-0.019132687390660763
2002-04-19,0.014723125530673675,0.003200104269206694
2002-04-22,-0.028148089117590036,-0.02524565278338109
2002-04-23,-0.02878178208079274,-0.017267504261632705
2002-04-24,-0.017965371881388914,-0.015447267639616125
2002-04-25,0.013393515106853382,-0.0024614737666349695
2002-04-26,-0.041503808606177306,-0.04256610410942974
2002-04-29,0.014364109956250148,0.0025772511092807537
2002-04-30,0.00038642766323460087,0.01959960323770149
2002-05-01,0.009376596513525959,-0.005358037985258912
2002-05-02,-0.029195548450413944,-0.033269621311671216
2002-05-03,-0.03222258251155574,-0.02523941921532291
2002-05-06,-0.018966842516736304,-0.025888980445599508
2002-05-07,0.01748523364986676,-0.009321279113746361
2002-05-08,0.11117765916136291,0.1069717607359697
2002-05-09,-0.051845358321141455,-0.025810758191021743
2002-05-10,-0.03971863364901673,-0.04491139915110676
2002-05-13,0.05274593736582567,0.04059434748123736
2002-05-14,0.04156933990829659,0.058843581709960846
2002-05-15,-0.0023731407925102754,0.007368554323644805
2002-05-16,0.01808472046291154,0.0015225400564489178
2002-05-17,0.005204621657301178,0.002129749808179149
2002-05-20,-0.03605195107069181,-0.02186404293381039
2002-05-21,-0.03369885640911263,-0.027320045795551362
2002-05-22,0.028741476439725133,0.002233754512635411
2002-05-23,0.021043311622942706,0.020062735916312135
2002-05-24,-0.028455525990687014,-0.024663338985731698
2002-05-28,-0.017649180508262252,-0.004480381360406738
2002-05-29,-0.005159001804717067,-0.026366832343314273
2002-05-30,0.011334847148460225,0.008587281329764052
2002-05-31,-0.032862630123768444,-0.016372509306946004
2002-06-03,-0.029272192376566863,-0.03528636590043566
2002-06-04,0.01133196734812203,0.013111141827998107
2002-06-05,0.03361497820889503,0.01021673441707227
2002-06-06,0.00464506532713993,-0.02629645077360021
2002-06-07,0.0015432873274781045,-0.02008363080061193
2002-06-10,0.0161607556719241,-0.0017651809726813017
2002-06-11,-0.004734136328331973,-0.02796336611365502
2002-06-12,0.05649766502743736,0.014566251775194772
2002-06-13,-0.023771837261109208,-0.006461762268044735
2002-06-14,0.019000150127608473,-0.0021665105984506328
2002-06-17,0.007784829894689649,0.0340313354462507
2002-06-18,0.005566925910765574,0.01610501260266739
2002-06-19,-0.029116897919307827,-0.05788975815324404
2002-06-20,-0.004779731065256976,-0.03218647383798601
2002-06-21,-0.03364287992681625,-0.024186833492886972
2002-06-24,0.03596006651429007,0.019748759998722276
2002-06-25,-0.022339651679381567,-0.03304084016090847
2002-06-26,0.022284396617986202,-0.000393341878878517
2002-06-27,0.014592568977858544,0.029864081625095018
2002-06-28,-0.0040017785682524565,-0.00419845097836502
2002-07-01,-0.03729761904761908,-0.047889892519715316
2002-07-02,-0.0231676703723398,-0.036217523231557025
2002-07-03,0.007779121066923134,0.03340203954132459
2002-07-05,0.05805949150839118,0.06424018546110588
2002-07-08,-0.03518342633266058,-0.0364456133759159
2002-07-09,0.005475811066060654,-0.02836810294404357
2002-07-10,-0.018228768288429564,-0.030820756114224745
2002-07-11,0.012826905337687933,0.03765725440706702
2002-07-12,-0.019845909588805055,0.0
2002-07-15,-0.0011552201510576232,0.031050618779543404
2002-07-16,-0.01061643189832362,-0.014864235984720975
2002-07-17,0.014631140250565444,0.01826430626037734
2002-07-18,-0.017112587425723413,-0.035868816315281715
2002-07-19,-0.030329863544281244,-0.02992363066397985
2002-07-22,-0.04136308988062776,-0.024594833513407188
2002-07-23,-0.09471823022677273,-0.042731557005619036
2002-07-24,0.07486979166666674,0.05446416831032219
2002-07-25,-0.07354950488076295,-0.058000798084596794
2002-07-26,0.05884007510851963,0.018871920869252046
2002-07-29,0.06394893849213479,0.051170380841510044
2002-07-30,-0.003110871178891972,0.020142191810621934
2002-07-31,-0.0024910477969796174,-0.018920595533498785
2002-08-01,-0.046477697626916226,-0.04695897881757827
2002-08-02,-0.029292871783192842,-0.021116904927277802
2002-08-05,-0.009457755359394637,-0.036404168343464716
2002-08-06,0.03819223424570328,0.04943481868587796
2002-08-07,0.031090927238247357,0.013336963864001739
2002-08-08,0.03865115089160387,0.03376911947085581
2002-08-09,-0.016149969710485435,-0.010182199895028887
2002-08-12,0.007273785277858602,0.0029997272975184064
2002-08-13,-0.029093278518936505,-0.03418725958149549
2002-08-14,0.056311620022831965,0.06372053257707644
2002-08-15,0.001205182283820383,0.020382758705187687
2002-08-16,0.004625207709115786,0.006925899598470897
2002-08-19,0.03999609285970118,0.02429333257014199
2002-08-20,-0.01845880268241218,-0.004349466096051469
2002-08-21,0.024292066165259918,0.022235214330815323
2002-08-22,0.01817309908013498,0.01591789859946302
2002-08-23,-0.018974217818148564,-0.03860600437762918
2002-08-26,-0.0023007425974074236,0.003977214169938126
2002-08-27,-0.024179134325746587,-0.0348552364510184
2002-08-28,-0.028723302058983546,-0.036520099591481614
2002-08-29,0.024304365027034036,0.013206818170414136
2002-08-30,-0.029656379951849332,-0.012613719090940556
2002-09-03,-0.0419732119756665,-0.03618289061873037
2002-09-04,0.025309531063900437,0.0039758120752282355
2002-09-05,-0.04770813212937375,-0.024636389081824195
2002-09-06,0.04160195173152337,0.030668586885472582
2002-09-09,0.01840415608467416,0.0100647609619271
2002-09-10,0.02238386863851516,0.02469677788214142
2002-09-11,-0.024306827099136896,-0.008453973915729218
2002-09-12,-0.029436405434207114,-0.027291408130146744
2002-09-13,0.016124465682855638,0.007887192996048897
2002-09-16,-0.002718388539273975,-0.01434926101305789
2002-09-17,-0.010255816172161314,-0.02118732192250894
2002-09-18,0.009728657885858638,-0.011271825217654685
2002-09-19,-0.011516903732595174,-0.01595616085099505
2002-09-20,0.0055116752319526174,0.004171102557803064
2002-09-23,-0.0469869103482341,-0.029995269913934197
2002-09-24,0.009063096137926108,0.0004764253525546547
2002-09-25,0.019062022914377863,0.039939046594620775
2002-09-26,-0.0066645198325469,-0.012342021053085128
2002-09-27,-0.020564646849056234,-0.013428968827556176
2002-09-30,-0.03337266866221511,-0.027687935733912594
2002-10-01,0.05693102472866962,0.06081369232081424
2002-10-02,-0.01340977279450084,-0.0332118353344768
2002-10-03,-0.017761025684956078,-0.0240014637067264
2002-10-04,-0.022995188743695216,-0.018803078933166684
2002-10-07,0.0063973815368594256,-0.009338543928209653
2002-10-08,0.021339345110503283,0.0
2002-10-09,-0.02222511706000274,-0.004961662536818068
2002-10-10,0.05433511465071872,0.05085074267456813
2002-10-11,0.05368312424972088,0.05407973351367379
2002-10-14,0.008594614041867121,0.011702200989411216
2002-10-15,0.060865084817417925,0.04803882518186198
2002-10-16,-0.035953125194585156,-0.03310496574486166
2002-10-17,0.00714359530822084,0.03380398241530913
2002-10-18,0.046873597126915856,0.011036290685690675
2002-10-21,-0.012037564552588309,0.02015913544326331
2002-10-22,-0.01599761895903873,-0.006174635972953757
2002-10-23,0.02961044525943013,0.019058728214238707
2002-10-24,-0.037033410244012965,-0.025206180135824985
2002-10-25,0.028307762707986406,0.02668828457022121
2002-10-28,-0.013856955672575388,-0.005278345384677863
2002-10-29,0.002306429171315072,-0.023274833545010143
2002-10-30,0.019972236465276794,0.02675519391605019
2002-10-31,0.0067804507221855825,-0.0004077559988103774
2002-11-01,-0.008786886044500841,0.028516170521132755
2002-11-04,0.05849034580627732,0.025742481860812294
2002-11-05,0.010336622170632692,0.007719531278430836
2002-11-06,0.0061752862173354295,0.014178730549950558
2002-11-07,-0.017886912238233243,-0.035135977211020464
2002-11-08,-0.016247827325415964,-0.01840148355906568
2002-11-11,-0.022502186399413593,-0.030316701678203994
2002-11-12,0.012066255591826724,0.025506940136476475
2002-11-13,0.015595880919386573,0.01203219296877589
2002-11-14,0.029442382680397783,0.03448130939316818
2002-11-15,-0.005261864905474867,0.013027639722113182
2002-11-18,-0.01481804815291321,-0.014749459706347778
2002-11-19,-0.017728470489471237,-0.015354695732796575
2002-11-20,0.032084799781590734,0.04249230627899503
2002-11-21,0.021547237732680635,0.037023982093839836
2002-11-22,0.006569318412105174,-0.00036114274060605744
2002-11-25,0.0001677749131765438,0.009741625899464035
2002-11-26,-0.02283592688477476,-0.03358153983440748
2002-11-27,0.020737366743535324,0.031791038925402804
2002-11-29,-0.006889747226442311,-0.006809010013001715
2002-12-02,0.00017499096820805526,0.010102899111267938
2002-12-03,-0.016988085764435557,-0.02964368667317463
2002-12-04,-0.002997020204049905,-0.02208480948436975
2002-12-05,-0.02122648300326524,-0.01392350056314795
2002-12-06,0.002353425705292178,0.01030677495075949
2002-12-09,-0.03497784169283602,-0.04722481862286909
2002-12-10,0.008971692030704581,0.015065869382416164
2002-12-11,0.012032722252699246,0.004689693260004235
2002-12-12,-0.00896489691857738,0.005441952506596293
2002-12-13,-0.030828504796480027,-0.03170958394838996
2002-12-16,0.03771326507197181,0.03234806993770345
2002-12-17,-0.0022053022877769335,0.003094705273760656
2002-12-18,-0.015267587074361266,-0.021209890679098287
2002-12-19,-0.007846428962446694,-0.012608045752908303
2002-12-20,-0.001318080384511644,0.010376019031320904
2002-12-23,0.018103019625416827,0.013824455932510915
2002-12-24,-0.0033343382574617664,-0.012470167064439153
2002-12-26,-0.00799167558999847,-0.0027606977036014335
2002-12-27,-0.007867004927550436,-0.018194613387768066
2002-12-30,-0.004149097033549265,-0.007656706144827163
2002-12-31,-0.019906055761645836,-0.010557181945161975
2003-01-02,0.039071454662249705,0.04226836520099608
2003-01-03,0.0013031092793502896,0.0110210215781954
2003-01-06,0.018219787536696952,0.024926134591033433
2003-01-07,0.018803317183366364,0.012533740381473368
2003-01-08,-0.02795574694534886,-0.02813918840656604
2003-01-09,0.028945836109660394,0.030887222970268136
2003-01-10,0.001971891790979674,0.014980893293678577
2003-01-13,0.00840189348285536,-0.005903911450023225
2003-01-14,0.010289277671921004,0.005195509470434123
2003-01-15,-0.01228768031456462,-0.012556178675379615
2003-01-16,-0.016352084804017952,-0.011217786315710576
2003-01-17,-0.07027812419115753,-0.04273778490742608
2003-01-21,-0.0025308606824465674,-0.011064871708933666
2003-01-22,-0.006425667146635838,-0.003991583783249486
2003-01-23,0.025096401848872407,0.023260979494232004
2003-01-24,-0.04647903990234603,-0.02704587545780779
2003-01-27,-0.013644320200647875,-0.011682054446633394
2003-01-28,-0.007111876303678488,0.01018712416668266
2003-01-29,0.022322113364590113,0.014934030666825082
2003-01-30,-0.03345989248995351,-0.024256790308526788
2003-01-31,-0.016165065908922194,-0.004071285911814493
2003-02-03,0.023174446365357593,0.002043964519861108
2003-02-04,-0.025532713789542805,-0.012248393180156247
2003-02-05,-0.007610056834601697,-0.004549040999814902
2003-02-06,0.009796988102171555,0.005396704242993433
2003-02-07,-0.017714791851195733,-0.016521726435248962
2003-02-10,0.017174491999916164,0.008822714407299648
2003-02-11,-0.019839470031198903,0.005410177805027727
2003-02-12,0.0,-0.013664881109192284
2003-02-13,0.011841745483099908,0.005040138096816138
2003-02-14,0.027875554323725016,0.022972893167188202
2003-02-18,0.03354388140997533,0.03103471500596533
2003-02-19,-0.014068706422556865,-0.0067330798124256575
2003-02-20,-0.015896852383535554,-0.0039883122251868075
2003-02-21,0.020294570412546564,0.007607665206133429
2003-02-24,-0.02273715558249545,-0.01708513546406043
2003-02-25,0.004988977057447386,0.0012143666720638713
2003-02-26,-0.02397579611852385,-0.022207847184897322
2003-02-27,-0.0012715388369201053,0.02271223707508807
2003-02-28,0.005085748892008635,0.01574383683487035
2003-03-03,-0.006751251309509931,-0.020271504230839454
2003-03-04,-0.019964015138459024,-0.006084446186347625
2003-03-05,0.016037702669433385,0.0020389614761311403
2003-03-06,-0.00724843365987049,-0.0024427349032744017
2003-03-07,0.012461819551179198,0.002039795250740939
2003-03-10,-0.025891104452939295,-0.02159509909356272
2003-03-11,-0.006540522959003203,-0.008749202610530471
2003-03-12,0.02587881936783365,0.018068680788289493
2003-03-13,0.05472571234311796,0.05736736410625465
2003-03-14,0.0077026804801840765,0.003904256052976507
2003-03-17,0.043036371706833165,0.03421375696276763
2003-03-18,0.004243095582299183,0.01240626647118992
2003-03-19,0.010756105616731126,-0.008539903926080838
2003-03-20,-0.0026634934923207565,0.003746326481983253
2003-03-21,0.012190824735257566,0.013803957427540148
2003-03-24,-0.04817599384363569,-0.04158951654517773
2003-03-25,0.007911707144919733,0.014206859107773084
2003-03-26,-0.009415704299774674,0.005683440399714357
2003-03-27,-0.008316248819079886,-0.007155087520072212
2003-03-28,-0.01477593078642947,-0.010999861496463814
2003-03-31,-0.01864824864331527,-0.03182161104811643
2003-04-01,0.005784570011394763,0.007918251172339685
2003-04-02,0.05626012142376369,0.035757272744106894
2003-04-03,0.00039117953247735926,0.004554474916866225
2003-04-04,-0.024874335412501614,-0.0162399056750685
2003-04-07,0.003188606391441917,0.0015332082042469608
2003-04-08,0.01629208412311578,-0.0011470168530193225
2003-04-09,-0.03948411817322506,-0.02302545323025451
2003-04-10,0.0008123691458234994,0.012175088039167559
2003-04-11,-0.01585803658633156,-0.010090157638711128
2003-04-14,0.02313433336239079,0.02038601336590906
2003-04-15,-0.006462226125482529,0.009604634847353521
2003-04-16,0.013008516224364053,-0.0022819279377020996
2003-04-17,0.02328004428092334,0.022880457249671915
2003-04-21,-0.011372024945908166,0.003729573010015752
2003-04-22,0.02181483460248601,0.01894620747607112
2003-04-23,-0.0015559839235992357,0.007288955321324009
2003-04-24,-0.008940345121297266,-0.00542822420740674
2003-04-25,-0.010593463120233348,-0.019284691436362245
2003-04-28,0.020622337755929365,0.01966390375266669
2003-04-29,0.0023263291282884513,0.009097846871489734
2003-04-30,-0.008912622336276987,-0.010095001784469981
2003-05-01,0.00586402320223911,0.008742939550534956
2003-05-02,0.01477649137196746,0.02130411658334208
2003-05-05,-0.009195645280625775,-0.001058192241034539
2003-05-06,0.019722888088454793,0.012740952047310516
2003-05-07,-0.014412219001729287,-0.01118464129669361
2003-05-08,-0.009615444651877136,-0.018378540461525095
2003-05-09,0.024082865230520945,0.023045854122119458
2003-05-12,-0.0060699708813770625,0.015136686351270523
2003-05-13,-0.008014716357082285,-0.006242187053181136
2003-05-14,-0.014235853120960873,-0.0020924286148863436
2003-05-15,0.006637994920160262,0.011188511590161099
2003-05-16,-0.008532219194976376,-0.007610046238771373
2003-05-19,-0.0316809565211873,-0.03518926751971485
2003-05-20,-0.005249739479220583,0.0028890543559194626
2003-05-21,-0.024357943839028007,-0.0028807317652648212
2003-05-22,0.005409201720679935,0.014445271779597757
2003-05-23,0.0024851896132507267,0.0003565137152923281
2003-05-27,0.023530672955806242,0.03558415966122297
2003-05-28,-0.015324291063339657,0.0030932175940920903
2003-05-29,-0.0004121710110820409,0.004112917547909989
2003-05-30,0.008605955001629528,0.016376243593608564
2003-06-02,0.0012198740562461285,-0.0070516395160747924
2003-06-03,0.009740516332982008,0.009467630025570939
2003-06-04,-0.0004043856273521218,0.018753723716969928
2003-06-05,-0.031359089633752446,0.0
2003-06-06,-0.017433361850038076,-0.009531518691226926
2003-06-09,0.003373028115423393,-0.013275460926349458
2003-06-10,0.039158211198797366,0.015134342553697389
2003-06-11,0.008107255105663791,0.0112664399845408
2003-06-12,0.004422152505560328,0.004257947460865941
2003-06-13,-0.013604161120021718,-0.02251026338853268
2003-06-16,0.0300193545838765,0.03070485898101394
2003-06-17,0.022446344799376128,-0.00388401373521563
2003-06-18,0.004238188705664614,0.005201430968048371
2003-06-19,0.0,-0.016171315348269988
2003-06-20,0.009971864651544982,-0.0013129560488931435
2003-06-23,-0.020887004326549774,-0.015473692783209203
2003-06-24,-0.0031032637774210947,-0.007689065534315254
2003-06-25,-0.017117924885712066,-0.005390707182978405
2003-06-26,0.01939471029994677,0.02371516261768769
2003-06-27,-0.004657171666246573,-0.012908432391549263
2003-06-30,0.00038622017082334814,0.004024677314880654
2003-07-01,0.019892153263882717,0.013355257723036695
2003-07-02,0.02791895497843555,0.020426860039906458
2003-07-03,-0.014138755403153569,-0.012592062815752647
2003-07-07,0.03471482284356564,0.042838869753500264
2003-07-08,0.01021477058193443,0.0122287778980541
2003-07-09,-0.00830711728970046,-0.002478255950186581
2003-07-10,-0.02038646258543597,-0.018631267745806812
2003-07-11,0.014864799671949314,0.007594738490447783
2003-07-14,0.003297819873672614,0.011933439161662118
2003-07-15,-0.004743911683881219,0.0012432626136305025
2003-07-16,0.009170053615952689,-0.003100644963369259
2003-07-17,-0.03016133216972905,-0.030472771234407392
2003-07-18,0.007490591160859372,0.0032080469455539884
2003-07-21,-0.03161039196161841,-0.012791153162382884
2003-07-22,0.013055643839543274,0.014898893552079295
2003-07-23,0.0026574476199849872,0.008296836525629292
2003-07-24,-0.0170128961802275,-0.013291724456773069
2003-07-25,0.03422772295766485,0.019883089549475264
2003-07-28,-0.010410066081289027,0.0028305836411530727
2003-07-29,-0.005262836931333226,-0.0075256859753281
2003-07-30,-0.009067111337261013,-0.007266338093182001
2003-07-31,0.006861010405968981,0.012092963957342828
2003-08-01,-0.00908772511935707,-0.010692492654931773
2003-08-04,0.0003844532083239205,-0.0003183246387016281
2003-08-05,-0.019859914461042516,-0.03942488517932996
2003-08-06,-0.00039209238202442265,-0.000662990320341339
2003-08-07,0.002340823970037542,0.003972775947924445
2003-08-08,-0.005055732986606554,-0.007917997994262627
2003-08-11,0.0011672682750440977,0.010974630228230087
2003-08-12,0.004688975205459522,0.015134133769465041
2003-08-13,-0.005051811020642449,0.00032451294424862276
2003-08-14,0.0011726970764978084,0.0009694064484611076
2003-08-15,-0.0035139704066708966,0.008739085675067537
2003-08-18,0.0062648520198747,0.025665061497871955
2003-08-19,0.035795468896016924,0.012511424275479799
2003-08-20,-0.006382550703787571,-0.0024713645644901527
2003-08-21,-0.00793894253776195,0.010840375381292233
2003-08-22,-0.0007668521954238283,-0.006129100956905109
2003-08-25,0.010682279546467388,0.002157324917102743
2003-08-26,0.0026392818214104885,0.00092413068295083
2003-08-27,-0.005643333964442165,0.00799087584633762
2003-08-28,0.0034089024562524717,0.008839894108054303
2003-08-29,0.0003733992801351338,0.009068639668444511
2003-09-02,0.027902707664066106,0.014375187452585703
2003-09-03,0.03815221597166407,-0.0005913475419074832
2003-09-04,0.004593047925960825,0.009157388038662173
2003-09-05,-0.001758041039984004,-0.006439263295854203
2003-09-08,0.016210467330333378,0.01649929011049278
2003-09-09,-0.016300739356973293,-0.011884190611489376
2003-09-10,-0.028903188903188992,-0.02405424647308063
2003-09-11,0.010525881770845569,0.011123072673574486
2003-09-12,0.01796466521721385,0.00534800561768245
2003-09-15,0.0007043019680375018,-0.009757745929337314
2003-09-16,0.019042823464786807,0.027172976186707
2003-09-17,-0.013841160748377268,-0.0040688136394304575
2003-09-18,0.03508572144374145,0.01517939124244716
2003-09-19,0.015595002997981222,-0.005751974065304144
2003-09-22,-0.029709030245255064,-0.019086557298853557
2003-09-23,0.018231652515644292,0.0176899858632944
2003-09-24,-0.03851319865135283,-0.03765921719067844
2003-09-25,-0.007731782415326682,-0.012945006773962486
2003-09-26,-0.0017698708224153092,-0.006402885969703065
2003-09-29,0.022703723318519664,0.01718800853433633
2003-09-30,-0.03572554317235166,-0.021725450880430097
2003-10-01,0.02589996089030011,0.022516825839838495
2003-10-02,-0.0006998577524892635,0.0033159421113986287
2003-10-03,0.02034994619278363,0.027963060704708775
2003-10-06,0.0037834610297933224,0.007312324471476117
2003-10-07,-0.0017178214244019108,0.006096121676125499
2003-10-08,-0.01097622097232287,-0.006348202476037068
2003-10-09,0.00416105946542511,0.007552218785074949
2003-10-10,-0.0010373560318047703,0.00922432150632213
2003-10-13,-0.004496135344338903,0.006568962326058747
2003-10-14,-0.00347331859804223,0.002554269876666293
2003-10-15,0.019282998370450777,-0.004245158751596589
2003-10-16,0.005506705746514129,0.007957186585308751
2003-10-17,-0.010263006801519259,-0.023968847807451787
2003-10-20,0.014513852864561416,0.012421704793028177
2003-10-21,0.0,0.005995111109616813
2003-10-22,-0.015669758465793215,-0.019291959678066295
2003-10-23,0.0006926252171435276,-0.011570445095767101
2003-10-24,-0.0795576964940582,0.000879234548745611
2003-10-27,0.011273499090357797,0.00029282072481739974
2003-10-28,0.01077603007933603,0.03361286656449636
2003-10-29,-0.016914259949215693,-0.0011295293627654468
2003-10-30,-0.023185781961920227,0.001981413408231214
2003-10-31,0.0007660799565063492,-0.005932485518343467
2003-11-03,0.020662151901078563,0.016487049477893256
2003-11-04,-0.022868859399760466,-0.006714527166159834
2003-11-05,0.0011513249521828417,0.009012116769436584
2003-11-06,0.004983337352153727,0.002761341222879743
2003-11-07,-0.004958626841797709,-0.008598872279045322
2003-11-10,-0.003827153624048729,-0.012347189476782039
2003-11-11,-0.007696127110228379,-0.0036962264340455464
2003-11-12,0.006980235176382132,0.021392638593449087
2003-11-13,-0.01116176799423585,-0.0011186234351610036
2003-11-14,-0.007399543966984723,-0.020408096045849033
2003-11-17,-0.013726023756336136,-0.010272049601726896
2003-11-18,0.0,-0.023067462986743892
2003-11-19,0.00795626620126777,0.009740440388922078
2003-11-20,-0.009866829628497942,-0.00958793242987277
2003-11-21,0.0003986061642513583,0.010327525114663283
2003-11-24,0.02469088198246827,0.027695654119242352
2003-11-25,-0.012825658843746424,0.0
2003-11-26,0.0019694919346129325,0.0045479206156773255
2003-11-28,0.010214886723183492,0.0011301657576443525
2003-12-01,0.005058937246582351,0.014698879435222079
2003-12-02,-0.006963179456434765,-0.005572529856354702
2003-12-03,0.00038990522787440973,-0.012603502843131165
2003-12-04,0.02064435014930055,0.010779031524907223
2003-12-05,-0.008394976564280565,-0.016559915613209575
2003-12-08,0.010006459787820887,0.005564727361982991
2003-12-09,0.005331873781571517,-0.02284460851189052
2003-12-10,0.007964569289305778,0.003774398423170622
2003-12-11,0.000752536777200552,0.02141237833875942
2003-12-12,0.00150394178289881,-0.0016988411833814832
2003-12-15,0.003372732337055151,-0.01305218533835717
2003-12-16,0.011967049877794844,0.002012174673021727
2003-12-17,-0.000739468536806398,0.0017207747205010282
2003-12-18,0.013314315724141323,0.018619265219063985
2003-12-19,-0.0014605848228748108,-0.002812906902389889
2003-12-22,-0.006576347561443097,0.0031032580887384587
2003-12-23,-0.0011043032202906478,0.007591716681903282
2003-12-24,-0.004053588198233649,0.0020512820512819108
2003-12-26,0.006290133918980256,-0.0013909665905570412
2003-12-29,0.009186445100760388,0.016455321944809365
2003-12-30,0.002186087784352919,0.0032933754351036626
2003-12-31,-0.005453298072581658,-0.002734933704433895
2004-01-02,0.0029243731169927845,-0.00274243407983088
2004-01-05,0.02513741512595158,0.02007579438344176
2004-01-06,0.0035554332180685044,0.006741223390743345
2004-01-07,-0.001062851069422388,0.009105790551046988
2004-01-08,-0.0017733032062465792,0.00793591258306292
2004-01-09,-0.017758803472679996,-0.006555506284169232
2004-01-12,-0.0032495945299463314,0.015900712629111302
2004-01-13,-0.005080509689843082,-0.009939869168584359
2004-01-14,0.009842276489725466,0.003454140313200238
2004-01-15,-0.005773241520733774,0.002625759661032623
2004-01-16,0.009802944985146222,0.010213335636552134
2004-01-20,0.010427304799925707,-0.0007786378417991013
2004-01-21,0.007115250986315047,-0.00414985943038737
2004-01-22,-0.010246789681362833,-0.005992966779386544
2004-01-23,0.016782370733112506,-0.0036705574369690908
2004-01-26,0.01123589139204939,0.015259961578979908
2004-01-27,-0.01909553933132002,-0.022025544382219597
2004-01-28,-0.019118831506371836,-0.016960630117835107
2004-01-29,0.007221225744834525,0.0037744474037579856
2004-01-30,-0.009314507736071675,-0.004563538497542763
2004-02-02,-0.009046076629023125,-0.002697301745144709
2004-02-03,-0.004010718807974434,-0.0010831129941702988
2004-02-04,-0.010265264850928935,-0.016248365596198577
2004-02-05,-0.0018461207566107252,0.0038544452548829877
2004-02-06,0.004447264303970133,0.018126097964245025
2004-02-09,-0.006644340094868029,-0.0002981505152611641
2004-02-10,0.004457188791640032,0.0016181075755989927
2004-02-11,0.004813664596273304,0.010757286350980166
2004-02-12,-0.007364216682714586,-0.008781249118584467
2004-02-13,-0.013358721490716041,-0.008321556055101764
2004-02-17,0.015044666699033815,0.013533978415775305
2004-02-18,-0.00815521210128256,0.002938030827304372
2004-02-19,-0.011579892821189763,-0.01518031326646474
2004-02-20,0.004159297432457132,-0.003242100167519135
2004-02-23,0.0015062070305855713,-0.011125453708910493
2004-02-24,0.0101455427531838,-0.002468545432221636
2004-02-25,-0.006699765268080582,0.006050594370485385
2004-02-26,-0.007488350447548253,0.0024597711511342712
2004-02-27,0.0011326407580167785,-0.0027267296587251133
2004-03-01,0.006404953650762657,0.013126664584091507
2004-03-02,-0.011610267320210088,-0.011605618759714997
2004-03-03,-0.0007582428333822167,-0.005460895741273286
2004-03-04,0.0,0.009332557237097472
2004-03-05,-0.0007526987002178798,-0.0035338292868904997
2004-03-08,-0.01973801052122326,-0.02348057860672681
2004-03-09,-0.004260742443741861,-0.003075200842881598
2004-03-10,-0.013602369121116231,-0.013177623800307847
2004-03-11,-0.011042133116222264,-0.009093160551011392
2004-03-12,0.011564188320041247,0.018353209785226143
2004-03-15,-0.008672541614211826,-0.017461933647968664
2004-03-16,0.000795310235129687,0.001721530609489319
2004-03-17,-0.0019866955485201565,0.015736728243215037
2004-03-18,-0.009548700297955515,-0.004508539352681251
2004-03-19,-0.01044469369363521,-0.016692827316383996
2004-03-22,-0.0052807442835616225,-0.012661831491899922
2004-03-23,-0.014286278849193756,-0.008162732902198266
2004-03-24,0.010771440980922753,0.011462349366317515
2004-03-25,0.031950127919506466,0.026815348082858348
2004-03-26,-0.006348494554772599,-0.0034822306269680636
2004-03-29,0.01118568232662187,0.016184584517639156
2004-03-30,-0.004348269618219436,0.0033531870084571036
2004-03-31,-0.010713233693215973,-0.0019481222266315434
2004-04-01,0.006013373120416388,0.008928248689680007
2004-04-02,0.030704294225893936,0.025994033195237076
2004-04-05,0.003870403895374297,0.009434531273312619
2004-04-06,-0.005783222436415603,-0.012550906489299796
2004-04-07,-0.00813735301476104,-0.0010796384644292667
2004-04-08,-0.004300695552374556,0.0
2004-04-12,0.005104593500826482,0.006226586536162371
2004-04-13,-0.006250669489549665,-0.014527515145370207
2004-04-14,0.0023587447926902705,0.004912819952222147
2004-04-15,-0.011367446214962995,-0.01792987384458844
2004-04-16,-0.002380251590033633,-0.0016582667366028536
2004-04-19,0.014706825557679215,0.012191699462860361
2004-04-20,-0.007831511880005304,-0.023270809287690097
2004-04-21,0.0047334488558177235,0.00868773023145275
2004-04-22,0.01964986589394524,0.02584198332395249
2004-04-23,0.06127106523226167,0.007853645309982893
2004-04-26,-0.010892812150260833,-0.007254381272808419
2004-04-27,-0.0007345797492952499,-0.001896988729655158
2004-04-28,-0.024247095091297077,-0.01816904107838746
2004-04-29,-0.0030135488182756465,-0.01546985411813695
2004-04-30,-0.01321803356612683,-0.02441039333547035
2004-05-03,0.008423652925737324,0.009490905395793225
2004-05-04,-0.0007593897935561644,0.0042713534117140295
2004-05-05,-0.001139950357000763,0.007945072751875282
2004-05-06,-0.0068475079611483025,-0.007600693443117423
2004-05-07,-0.013017181196443905,-0.00822338755469465
2004-05-10,0.005821377600841338,-0.008550894492940997
2004-05-11,0.0003858456866185911,0.01496998868843602
2004-05-12,0.0,0.0019879784200591555
2004-05-13,0.006164928957125504,-0.007091085206586745
2004-05-14,-0.009193824618675683,-0.00742430205841893
2004-05-17,-0.012374260539650184,-0.00949637361892497
2004-05-18,0.01135408702904539,0.009005741502371212
2004-05-19,-0.008127897242387494,-0.0011529722947540844
2004-05-20,0.004289358485812356,0.004613817687998845
2004-05-21,0.006221542089484888,0.004849463855441938
2004-05-24,-0.0050237474912427915,0.006880919070167968
2004-05-25,0.013199107948280941,0.019853702528474626
2004-05-26,0.001533334569893352,0.0063962742439427345
2004-05-27,0.0019137338181460795,0.006355621943004319
2004-05-28,0.0015280627491573995,0.0035668089509766077
2004-06-01,-0.004577194007813312,-0.0013662302678004723
2004-06-02,0.0007663735081984147,-0.002190895040316998
2004-06-03,-0.009183263856723634,-0.012081231406027682
2004-06-04,0.002318652688265699,0.005836257463077477
2004-06-07,0.018493874759032414,0.02376280155034216
2004-06-08,0.006435305035900951,0.0014018290531454536
2004-06-09,-0.0048896492313665885,-0.014093895819445756
2004-06-10,0.011333154506437682,0.007134807946166832
2004-06-14,0.0048586119801556915,-0.014117376265161186
2004-06-15,0.018956549907916953,0.012941405363338543
2004-06-16,-0.0032792289985106304,-0.0016294204833200432
2004-06-17,0.016467808623744862,-0.009257002872973596
2004-06-18,0.02088466366045294,0.0013722348981342058
2004-06-21,0.0,-0.007957105320142488
2004-06-22,-0.0021117701301216485,0.014660511423796319
2004-06-23,0.00034795306626511646,0.011995620442643462
2004-06-24,0.0031818078142462625,-0.001884619411579913
2004-06-25,0.006343432046836739,0.007555890383961206
2004-06-28,-0.010149904544581645,-0.00827533552494586
2004-06-29,0.007777505149815456,0.00942600916832892
2004-06-30,0.0021063121418702924,0.00990211341733227
2004-07-01,0.0024465488405733815,-0.01854903135610153
2004-07-02,-0.0020911186639387402,-0.005939511103197348
2004-07-06,-0.019254882911785565,-0.02145626223467545
2004-07-07,0.002856534033644831,0.0018337648074056023
2004-07-08,-0.016366800089586686,-0.010972661335317158
2004-07-09,0.007957590654063873,0.0014020572303266032
2004-07-12,0.0010773490263313867,-0.004196988314978389
2004-07-13,-0.01039738011479363,-0.0014059951633766943
2004-07-14,0.01920074838483332,-0.010124166810224877
2004-07-15,-0.009241677614029276,-0.0034103535522563844
2004-07-16,-0.013994719410797551,-0.011407865617559465
2004-07-19,0.017106012648936186,-0.0020178001222909137
2004-07-20,0.013232950740167837,0.02399025140748723
2004-07-21,0.019071659752928793,-0.029072511750666497
2004-07-22,0.004847827424053541,0.013663690394675632
2004-07-23,-0.03344833342607523,-0.0189273808679441
2004-07-26,0.022475661920909218,-0.004385919614424583
2004-07-27,-0.007674419914078134,0.013800090594430658
2004-07-28,0.004925102133454429,-0.004345275450899022
2004-07-29,-0.0035006888452242535,0.011633403901095463
2004-07-30,0.00035129867186434183,0.0031627352580643198
2004-08-02,0.0010535259133388486,0.002008452377737502
2004-08-03,-0.01578059931196818,-0.020883093082875503
2004-08-04,-0.000356430406962982,0.0002924539987063657
2004-08-05,-0.01888604537481675,-0.018690945863673813
2004-08-06,-0.014167560565295556,-0.026190434462573853
2004-08-09,0.0014745754649669873,0.002444002116455568
2004-08-10,0.019865583737057158,0.012502603212903196
2004-08-11,-0.011183038573041926,-0.008734538129822944
2004-08-12,-0.019333910289243472,-0.013669813717037349
2004-08-13,0.005204925167944463,0.0015415306492565506
2004-08-16,0.002591973244147283,0.011284744228157395
2004-08-17,-0.0014772984500281972,0.011341457737223504
2004-08-18,0.01515874625654745,0.017740290643324608
2004-08-19,-0.012381954197934975,-0.0052641101114058175
2004-08-20,0.002951326907056906,0.010041797100435623
2004-08-23,0.004425828804670351,0.002354766324071278
2004-08-24,0.0,-0.00029365430324468367
2004-08-25,0.01137612077825434,0.013791983301713051
2004-08-26,-0.00398883360198099,-0.004342757412343801
2004-08-27,0.0007270808291066633,0.004649283777491631
2004-08-30,-0.005824139123097871,-0.016779918622165546
2004-08-31,0.0,0.0011749537296983359
2004-09-01,0.003294533667304922,0.0073495556686435926
2004-09-02,0.008394327807605961,0.014880543260110457
2004-09-03,-0.01846058847858889,-0.0183804357395857
2004-09-07,0.009222880339952777,0.008475745637940513
2004-09-08,-0.003657790741437794,-0.0038071717126799687
2004-09-09,0.0007318829459468379,0.008484702812210365
2004-09-10,0.007702742553818975,0.015321704726916074
2004-09-13,-0.008732499882942335,0.013098547623918044
2004-09-14,0.006973146595498525,0.0014067863372910772
2004-09-15,-0.00911196458412733,-0.010580698901273222
2004-09-16,0.0025741015793738775,0.001900905686347265
2004-09-17,0.009172145951624966,0.0031143714571524317
2004-09-20,0.0,8.310230891450665e-05
2004-09-21,-0.0090887823137209,0.003865598170571749
2004-09-22,-0.005134985185272667,-0.017429193899782258
2004-09-23,0.008477894586962353,-0.0008862440102709312
2004-09-24,-0.002194311262758375,-0.003436820182465161
2004-09-27,-0.003661297549701681,-0.008592914483748215
2004-09-28,0.00294098502287099,0.0020277397529162577
2004-09-29,0.011369536486359078,0.014754829983885775
2004-09-30,0.002537700901321216,0.00170884503562041
2004-10-01,0.021699156240907902,0.027318338578481205
2004-10-04,-0.004601917085756302,0.00588864747065454
2004-10-05,0.00924638526986743,0.0013070538746202676
2004-10-06,0.005283836110370865,0.007974605642470767
2004-10-07,-0.012615681342664997,-0.011186020206174874
2004-10-08,-0.0063912909379604255,-0.018211893627462228
2004-10-11,0.002500531722262833,0.004779763461290276
2004-10-12,-0.0010665259922707504,-0.0016801130617261073
2004-10-13,0.0,-0.0022406209060819027
2004-10-14,-0.00820838977797167,-0.0044946124182271285
2004-10-15,0.006835202741026336,0.0050796835911934846
2004-10-18,0.015003190333576555,0.014312535533431259
2004-10-19,-0.008092970046383097,-0.007195416832322055
2004-10-20,0.018453386927328452,0.004684002179521807
2004-10-21,-0.00487733775844279,0.015312940038747946
2004-10-22,-0.028714522326005798,-0.021858749935643185
2004-10-25,-0.0039615101299816935,-0.004888559914466684
2004-10-26,0.00977137998905242,0.005474579240898114
2004-10-27,0.008961730986597694,0.025405645333640203
2004-10-28,-0.004978337658180787,0.0062621844859429565
2004-10-29,-0.0014245750687873482,-0.001625109535569269
2004-11-01,0.003928922738856144,0.0037406443994063565
2004-11-02,0.0057012869437662594,0.003319692069942537
2004-11-03,0.008141661491479546,0.00670298639436373
2004-11-04,0.018615848903055232,0.005613166858704277
2004-11-05,0.010691300488237854,0.009038002185149052
2004-11-08,-0.0010210411325870528,0.0010517628662556344
2004-11-09,0.016732516031893407,-0.002104414932358134
2004-11-10,-0.0013403521667226803,-0.0034288269933162585
2004-11-11,0.008404680210847726,0.013232690917250434
2004-11-12,-0.00033274119711690364,0.009661107659372892
2004-11-15,0.018596760598918793,0.004398965451061665
2004-11-16,-0.009861226038696325,-0.006105494945450984
2004-11-17,0.0018471005312410416,0.01339680795874143
2004-11-18,-0.0036820768401086834,0.004604312213924322
2004-11-19,-0.00775933786983507,-0.015527159039474325
2004-11-22,-0.007814641434798375,0.00956675567626486
2004-11-23,-0.004506871353740505,-0.0015381321044362073
2004-11-24,0.004146374642905792,0.008720447289170208
2004-11-26,-0.0015010539891731067,-0.003051373267694224
2004-11-29,0.0063931401280801214,-0.00017421131832917602
2004-11-30,0.001493760717867998,-0.002069870910953453
2004-12-01,0.016412244568290157,0.02039845626794934
2004-12-02,-0.005869794398266626,0.003755627540875217
2004-12-03,0.005163731315446007,0.001498981574283409
2004-12-06,0.0036739757400965356,0.0034894538667198383
2004-12-07,-0.009513144619870295,-0.017135086128739707
2004-12-08,0.010713752426459555,0.005811272022876013
2004-12-09,-0.0047539902387547794,0.006029157692944986
2004-12-10,-0.005508312833997775,-0.002996512400679885
2004-12-13,0.006279819815017129,0.008765849759470257
2004-12-14,-0.0007363731239702354,0.004888674473341625
2004-12-15,-0.004405589956739453,-0.0036312109564807793
2004-12-16,0.0018424541915833537,-0.009420655941641987
2004-12-17,-0.007361578407454106,-0.0024379961852878385
2004-12-20,-0.0003694699979651661,-0.006965418191060002
2004-12-21,0.004451348528269339,0.012242990932330278
2004-12-22,-0.0036956846349111006,0.0012612342455968761
2004-12-23,0.0014826868212156619,0.0007046968041999335
2004-12-27,-0.005921966862640349,-0.004225203337910766
2004-12-28,0.003725966708245654,0.00959713824357955
2004-12-29,-0.0018587460160163216,0.0012520831570006496
2004-12-30,-0.005200227543496361,-0.000749144459537443
2004-12-31,-0.0014943167412025948,-0.0018757238164415213
2005-01-03,0.0007455751734273264,-0.010422085703096218
2005-01-04,0.0037412946067052477,-0.018204801058501086
2005-01-05,-0.0022374854106270714,-0.00618780608131686
2005-01-06,-0.0011212514891619785,-0.005006492700630694
2005-01-07,-0.0029897624919725807,0.005293307008764403
2005-01-10,0.00487699261143737,-0.0005204913195966387
2005-01-11,-0.0026124990573455076,-0.007033319708736441
2005-01-12,0.001868644044912049,0.008391216055518624
2005-01-13,-0.01904510341927801,-0.013219881831431302
2005-01-14,-0.005709606866915018,0.00945633721678485
2005-01-18,0.007660209467488244,0.007546413783892092
2005-01-19,-0.012916778648647043,-0.016528377832812136
2005-01-20,-0.0046230954735895224,-0.019171149533740883
2005-01-21,-0.008116828742728788,-0.008030109004591446
2005-01-24,0.0007766771724448951,-0.014036568125214477
2005-01-25,0.013637539506686558,0.004927492726918503
2005-01-26,-0.0003883645966834548,0.011986627855245402
2005-01-27,0.0038463032751856474,-0.0013471248775340783
2005-01-28,0.0026815432419582397,-0.004851789313486066
2005-01-31,0.00382131887885917,0.013002237079915657
2005-02-01,0.004185801234866338,0.003206497836861777
2005-02-02,0.002653085784930509,0.0016012337272677257
2005-02-03,-0.010584262184177073,-0.011336615529797367
2005-02-04,0.005348743596671479,0.016041319978649327
2005-02-07,-0.00608267835301457,-0.002011749109237071
2005-02-08,0.0030627110787364575,0.0017495076606759419
2005-02-09,-0.006480824352055103,-0.01669175581815885
2005-02-10,-0.0003820830726124491,0.001078233206439183
2005-02-11,-0.0034566807001994437,0.014802672896726765
2005-02-14,0.001539778538711234,0.004483708264999775
2005-02-15,0.0,0.0066293100527079485
2005-02-16,-0.0053948149833769055,-0.003672296501219696
2005-02-17,-0.005429657200573645,-0.013428714473954884
2005-02-18,-0.006626343784366218,-0.003203621430950876
2005-02-22,-0.009816602371121808,-0.012315332479620356
2005-02-23,-0.001186476450153573,0.0013566204024324513
2005-02-24,0.0067446787853866486,0.012723586478702309
2005-02-25,-0.0047310559217618176,0.005612984704616686
2005-02-28,-0.0035623090602343588,-0.0106330527001256
2005-03-01,0.004770539345509528,0.011013740534576932
2005-03-02,-0.0007913148920908331,-0.0005301174938773245
2005-03-03,-0.0035608883419364634,-0.008241340698947552
2005-03-04,0.0,0.005895378148632391
2005-03-07,0.011915857124070284,0.014392448395190716
2005-03-08,-0.0027461195522582305,-0.009982958167819023
2005-03-09,-0.003546923072564545,-0.002919513682705044
2005-03-10,0.0047422739032778605,-0.0013320664729113973
2005-03-11,-0.013367364840774276,-0.00932757511029858
2005-03-14,0.0007973063664052926,0.0045727449337313875
2005-03-15,-0.00796671175405228,-0.008032266530035859
2005-03-16,-0.011242965924453618,-0.011473545965047127
2005-03-17,-0.0036519808344045446,0.002593430401121477
2005-03-18,-0.009371609535817949,-0.005446733866354747
2005-03-21,-0.004522931380500417,0.0019171166565485898
2005-03-22,-0.00868256885098695,-0.012303472908760438
2005-03-23,0.007924747889833439,0.003600118820065168
2005-03-24,0.0041306081636052205,0.00027346401696126676
2005-03-28,-0.003289707660573238,0.0019298065047343993
2005-03-29,-0.01157279382467169,-0.00798043093042966
2005-03-30,0.010035678401030257,0.018862490534776954
2005-03-31,0.00041102010424420854,-0.004354385351987289
2005-04-01,-0.002066164912113644,-0.01011853874519919
2005-04-04,0.004558554150730698,0.0071830931449639035
2005-04-05,0.009907282565439823,0.002742040244319899
2005-04-06,0.008169194666792112,-0.0016400870458650463
2005-04-07,0.017431074916286482,0.012055586095805593
2005-04-08,-0.006375927433689199,-0.008122378859077406
2005-04-11,0.0012060429097373593,-0.0043682581729728165
2005-04-12,0.014017048696564283,0.0049342526030340395
2005-04-13,-0.011060903174467729,-0.01636569028336854
2005-04-14,-0.007983263309749411,-0.014143740780040881
2005-04-15,-0.015301274623406913,-0.022783356303734403
2005-04-18,0.007766578998464446,0.00028878732828063747
2005-04-19,-0.0008115414032076051,0.006905395742623721
2005-04-20,-0.012586186747692074,-0.00817496832699871
2005-04-21,0.03947664303551779,0.026394341956650358
2005-04-22,-0.011869723381362607,-0.014878496102705197
2005-04-25,0.0004032908533635471,0.008121756533476132
2005-04-26,-0.009202842630239294,-0.009187442289935399
2005-04-27,0.009288321592150872,0.0014278392033388876
2005-04-28,-0.02160767556236387,-0.009970653044538924
2005-04-29,0.03476367061039487,0.006616691788386753
2005-05-02,-0.002770256433593521,0.004001947614505674
2005-05-03,0.00515660918720684,0.005125326353411674
2005-05-04,-0.005918973061011523,0.01212503759125183
2005-05-05,0.0007935148712678863,0.000894647136802762
2005-05-06,-0.0003935907454836185,0.002714164546225639
2005-05-09,-0.004359735220269334,0.004824772588264414
2005-05-10,-0.008367913065407295,-0.007336776157096381
2005-05-11,0.0004045868590187851,0.005153479087638635
2005-05-12,0.0036109217383266667,-0.0027809416261855846
2005-05-13,0.0120026941299054,0.010878195449575578
2005-05-16,0.010705590570889045,0.0067438154866330535
2005-05-17,-0.0011762851900629645,0.005908872901678741
2005-05-18,0.009426998518051066,0.013623735688084393
2005-05-19,0.008557457212713837,0.00838863034833981
2005-05-20,-0.00694617406946163,0.003946398639129933
2005-05-23,0.004274885742949541,0.005042933078915013
2005-05-24,-0.0038682035884940458,0.0031714623862710845
2005-05-25,-0.0015544041450779034,-0.00421524801450146
2005-05-26,0.00739351937102084,0.010052049748081826
2005-05-27,0.006563787831789902,0.0005223431519589816
2005-05-31,-0.010356535568261327,-0.0034010905471663078
2005-06-01,0.0003836765106568496,0.008666535958925081
2005-06-02,-0.0007726171154145423,0.006508593591024736
2005-06-03,-0.013956800115704104,-0.014487024743512378
2005-06-06,-0.0023637594493962633,0.00026331985094874
2005-06-07,0.005519082113310869,-0.008396467545188857
2005-06-08,-0.004307799591715011,-0.0021176630384450723
2005-06-09,0.0043264370153233145,0.0063633776325884295
2005-06-10,-0.0031324339067694273,-0.010620540832982472
2005-06-13,-0.004721877468125912,0.004877927533259996
2005-06-14,0.001978200121299345,-0.003976155434903594
2005-06-15,-0.003942932138573885,0.0031911393112353803
2005-06-16,-0.008712196507170367,0.005306804468236503
2005-06-17,0.0,0.00012619850100814567
2005-06-20,0.002795904687150852,0.0
2005-06-21,0.001594021562141057,-0.0005293512984495541
2005-06-22,-0.0031829694024230193,-0.0010561840654773613
2005-06-23,0.009573676680972643,-0.011109364355709195
2005-06-24,-0.010667543347522623,-0.011231051691515392
2005-06-27,0.00040105190184536177,-0.00459956368772152
2005-06-28,0.0007960552313430735,0.009510839443221508
2005-06-29,0.0008011444921316446,-0.0022055040345351218
2005-06-30,-0.009966264509120193,-0.007772485025703935
2005-07-01,-0.005232548066094078,-0.0014925231246019077
2005-07-05,0.010926550589000161,0.010482320010663182
2005-07-06,-0.011210466164722654,-0.004852310736326304
2005-07-07,-0.0020212463190663055,0.0035220602158680947
2005-07-08,0.017849764001326873,0.019158678642413163
2005-07-11,0.007970724455371947,0.009266573682066737
2005-07-12,0.012650041977718018,0.00472068755713595
2005-07-13,0.0019550287372416264,0.002349253685924202
2005-07-14,0.012081872718225695,0.009900208569251445
2005-07-15,-0.0069327823934947075,0.0030933599480531537
2005-07-18,-0.009306387641918268,-0.004036838020001432
2005-07-19,0.023874764172131968,0.011542743658411903
2005-07-20,0.001146160089499304,0.007145279415526895
2005-07-21,0.00954770290922835,0.0002540110110820226
2005-07-22,-0.028746608790016226,-0.0012667796630190242
2005-07-25,0.00039105708316089505,-0.0038051592874563944
2005-07-26,-0.0058412258756253,0.0038196938309122963
2005-07-27,0.007049532090818156,0.007610318574913233
2005-07-28,0.0011657677054457416,0.004782877884031311
2005-07-29,-0.005437628837261177,-0.008392980734692412
2005-08-01,0.012105493126589373,0.001893654930718025
2005-08-02,0.03433789954337896,0.010846624612725675
2005-08-03,0.01641168884679378,-0.0005001628437166783
2005-08-04,0.002569151232455491,-0.009662046573333916
2005-08-05,0.016105317327788304,-0.004861998560495739
2005-08-08,-0.0226975571185678,-0.0073478183857825785
2005-08-09,0.008111723926412795,0.00663492450580061
2005-08-10,-0.014624192863100127,-0.008617888100401205
2005-08-11,0.011870857842485094,0.008233874212149717
2005-08-12,-0.008064813109924573,-0.005630630630630629
2005-08-15,0.00592939878654164,0.006019207961405648
2005-08-16,-0.014372330890493834,-0.016123599489433982
2005-08-17,0.00785261896610745,0.005925085062358892
2005-08-18,-0.004824533469205861,-0.005045318302862478
2005-08-19,-0.0037279403529544286,-0.0005911052167285602
2005-08-22,0.007109055480610582,0.0005133948006017519
2005-08-23,-0.0014830012969616613,-0.0028297244094489526
2005-08-24,-0.0022357907512787767,-0.0059403259054182644
2005-08-25,0.008205598800637981,0.0022855862755843948
2005-08-26,-0.0022172714331827326,-0.0033193792549368606
2005-08-29,0.006671899529042458,0.007803337707243063
2005-08-30,0.0011063695274220464,-0.0036113566793560814
2005-08-31,0.0073571203031259635,0.009322159216081705
2005-09-01,-0.006572004722648961,-0.0015398415308714997
2005-09-02,-0.006620740429112204,-0.003854043451569922
2005-09-06,-0.0007358351729211954,0.01470022365984458
2005-09-07,-0.005557262584630407,0.0017538766005606998
2005-09-08,-0.008939178426640604,-0.00022772306509333262
2005-09-09,-0.0011288198457279908,0.005558300029876895
2005-09-12,0.0011300955199784468,0.0028035018768459707
2005-09-13,-0.004886177332222519,-0.002516977866436121
2005-09-14,-0.0064172509534047295,-0.011354980633890843
2005-09-15,-0.0015222520631951175,-0.000511651981461414
2005-09-16,-0.007611974430735469,0.00612808562057654
2005-09-19,-0.0026884670251289267,-0.007868588653258679
2005-09-20,-0.006150629916927941,-0.004090723419987841
2005-09-21,-0.013545380067754631,-0.011047209606581565
2005-09-22,-0.005886479055020932,0.0036357471748034165
2005-09-23,-0.0027602790760685725,0.002847387280865865
2005-09-26,0.0,0.00025866528711859793
2005-09-27,0.0027679193058125495,-0.0023213716540072538
2005-09-28,0.013022420917157884,0.0002592000964465324
2005-09-29,0.010520274374105076,0.013441767407103677
2005-09-30,-0.008094799587540336,0.006633227982648426
2005-10-03,-0.008939143776788172,0.002534202878003766
2005-10-04,-0.020395456457719896,-0.0065728612422149
2005-10-05,-0.012408454010845227,-0.013739824137368517
2005-10-06,0.0024351778839464266,-0.013158448650176346
2005-10-07,-0.0056624945052404785,0.0023523245964178763
2005-10-10,-0.0052875582416685996,-0.005474863052426282
2005-10-11,-0.0020467357488713755,-0.004985373994748743
2005-10-12,-0.004506193819072579,-0.011937602526372548
2005-10-13,0.011937487123642399,0.007816192015918322
2005-10-14,0.003251644727275016,0.007410058182222068
2005-10-17,-0.005676283686627315,0.003154129766410607
2005-10-18,0.0016327197028449536,-0.00707295183554868
2005-10-19,0.021161649386108428,0.02004802179119447
2005-10-20,-0.011954984949375302,-0.009412580246541458
2005-10-21,-0.0004038981945749809,0.006368147699647331
2005-10-24,0.012912647698870128,0.01582416253476837
2005-10-25,-0.0027866741129941586,-0.003830425543313365
2005-10-26,0.0031944865105806297,-0.005126872159829321
2005-10-27,-0.010350445462209756,-0.020096639248508352
2005-10-28,0.0273641434171219,0.007677007897664456
2005-10-31,0.006656021514412913,0.01430031264826459
2005-11-01,0.010118381726803571,-0.0007735992755751875
2005-11-02,0.01925715324726851,0.01305334165546368
2005-11-03,-0.0007514082146756751,0.015071179331631157
2005-11-04,0.008320394704810052,0.0035075842024479
2005-11-07,0.013123373662043525,0.0012474991857813755
2005-11-08,0.0014828073780259743,0.0002468655337959369
2005-11-09,-0.003326088910745706,0.00047328412726987956
2005-11-10,0.004822741694167076,0.010981962764645248
2005-11-11,0.007011948825445646,0.0027099259650522622
2005-11-14,0.0032980458160958293,9.7339482898251e-05
2005-11-15,0.007698016179944478,-0.004763445138795341
2005-11-16,0.0087283024151934,0.006120869922885186
2005-11-17,0.008287747295685488,0.013219322395373156
2005-11-18,0.0035744151420586956,0.003462043085084021
2005-11-21,0.0032060238698894405,0.0023900439205717383
2005-11-22,-0.008873222316761908,0.003632620086846172
2005-11-23,0.0003576976535033527,0.002398074832232533
2005-11-25,-0.005731332304894532,0.002152546389884158
2005-11-28,-0.0003596309159286104,-0.008355197444750773
2005-11-29,-0.002523461510787639,-0.0047416768140420285
2005-11-30,0.0,-0.002492078348236948
2005-12-01,0.0075843840006593055,0.01859880171829076
2005-12-02,0.004305694050267261,0.00238054941304755
2005-12-05,-0.0057129182217651175,-0.007290764201627997
2005-12-06,-0.005745743182691165,0.0032539140375580367
2005-12-07,0.0021683929684321868,-0.0018120574077574725
2005-12-08,-0.002163701213934055,-0.007141663882392124
2005-12-09,0.0007210807971034239,0.0037044826764256467
2005-12-12,-0.009382736382679835,0.003643312956112421
2005-12-13,-0.011658959837896776,0.0042508768999500735
2005-12-14,-0.0014719333845006899,-0.0034705763318890748
2005-12-15,-0.00627546776452248,0.0016940430325873557
2005-12-16,-0.0007417061360288635,-0.0069007842178926415
2005-12-19,-0.0026032001866245214,-0.015871639929645798
2005-12-20,0.0011162909373123586,0.000733073253339489
2005-12-21,-0.004837176702967683,0.004395217503641247
2005-12-22,-0.005239512970729221,0.006490477711597942
2005-12-23,0.001882643209611734,0.00014604895448599997
2005-12-27,-0.006756214164493901,-0.008817822110267715
2005-12-28,-0.002646486533102843,-0.0011672810002349987
2005-12-29,-0.0045504166711701766,-0.00658922974372067
2005-12-30,-0.0045657886164737205,-0.007563773834881826
2006-01-03,0.02638597256687847,0.022222669770091352
2006-01-04,0.004846088855589681,0.010408193708362434
2006-01-05,0.000740329446603738,0.004312037772113753
2006-01-06,-0.0029644112129777467,0.01813098576314065
2006-01-09,-0.0018602531216213025,0.003980058842759204
2006-01-10,0.0052141685206521515,0.0007027711977771745
2006-01-11,0.010738715896785767,0.007695227765726731
2006-01-12,-0.005492610322553659,-0.004859567643782481
2006-01-13,0.001839230255863189,-0.0004650760345236149
2006-01-17,-0.007353905385345749,-0.006514094032354034
2006-01-18,-0.005928822425955604,-0.01147440994194715
2006-01-19,0.0070804739452379195,0.007343583867253534
2006-01-20,-0.02257528172917045,-0.029868418174261224
2006-01-23,-0.0022734882113426558,0.00024240305991596323
2006-01-24,-0.0026521322602119923,0.004362197668422274
2006-01-25,0.004564029370424327,-0.00434325154665216
2006-01-26,0.0037869784126023376,0.00702798513245817
2006-01-27,0.048679019853720584,0.013476568511952891
2006-01-30,0.007559506091740609,0.0019023847455801324
2006-01-31,0.005353313604343768,-0.004505795527825707
2006-02-01,-0.003906210418587741,0.003571122079777167
2006-02-02,-0.012837793160975886,-0.01708038982569282
2006-02-03,-0.005059690956961793,-0.0123088494060265
2006-02-06,-0.013433384601840404,-0.002690776631443015
2006-02-07,-0.008466880482082106,-0.004410306670161512
2006-02-08,-0.0011117346236512171,0.011569675602664642
2006-02-09,-0.009290665875219983,-0.009491047862604796
2006-02-10,0.001123409172368195,0.006143327164302104
2006-02-13,-0.01123751609748802,-0.011476438244953813
2006-02-14,0.009852030393757039,0.010127956260553184
2006-02-15,0.012046387421666527,0.006356408004070779
2006-02-16,-0.0026016328947926493,0.009231455875166272
2006-02-17,-0.004103488495387442,-0.007943460919459744
2006-02-21,-0.005994271903580595,-0.011164184326128423
2006-02-22,0.006780205655527061,0.012517119379137132
2006-02-23,-0.002244848020597323,-0.002665787464035785
2006-02-24,-0.0011249493506216846,0.0026729128816882497
2006-02-27,0.01577236553457917,0.011147838485968009
2006-02-28,-0.006652374046282827,-0.01485969405528631
2006-03-01,0.010045386739454765,0.013624109241819449
2006-03-02,-0.006263714969545697,0.000720052915516467
2006-03-03,-0.001480934938997036,-0.005756278499016831
2006-03-06,-0.000744204703795881,-0.008684407617369994
2006-03-07,0.005577769209234917,-0.005840324839773148
2006-03-08,0.007017580720562799,0.0004895528845196839
2006-03-09,-0.009175077589129832,-0.008565828290845512
2006-03-10,0.006296194908294694,0.0009870818531887426
2006-03-13,-0.0022076671967858896,0.0029583254501985845
2006-03-14,0.0044303465632045125,0.016963055693698825
2006-03-15,0.004770977423985467,0.008459499793430858
2006-03-16,-0.0032884996025746016,-0.008388536966693949
2006-03-17,0.008433408389625585,0.0026390266797446937
2006-03-20,0.014182784250080127,0.0024134412701259933
2006-03-21,-0.0053766728842409295,-0.010589659771876314
2006-03-22,-0.02126940044988046,0.00243057321960527
2006-03-23,-0.011051661675706148,-0.0029124352243957707
2006-03-24,0.005960794278484505,0.0051123558968821925
2006-03-27,0.0,0.00024193934074334678
2006-03-28,-0.004073105400811516,-0.004114786512050328
2006-03-29,0.004459638684723544,0.01895877814303959
2006-03-30,0.007774978037528246,0.003101467029936522
2006-03-31,-0.0007360041759101321,-0.0028542534731816893
2006-04-03,0.012860829319765621,0.0011942928871684355
2006-04-04,0.002903618434624722,0.005477230331512262
2006-04-05,0.0036203004232253644,0.009477198845009305
2006-04-06,-0.006492009243555419,0.002816740107325133
2006-04-07,-0.011248298056690142,-0.009595697299119799
2006-04-10,0.0014709334167903876,-0.0014193938062815326
2006-04-11,-0.005864674968879768,-0.008044583378010173
2006-04-12,0.002577657161119129,0.0002383611837124544
2006-04-13,-0.0047762629139384005,0.004053945461548691
2006-04-17,-0.008495712762996876,-0.010451336567810943
2006-04-18,0.014155514719511153,0.0192046497229188
2006-04-19,-0.006981577408304851,0.004473997455157308
2006-04-20,0.0,-0.0035169445352511985
2006-04-21,0.004443462851072999,-0.011763612355756847
2006-04-24,-0.0014763470357882502,-0.0009543938077823944
2006-04-25,0.0,-0.0021432072237712596
2006-04-26,-0.00036701095789870575,-0.0002386456029548345
2006-04-27,0.005533410259100036,0.009553653953441987
2006-04-28,-0.11376261638369456,-0.009699689049084137
2006-05-01,0.005797357346752463,-0.00979747081441995
2006-05-02,-0.011527883433787744,0.002655145149803806
2006-05-03,-0.034981056121240695,-0.0014456968846210394
2006-05-04,0.011649520584500417,0.008193875036404785
2006-05-05,0.015359893275119774,0.007891184427618159
2006-05-08,-0.0029383133364786485,0.0009480161934394271
2006-05-09,-0.004636090829045703,-0.0037912264906789783
2006-05-10,0.006348652340576466,-0.008802476301025375
2006-05-11,-0.023135524301568955,-0.02231733329615626
2006-05-12,-0.002154710674999838,-0.013500988190200403
2006-05-15,0.0030304703363575047,-0.0007458652181077108
2006-05-16,-0.006048744686706908,-0.007470005699423465
2006-05-17,-0.012164956065864319,-0.013548373932788516
2006-05-18,0.0043976852976537195,-0.006864271805070099
2006-05-19,-0.011826723309249942,0.007682328858421572
2006-05-22,0.014183684996673884,-0.009658141361411188
2006-05-23,-0.00392950407802084,-0.009752330750401828
2006-05-24,0.031150015842150047,0.0067382036274297175
2006-05-25,0.010212258324948653,0.013129011226949538
2006-05-26,-0.000840927525168178,0.0033031845178355113
2006-05-30,-0.024031373298076142,-0.021525054209831085
2006-05-31,-0.021595669857190858,0.004657708070854749
2006-06-01,0.00750121894807898,0.023698356259502784
2006-06-02,-0.002624492784195964,-0.0024646672553020332
2006-06-05,-0.011427611647827907,-0.021744418815267674
2006-06-06,-0.016442855884314822,-0.0007729827546949508
2006-06-07,-0.004069071854946649,-0.007483943702513263
2006-06-08,0.003179905566440766,-0.001561848600378113
2006-06-09,-0.008593749999999956,-0.006511326743338208
2006-06-12,-0.009578989523182035,-0.019658960435390394
2006-06-13,-0.009215117226986758,-0.004010637042007659
2006-06-14,0.017199615592211837,0.010202649382569762
2006-06-15,0.008684116866729319,0.02710622032024812
2006-06-16,0.0013600467034906583,-0.007362025894851465
2006-06-19,0.02036017912857413,-0.00808591052803731
2006-06-20,0.00044579228590979625,0.0013158939224631183
2006-06-21,0.023051626103001377,0.015757779031299046
2006-06-22,-0.00866812669083683,-0.012670615039638844
2006-06-23,-0.016609116449460948,-0.0010458724522059981
2006-06-26,0.01422152862554582,0.002620462126561307
2006-06-27,0.0017558663307979394,-0.018823479414380673
2006-06-28,0.01312423741305735,0.007462224807256668
2006-06-29,0.013382158751894968,0.030413954059697934
2006-06-30,-0.007239163876572308,-0.004875664592423168
2006-07-03,0.01716646917631337,0.005932771901242306
2006-07-05,-0.01476790728239441,-0.02179589090443579
2006-07-06,0.00556640269709785,-0.0010500109566361493
2006-07-07,-0.007664198364649599,-0.011019946804459169
2006-07-10,0.008580196275028262,-0.00875522941658502
2006-07-11,-0.017020430541580978,0.007496177322509734
2006-07-12,-0.019913945278023037,-0.018863210108089445
2006-07-13,-0.016785176012957814,-0.016789232254190267
2006-07-14,0.0013484375298151718,-0.010191192788460035
2006-07-17,0.008524369406279542,0.002503763722240482
2006-07-18,0.011563678963047996,0.003332162457421406
2006-07-19,0.029027015920652044,0.013001737633413946
2006-07-20,-0.023506846331177278,-0.014746774638464633
2006-07-21,0.04463832054825079,-0.010532921413400342
2006-07-24,0.005451094370959142,0.019888313217353293
2006-07-25,0.009161755423015894,0.0057688260167994
2006-07-26,0.006196583694800584,-0.0008212028878439304
2006-07-27,-0.020520328604129445,-0.006559156163131741
2006-07-28,0.015920279969156015,0.020909395812371168
2006-07-31,-0.007835398250756076,-0.0002690770968457601
2006-08-01,-0.0029070451710097034,-0.016712307331194665
2006-08-02,0.012919179877005194,0.011238601460922704
2006-08-03,-0.003699884050877844,0.006235128227725317
2006-08-04,0.0033042481519602873,-0.004579336058830652
2006-08-07,-0.0028853384006480853,-0.006495240908391042
2006-08-08,0.0049572669558404225,-0.006265695868625909
2006-08-09,0.0041068000698041285,0.0013718032369463007
2006-08-10,0.0008168420076932748,0.007116611996846878
2006-08-11,-0.001221368743379414,-0.0070663237127392975
2006-08-14,0.004091662513184824,0.006569913799679528
2006-08-15,0.007364994343499687,0.025290274501631016
2006-08-16,0.0032487623762376128,0.023342121148657746
2006-08-17,0.0,0.0038883923062800196
2006-08-18,0.04413032924983584,0.0015499320967853336
2006-08-21,0.012793865070943378,-0.009539631226053613
2006-08-22,-0.019140099697020574,0.000259902748018348
2006-08-23,0.0019491567419349654,-0.007544285286982033
2006-08-24,0.0027257090415506724,0.00288295857916121
2006-08-25,0.004274745570431948,0.001830439943052875
2006-08-28,0.003869094719149757,0.0075689630096476
2006-08-29,-0.004240144382352429,0.0031064866327850105
2006-08-30,-0.0015449622221250792,0.004646798355932846
2006-08-31,-0.003876583576189474,-0.0010265194128546984
2006-09-01,0.005445044570324464,0.005403726151465671
2006-09-05,-0.008898545661003676,0.009721372163361774
2006-09-06,0.0,-0.020020597322348066
2006-09-07,-0.007028521696980206,-0.004915236934237233
2006-09-08,0.0066844178177178915,0.006240023656569393
2006-09-11,0.01211186113789764,0.006198328520407692
2006-09-12,0.0007676686284865397,0.018480437736928756
2006-09-13,0.0019313001185981005,0.007057894043804636
2006-09-14,0.01347132253528005,0.0007496578596395409
2006-09-15,0.019748191802839488,0.0035886938722182737
2006-09-18,-0.0022328934095494635,2.893091586519958e-06
2006-09-19,0.0026117497143398616,-0.006486292571719399
2006-09-20,0.011911326789456167,0.014554031624006258
2006-09-21,-0.010302322563902955,-0.006182406833367793
2006-09-22,-0.008920237033929301,-0.007713990307693153
2006-09-25,0.010878940044129592,0.017556165468023854
2006-09-26,0.009275301630505828,0.004928278248931051
2006-09-27,0.008821836248878334,-0.0012267389237714532
2006-09-28,-0.0014548782117849157,0.002701570501585815
2006-09-29,-0.0018276829613611545,-0.0044080658225689184
2006-10-02,0.00036620590055691515,-0.012546245546725232
2006-10-03,0.0003660718428881715,0.0042352179330402695
2006-10-04,0.02082753502180168,0.024561423710467656
2006-10-05,-0.0007169435987538497,0.004841165925834279
2006-10-06,-0.0017885924181871848,-0.002167050211252408
2006-10-09,-0.005385514787388468,0.0033795333665866956
2006-10-10,-0.001078863935919605,0.0016840752946434279
2006-10-11,-0.0054205236103540555,-0.001921023356186713
2006-10-12,0.024694330189984015,0.016610144870856436
2006-10-13,0.0053137247060706105,0.004737304902176165
2006-10-16,0.0028193385742201205,0.00047040290555844244
2006-10-17,-0.0003520463312806088,-0.010600957858595494
2006-10-18,0.0028124023471409743,-0.004763246743917593
2006-10-19,-0.00806236212371525,0.002393021925855221
2006-10-20,0.004946545396521396,0.002387309042971797
2006-10-23,0.0007045887583359001,0.010239322756936176
2006-10-24,-0.0059748708337051815,-0.007072452987058497
2006-10-25,0.001062487217730057,0.007122828859300823
2006-10-26,0.001410163140428411,0.009189266062071155
2006-10-27,-0.0003532883180988877,-0.014243748035251524
2006-10-30,0.006704895021353963,0.006394536877178725
2006-10-31,0.006309179460555425,0.002354715166879018
2006-11-01,0.0034836699898290746,-0.013620903917849425
2006-11-02,-0.001385692601478583,0.0009532019296121241
2006-11-03,-0.0013925186445499227,-0.0026167388478067766
2006-11-06,0.0038298561839902323,0.014546058366889492
2006-11-07,0.0038152443468351116,0.006819589133393977
2006-11-08,0.0010330226144243948,0.004668225451176067
2006-11-09,0.0096624236376468,-0.0053449977616810695
2006-11-10,-0.0006846012920644906,0.005373720284574057
2006-11-13,0.003763062167716935,0.00999422891260826
2006-11-14,-0.0006825019946362643,0.01081384171739841
2006-11-15,-0.0037611343042381895,0.004096996592440005
2006-11-16,0.012016375872623497,0.0043065234491124205
2006-11-17,-0.002375693506914689,0.0
2006-11-20,0.016669456066945587,0.0020327013448309117
2006-11-21,0.0010018296325213782,0.0013515138523636505
2006-11-22,0.0,0.006299422270141353
2006-11-24,-0.005347141299853253,-0.0017874561567358116
2006-11-27,-0.009410164110994601,-0.022173997790916777
2006-11-28,-0.0030520663442921148,0.002519648206079639
2006-11-29,0.006122819941259294,0.0068532918335804105
2006-11-30,-0.007098234236975531,-0.0006793478260870289
2006-12-01,-0.008173682370798852,-0.008629366723054033
2006-12-04,0.007207894406519477,0.013743777292866577
2006-12-05,-0.006815992177426677,0.00361287210223038
2006-12-06,-0.004806833811925482,-0.0035998662458986974
2006-12-07,-0.004830051064696472,-0.012652917826823318
2006-12-08,0.019063119782859905,0.00457529183086014
2006-12-11,0.004762701733412866,0.003645149096907163
2006-12-12,-0.003721665135802632,-0.005899549632595091
2006-12-13,0.00407473046111817,0.0018254073387202752
2006-12-14,0.017598195935145,0.011167850975434934
2006-12-15,0.003992687864379452,0.0025813234578750954
2006-12-18,-0.00993736757549657,-0.009902203996880021
2006-12-19,0.0033441355339094425,-0.003182691218354239
2006-12-20,0.0033329895650706653,-0.003647464615628593
2006-12-21,-0.003653642195362461,-0.0070961495099014504
2006-12-22,-0.011343440359013468,-0.01037430869112188
2006-12-26,0.0118103513698109,0.004192685343419544
2006-12-27,0.00099849054481016,0.0051026992149694195
2006-12-28,-0.0013299927412369072,-0.004844085187424074
2006-12-29,-0.0040046705525413895,0.0009273021956901495
2007-01-03,0.0,0.0018528862059337126
2007-01-04,-0.0016713983719166547,0.018963659463603344
2007-01-05,-0.0057064166533045135,-0.004766451755459089
2007-01-08,0.009785042118843457,0.0006845603880056839
2007-01-09,0.0010051903520513772,0.005013153585276431
2007-01-10,-0.010013654984069142,0.011792316466142205
2007-01-11,0.03506102618793694,0.01030938546296123
2007-01-12,0.016613851592695017,0.005100807799299556
2007-01-16,-0.001603603603603565,-0.0006625023660798979
2007-01-17,-0.0019265127862698739,-0.008170306872835598
2007-01-18,-0.0032140387040779927,-0.018480429222872186
2007-01-19,0.003550923784386928,0.002040333394683458
2007-01-22,-0.01254016241204936,-0.010865743388978388
2007-01-23,0.00065442031174201,-0.0025174750971576065
2007-01-24,0.011383125168643149,0.016520573592613053
2007-01-25,-0.02058368679514877,-0.012866665969002766
2007-01-26,0.004926267578972743,-0.003660120325461813
2007-01-29,-0.0022879615548950794,0.000917726485586412
2007-01-30,-0.0016393216155605739,0.0004597713368448275
2007-01-31,0.012467309634836443,0.010083756810387534
2007-02-01,-0.009721652772083256,-0.0011334856920441894
2007-02-02,-0.012103452083026767,0.0031805208892818904
2007-02-05,-0.019213485762182958,-0.0009054642800900847
2007-02-06,-0.0033757638199782836,-0.0015866552833782022
2007-02-07,-0.004744935876669687,0.00930615595507156
2007-02-08,-0.0037479895841312505,-0.00022418719109074114
2007-02-09,-0.00956618251180752,-0.013722811207701469
2007-02-12,-0.0013825689586588474,-0.003193579002746638
2007-02-13,0.005897412231058219,0.003659982336607026
2007-02-14,0.013440094269004721,0.016872296402778764
2007-02-15,0.0020443173695496863,0.005831358363477701
2007-02-16,-0.02444371525449518,-0.003345734511445264
2007-02-20,0.0031344600490399444,0.0076056666623463
2007-02-21,0.018033647257777785,0.003107803210195881
2007-02-22,0.0013652007465643212,0.00508839287317242
2007-02-23,-0.016674690984321727,-0.0035213873245367733
2007-02-26,0.005885176046267038,-0.004860298429493648
2007-02-27,-0.04127810308682134,-0.04107428212643438
2007-02-28,0.010762579801940397,0.003238955483817474
2007-03-01,-0.002839792908972405,-0.004614051324299817
2007-03-02,-0.011750623441396546,-0.015069880929667434
2007-03-05,-0.007565205103359118,-0.007770274878930561
2007-03-06,0.010165526710569806,0.016608144039903516
2007-03-07,-0.007903586315217148,-0.0039678997719876374
2007-03-08,-0.010503668672681377,0.006794297352342049
2007-03-09,-0.001097413386392021,0.00023465820818224792
2007-03-12,0.005493095128086711,0.005350030606273926
2007-03-13,-0.026238129276013433,-0.01944086067651407
2007-03-14,0.025450789372958527,0.01463447992887934
2007-03-15,-0.004381950658315148,-0.0023266158927006675
2007-03-16,0.0018334206390779872,-0.0007755457193659998
2007-03-19,0.01829552736127127,0.010271110810628148
2007-03-20,0.00035742333017863004,0.007165935439659599
2007-03-21,0.02442694310947835,0.019274418604651178
2007-03-22,-0.00876361332029929,-0.00360102424498443
2007-03-23,-0.008846049012562807,-0.0031639192821121265
2007-03-26,0.007140000000000146,0.004079682446339383
2007-03-27,-0.017718489981531804,-0.006999314971788295
2007-03-28,-0.0028858934898085,-0.01068224724781397
2007-03-29,0.003978954624711095,0.0011470942054443434
2007-03-30,0.004326687635366699,-0.0009171555947821153
2007-04-02,-0.00466495752274676,0.0013783267432641022
2007-04-03,0.004686821345238901,0.013076080948939195
2007-04-04,0.02260091489468663,0.0040759907359078085
2007-04-05,0.001754937913540866,0.004963284754095243
2007-04-09,0.000701726836880523,-0.00246938611061287
2007-04-10,-0.005948236124868944,0.0051750959581613465
2007-04-11,-0.010211481256752197,-0.01051984850173815
2007-04-12,0.015295823926077867,0.007917440638844697
2007-04-13,0.002449536600691138,0.002019697903101303
2007-04-16,0.004196639750062348,0.009180571120242398
2007-04-17,0.00417910156630974,0.0022209255398724093
2007-04-18,-0.008668204443365246,-0.003321441120723523
2007-04-19,0.0031449005584403,0.0031086269544720047
2007-04-20,0.011504917424382866,0.005538680978132593
2007-04-23,-0.008269849086116388,0.0015409617744532866
2007-04-24,0.00034562492393819255,0.0050590090354003525
2007-04-25,0.006949040370615389,0.013346749359401722
2007-04-26,0.003793663373992562,0.005182345011117473
2007-04-27,0.03504903494793177,0.00043046497682208695
2007-04-30,-0.005972398587834715,-0.013097417326594862
2007-05-01,0.015362298495589677,0.0032636253206921317
2007-05-02,0.006908216122550659,0.006722047360792516
2007-05-03,0.011762713571058958,0.003662957963315394
2007-05-04,-0.013240928810216324,0.0008577032943264395
2007-05-07,0.004909916105075185,0.0
2007-05-08,0.0013001765502893559,0.0021436626575455087
2007-05-09,0.000975005239514104,0.0021415558502400067
2007-05-10,-0.006495220755575737,-0.01366776401217873
2007-05-11,0.010138679543507445,0.012773864482688468
2007-05-14,0.002589733588526988,-0.006841191748973019
2007-05-15,0.0009680761070673949,-0.007748420648493903
2007-05-16,0.005504562278834557,0.009761159379506834
2007-05-17,-0.002899019726817942,-0.004725161797601851
2007-05-18,-0.004841239790122742,0.008202664053281072
2007-05-21,0.007138651084839465,0.006422448316649065
2007-05-22,-0.011594541840195038,0.0008500405309181946
2007-05-23,-0.003585599359324454,-0.004674944855837415
2007-05-24,-0.013407617133984862,-0.014308363157881643
2007-05-25,0.010275684582770284,0.006283184952474707
2007-05-29,0.010171168859729462,0.007750082288518589
2007-05-30,0.010390776654995326,0.008118554150088109
2007-05-31,-0.013497923914263188,0.004661072071121319
2007-06-01,-0.0032579811437516426,0.0006327629508742216
2007-06-04,0.004245567262567862,0.0029542818775558644
2007-06-05,-0.004554918129665242,-2.434363474690393e-06
2007-06-06,-0.009484884464334598,-0.010718528472384525
2007-06-07,-0.02212048703798475,-0.015512536265228971
2007-06-08,0.014521109827679624,0.012302631743389414
2007-06-11,-0.0009991402746474254,-0.001918523255612925
2007-06-12,-0.005665906870726212,-0.005979387564259087
2007-06-13,0.018091058797110815,0.010958051791291723
2007-06-14,0.004278119098056754,0.006590219788876528
2007-06-15,-0.0009837565774422075,0.008598994827396345
2007-06-18,0.0006595369500994597,0.0008365644118224491
2007-06-19,-0.0016386014216468459,-0.00020836058980588934
2007-06-20,-0.014776202199696553,-0.009421800029079552
2007-06-21,0.006998669136055291,0.009088195864687343
2007-06-22,-0.024154120571898585,-0.009425751599444254
2007-06-25,0.0,-0.004229085240052055
2007-06-26,0.0010133775304841386,-0.005734004143819527
2007-06-27,0.011859652110564056,0.015378036179543031
2007-06-28,-0.0013417735722033308,-0.00042117153854204226
2007-06-29,-0.012068779873507185,0.0016829604516470642
2007-07-02,0.009164530329667242,0.008614631987687194
2007-07-03,0.009414692555114623,0.006248493322404958
2007-07-05,-0.0010001395543564051,0.007244640786560952
2007-07-06,-0.0006658750669367164,0.0041100191230056815
2007-07-09,-0.003336253331593819,0.000613505651831936
2007-07-10,-0.018078879455436292,-0.008384960099236949
2007-07-11,0.005456389355755542,0.006806228976726114
2007-07-12,0.0196661536640228,0.01536520823651033
2007-07-13,-0.008312899390697126,0.006861087498715612
2007-07-16,0.007038559881613615,-0.0010019714716456019
2007-07-17,0.024976632363130635,0.007622156492182786
2007-07-18,0.004550568934540866,-0.0011935456369915887
2007-07-19,0.019081814691868093,0.002989736621735961
2007-07-20,-0.011110618684630258,-0.005365944537339629
2007-07-23,0.0009635508866909781,0.0004000499484329012
2007-07-24,-0.012505148915593733,-0.014779748462272702
2007-07-25,-0.002919906599260891,0.0014194380902106118
2007-07-26,-0.023773253725370758,-0.008502213996204655
2007-07-27,-0.019680179613662863,-0.02021261764504323
2007-07-30,0.00034211101502434893,0.01167016763656803
2007-07-31,-0.013945755949270944,-0.021011428271742072
2007-08-01,0.01069395069221657,0.007784801496084404
2007-08-02,0.007506648746032241,0.009186481712812666
2007-08-03,-0.018969766638756047,-0.01903172592782354
2007-08-06,0.020030957811543182,0.011598107985414607
2007-08-07,0.0003356450293805491,0.007088502535744112
2007-08-08,0.015231281072191516,0.010969976905311762
2007-08-09,-0.023335055649429615,-0.02313556450256049
2007-08-10,-0.0201368831441181,-0.009014428908274086
2007-08-13,-0.002787114096571397,0.00676846702177647
2007-08-14,-0.009111483981737889,-0.01701529626018461
2007-08-15,-0.0060153188808160785,-0.019021517318485448
2007-08-16,-0.010320612501609427,-0.009803600200711693
2007-08-17,0.015822499774821974,0.0189202472109824
2007-08-20,0.0003546728143288824,0.004750944065818441
2007-08-21,-0.006721621461915794,0.010531499980101167
2007-08-22,0.005344279687275355,0.013611771597918487
2007-08-23,0.0028305282830922707,-0.002729506843194174
2007-08-24,0.018021960730319586,0.014096407838859237
2007-08-27,-0.011104778097648649,-0.006636875961974709
2007-08-28,-0.019655251576474297,-0.023809696468671482
2007-08-29,0.023626715826710942,0.028669273264379624
2007-08-30,-0.004896640009345532,0.005199494493590917
2007-08-31,0.009841470155203647,0.011171378282265998
2007-09-04,0.0027851375373573184,0.01657548845470691
2007-09-05,-0.011452557142029196,-0.01006408867580355
2007-09-06,0.015098432987877386,-0.0008142536753198426
2007-09-07,-0.016260162601625883,-0.01851699196623513
2007-09-10,0.0014092156833960257,-0.0006239186410093023
2007-09-11,0.015802049282458208,0.01514667639947076
2007-09-12,0.0,0.00020342078061541535
2007-09-13,0.007946471949242584,0.0049047545849050245
2007-09-14,-0.00411371413027406,0.0008142536753199536
2007-09-17,-0.010676582918425659,-0.00833107988948334
2007-09-18,0.006965265702121082,0.025200838447165363
2007-09-19,-0.008990288179863581,0.0025973725599039987
2007-09-20,-0.008717515605129567,-0.0027913436051703044
2007-09-21,0.008093974322564312,0.007120500239432115
2007-09-24,0.015008815857858071,0.004566430305661395
2007-09-25,0.01650484043087741,0.009486919757899503
2007-09-26,-0.0020290182564567383,0.0048970753451962334
2007-09-27,-0.00033964346870318796,0.005064803335963042
2007-09-28,-0.0010192765967488304,-0.0032944828065675225
2007-10-01,0.010524376591292572,0.011475424590710048
2007-10-02,-0.0023512693582390387,0.00019353633144092441
2007-10-03,-0.008419859059899615,-0.006923701388966141
2007-10-04,0.008831576311151057,0.0023247376271551268
2007-10-05,0.0043747892232173236,0.020281985967734784
2007-10-08,0.0,0.006248124796054411
2007-10-09,0.008711467611807855,0.004328900689925197
2007-10-10,0.004318116672368699,0.002433585648996095
2007-10-11,-0.010583155336230221,-0.015884751244103712
2007-10-12,0.008691080476241453,0.016521173726039784
2007-10-15,-0.0043080982098790965,-0.007660641160009085
2007-10-16,0.009320553859552438,-0.0047059079723873465
2007-10-17,0.025064370591016072,0.012862953425125001
2007-10-18,0.0025745500134324306,0.004294404313413658
2007-10-19,-0.031770984525377965,-0.024916328971255064
2007-10-22,0.011268398208495345,0.012013270627266648
2007-10-23,0.012784842458630541,0.020916434528246874
2007-10-24,0.011326430890757466,-0.007568737803550163
2007-10-25,0.023681655845601668,-0.013389870253361913
2007-10-26,0.09502784061249336,0.016589439713915022
2007-10-29,-0.013129407091071688,0.004264145358451987
2007-10-30,0.028926817486514933,0.0018453612871396352
2007-10-31,0.03485833665876381,0.014192062933708671
2007-11-01,0.0067935398992877705,-0.018716813601220905
2007-11-02,0.0,0.007776049766718529
2007-11-05,-0.008906812660290586,-0.0064300411522634215
2007-11-06,-0.008710279948928035,0.011281002432486087
2007-11-07,-0.024445616529456315,-0.024322185929222973
2007-11-08,-0.021959207979752926,-0.030366501228320075
2007-11-09,-0.029073749904863333,-0.033441861921224336
2007-11-12,-0.010376140240858533,-0.025400299371412638
2007-11-13,0.035732152683976226,0.041247685514884
2007-11-14,-0.015380032925587428,-0.012810166060241324
2007-11-15,-0.005007808092617805,-0.005390088610839672
2007-11-16,0.009774315613021,0.009231848018147915
2007-11-19,-0.003812476604332593,-0.011535479536832205
2007-11-20,0.018253109236832987,0.004024252580618892
2007-11-21,-0.01012017456599168,-0.011822687505505636
2007-11-23,-0.0035051320806707142,0.010746608988584816
2007-11-26,-0.03342198148961428,-0.017254064592496343
2007-11-27,0.002730366811528828,0.02000845494200809
2007-11-28,0.01935841172077568,0.030424202290845193
2007-11-29,-0.003263911755021387,0.004273840366894044
2007-11-30,0.0002973154888981089,-0.007544721268193388
2007-12-03,-0.020236212996255776,-0.008379869375939819
2007-12-04,-0.0045589183313179404,-0.00412644425548947
2007-12-05,0.04211127806818915,0.017761299999315083
2007-12-06,0.011713863300352623,0.014542036872127406
2007-12-07,-0.0005781089414181872,0.00019235276169937698
2007-12-10,0.006660132399254337,0.004012104840831032
2007-12-11,-0.018986281035267005,-0.023219050806259856
2007-12-12,0.010848342851564441,0.00896201961005283
2007-12-13,0.021761612162037203,-0.005406299008547277
2007-12-14,0.0025519949275163434,-0.010291864889511948
2007-12-17,-0.026052080591749904,-0.024329133229238464
2007-12-18,0.010176054207756025,0.0032193233838251345
2007-12-19,0.0014373667441247573,-0.0002017213555673969
2007-12-20,0.020983342503329006,0.020449859810158122
2007-12-21,0.015206126186636304,0.01973096616282488
2007-12-24,0.014416770843350246,0.00752171267726176
2007-12-26,0.0008228330483119883,0.004977039258885707
2007-12-27,-0.017481245737667517,-0.010855641103524771
2007-12-28,0.00416849833799926,-0.001348482623266034
2007-12-31,-0.01439669440529634,-0.012342130359991765
2008-01-02,-0.010671788917547942,-0.015032182813723205
2008-01-03,0.004257263142970702,0.0033693247149473304
2008-01-04,-0.027988235294117647,-0.04385502343302361
2008-01-07,0.006689179102972176,-0.004753537099554506
2008-01-08,-0.03351621707190988,-0.02594907101989896
2008-01-09,0.02959470554574173,0.02131327609731115
2008-01-10,-0.003193781590446809,0.0014613255138753445
2008-01-11,-0.012234244571761144,-0.019588343791687057
2008-01-14,0.01415692466274554,0.017427909706923206
2008-01-15,-0.011341682295763045,-0.0275745367028839
2008-01-16,-0.0226457737544008,-0.010741343871947806
2008-01-17,-0.003614779690447989,-0.013896800323204839
2008-01-18,-0.0030162626829656203,-0.001323252860898072
2008-01-22,-0.03180859378282763,-0.025799399160659653
2008-01-23,-0.0009417748767446277,-0.0036199473747534627
2008-01-24,0.041342490627674255,0.020218300948700918
2008-01-25,-0.009323532847202443,-0.02048661499984572
2008-01-28,-0.006678429011163001,0.007730861979289738
2008-01-29,-0.0036668856906675318,0.0018038449006192447
2008-01-30,-0.012270773943751867,-0.0009002984515386059
2008-01-31,0.012423216424146899,0.017128897755299244
2008-02-01,-0.06595328255967325,0.01018824830750642
2008-02-04,-0.008536457597857261,-0.014034527421443843
2008-02-05,-0.0370999977027866,-0.02847888120517228
2008-02-06,-0.01891878996087415,-0.01968976904676234
2008-02-07,-0.014026214040804397,0.0070072961176448345
2008-02-08,0.015646349102998558,0.011365250745844602
2008-02-11,-0.012253342593356975,0.010781671159029838
2008-02-12,0.004607139345068179,-0.005674205178629932
2008-02-13,0.021877768369739092,0.021908647164770922
2008-02-14,-0.015882214888857882,-0.018089435614769833
2008-02-15,-0.0028081821765602033,-0.0034112202339496855
2008-02-19,-0.004944019834646096,-0.001824841578962677
2008-02-20,0.00177554553881909,0.004573086159479489
2008-02-21,-0.0042547357804184616,-0.009559500328731096
2008-02-22,-0.014947830106109894,0.003677495585677759
2008-02-25,0.005780346820809301,0.005034391534391558
2008-02-26,0.019400273956285963,0.0038746732718615284
2008-02-27,-0.004230748633161419,0.004989839396918994
2008-02-28,-0.011675434650812444,-0.003837945303409085
2008-02-29,-0.026139781541871243,-0.026518633759988752
2008-03-03,-0.007721223204307681,-0.006519013565359666
2008-03-04,0.02223302958943374,0.005624778272161457
2008-03-05,0.019210448560969207,0.004890449619751269
2008-03-06,-0.019560827244630707,-0.022028556727553217
2008-03-07,0.010880133107478152,-0.0023703046046934517
2008-03-10,0.006459801000451293,-0.0192546976243384
2008-03-11,0.04384962465272979,0.0380555485538725
2008-03-12,-0.022197683966137305,-0.0028059194107569185
2008-03-13,-0.00034747357753006636,0.007727168193070844
2008-03-14,-0.023061920072608544,-0.01835359943725645
2008-03-17,0.012161434268460836,-0.01822632478632491
2008-03-18,0.03957582681547889,0.0446009455066152
2008-03-19,-0.027192290351668147,-0.02469524309879967
2008-03-20,0.019566665701126862,0.02042596476452707
2008-03-24,-0.000345658669166804,0.03457571526953407
2008-03-25,-0.001027861196108315,0.005610178095958318
2008-03-26,-0.01990507394464691,-0.0029001931745009646
2008-03-27,-0.017856538124748966,-0.022147942261394382
2008-03-28,-0.004989852816582374,-0.005032360322282381
2008-03-31,0.016841667533007643,0.005288799798218502
2008-04-01,0.03946426745731535,0.042771836878065184
2008-04-02,-0.011526554164500435,-0.0021933379260038466
2008-04-03,-0.00548695545047051,0.002198159232014829
2008-04-04,0.00551722823601164,0.005924038578433599
2008-04-07,0.0,-0.002182938834909942
2008-04-08,-0.01406328478151686,-0.007648169082320688
2008-04-09,0.00487317256028974,-0.011231383797006278
2008-04-10,0.007613873318921938,0.014254634106198871
2008-04-11,-0.02851189459095138,-0.027667412949829995
2008-04-14,-0.007778108922839477,-0.004516450362072266
2008-04-15,0.006770564049536132,0.001359510680934095
2008-04-16,0.024777462584368415,0.027867445863438256
2008-04-17,0.009325811593787758,-0.002203971730117882
2008-04-18,0.026692831473425382,0.03180882566743448
2008-04-21,0.014001151410477863,0.007064954070382434
2008-04-22,-0.005586719051620448,-0.014880090331132134
2008-04-23,0.03966930824217241,0.011003468484630963
2008-04-24,0.01112819611633431,0.008966244725738592
2008-04-25,-0.06195009406785912,-0.002537971869794098
2008-04-28,-0.028161837930475442,0.0019077099399278374
2008-04-29,-0.012072540094845485,0.007621198566686749
2008-04-30,-0.0041875319612895145,-0.008194255773335768
2008-05-01,0.030855465230071655,0.0315607711159267
2008-05-02,-0.005442164082656964,0.0014391866580045765
2008-05-05,-0.005471943295924375,-0.002871869177243802
2008-05-06,0.02131925670057533,0.006168676987368116
2008-05-07,-0.01649655275082118,-0.018189627098485484
2008-05-08,0.0020529024445623545,0.00749429155149639
2008-05-09,0.004097393340319666,-0.003924440797007489
2008-05-12,0.020417469794556053,0.0182528866673215
2008-05-13,-0.0033448051858302463,0.002648514385714007
2008-05-14,0.005034045680844201,-0.0022356722265231
2008-05-15,0.01737682599256729,0.017511644255931325
2008-05-16,-0.015108908921580122,0.0007995101267432858
2008-05-19,-0.017672548335567195,-0.007196769419386739
2008-05-20,-0.023761460173269522,-0.00765359516644426
2008-05-21,-0.01773431554157867,-0.022123116078396343
2008-05-22,0.007791941991696305,0.0035277510826503544
2008-05-23,-0.014752600200182764,-0.0031022006758451015
2008-05-27,0.013903612092658113,0.01763384087620623
2008-05-28,-0.009143581825134417,0.004079595665694491
2008-05-29,0.004611536657808335,0.00893254870700777
2008-05-30,0.0003549754921028381,0.006441418413347666
2008-06-02,-0.0183598174226256,-0.012197768706477818
2008-06-03,-0.01762864952660148,-0.005467137571319336
2008-06-04,0.008423058311154197,0.012822863052010636
2008-06-05,0.027597410712054238,0.015876699168805297
2008-06-06,-0.028622018134412563,-0.030069348634498727
2008-06-09,0.008002323578310655,-0.0053011605561626984
2008-06-10,0.006493119379998857,-0.004716210553231348
2008-06-11,-0.027606529218102915,-0.023899748085665085
2008-06-12,0.04129865383443998,0.0008456525659585878
2008-06-13,0.029389685093107243,0.020032580031703384
2008-06-16,-0.004816047810047963,0.00888978009491348
2008-06-17,-0.004491986752445887,-0.005326146624013317
2008-06-18,-0.011806431876410062,-0.010714090313311053
2008-06-19,0.016513654964254387,0.01562000302974198
2008-06-20,-0.02419677186036784,-0.026995096750976
2008-06-23,-0.009211623518167289,-0.0078034703178568865
2008-06-24,-0.008578684700115136,-0.005100989788210941
2008-06-25,0.022359570084642844,0.016236775421264005
2008-06-26,-0.021166461913479262,-0.04036180085429253
2008-06-27,-0.00432086516519492,0.0
2008-06-30,-0.004344598398676847,-0.010514848431998458
2008-07-01,-0.02326396012750387,0.014169631977847486
2008-07-02,-0.03684652745045791,-0.024014024553043023
2008-07-03,0.0038671035553947686,-0.0017884609429034137
2008-07-07,0.0019234539510288862,0.006049778821120455
2008-07-08,-0.006917487280919787,0.023830021252483125
2008-07-09,-0.023980444993556116,-0.026538388168793614
2008-07-10,0.008719137907515995,0.011842787193391047
2008-07-11,-0.007859449459899581,-0.01590116812427378
2008-07-14,-0.003958128884527179,-0.00740579620077475
2008-07-15,0.03976047379771619,0.0002269620477715062
2008-07-16,0.042446224954990175,0.024863658058845717
2008-07-17,0.009539392286676662,0.006616718921780063
2008-07-18,-0.06032214496523436,-0.02300629007139543
2008-07-21,-0.008506742045557458,0.004261937046506237
2008-07-22,0.006238825683344551,0.0
2008-07-23,0.024421737854494197,0.013174745098443408
2008-07-24,-0.03745989416225681,-0.014987131361837713
2008-07-25,0.028300865800865882,0.01297923374239307
2008-07-28,-0.02522759564279331,-0.018777176822025843
2008-07-29,0.023920836122568012,0.02071065093214819
2008-07-30,0.004597531463037763,0.005074514434626698
2008-07-31,-0.01944483806464814,-0.0024155690260242446
2008-08-01,-0.010886669449885922,-0.012756863222872061
2008-08-04,-0.006287878787878731,-0.010026789524833046
2008-08-05,0.036789771180256725,0.03376114767125982
2008-08-06,0.030899082954294776,0.01523898527350287
2008-08-07,0.013694931143231281,-0.007720402648691893
2008-08-08,0.027019827607870806,0.02269304046842424
2008-08-11,-0.008177507206091894,0.009087938669215756
2008-08-12,0.007884738737849784,0.0010463208411164437
2008-08-13,-0.007465682338888113,-0.002092868315856533
2008-08-14,0.0,0.0115312883257499
2008-08-15,-0.0035858204722235554,-0.0018652968691710292
2008-08-18,-0.004316489782987487,-0.011627182642362843
2008-08-19,-0.009426082806347602,-0.012394220070734208
2008-08-20,-0.001099132739099118,0.0017009557751499482
2008-08-21,-0.004029563530942637,-0.004672748345425748
2008-08-22,0.02428528908776295,0.0132298057133855
2008-08-25,-0.006466674218507551,-0.02105797685979327
2008-08-26,-0.01409819162436543,-0.0012906076031679037
2008-08-27,0.010634339615052113,0.006461377118275546
2008-08-28,0.013786138239493484,0.008131044887417227
2008-08-29,-0.023266427835304526,-0.021014783826944106
2008-09-02,-0.006958784900692905,-0.01235914576786823
2008-09-03,-0.007381959482706146,-0.009438550627716813
2008-09-04,-0.020444988148941023,-0.03236002639129698
2008-09-05,-0.026564467617888,-0.004809928538204611
2008-09-08,0.018324789248886697,-0.003221231981814454
2008-09-09,-0.0007664162690227405,-0.019856081374500123
2008-09-10,0.013023309570215025,0.008244132884658306
2008-09-11,0.034040346419125456,0.018690807724347724
2008-09-12,0.0102410303218754,-0.0038982279338598547
2008-09-15,-0.028962052463313515,-0.03108469649911927
2008-09-16,-0.030950603777057495,0.007842255498490491
2008-09-17,-0.05463523751239785,-0.05187307339661695
2008-09-18,0.028081610786195865,0.03382068094752988
2008-09-19,-0.003957139134966203,0.032692056812788195
2008-09-22,0.009537044606120038,-0.04708519576722425
2008-09-23,0.0015762908580527757,-0.0075846681954470085
2008-09-24,0.011005891008262436,0.006900824802041905
2008-09-25,0.03460408681142346,0.015914415558754724
2008-09-26,0.029690317926521326,-0.010122031185747504
2008-09-29,-0.08722827174826842,-0.07935665866700348
2008-09-30,0.06717616679733096,0.028820737027924315
2008-10-01,-0.00787037512714861,-0.010537982373475918
2008-10-02,-0.00868363003697148,-0.04545508999970049
2008-10-03,0.002663950481861521,-0.015509251269951396
2008-10-06,-0.05356984709958057,-0.03648532364470791
2008-10-07,-0.0674457263639967,-0.06339598176778394
2008-10-08,-0.009467651207951788,-0.00796380793626128
2008-10-09,-0.030855406250931194,-0.026859996938423114
2008-10-10,-0.03587744486187039,-0.006343376402932477
2008-10-13,0.1860499228326169,0.12164699472060447
2008-10-14,-0.05490522919747276,-0.04326733713205366
2008-10-15,-0.05975057463416855,-0.08955613039570187
2008-10-16,0.06752308455664346,0.05424714934923003
2008-10-17,-0.010747019912595412,0.0012402868029195435
2008-10-20,0.03300959747887133,0.02786295922119364
2008-10-21,-0.05501813784764209,-0.05180845078249274
2008-10-22,-0.07833676709691428,-0.027636451545553498
2008-10-23,0.036695728596811916,-0.003917668685772813
2008-10-24,-0.01613190566582523,-0.03214156052400685
2008-10-27,-0.03552139463151782,-0.02778939142326864
2008-10-28,0.09065308024963104,0.11049261895479745
2008-10-29,-0.004327154228324193,-0.002511717124192514
2008-10-30,-0.016090186119159133,0.03335498220317756
2008-10-31,-0.013251092139624387,0.001523855002036445
2008-11-03,0.0129869332416368,-0.0021315532993499975
2008-11-04,0.04022525171090674,0.028338544777430252
2008-11-05,-0.06162336035243299,-0.05214967064804432
2008-11-06,-0.05434323612698111,-0.044699241615963614
2008-11-07,0.029688536324295134,0.020612683044624935
2008-11-10,-0.009298350786342002,-0.013464254290298516
2008-11-11,-0.0046992481203007586,-0.021776115599658197
2008-11-12,-0.042454111529356964,-0.04617665424205386
2008-11-13,0.046801756163458386,0.06095097334398969
2008-11-14,-0.05600113563773146,-0.048587425188236
2008-11-17,-0.036889952153110195,-0.021048192004074373
2008-11-18,0.02241258170514482,-0.001056747331713015
2008-11-19,-0.0677907275390286,-0.05222192384997848
2008-11-20,-0.04155031832905187,-0.048402398870109886
2008-11-21,0.12264304859573483,0.04342981395600631
2008-11-24,0.051321444142255146,0.06111675565835828
2008-11-25,-0.03383426476299567,-0.00459599643076869
2008-11-26,0.025017543620594607,0.041890603062590515
2008-11-28,-0.013180546231613355,-0.007837760325610788
2008-12-01,-0.07962092330904047,-0.07520333251498768
2008-12-02,0.02901679534560353,0.03341896810104905
2008-12-03,0.0375933432899509,0.02838557311843548
2008-12-04,-0.038246422108899614,-0.02830310306761319
2008-12-05,0.03976738219447551,0.04063338322670518
2008-12-08,0.05737648736085976,0.03939342021906045
2008-12-09,-0.019518108214977903,-0.0023268472944171226
2008-12-10,0.0004892367906066397,-0.003331271300732741
2008-12-11,-0.05628758342694762,-0.027417750603329183
2008-12-12,-0.004628462594179816,0.02028285807152308
2008-12-15,-0.01652468150065778,-0.017521435592212753
2008-12-16,0.05619375974592633,0.04801315992391908
2008-12-17,-0.022376031098890747,-0.012108017552663553
2008-12-18,-0.01830915665655264,-0.017557730060881127
2008-12-19,-0.009328845326050828,0.008222373408494521
2008-12-22,0.0031412717520604705,-0.02176679262743897
2008-12-23,0.005211957679471579,-0.005136088610339096
2008-12-24,-0.0057076657907377815,0.002753653047640192
2008-12-26,-0.002081616414220333,-0.0003437553094390866
2008-12-29,-0.008892021386414983,-0.008241106719367619
2008-12-30,0.02004827100722628,0.020767989159675704
2008-12-31,0.005168832083377373,0.008480201150995903
2009-01-02,0.0457828624272274,0.0433762553329875
2009-01-05,0.00934523091764139,-0.00032281764142738645
2009-01-06,0.01169450915583159,0.009992019746487779
2009-01-07,-0.06021084949911759,-0.028407942463810176
2009-01-08,0.03126636091390744,0.010515286881990438
2009-01-09,-0.029824276392386162,-0.022432502236512608
2009-01-12,-0.0025605961235225516,-0.018291188678378312
2009-01-13,0.017977182269042213,0.0003393307773016385
2009-01-14,-0.0368311470566004,-0.030478722989464857
2009-01-15,0.007854803843931224,0.01638401492819419
2009-01-16,0.024428399518652055,0.011027535205416106
2009-01-20,-0.06240283027342253,-0.04962468397529729
2009-01-21,0.04869924091679545,0.042559237022212315
2009-01-22,-0.11712743678758653,-0.013378203836902025
2009-01-23,0.005261440249620053,0.004868167151081293
2009-01-26,0.024997624552623998,0.007266874367534815
2009-01-27,0.0016995110043338535,0.007214447881151553
2009-01-28,0.02151632232839007,0.03513057137247211
2009-01-29,-0.024943567443510894,-0.0253721604273206
2009-01-30,-0.027858000077426337,-0.01757827704859327
2009-02-02,0.042689774365427535,0.012044755776728255
2009-02-03,0.03758106281078866,0.01564017037802623
2009-02-04,0.007023123302193124,0.0013375631680587752
2009-02-05,0.022011682055105952,0.02206533371315067
2009-02-06,0.03256033533139724,0.026172666531076638
2009-02-09,-0.011187774498801595,0.004143803563891213
2009-02-10,-0.032920225026096483,-0.03682598397567105
2009-02-11,0.021805273833671368,-0.004614643143118435
2009-02-12,0.00260191421481748,0.012249659731674134
2009-02-13,-0.008824964466789709,-0.004576167770219963
2009-02-17,-0.04588746441795266,-0.03976677223212288
2009-02-18,0.0016599744274210515,0.0006856305239555383
2009-02-19,-0.011593099381153826,-0.015388553090114332
2009-02-20,0.005029983535489224,0.0027794774582379222
2009-02-23,-0.043893531321389845,-0.03498416699236673
2009-02-24,-0.002318617318106453,0.03302062239120551
2009-02-25,-0.012234511880002574,-0.006601056168986985
2009-02-26,-0.031838446998396996,-0.027981152591518677
2009-02-27,-0.016442734634363187,-0.009359385487359262
2009-03-02,-0.0222873654675656,-0.03232498128421646
2009-03-03,0.005696712183254293,-0.0007520291821898617
2009-03-04,0.015110861250947405,0.026669550173010315
2009-03-05,-0.05273006469586228,-0.03000008425806555
2009-03-06,0.0006555111658355095,-0.007921996134552356
2009-03-09,-0.008507210325504833,-0.02129401412304477
2009-03-10,0.08779307512365842,0.061769481608717314
2009-03-11,0.03822382730742402,0.015368671166047454
2009-03-12,-0.005842266704613741,0.03315575028836504
2009-03-13,-0.021168481070034106,0.0024417180377904746
2009-03-16,-0.024022877383399255,-0.0167018544707207
2009-03-17,0.04000532738442075,0.03786199703394666
2009-03-18,0.0035457019369296017,0.012613008710945062
2009-03-19,0.010615474187090745,-0.0006706726109712013
2009-03-20,-0.004664046593115256,-0.01522633904498838
2009-03-23,0.0744352735028504,0.05894379402171346
2009-03-24,-0.021821106773619814,-0.018443911240072164
2009-03-25,-0.002783771142326863,0.004612346839386605
2009-03-26,0.053130082838446,0.030851762149437523
2009-03-27,-0.03717458766737547,-0.018784857933336174
2009-03-30,-0.03584938037647445,-0.02465696202059542
2009-03-31,0.050910019500417736,0.008649830980314022
2009-04-01,0.05116820193362637,0.014838685218182546
2009-04-02,-0.001029729048166228,0.03217599856547282
2009-04-03,-0.02799963536663186,0.018577834721332565
2009-04-06,0.0005338489063311247,-0.002473083892975181
2009-04-07,0.0,-0.026341661501634972
2009-04-08,0.02292162376523188,0.016869162468583054
2009-04-09,0.025016035920461865,0.030983989926245625
2009-04-13,-0.00407102284448968,-0.0015179961055546976
2009-04-14,-0.012249181776752827,-0.012158936416346577
2009-04-15,-0.026871347482034458,-0.0027702301095355875
2009-04-16,0.04938652950979838,0.02592375782732881
2009-04-17,-0.02834005325739475,0.002106013030307219
2009-04-20,-0.03073064539991399,-0.03212080847260523
2009-04-21,0.0193486019145086,0.01395499745073514
2009-04-22,-0.010018325335310774,0.0030592115673360176
2009-04-23,0.007454731413589766,0.00975962027224564
2009-04-24,0.10518112859522577,0.017518339403071126
2009-04-27,-0.02438787721965263,0.001187360749538513
2009-04-28,-0.02304147465437789,-0.007412203724845301
2009-04-29,0.016058096918691422,0.013740300762205448
2009-04-30,0.0004943021655778868,0.010018221105323466
2009-05-01,-0.0009881159033248155,0.002625578432030151
2009-05-04,-0.0024727331052182278,0.0197824102099311
2009-05-05,-0.019810802481542544,-0.0008559678339751242
2009-05-06,0.0,0.00028556704753213147
2009-05-07,-0.02375175147807662,-0.023406531383718843
2009-05-08,0.005180984387033627,0.0005846558090931708
2009-05-11,-0.005154280142090961,0.003505885118457952
2009-05-12,0.029503605685080148,-0.01222772890181345
2009-05-13,-0.0070387095019178725,-0.026821377149148784
2009-05-14,0.015697662472861307,0.011205954229299042
2009-05-15,0.007977019709914268,-0.0005990147240573229
2009-05-18,0.018791308768831394,0.026072758462709622
2009-05-19,-0.007813885076792704,0.00467314819788367
2009-05-20,0.003447979193000661,-0.003488558597091629
2009-05-21,-0.027482456603176275,-0.01837904902421028
2009-05-22,-0.003526451779162665,-0.003269123690386344
2009-05-26,0.02986994426182643,0.037267549060600036
2009-05-27,-0.010322086092277583,-0.00689561746669487
2009-05-28,0.015898346732192037,0.011574713293786232
2009-05-29,0.021512373065168067,0.012303978319212705
2009-06-01,0.024411586817485675,0.028548778546341858
2009-06-02,0.0,0.0013740776306478963
2009-06-03,0.015419691983016293,-0.003018822690695311
2009-06-04,0.004602052366902365,0.011282882039145292
2009-06-05,0.014204702883425568,0.001088792941618122
2009-06-08,-0.004067557886812678,-0.0029877987798779815
2009-06-09,0.0013593582366135948,0.007632941707522045
2009-06-10,0.021287993620298318,-0.0035184649413434466
2009-06-11,0.012415955366935183,0.0
2009-06-12,0.02190154900471586,-0.004614193483934548
2009-06-15,0.0038600918356177516,-0.020464938307228064
2009-06-16,0.001279836548229163,-0.009749834300845639
2009-06-17,0.009807180851063801,0.009535419118693156
2009-06-18,-0.007600397332198083,-0.0019217403280410439
2009-06-19,0.024257018005445108,0.0107311218579218
2009-06-22,-0.032823869061911815,-0.02986718990605186
2009-06-23,0.0025808463097360956,-0.0022811025219764414
2009-06-24,0.00556880089377243,0.016857083813066387
2009-06-25,0.013635869036096926,0.019667995716073694
2009-06-26,-0.018497802185384882,0.0022050472487527006
2009-06-29,0.021839742113746174,0.002200195713248476
2009-06-30,-0.003768716833601915,-0.0019213385114981163
2009-07-01,0.011354576041165965,0.0005522647588813712
2009-07-02,-0.027866460165610896,-0.021980621475341633
2009-07-06,-0.007275592543811715,-0.005337280663564203
2009-07-07,-0.028881138328196276,-0.024851829276200665
2009-07-08,0.00133636401601267,0.005213407234267553
2009-07-09,-0.005320448276067591,0.0017298920719344135
2009-07-10,-0.0022282120395327176,0.00431230890131884
2009-07-13,0.03751395742535002,0.01918726985796959
2009-07-14,-0.00516701672771025,0.003654885869495139
2009-07-15,0.043708632382193136,0.03359378264321222
2009-07-16,0.013262821191536212,0.011916126885605838
2009-07-17,-0.006137634810728709,0.005353197321557479
2009-07-20,0.00988307426693158,0.00958567040088032
2009-07-21,0.01223020400111774,0.006857589216781701
2009-07-22,-0.00120716068228921,0.008380543427272347
2009-07-23,0.030643657727578155,0.022078886393930963
2009-07-24,-0.08255066732575389,-0.007623699113340376
2009-07-27,-0.01450155906089512,0.007682266400889315
2009-07-28,0.015581560366187075,-0.006862204483190415
2009-07-29,0.014059663369852204,0.006654034283699817
2009-07-30,0.0004179185397701346,0.005845444463900007
2009-07-31,-0.012176671822605734,-0.003031947148373737
2009-08-03,0.013178272423350457,0.01495556111728713
2009-08-04,-0.002515638131659226,0.0
2009-08-05,0.001679436794933542,-0.007741780093302841
2009-08-06,-0.014700071129376435,-0.008810687256723515
2009-08-07,0.004262682052045719,0.012696496874708307
2009-08-10,-0.005939001152428625,-0.007021473213900009
2009-08-11,-0.012385144713356722,-0.00858449977386333
2009-08-12,0.01729398023047013,0.01553676859777231
2009-08-13,0.003827281088090384,0.0055172254921156405
2009-08-14,0.0029647923791746855,-0.011472198675800072
2009-08-17,-0.018575886524822782,-0.029019137508473736
2009-08-18,0.01989871427250023,0.014291297822889293
2009-08-19,0.0029645501025972187,0.0069184813462799255
2009-08-20,0.0008477402071878082,0.011705729585084867
2009-08-21,0.03126076423985413,0.013328790302554516
2009-08-24,0.009423579207893606,-0.0009916394535726125
2009-08-25,0.0,0.0029807237026009403
2009-08-26,-0.0036507041031093035,-0.0017347731002101963
2009-08-27,0.00570028583095139,0.002481333025659449
2009-08-28,-0.0004060155260336984,0.000991781569345207
2009-08-31,-0.0012131255855768464,-0.010137945327205022
2009-09-01,-0.02636872841239979,-0.018736914561046092
2009-09-02,-0.0058364891958120335,-0.0007628523077012339
2009-09-03,0.010481088106121694,0.006622284103008136
2009-09-04,0.02115498688900841,0.02151449991282628
2009-09-08,0.008121651040450928,0.009415606581252955
2009-09-09,-0.0016101672096718866,0.008589448054692861
2009-09-10,0.008878292951304267,0.009491425026962652
2009-09-11,-0.0056030196426472,0.0009659589425932147
2009-09-14,0.0056345903631300764,0.0038518117064105795
2009-09-15,0.00799820361202297,0.003120859627425032
2009-09-16,0.0,0.01458917989752151
2009-09-17,0.003967369973161938,-0.00023546159946097323
2009-09-18,-0.0015796202571768392,0.0016702761234435037
2009-09-21,0.0015821194050382736,0.003062021474689036
2009-09-22,0.018575066301786736,0.0018806412501684022
2009-09-23,-0.00232362734826419,-0.004690088423226824
2009-09-24,0.008941846803289799,-0.008951537946090826
2009-09-25,-0.015035501921947247,-0.008795199446006041
2009-09-28,0.010959635062461892,0.017025841321359314
2009-09-29,-0.00309442124490944,-0.004478641262457561
2009-09-30,-0.001167902913528529,0.000709048381006161
2009-10-01,-0.032656370174818594,-0.029585188402649454
2009-10-02,0.003212566615093726,-0.002926185160940342
2009-10-05,-0.012819826284392377,0.008072028191775882
2009-10-06,0.019078048039577356,0.01771534652776441
2009-10-07,-0.0003992228461927594,0.00286059651368209
2009-10-08,0.022706214388412693,0.0042786552641913556
2009-10-09,-0.004675768273506464,0.005683283868217259
2009-10-12,0.006654250978258558,0.002116824978534826
2009-10-13,0.003502608767954829,0.0002344065741612944
2009-10-14,0.005810400720862585,0.013622025821779626
2009-10-15,0.02888932366751784,-0.002317336975875106
2009-10-16,-0.00786148572572376,-0.006502016397547328
2009-10-19,-0.005280837670984195,0.010051450341974633
2009-10-20,0.00037522120304034345,0.00023093462161227762
2009-10-21,0.007967925551596311,-0.0018497042330891666
2009-10-22,0.00037211547648374754,0.003940231840901642
2009-10-23,0.053780845192196614,-0.004155168669657483
2009-10-26,0.023555114579556946,-0.0032470554446017985
2009-10-27,-0.0031364470998349603,-0.015119579949414708
2009-10-28,-0.019939130719351494,-0.022438337238754436
2009-10-29,0.007136178900570389,0.016912282257483424
2009-10-30,-0.0173635450808024,-0.026847247012657838
2009-11-02,0.005412935131539509,0.004152747169663407
2009-11-03,-0.012555791532630978,0.003159544445559881
2009-11-04,0.019250376268388658,0.0016957209454895317
2009-11-05,0.0146140472050873,0.02467953787960786
2009-11-06,0.0017558438144065214,0.005904146986176695
2009-11-09,0.016477877184513767,0.02136172229222555
2009-11-10,0.0006915852517139776,0.002528035091974079
2009-11-11,0.0037918753426740004,0.006418532493656315
2009-11-12,0.008243599276619662,-0.005695683299106857
2009-11-13,0.009195946499622076,0.008248240778209182
2009-11-16,-0.0030403911909852033,0.010224000208493456
2009-11-17,0.020062622167523303,0.0031499272498376474
2009-11-18,0.0036683492871780743,-0.005536853637273076
2009-11-19,-0.010960405535004658,-0.015624676748660637
2009-11-20,-0.00537559933687537,-0.005041323616722715
2009-11-23,0.010804812521901574,0.016114169538067546
2009-11-24,-0.0010000400015999222,-0.0033962342596106643
2009-11-25,-0.004013062473861795,0.004317773530692515
2009-11-27,-0.019136618661330096,-0.015164063169317732
2009-11-30,0.00650332452864566,0.001149346506882809
2009-12-01,0.020401976399044397,0.010329610144767187
2009-12-02,-0.00766239352243947,0.0013630262832124984
2009-12-03,0.001675685578826469,-0.004083512914207166
2009-12-04,0.005032030120804443,0.005239652013933949
2009-12-07,-0.0063384407790778585,-0.004759998336210436
2009-12-08,-0.007383947396633617,-0.006101877319875659
2009-12-09,0.0047342390790734434,0.010034244685240612
2009-12-10,0.005383785042752276,0.004990697734930993
2009-12-11,-0.0006682556300536824,-0.003837062084286025
2009-12-14,0.008710964491897455,0.009517844008202658
2009-12-15,-0.0029920139303217796,-0.005612582483078499
2009-12-16,0.0026641015638850796,0.0013566940163061147
2009-12-17,-0.016609709407452877,-0.012173018200058339
2009-12-18,0.02567480084159035,0.01640365502854335
2009-12-21,0.005272916146168871,0.011245995529414188
2009-12-22,0.0098277741443209,0.006004843601581822
2009-12-23,0.003246921469404862,0.00729797666571308
2009-12-24,0.0025865482277194207,0.009217840592675941
2009-12-28,0.005481698339178553,0.005219227474650978
2009-12-29,0.007057045518583882,-0.00410960940131988
2009-12-30,-0.013697236388609757,0.003039581721716589
2009-12-31,-0.01550357609517905,-0.00909607167744153
2010-01-04,0.015420281249863388,0.014645267691568487
2010-01-05,0.0003224683013660634,0.0
2010-01-06,-0.0061378172065194025,-0.006033026255749974
2010-01-07,-0.010396664763782981,0.0006501418152851102
2010-01-08,0.0068961297765968155,0.008230605751752496
2010-01-11,-0.01272124373920358,-0.004080478146444522
2010-01-12,-0.006607435673118722,-0.012511391392182603
2010-01-13,0.009311052892444938,0.0124498243069191
2010-01-14,0.020098916131747746,0.0008645753823275371
2010-01-15,-0.003227941682140134,-0.011641940603149714
2010-01-19,0.007774735344214134,0.01614159857762143
2010-01-20,-0.01639652900200239,-0.014381205150889587
2010-01-21,-0.018962397118446495,-0.00936499546211611
2010-01-22,-0.03498627597919457,-0.029236469072164928
2010-01-25,0.012429523910176599,0.0033964573135318865
2010-01-26,0.006140733075540528,0.0009017948042149282
2010-01-27,0.005760425829442584,0.00789198538808078
2010-01-28,-0.01718678519209549,-0.02572666823765668
2010-01-29,-0.03361018573449548,-0.01745152063265054
2010-02-01,0.008164710882345938,0.010983865357343525
2010-02-02,0.0017564896437372024,0.009014516918760984
2010-02-03,0.005975620590174424,0.0055004577157231616
2010-02-04,-0.027595086150399628,-0.02893790858198242
2010-02-05,0.006467186080971299,0.008448736719096406
2010-02-08,-0.010709383889857205,-0.007213830949146294
2010-02-09,0.010465272577145468,0.01031174030406623
2010-02-10,-0.0007173805632625374,-0.0020875107894562372
2010-02-11,0.00464492695056018,0.015108892076680647
2010-02-12,-0.006757716005565073,0.002060742076892552
2010-02-16,0.019786931953536646,0.012796897975416055
2010-02-17,0.008465746896593629,0.005642055010036451
2010-02-18,0.013291576133536598,0.006280874544347448
2010-02-19,-0.006903803950256027,-0.00044419256513539285
2010-02-22,-0.001390359559872989,-0.002007416715192001
2010-02-23,-0.013922953510243974,-0.012964413121030138
2010-02-24,0.010589654398563741,0.01018937194059566
2010-02-25,-0.0010501820469760448,-0.00022329105347196343
2010-02-26,0.0024499133962561093,0.003586290461288888
2010-03-01,0.012205770252477599,0.0145215585159717
2010-03-02,-0.019297388827779538,0.0030836104716689405
2010-03-03,0.0,0.0010984425743272297
2010-03-04,0.005975734051910875,0.003289201125860952
2010-03-05,-0.0013971584942147341,0.015083224261292383
2010-03-08,0.0013991132772144255,0.0019378220458075024
2010-03-09,0.005935610424097737,0.00558568489847322
2010-03-10,0.005905185893780196,0.008121546690940784
2010-03-11,0.007246708119970746,0.0038156729007123857
2010-03-12,0.003086629899457627,0.00021278807999869365
2010-03-15,0.0006833042966716274,-0.0025335734748395122
2010-03-16,0.0027313508429200883,0.006350021934236061
2010-03-17,0.008852710381527906,0.002733510429486108
2010-03-18,-0.0006750021233510317,0.0033577357620475645
2010-03-19,-0.0006754580589750647,-0.006039497307001707
2010-03-22,0.00033571917762231784,0.009055287830511904
2010-03-23,0.00945962877445461,0.0069381627592264294
2010-03-24,-0.007695376568110257,-0.004818745940923463
2010-03-25,0.012141842450883011,-0.0014576252616936847
2010-03-26,-0.011665166039934283,0.001042339993655439
2010-03-29,-0.002357890224133574,0.00479167758752963
2010-03-30,0.006083231498516195,0.0033175479076210657
2010-03-31,-0.016123865456486808,-0.00475305840754825
2010-04-01,-0.004440706171767728,0.0
2010-04-05,0.0037746304859327395,0.009344906610304404
2010-04-06,0.0017059981446703176,0.0028798644769658654
2010-04-07,0.0010254695927938151,-0.0024610317095372647
2010-04-08,0.019418833967390192,0.0022601394654218065
2010-04-09,0.014037681724009765,0.005950872450464217
2010-04-12,-0.0006592072923169434,0.0008164369757308609
2010-04-13,0.004289858111413913,0.00509507227730599
2010-04-14,0.012149077400888997,0.011961189904180491
2010-04-15,0.0016244998646250952,0.004408940708455544
2010-04-16,-0.0064788792826036,-0.011968697953503415
2010-04-19,0.01206192913130777,-0.0006073005375648588
2010-04-20,0.01030945431580399,0.005050820122874056
2010-04-21,-0.0009545370073152926,0.005627754392659945
2010-04-22,0.0019151256880500789,0.005598546069701893
2010-04-23,-0.013700942229873725,0.004173827645470141
2010-04-26,0.00484718324320621,-0.0021778502218599005
2010-04-27,-0.008357565874904771,-0.021227067914819542
2010-04-28,0.001944923877482685,0.0006096401963828768
2010-04-29,0.002909580189144112,0.017418600071814838
2010-04-30,-0.014838963280722428,-0.01975937192611743
2010-05-03,0.010478243332914028,0.01406484462469737
2010-05-04,-0.02365347720278632,-0.030041620758611054
2010-05-05,-0.009293206376001284,-0.005162405595991015
2010-05-06,-0.0291483999219041,-0.03341641741442336
2010-05-07,-0.026568248817386064,-0.024907719624837066
2010-05-10,0.02587542609234572,0.05196944396170666
2010-05-11,-0.002073292965907414,-0.0010462680313640949
2010-05-12,0.019390937442671285,0.018859739525163066
2010-05-13,-0.006793600518293252,-0.015836013050831932
2010-05-14,-0.010599842361318834,-0.019226770242007807
2010-05-17,0.000343378292997798,0.003194981612405723
2010-05-18,-0.007286274617493427,-0.013805685522857214
2010-05-19,-0.012590997736294463,-0.007968785025088798
2010-05-20,-0.04001027221366216,-0.03712468092291499
2010-05-21,-0.009961041045520203,0.011047700587714981
2010-05-24,-0.021237712045511614,-0.004014722349046207
2010-05-25,-0.007614315113185666,0.0008963258323666512
2010-05-26,-0.040659946488091236,-0.011186363485171547
2010-05-27,0.03958370678110845,0.037783890224369454
2010-05-28,-0.007688328549258938,-0.005886855681027647
2010-06-01,0.0034855314668873483,-0.009209886080330576
2010-06-02,0.022017030985800767,0.02368174569020076
2010-06-03,0.015119274832935403,0.00951321141981043
2010-06-04,-0.03983701921896854,-0.034213388465382466
2010-06-07,-0.01938749424817221,-0.01824153805181794
2010-06-08,-0.007116862532456136,-0.0018058609099574907
2010-06-09,-0.012744639847085293,-0.008375304756531254
2010-06-10,0.008473133836154334,0.028527580140836895
2010-06-11,0.026397818553895336,0.00954150045169877
2010-06-14,-0.00623830959281424,-0.00022120112209300657
2010-06-15,0.042354827033455944,0.026819027505405435
2010-06-16,-0.009782668009385875,0.004067021378183933
2010-06-17,0.0019037217760722314,0.003199469356301776
2010-06-18,0.0026501457580168086,0.0008362098303273946
2010-06-21,-0.018531909694343263,-0.00851055561492653
2010-06-22,-0.006935869880032253,-0.007726226054578511
2010-06-23,-0.017847092172453727,-0.004107972527933601
2010-06-24,-0.012247981245115835,-0.015200717894309101
2010-06-25,-0.0188028417871402,-0.0017645430060159173
2010-06-28,-0.008966102970424883,-0.0035328026144251234
2010-06-29,-0.041135567295488173,-0.038573467487245994
2010-06-30,-0.01287461393128253,-0.01521879318286512
2010-07-01,0.006521265744444227,-0.002809086365373692
2010-07-02,0.0047482407597185805,-0.0028169995604301334
2010-07-06,0.023634674010358347,0.003061490534645328
2010-07-07,0.020155107418252882,0.03192293263304591
2010-07-08,0.0045254761517175,0.0054610185072176964
2010-07-09,-0.0057366954041615514,0.00950164774429485
2010-07-12,0.02307374688963515,0.0029139750559641353
2010-07-13,0.012081206952402557,0.012961271791313456
2010-07-14,0.012335767955337529,0.005074352484921718
2010-07-15,0.0027522222510170113,0.0008769512164565896
2010-07-16,-0.02430401207447297,-0.027632303609873343
2010-07-19,0.013662562776800558,0.00857057530211991
2010-07-20,0.00990890704128189,0.012076548623998429
2010-07-21,-0.014127582941331651,-0.01370049586109856
2010-07-22,0.028660063304096095,0.025313898478455554
2010-07-23,-0.0011583464731667048,0.006337464365792078
2010-07-26,0.011234175598491936,0.00824803588688705
2010-07-27,0.002298664753638713,-0.00043016779001925354
2010-07-28,-0.008029395753946789,-0.007970135966929082
2010-07-29,0.003084302576688458,-0.0073822142676536195
2010-07-30,-0.008449419988855622,0.002187681058078539
2010-08-02,0.02014386283986047,0.018771492648891108
2010-08-03,-0.006455166887848307,-0.004285368353337371
2010-08-04,-0.016436823323050853,0.010071705631065964
2010-08-05,-0.01399031439772469,-0.0023006899637871836
2010-08-06,0.007094410228424275,-0.0014942654819797285
2010-08-09,0.0023481447076432183,0.006842894180488335
2010-08-10,-0.021088943235937796,-0.00865611929441712
2010-08-11,-0.008373262363973843,-0.02726394443017699
2010-08-12,-0.014883020309010897,-0.007930441429390478
2010-08-13,-0.0036773613451712706,-0.007104224009894633
2010-08-16,0.004101638493796189,0.0017894019415392037
2010-08-17,0.013949958828246567,0.012768440471701004
2010-08-18,0.004453314508038764,0.003922377680438238
2010-08-19,-0.01531404897536437,-0.015147034499350842
2010-08-20,-0.008591821401738753,0.0013359526487486395
2010-08-23,0.0020623690720422694,-0.00979408035008622
2010-08-24,-0.009880077787381203,-0.018660384089270066
2010-08-25,0.002493302999056146,0.009621369430249604
2010-08-26,-0.011619174086248574,-0.01202672144268857
2010-08-27,0.004619713346511567,0.012173124216730447
2010-08-30,-0.012118255760419139,-0.010438873016160755
2010-08-31,-0.0071903728896310914,-0.0034395474665402936
2010-09-01,0.018318477744558415,0.029914922789607834
2010-09-02,0.0016737733436502644,0.011170562761730451
2010-09-03,0.014622414095371683,0.016570739655267896
2010-09-07,-0.013585533242979064,-0.006738584599505715
2010-09-08,-0.0012535512724366482,0.012034890691818845
2010-09-09,0.00334334509898504,0.0038923471075196225
2010-09-10,-0.0066644087795392215,0.0036608962680495516
2010-09-13,0.05283157906314262,0.013948361177796187
2010-09-14,-0.0031862271414319077,0.0042327633276477705
2010-09-15,0.0035946530845372138,0.0063223838370229934
2010-09-16,0.008359222033677005,0.0039804539390955185
2010-09-17,-0.004344314074749112,0.003481292221383603
2010-09-20,0.00832609588791744,0.017395905756950825
2010-09-21,-0.011006354183858758,-0.00020291450535503408
2010-09-22,-0.0214754320639986,-0.0026640850081066647
2010-09-23,-0.007312029674476084,-0.0004093347024604066
2010-09-24,0.014329124253747327,0.020341735541058004
2010-09-27,-0.002021880772548945,-0.00543756206411794
2010-09-28,-0.0020206734517451697,-0.0004058385408258758
2010-09-29,-0.00729127916245953,-0.0016193995764647307
2010-09-30,-0.00041220998083491,-0.004464038152276473
2010-10-01,-0.004487979391712749,-0.00122313512509864
2010-10-04,-0.01928094554101234,-0.010812556787418104
2010-10-05,0.018403831068738663,0.024339879721856805
2010-10-06,0.0032856819675310955,-0.008659736125731343
2010-10-07,0.004090967658806788,0.003655165234289104
2010-10-08,0.0016307893020222064,0.006882642418375218
2010-10-11,0.0008167361515178939,0.0004006125938864624
2010-10-12,0.009760832924409435,0.006832858130094266
2010-10-13,0.020537308387124087,0.008181966944853514
2010-10-14,-0.00433742921915925,-0.0019792962902848155
2010-10-15,0.012284003243850261,0.02122137542521818
2010-10-18,0.010964067643418618,-0.003689375792120919
2010-10-19,-0.027887555749713022,-0.009357496320272829
2010-10-20,0.008365905148088437,0.007281063855535175
2010-10-21,0.004347758494711584,0.001953390066188332
2010-10-22,-0.0015736899675974358,0.006823536203822256
2010-10-25,-0.0074829334339325815,0.004840922223251498
2010-10-26,0.028184047610369634,0.002697417371016808
2010-10-27,0.005793226381461736,0.0030754076830468158
2010-10-28,0.008826076449027331,0.0021079966394257355
2010-10-29,0.014842615374633716,-0.0022951912042350475
2010-11-01,0.010499500843402565,0.0007682788153664522
2010-11-02,0.016322915348601752,0.010723655944464783
2010-11-03,-0.01314453723567266,0.00454647459411861
2010-11-04,0.004071096187532541,0.01225880316104
2010-11-05,-0.01068497917129796,0.0
2010-11-08,-0.0014898761693085127,0.0012583554376657258
2010-11-09,0.0052247933075681985,-0.0053492369283850705
2010-11-10,-0.0003747359814676443,0.004958248014676592
2010-11-11,-0.009649417480927514,-0.006144438837602739
2010-11-12,-0.015367296073621417,-0.016390469932671792
2010-11-15,-0.0026660941720380027,-0.0037131423985772294
2010-11-16,-0.00883064092231145,-0.016534125171708824
2010-11-17,-0.009298214601378696,0.0029152776486525145
2010-11-18,0.010558030934877616,0.016085637035810896
2010-11-19,-0.005806532980199397,0.00076244181222207
2010-11-22,0.0015577904746439941,0.008384811401433545
2010-11-23,-0.023705422507738882,-0.015874655869748233
2010-11-24,0.009948002615437268,0.020163953788478572
2010-11-26,-0.004727184910003568,-0.0028600770548495857
2010-11-29,0.0023748186619445555,-0.004493782883632447
2010-11-30,-0.001972610077307757,-0.012233340604798748
2010-12-01,0.030875856659235312,0.021216487767119485
2010-12-02,0.03264433642539255,0.010151251723635957
2010-12-03,0.004833236377739025,0.0026071639778961764
2010-12-06,-0.006662581955547253,-0.0004651093958439878
2010-12-07,0.0011170688114388039,0.0006493410351806617
2010-12-08,0.01339957113610124,0.0037117359340850253
2010-12-09,-0.005510129830339605,0.0010171633147308956
2010-12-10,0.009603489026990708,0.006650074789673832
2010-12-13,-0.0032946808307744435,-0.003577892303769925
2010-12-14,0.013581067828799087,0.0017492271100838508
2010-12-15,0.008325467245610785,-0.004319369535358941
2010-12-16,0.0050270543520998245,0.00775518186195856
2010-12-17,-0.003213517264505139,0.0008868189491300082
2010-12-20,-0.0032285495355747207,0.0007338439664266172
2010-12-21,0.009351401772782042,0.006047689878296181
2010-12-22,0.004272472275369976,-9.111221089985744e-05
2010-12-23,0.0039028540776500087,-0.0026052183061110457
2010-12-27,-0.008125437594428186,0.0005107771910992653
2010-12-28,-0.002136236137684988,-0.0018241623691284126
2010-12-29,-0.0014287575859117663,0.002193411034832504
2010-12-30,-0.004292405564747193,-0.002371167597777002
2010-12-31,0.002153114526969979,-0.0036598197538769695
2011-01-03,0.0025081268916040678,0.015607194586945594
2011-01-04,0.003932147166664457,-0.0008137833527873672
2011-01-05,-0.0032020790310229863,0.008594874748056425
2011-01-06,0.0292837356549267,0.0032300228997204083
2011-01-07,-0.007630549336228087,-0.0008943398450760309
2011-01-10,-0.013286356302245395,0.00375958970018897
2011-01-11,-0.0038986895044875736,0.0014268602386342533
2011-01-12,0.015651157721933373,0.0070330604438417765
2011-01-13,-0.012611065959253764,0.00035371907470316266
2011-01-14,0.0039028540776500087,0.007511863480570424
2011-01-18,0.012722482219847508,0.0028076612460989914
2011-01-19,-0.006631553093360276,-0.011372200448206637
2011-01-20,-0.0042124542124541975,-0.007078004883602107
2011-01-21,-0.011642449880448713,-0.007663246599345586
2011-01-24,0.01284961944284202,0.013828102034817213
2011-01-25,0.002466583987873694,0.0014618057932611617
2011-01-26,0.011596952077233658,0.005261655260046849
2011-01-27,0.003129840835590425,0.0061581354789805864
2011-01-28,-0.03879549733822785,-0.025358400852369845
2011-01-31,-0.0007187248974760418,0.00484590392628359
2011-02-01,0.00937364848348099,0.018750241025235148
2011-02-02,-0.0017837349453703188,-0.0016655874881705834
2011-02-03,-0.010380945715818712,0.0018000794270081055
2011-02-04,0.004337372118240701,0.005563844770125392
2011-02-07,0.0154860817725202,0.00479412976639515
2011-02-08,0.002838269487678513,0.006504286243799395
2011-02-09,-0.010961404608583858,-0.0016376005625823309
2011-02-10,-0.016806096054808428,0.0015716144070538896
2011-02-11,-0.009091814049175473,0.007220824811741355
2011-02-14,-0.0007319138350849741,0.0023961692411222923
2011-02-15,-0.004064378997357454,-0.0013659664794930526
2011-02-16,0.002225544248914968,0.006512759334890372
2011-02-17,0.007031107615274701,-0.0003571194168723313
2011-02-18,-0.005510363483959502,-0.0022091381850694036
2011-02-22,-0.017369774580841102,-0.028944949245701013
2011-02-23,0.0,-0.008241172379018225
2011-02-24,0.0067695336868371925,0.0052148854332876304
2011-02-25,-0.008219854482434674,0.01398415462336744
2011-02-28,0.0011323978035386872,0.0020622865750270503
2011-03-01,-0.015801508480939308,-0.01608066896212501
2011-03-02,-0.003056483013484157,0.005279187005201358
2011-03-03,0.004601265099454022,0.019687020729356686
2011-03-04,-0.009546185235563276,-0.005105205866402507
2011-03-07,-0.008859147544258206,-0.013413804394927675
2011-03-08,0.007386469559784503,0.004022609290160517
2011-03-09,-0.0007752442019235417,-0.006791638623856788
2011-03-10,-0.018540208827622084,-0.01560541226788692
2011-03-11,0.010628423382531338,0.006233815666131459
2011-03-14,0.00038857096718847295,-0.0035412617354597664
2011-03-15,-0.011677823233571472,-0.01421134888679787
2011-03-16,-0.023631612257814294,-0.02414789020893071
2011-03-17,-0.0004025217727685604,0.009233623908767807
2011-03-18,0.0008053677235810852,-0.002256608639587543
2011-03-21,0.02137209922088501,0.019283964771483753
2011-03-22,-0.001181821437524544,-0.0018917083865055417
2011-03-23,0.009486246990729086,0.0056858811886462135
2011-03-24,0.010569204696522227,0.017770044781653782
2011-03-25,-0.007360731052142633,0.0024702330907140357
2011-03-28,-0.008199333329961145,-0.005455467648597612
2011-03-29,0.0031518069339750987,0.009729946792490729
2011-03-30,0.004707772400048826,0.004730600362699233
2011-03-31,-0.008592160791814574,0.0013952797981295895
2011-04-01,0.003547293848635169,0.000521759753350004
2011-04-04,0.0027464283716223115,-0.003306705857254566
2011-04-05,0.009002885995566867,-0.0026200527181560185
2011-04-06,0.014351493460142528,0.0024520713445457254
2011-04-07,0.0019128892060520375,-0.0006977454101435576
2011-04-08,-0.004965994806479523,-0.0047190208874694495
2011-04-11,-0.003449801412728548,-0.003336316220595492
2011-04-12,-0.01308878325194407,-0.006870941874951297
2011-04-13,-0.0003891778239399901,0.0085152051481856
2011-04-14,-0.00819108486368414,-0.001758939445365204
2011-04-15,-0.0019678215298027935,-0.0017620387648528135
2011-04-18,-0.01143178219339025,-0.007062599677825188
2011-04-19,0.002790236240001631,0.006222973750108496
2011-04-20,0.024253885156024557,0.0225260544611936
2011-04-21,-0.009316879549650658,0.008034908805648167
2011-04-25,0.0035292265661894806,0.0025719994474675545
2011-04-26,0.02264424001376364,0.005641165957397387
2011-04-27,0.007258890532763962,0.00680012195451396
2011-04-28,0.012507123066946901,-0.0015198850023957489
2011-04-29,-0.02957643976517399,-0.0008445994583047289
2011-05-02,-0.010029297949143645,-0.0018616106678551736
2011-05-03,0.0058431982546161,-0.00474835818827124
2011-05-04,0.009685436698215089,-0.0015336088543188575
2011-05-05,-0.010358339880851775,-0.005460130779719852
2011-05-06,0.0031003311374748765,0.003258229805499502
2011-05-09,-0.0015478790550425003,0.00376401069996235
2011-05-10,-0.006191080629543655,0.008518974783447764
2011-05-11,-0.012075624100764792,-0.007350149380807913
2011-05-12,-0.0015790038478636914,0.006042657919494321
2011-05-13,-0.011454366785407233,-0.011841829867065057
2011-05-16,-0.018374701003385896,-0.017308118317807097
2011-05-17,0.004504290679704814,0.0028039951988008127
2011-05-18,0.006930916613722138,0.008339166872072923
2011-05-19,0.0012149907963143747,0.0029294774265968826
2011-05-20,-0.009301889543967823,-0.007645480567493257
2011-05-23,-0.013069215321368066,-0.014628702122684523
2011-05-24,-0.0008256450685019123,-0.006147728949561948
2011-05-25,0.0016579857871699133,0.0038884196122415116
2011-05-26,0.01984160776632904,0.006189778571014548
2011-05-27,0.0036479208416833053,0.005049281142861739
2011-05-31,0.010098016275381427,0.016192339618166685
2011-06-01,-0.023190927482664603,-0.021761158209396392
2011-06-02,-0.008595429824191592,0.002101458495697761
2011-06-03,-0.012800272165255366,-0.015032507276193763
2011-06-06,0.004183875119135427,-0.008161719681588187
2011-06-07,0.0020805405115555953,-0.0017891521733831572
2011-06-08,-0.004987210907650974,-0.007169435905365118
2011-06-09,0.0008335753390769085,0.0017151393320178343
2011-06-10,-0.010429820366360087,-0.015229807464139933
2011-06-13,0.013917245873153794,0.0
2011-06-14,0.007487026236725036,0.012810579166138814
2011-06-15,-0.019817032654514954,-0.01897384149017778
2011-06-16,0.010949439512345949,-0.0038677440598767765
2011-06-17,0.010830847799497834,-0.0031355923310211198
2011-06-20,0.008660995271478678,0.005204528276463227
2011-06-21,0.011848702798545885,0.0214538698860387
2011-06-22,-0.00444063125601224,-0.007223910466980787
2011-06-23,-0.0008147873457257093,0.009281998004804004
2011-06-24,-0.013397454326860458,-0.017345500013301818
2011-06-27,0.037039980502485026,0.015906501923233174
2011-06-28,0.023807942452218178,0.014931767725324452
2011-06-29,-0.006976291587031502,0.004102176718783657
2011-06-30,0.014829518329606328,0.0133223637892399
2011-07-01,0.0007724837332752088,0.015074728490125144
2011-07-05,0.0003809957348268611,0.005008301538473425
2011-07-06,0.01152444121298446,0.003263204595339353
2011-07-07,0.01671320088602446,0.013700835355292762
2011-07-08,0.005602927950674852,-0.002703514568939691
2011-07-11,-0.010770378589328944,-0.018126007213567608
2011-07-12,-0.0033794237091472334,-0.007590974458373756
2011-07-13,0.003390882939347417,0.0041720236184970005
2011-07-14,-0.006009475923419161,-0.011599408657597787
2011-07-15,0.011712233155153129,0.013312570669099966
2011-07-18,-0.0070959832696330105,-0.00535804127081696
2011-07-19,0.03572863859312725,0.022765920595807065
2011-07-20,-0.017428053181741565,-0.004247081214122539
2011-07-21,0.001474926253687281,0.006653860127859401
2011-07-22,0.015867737184664277,0.010341974362961581
2011-07-25,0.013805359397652373,-0.002014159924297987
2011-07-26,0.006089066435404966,0.002437101828968835
2011-07-27,-0.02670768722891126,-0.02574388312117526
2011-07-28,0.014269091799865352,0.0017214489024057755
2011-07-29,-0.011546357277549157,-0.0032637698195683296
2011-08-01,-0.004741095761676473,-0.0046568751879345616
2011-08-02,-0.017237065119375394,-0.025290283093449717
2011-08-03,0.004477325134511823,0.009598103323008589
2011-08-04,-0.03640502745203067,-0.046471758519091466
2011-08-05,-0.01002084574151274,-0.006276054406408993
2011-08-08,-0.04673093988298471,-0.06019052267505964
2011-08-09,0.04493531082360369,0.04823220225916369
2011-08-10,-0.05394999094038777,-0.04091957459531026
2011-08-11,0.040911871891043505,0.04404151423182867
2011-08-12,-0.003572615062226947,0.008850916443083223
2011-08-15,0.016331890272677008,0.014747541371758155
2011-08-16,0.0,-0.008462429479754285
2011-08-17,-0.003941657413949695,-0.005937698290968241
2011-08-18,-0.02297336326187316,-0.04908521377421182
2011-08-19,-0.025131596006741863,-0.01805540428501884
2011-08-22,-0.0029098995100514946,0.0035968943115196605
2011-08-23,0.03085919160015349,0.04122618464946015
2011-08-24,0.007282005631003674,0.00784382534328909
2011-08-25,-0.013251260128556153,-0.01632212664801036
2011-08-26,0.02767594926162764,0.025081719339952402
2011-08-29,0.023363515218459696,0.027855046329157584
2011-08-30,0.015096301430905568,0.006592549734452335
2011-08-31,0.014106009686907006,0.001637858217103716
2011-09-01,-0.014664928743548966,-0.009080905416662288
2011-09-02,-0.015639796545967477,-0.023461402744047954
2011-09-06,-0.011241805432960827,0.00018917373588367425
2011-09-07,0.019208489851598065,0.025331735223862895
2011-09-08,0.008458771485230443,-0.004574320795231235
2011-09-09,-0.01830291792719818,-0.022247948545502605
2011-09-12,0.0058253681861335505,0.012787914409349677
2011-09-13,0.005796571473752454,0.013368685987270368
2011-09-14,0.017662896616781554,0.014289953044629433
2011-09-15,0.018490892149336746,0.014812799437027735
2011-09-16,0.00481610170696678,0.009172000201582486
2011-09-19,0.003321146361599192,0.0003535580524343107
2011-09-20,-0.008454055172348984,-0.004416915267910215
2011-09-21,-0.03669368032207743,-0.01738703142862874
2011-09-22,-0.03578267525831558,-0.03250319949542879
2011-09-23,0.0,0.0106371981257265
2011-09-26,0.015162808744396905,0.011635795832907192
2011-09-27,0.009042264287582258,0.010404178179289403
2011-09-28,-0.003508736954376368,-0.014814512258631063
2011-09-29,-0.005081575288339413,-0.011919544113714431
2011-09-30,-0.022003599400770124,-0.02579875002884713
2011-10-03,-0.014464519776915208,-0.025719601855480945
2011-10-04,0.03302022103885127,0.02053221517602344
2011-10-05,0.0217053245953287,0.025674680528481764
2011-10-06,0.01737983109393615,0.01681328845284802
2011-10-07,-0.003414643623893876,-0.006612449015193755
2011-10-10,0.02628487876203245,0.0345847653930742
2011-10-11,0.002227308992819532,0.006791614043950567
2011-10-12,-0.001483152243445529,0.004971539591679397
2011-10-13,0.008162335566902712,0.009188896633400612
2011-10-14,0.003309107341228801,0.01855677855749094
2011-10-17,-0.010631160654383964,-0.015469475860273474
2011-10-18,0.012229646103726788,0.012395185592299018
2011-10-19,-0.00659139885692861,-0.01931346367517206
2011-10-20,-0.0033152089336155877,-0.004923454885887968
2011-10-21,0.00443813579370711,0.012546317103620641
2011-10-24,0.0011022761531502834,0.020767163931774135
2011-10-25,-0.013975023762245686,-0.019660516434011677
2011-10-26,-0.0082079865618081,-0.0012222528880652117
2011-10-27,0.024822933908156486,0.027589609979472574
2011-10-28,-0.009906521871816065,0.0015289521299686193
2011-10-31,-0.01297414181457801,-0.016796633768943692
2011-11-01,-0.02403132431718269,-0.02605645891201891
2011-11-02,0.000767931949414935,0.008503939531101734
2011-11-03,0.019995179513917938,0.020731058259059854
2011-11-04,-0.01055631642908128,-0.005163594904889823
2011-11-07,0.0209528451322043,0.007093280451529349
2011-11-08,0.013433648089977712,0.011509721218900149
2011-11-09,-0.03534820621043111,-0.03515568755363485
2011-11-10,0.0030519962497070896,-0.0005272886815992361
2011-11-11,0.023976554094513824,0.01884309564289488
2011-11-14,-0.005576844447402696,-0.006221532677701647
2011-11-15,0.006779466535348444,0.011130838971503465
2011-11-16,-0.02505947886541393,-0.016513433207324013
2011-11-17,-0.0203261536663063,-0.023440156913610566
2011-11-18,-0.009396954193577223,-0.007701948366170441
2011-11-21,-0.011860127786226582,-0.019132947151278223
2011-11-22,-0.008401227168369885,0.003313779331003408
2011-11-23,-0.01290838122752569,-0.022562112155384617
2011-11-25,-0.00694336332783263,-0.007693596729956176
2011-11-28,0.023452687025772967,0.03479662422724039
2011-11-29,-0.0012049915242122733,-0.006213823277874453
2011-11-30,0.029793063962048283,0.036963128333686646
2011-12-01,-0.011730307182144961,0.006915823403948362
2011-12-02,-0.002370894259120626,-0.0028189987776375824
2011-12-05,0.01903237013428405,0.01095050809558984
2011-12-06,-0.0015564086981012526,-0.0027943717600592555
2011-12-07,-0.0023407266644892566,0.0
2011-12-08,-0.007812461247711955,-0.01681915399239542
2011-12-09,0.011813464249647465,0.016037319701007302
2011-12-12,-0.007396647050976091,-0.011224572734715887
2011-12-13,0.009801286263265707,-0.010997118895195501
2011-12-14,-0.0066005787213905265,-0.015601623412165977
2011-12-15,-0.001171088020166633,-0.0027327805991111953
2011-12-16,0.017214311974007357,0.005139811547126616
2011-12-19,-0.018075613794316103,-0.009842875574219034
2011-12-20,0.019582193484207755,0.029637498781011518
2011-12-21,-0.010371389405181675,-0.014303533968374249
2011-12-22,0.0019422165916562761,0.0085251143326186
2011-12-23,0.008521315588792211,0.008633463946824849
2011-12-27,0.0003853902930428532,0.002853858336079984
2011-12-28,-0.008446061268079452,-0.01155729951582396
2011-12-29,0.007745876243028693,0.007195499011607209
2011-12-30,-0.002308341751704357,-0.0028584426721204315
2012-01-03,0.031202919251012373,0.01916609132055047
2012-01-04,0.023532481085311918,0.004217110892783538
2012-01-05,0.010218930742992738,0.008225225207455278
2012-01-06,0.015538051481551074,0.0034725822512897686
2012-01-09,-0.013163600881789583,-0.0032870494929052585
2012-01-10,0.003602589103426812,0.007288219139497176
2012-01-11,-0.004310325167281692,0.0020681137637339475
2012-01-12,0.010100963828929554,0.003955219397434817
2012-01-13,0.008929664718073882,-0.003596053027787871
2012-01-17,0.0003551040589742094,0.009108784300810635
2012-01-18,-0.0010604406220652285,0.013286440765818197
2012-01-19,-0.0038999068880362087,0.0062179346302204674
2012-01-20,0.0565465169838244,-0.0015025136035848874
2012-01-23,0.0006710319359912731,0.00033376578316168803
2012-01-24,-0.01311692471970105,-0.001839811947090375
2012-01-25,0.0074960831667056915,0.012568152245553854
2012-01-26,-0.0020276133444451228,-0.00347465719699791
2012-01-27,-0.00915140714722329,0.0029889295439871066
2012-01-30,0.012998071141849366,0.0008266436773887165
2012-01-31,-0.002701775452440325,0.0013237748091246004
2012-02-01,0.012190926682433822,0.00809600506465813
2012-02-02,0.002009473840729026,0.003112284194952686
2012-02-03,0.009679552951352033,0.01372337448074723
2012-02-06,-0.0013227457682634114,-0.0008046630496184592
2012-02-07,0.004970020098727712,0.0020959901690245086
2012-02-08,0.010213047262016328,0.005311554990376388
2012-02-09,0.0035866787603180406,0.007205253176320259
2012-02-10,-0.008773703650207465,-0.006915431085758539
2012-02-13,0.0026229344391293097,0.009204202687295382
2012-02-14,-0.0042812236576018625,0.0025365829242742777
2012-02-15,-0.006610005504862682,-0.006959290911911498
2012-02-16,0.04126312430993728,0.013700105937909601
2012-02-17,-0.0012780608953684158,-0.0031440413773557996
2012-02-21,0.006079567244615891,0.0028376733566104484
2012-02-22,-0.005404841486070566,-0.004558968925302387
2012-02-23,0.0031992060482342044,0.006633927188777644
2012-02-24,0.0035026762698708858,0.0034515928252136785
2012-02-27,-0.004127627856278515,0.0014061971354459857
2012-02-28,0.016586991163262343,0.010149818929201082
2012-02-29,-0.004081067173336561,-0.004483898727297375
2012-03-01,0.01732916267552742,0.007918037376635878
2012-03-02,-0.006501041182376821,-0.0007690905460889796
2012-03-05,-0.008730018285849184,-0.010329034925863678
2012-03-06,-0.007545373400773658,-0.009811856036600064
2012-03-07,0.0088698620554577,0.0077070641883028035
2012-03-08,0.0053408982852070075,0.010771057840334386
2012-03-09,-0.0006266256798297398,0.004170604894368601
2012-03-12,0.0015655747078842097,0.0004610907048618884
2012-03-13,0.019659183078849285,0.01860145990966089
2012-03-14,0.0030621189245130243,0.0034700073992803837
2012-03-15,0.002440676922129237,0.0028579419766585623
2012-03-16,-0.007607585311715126,-0.0007082236769825334
2012-03-19,-0.012270864532906156,0.007065267032249523
2012-03-20,-0.0065231188735572765,0.0017921357656214276
2012-03-21,-0.0025001873168731814,0.00014754059881361137
2012-03-22,0.0028187723119863506,-0.0020853798777604737
2012-03-23,0.0003153827958684019,-0.0006114666801054769
2012-03-26,0.01811697012690172,0.017492931894050656
2012-03-27,-0.0021483566039708357,0.001468613143509545
2012-03-28,-0.01014423039622614,-0.003986988265025082
2012-03-29,-0.0021750461462493043,-0.0037975836569752452
2012-03-30,0.004355647023706499,-0.0019218236710156766
2012-04-02,0.0009307018195612304,0.010362185103505173
2012-04-03,-0.010837673221101851,-0.00029180137064210854
2012-04-04,-0.022856804313051815,-0.013631266490765181
2012-04-05,0.009935407723587142,0.006241076414315261
2012-04-09,-0.013327676741803351,-0.007531564282474368
2012-04-10,-0.020257498194916623,-0.016068062424037466
2012-04-11,-0.0039373664773196815,0.004838907264486103
2012-04-12,0.02075808147775593,0.01136171221511062
2012-04-13,-0.0054891580983407184,-0.015103216193138924
2012-04-16,0.008766434505603549,-0.01118025937113809
2012-04-17,0.011580237693206819,0.020321751029754642
2012-04-18,-0.00954173203702735,-0.0025458583047043293
2012-04-19,-0.004172692764226715,-0.011260097094266563
2012-04-20,0.04546952358093348,-0.0027334727404429993
2012-04-23,-0.009253278337678528,-0.009134266175120254
2012-04-24,-0.006229085824705827,-0.0053785935090352455
2012-04-25,0.008773801901780676,0.026572546511082207
2012-04-26,-0.002797301426858856,0.0058688069355550265
2012-04-27,-0.004046642465387329,0.0059843850476226645
2012-04-30,0.001250483230901489,-0.007138542271515669
2012-05-01,-0.0003112454150400179,0.001648309976657325
2012-05-02,-0.006561834949160517,0.002840254209482085
2012-05-03,-0.001257562233462295,-0.01058723055833799
2012-05-04,-0.024559299009366042,-0.024867260989229978
2012-05-07,-0.010652550137432604,0.0009269129971287704
2012-05-08,-0.004893829823138907,-0.003705955938564154
2012-05-09,0.00852463084749977,-0.0030849611197241167
2012-05-10,-0.0006479897962112791,-0.0020361824727371802
2012-05-11,0.013661751609739259,-0.00015600514641689323
2012-05-14,-0.015404733564910345,-0.009349497287015396
2012-05-15,-0.008857017150705082,-0.003302234051589914
2012-05-16,-0.01026372887824989,-0.006786149295284427
2012-05-17,-0.006019222950173764,-0.021130386282053104
2012-05-18,-0.015139183496181596,-0.012984783513890541
2012-05-21,0.016395267680898273,0.027956125775736584
2012-05-22,0.00033702374332267304,-0.0011195849975609296
2012-05-23,-0.021840203493758703,0.0019209249271543438
2012-05-24,-0.0013734252968579108,-0.006553874321726272
2012-05-25,-0.0003449063794747076,-0.0012871970063165206
2012-05-29,0.017203828056601367,0.012727226584875906
2012-05-30,-0.007440980937521213,-0.008430692014828045
2012-05-31,-0.005113177645546085,-0.004332419313203162
2012-06-01,-0.025349500223268095,-0.02660258211663946
2012-06-04,0.0035154185022028273,0.0076309858630259075
2012-06-05,-0.0014003634799252263,0.004107307569313212
2012-06-06,0.029462060234131338,0.02290646878089264
2012-06-07,-0.004090852801892586,-0.003998905789954765
2012-06-08,0.014368222688156962,0.009634461449505638
2012-06-11,-0.02529441105108754,-0.016939233519817076
2012-06-12,0.013495815083047757,0.012215613775425904
2012-06-13,-0.005464223669459423,-0.006874014176080578
2012-06-14,0.007210928256426774,0.003703468946095967
2012-06-15,0.023178029995600147,0.012426249030186076
2012-06-18,-0.005999323667060463,0.009365248245909452
2012-06-19,0.028821034062749273,0.010365978544137011
2012-06-20,0.0074912635945001416,0.000793369250475795
2012-06-21,-0.02554024320567927,-0.024887505958648304
2012-06-22,0.018579198616124115,0.010527465600848052
2012-06-25,-0.027033867859825644,-0.01925670227865961
2012-06-26,0.005022447866403823,0.006276921742649932
2012-06-27,0.00499734894187287,0.006077963119243135
2012-06-28,-0.008619830178960175,-0.011129453967857472
2012-06-29,0.022736319867252774,0.0315117519342909
2012-07-02,-0.0009833043121990626,0.0029604278973087705
2012-07-03,0.006545409805811309,0.008392777082886438
2012-07-05,-0.0019516686971082775,0.0006158722030578101
2012-07-06,-0.01661141774715047,-0.012474109523200272
2012-07-09,-0.0062935117878805125,-0.0018715543004605983
2012-07-10,-0.008664519336416432,-0.00984364530602655
2012-07-11,-0.014796053823753708,-0.005523452529840545
2012-07-12,-0.02286745771701848,-0.009362575349493363
2012-07-13,0.026545728344043784,0.015217719661660523
2012-07-16,0.0017014925373133316,-0.002840994631512106
2012-07-17,0.0074712961741005834,0.005222145449184534
2012-07-18,0.026638045416515155,0.013537081637737813
2012-07-19,0.007223470723334957,0.011027078669707091
2012-07-20,-0.017931209212424415,-0.013288200126570726
2012-07-23,-0.027891397066472368,-0.012065563685868974
2012-07-24,-0.004438794291633519,-0.007878960486677022
2012-07-25,-0.010976632198981151,-0.006670244575634365
2012-07-26,0.011446233567503628,0.013272112409084214
2012-07-27,0.020574645950185877,0.023670421008251452
2012-07-30,-0.004030288226673173,-0.0007718078994365385
2012-07-31,-0.00573796486183642,-0.0003082688797370059
2012-08-01,-0.0020328487951755125,-0.002931189799736611
2012-08-02,-0.007483167135429958,-0.0035600853447497194
2012-08-03,0.01918386974890951,0.018950338187163407
2012-08-06,0.006723623679288027,0.007621922524714719
2012-08-07,0.010352850590874096,0.008320015760307387
2012-08-08,0.00231111405637785,-0.000449706932560745
2012-08-09,0.005607438016528965,0.0030010801192343894
2012-08-10,-0.0026257720139548635,0.0005997641263770781
2012-08-13,-0.0009846818118144363,0.002392581486288403
2012-08-14,-0.001987801005447931,0.00044722419499643173
2012-08-15,0.0023223428389609335,0.0025364860543495293
2012-08-16,0.019207697920918365,0.01190050734972381
2012-08-17,0.003895347426158269,0.004409793967560249
2012-08-20,-0.005177672746906614,0.0014640253961577532
2012-08-21,0.0019522389994168776,-0.003945941422868859
2012-08-22,-0.008440524217998346,0.004108176490161153
2012-08-23,-0.009168739043581176,-0.008182736853156958
2012-08-24,0.009916022399512947,0.006187684836616025
2012-08-27,0.004253394771257746,0.0016109703795150754
2012-08-28,-0.001955414917138354,0.0
2012-08-29,0.0006503721348058988,0.0
2012-08-30,-0.010764787364983208,-0.010088477275077112
2012-08-31,0.01649125544609764,0.00664663887977035
2012-09-04,-0.013953356844780052,-0.0010260700856925542
2012-09-05,0.0,-0.0010287726610260783
2012-09-06,0.03159145379683315,0.022199153689241635
2012-09-07,-0.01276032979078301,-0.0014385469223007208
2012-09-10,-0.007430113885502965,-0.012818439927306136
2012-09-11,0.0022777381492768978,-0.0016050943729977174
2012-09-12,-0.00032349634853490183,0.0029528721603213626
2012-09-13,0.005197841581114693,0.013520321373426514
2012-09-14,0.008724240753632762,0.008913211176776237
2012-09-17,0.0,0.00042868682667784874
2012-09-18,-0.0009614195499280109,0.0008538084814839753
2012-09-19,-0.004168829613065417,0.0018499377762726255
2012-09-20,0.012883642225305136,-0.0009950169423957878
2012-09-21,-0.008266065978091652,0.0002889061629589573
2012-09-24,-0.013145131351517514,-0.005915280796320976
2012-09-25,-0.012673025426951146,-0.013982904610939428
2012-09-26,-0.007239281397873665,-0.008143078546032356
2012-09-27,-0.00033014468590852886,0.013782248031224631
2012-09-28,-0.013263814925816741,-0.008244031091589332
2012-10-01,-0.00907018094341594,-0.0014577997182348978
2012-10-02,0.005762970906496134,0.0029198560017262842
2012-10-03,0.006741610766427986,0.006407915756528659
2012-10-04,0.005695748619844121,0.003472677768221466
2012-10-05,-0.0059951740093037165,-0.005334646145899735
2012-10-08,-0.002344128001067647,-0.009132953604985117
2012-10-09,-0.016790280367580124,-0.01595965948359157
2012-10-10,-0.010247905770293775,-0.005042797204659388
2012-10-11,-0.0010354012716962124,-0.003138031571006228
2012-10-12,0.008635853414129535,-0.00044970140162536865
2012-10-15,0.010617114447377007,0.007347867909609729
2012-10-16,-0.0006750570634173059,0.014143585641435807
2012-10-17,0.003390231236568786,-0.0005866432666663535
2012-10-18,-0.003042161070436644,-0.011604926092175227
2012-10-19,-0.02915120897116108,-0.02392652528895478
2012-10-22,-0.022349258792331406,0.00517768245024719
2012-10-23,0.0017875485239384759,-0.009542428029102101
2012-10-24,-0.0053486379837631715,-0.0034562507810373955
2012-10-25,-0.0007140115848378592,-6.184079431059697e-05
2012-10-26,0.011834266677384297,0.002915286615450041
2012-10-31,0.011695854812513229,-0.0061202361763683655
2012-11-01,0.03434165408810519,0.014209931268397868
2012-11-02,-0.0006790441083434073,-0.010671687571052524
2012-11-05,0.004406234568682832,0.006599186180527683
2012-11-06,0.007761123787193069,0.0018292422807513198
2012-11-07,-0.026118718414864017,-0.02358513865445311
2012-11-08,-0.00928653388364642,-0.015739803928409568
2012-11-09,0.000695779943386654,0.004274799419393016
2012-11-12,-0.021161187790426417,-0.00015706372022195048
2012-11-13,-0.03232210927573065,-0.006938364868681157
2012-11-14,-0.009228103770574037,-0.011750194177690854
2012-11-15,-0.006704830975674758,-0.003375789992410283
2012-11-16,-0.005253672706382773,0.004354487395807238
2012-11-19,0.007922129334233752,0.023765887946183062
2012-11-20,-0.0007485583321011902,0.00030362542801531944
2012-11-21,0.008984804905342925,0.002038761022819413
2012-11-23,0.02782806363057233,0.015172049110863561
2012-11-26,-0.011191916849854433,0.0043309456501678945
2012-11-27,-0.011318593608376504,-0.0033917690780570497
2012-11-28,0.010339841914900338,0.008621150164479063
2012-11-29,-0.014983116343740277,0.005952299596801769
2012-11-30,-0.01224581456207019,-0.0016694859409922547
2012-12-03,-0.007136063101728207,-0.001975091056631184
2012-12-04,-0.0022711660054115512,-0.0006085296423822273
2012-12-05,0.011376995892290909,-0.011074478554603973
2012-12-06,0.00225072940304738,0.006421068970869692
2012-12-07,-0.010105537483365512,-0.005970527802197978
2012-12-10,0.01814413548119065,0.0029273388972310688
2012-12-11,0.01410258761393024,0.013052065588649242
2012-12-12,-0.002925060580852734,-0.0021227135439643163
2012-12-13,-0.004774535809018543,-0.007881460119131711
2012-12-14,-0.011066462559000012,-0.009510604092181962
2012-12-17,0.01081713603884582,0.013294572637371216
2012-12-18,0.01697271330972483,0.015212060356428081
2012-12-19,-0.009070741927532655,-0.004307850683604175
2012-12-20,0.01354975555264093,-6.757498711817966e-06
2012-12-21,-0.00830853119268915,-0.010523185979446903
2012-12-24,-0.014209543521788937,-0.0019941881707762343
2012-12-26,-0.007389758406477709,-0.008759114097725673
2012-12-27,0.0037246859308035507,-0.0015498417366511807
2012-12-28,-0.015209961608590894,-0.009628082887940814
2012-12-31,0.006029084751439706,0.02116778893647897
2013-01-02,0.03406642189277442,0.031780595275127554
2013-01-03,-0.013393196524476791,-0.005176686523055696
2013-01-04,-0.018719461894790346,-0.003321993595795769
2013-01-07,-0.001866085285640251,0.0003057398905350617
2013-01-08,-0.00524776484090117,-0.00195580319041444
2013-01-09,0.00565226695447496,0.0037586183814177776
2013-01-10,-0.0089927974353875,0.005990270187360647
2013-01-11,0.013985034705852328,0.0013390807740814026
2013-01-14,0.0022373115433307333,-0.004458736823638176
2013-01-15,0.011901098244921027,-0.00492923677460011
2013-01-16,-0.006250510662635933,0.004053141936820381
2013-01-17,0.007769784172661831,0.004782236835537024
2013-01-18,0.0,-0.0022306938169869284
2013-01-22,-0.0036713714612057746,0.001639831303184458
2013-01-23,0.0169414419332532,0.00610284528798366
2013-01-24,0.0007247025140915131,-0.013758868986053385
2013-01-25,0.009047751025918371,0.005100047092772675
2013-01-28,0.0010765264081231685,0.0022380173857565744
2013-01-29,0.0035845624842345547,0.00014919954444403416
2013-01-30,-0.0057148148638100915,-0.002085166970822505
2013-01-31,-0.01436028436733594,-0.0022373519851308643
2013-02-01,0.017485207766203992,0.011814471020669126
2013-02-04,-0.017542928656398282,-0.017439918657586873
2013-02-05,0.0021875731441638457,0.014740430776237767
2013-02-06,-0.005820794969683352,-0.0032607045498049825
2013-02-07,-0.002191060473269113,0.0008923427390783445
2013-02-08,0.009897269422146193,0.010251965456268719
2013-02-11,0.011248346820291077,0.0002947123689143183
2013-02-12,0.0007181997127201356,-0.004116573504979848
2013-02-13,0.005382632040615398,0.003541902930493279
2013-02-14,0.00035692096183592703,-0.0002931614762892165
2013-02-15,-0.001070380844147234,-0.0029439422286150485
2013-02-19,0.00971871293197335,0.007232886795955906
2013-02-20,-0.006415323408287876,-0.015386347063918837
2013-02-21,-0.013638721133644616,-0.010716078591203493
2013-02-22,0.009825721555538847,0.010063455538417365
2013-02-25,-0.01405019945634911,-0.012347459875314937
2013-02-26,0.0,0.003770525103538258
2013-02-27,0.016076479644813624,0.010202050779453353
2013-02-28,-0.00036119529212774726,-0.0020678157475177983
2013-03-01,0.0053978549585358415,0.004172404067886548
2013-03-04,0.007152655730232604,0.0044524480203540495
2013-03-05,0.007106210209792074,0.014776801868482403
2013-03-06,-0.009173320889073189,-0.0024766436939593905
2013-03-07,0.0017836194828813046,0.0026274056116315503
2013-03-08,-0.004975665816348784,0.0011652159538970697
2013-03-11,-0.0046418024718364315,0.002908840154620007
2013-03-12,0.001432878855806674,-0.003625100674823911
2013-03-13,0.00035990168539346,-0.0013104970979536112
2013-03-14,0.007879888733865137,0.0033527219171016753
2013-03-15,-0.0035565345336456833,-0.0027757076276186954
2013-03-18,0.002140663430915568,-0.002190109975618637
2013-03-19,0.0028466679163523523,-0.001902478095507365
2013-03-20,0.004968614699796481,0.007020519515188672
2013-03-21,-0.007413911681885321,-0.011337498282564584
2013-03-22,0.004980978154292659,0.00971648401595071
2013-03-25,-0.0031871162451867496,-0.0036448483121325204
2013-03-26,0.0,0.005413329042973425
2013-03-27,0.007456031598957802,0.0013254367475721285
2013-03-28,0.008458731837906575,0.002455269224063805
2013-04-01,0.0,-0.006814759945572013
2013-04-02,0.006640862498608513,0.007884586387536308
2013-04-03,-0.008332447204440596,-0.009125919348300315
2013-04-04,0.0014025546224254448,0.00029222534470418893
2013-04-05,0.0034950508195807917,-0.00831462825999818
2013-04-08,-0.0038328730755605722,0.005289515891460095
2013-04-09,0.035678325213911455,0.006743160787429314
2013-04-10,0.02262553885105767,0.019439063121569733
2013-04-11,-0.044253945393568306,-0.00035849400791532204
2013-04-12,-0.005180996241238023,-0.0007140714928378644
2013-04-15,-0.003471985839744063,-0.01973039624352313
2013-04-16,0.009756285011613519,0.013272013918362413
2013-04-17,-0.004833124024812618,-0.019504178210635548
2013-04-18,-0.0013851710218822921,-0.013888639783990686
2013-04-19,0.03403907686023544,0.013712220295011956
2013-04-22,0.035605536901705204,0.01028084334558832
2013-04-23,-0.007457971924331619,0.009593386988706598
2013-04-24,0.037906325060047985,-0.00043177409579309156
2013-04-25,0.005669786978003577,0.005330713838898049
2013-04-26,-0.004698184774813097,-0.003152505852266674
2013-04-29,0.025794369475249823,0.009198477669506211
2013-04-30,0.015025844452458248,0.007263868896024928
2013-05-01,-0.011480045002368655,-0.004665793498983883
2013-05-02,0.013447844675896548,0.012644546861662498
2013-05-03,0.009952049885850744,0.0117839530698578
2013-05-06,0.00776174869784052,0.0038822362666468546
2013-05-07,-0.013037450002540751,-0.0005522412557966705
2013-05-08,-0.009605695750987353,0.004836315804822133
2013-05-09,-0.01000334187367724,-0.0014235962607688224
2013-05-10,0.0009189245956731096,0.006109387715144132
2013-05-13,0.010402419236980931,0.0012314859017670265
2013-05-14,0.0222558476766912,0.005196248739659293
2013-05-15,0.009541500083442678,0.0020393550199857557
2013-05-16,0.006795607112567659,-0.0010854424082349379
2013-05-17,0.02317969438782974,0.009648296720212945
2013-05-20,0.006024705828998833,-0.0014813220388132375
2013-05-21,-0.0065573202025105415,0.0010793316227697414
2013-05-22,-0.006886826370297028,-0.008765908958364044
2013-05-23,-0.013292749792630287,-0.0022960934730300586
2013-05-24,0.003515783624356228,-0.0005443468820264252
2013-05-28,0.021883352678713885,0.0065387460797026176
2013-05-29,-0.003994636765942028,-0.004736173634648733
2013-05-30,0.004300122761006664,0.005302391890708247
2013-05-31,-0.003712205133191371,-0.009198320476516031
2013-06-03,0.019769954688044544,0.0017754744959379565
2013-06-04,-0.016857388950412222,-0.005179253321790145
2013-06-05,-0.0060040328188012415,-0.013012501312204217
2013-06-06,0.0051763998139293665,0.004857122598028729
2013-06-07,0.02031016761020621,0.013674107094919341
2013-06-10,-0.005606520478805055,0.00040859378665047963
2013-06-11,-0.01776148374750508,-0.009942926121623397
2013-06-12,0.0045913682277318735,-0.011555385790679829
2013-06-13,-0.008000778529274832,0.012665839177539606
2013-06-14,-0.009214490925653518,-0.006597153851672366
2013-06-17,0.017440503553874054,0.009683332590668003
2013-06-18,-0.000569994647611316,0.00822235512721603
2013-06-19,-0.0111490551471356,-0.011143915449334019
2013-06-20,-0.03180213256808462,-0.023845612556877893
2013-06-21,-0.006570798629903063,-0.0052462123285207385
2013-06-24,0.013528336380255856,-0.009939417185147015
2013-06-25,-0.00148268398268403,0.007314660599430756
2013-06-26,0.020195889287507818,0.008968567456552057
2013-06-27,0.007858233083904986,0.0042335282943410935
2013-06-28,-0.002308519385238128,0.0014047084957640177
2013-07-01,-0.005212350453087211,0.006174843609464187
2013-07-02,-0.012224696506774269,0.0004183932464225659
2013-07-03,0.0020644569331345064,0.004055636918641969
2013-07-05,0.005880164816298494,0.007622019166481087
2013-07-08,0.003506052028958706,0.0009640406727537965
2013-07-09,0.0005846627027716877,0.006056025089682171
2013-07-10,0.01018843469238151,0.005746917507346572
2013-07-11,0.028528760131250497,0.01986071743773099
2013-07-12,-0.0005589753028351074,0.004402202725791948
2013-07-15,0.014016301197012693,0.002256881651184539
2013-07-16,0.0027645120064572204,-0.001324674295890893
2013-07-17,-0.014612861464572857,0.0025206603072385203
2013-07-18,-0.008393322101393763,-0.0025143225541766068
2013-07-19,-0.11399435022430915,-0.010348515072549747
2013-07-22,0.019424471579991387,0.0029492570454885403
2013-07-23,-0.0059359585318952135,-0.007352201220631294
2013-07-24,0.004400183500267607,0.003232212395713585
2013-07-25,-0.017831926951901278,0.006308365382900583
2013-07-26,0.007324275516768397,0.005335511052762865
2013-07-29,-0.002527545241905682,-0.0018567101563808919
2013-07-30,0.009827251724975783,0.0053170667098350055
2013-07-31,-0.0003131838962369127,0.0018503256368180843
2013-08-01,-0.005341076238323472,0.01016237888796856
2013-08-02,0.006948418841008275,0.005618058790005431
2013-08-05,-0.005958284380292556,0.0006501482971006389
2013-08-06,-0.0037875008634120633,-0.0059725907675678425
2013-08-07,0.015199898307826754,-0.0018292956271880323
2013-08-08,0.025888530959617295,0.004973502661323792
2013-08-09,-0.005773441429712811,-0.004036379310096261
2013-08-12,0.005196882614437515,0.002352035270397179
2013-08-13,-0.012560508045534657,0.005608534676455168
2013-08-14,0.0037216379704516633,-0.0037607696726018602
2013-08-15,-0.017310715392571563,-0.016924649132795455
2013-08-16,0.0003153795003325577,-0.00033135935041850306
2013-08-19,-0.012892295770688844,-0.001787880254556562
2013-08-20,0.0073269094603332086,0.004378528168041518
2013-08-21,-0.0003170746615323017,-0.003434887810244258
2013-08-22,0.024674704320079455,0.009811721807446938
2013-08-23,0.07286437782965738,0.006695643325435041
2013-08-26,-0.017265711902113456,0.0005227316047573538
2013-08-27,-0.02606176581904618,-0.02046680656623545
2013-08-28,-0.00721640124207823,0.003858864854272337
2013-08-29,0.0160522099225191,0.007026108296297018
2013-08-30,-0.004471711563802883,-0.006450926464393825
2013-09-03,-0.04551109568035183,0.005697713139800831
2013-09-04,-0.02132843285844188,0.010673010862636723
2013-09-05,0.0009601573419126819,0.0016943819835524287
2013-09-06,-0.0025605421232386405,0.0011713819713798923
2013-09-09,0.016372146410885913,0.011698675282248994
2013-09-10,0.02305617343065025,0.004881976233082952
2013-09-11,0.010807706364538205,-0.0019181060719736243
2013-09-12,-0.0015274498229043143,-0.0006396518932134665
2013-09-13,0.010401809138811613,0.0006400613096420038
2013-09-16,-0.006963110872180822,-0.002689090885882428
2013-09-17,0.003962627560884835,0.0066797027766913875
2013-09-18,0.011840961362810987,0.01199369377514592
2013-09-19,0.009606983733382757,0.002395436943891438
2013-09-20,-0.025268321058849352,-0.0034982272120855917
2013-09-23,-0.0015251202782055051,-0.0019620831621401935
2013-09-24,-0.008858471074380092,0.0
2013-09-25,0.0018500664460483485,-0.0034249932088238344
2013-09-26,0.007995957434159706,0.007764332964272258
2013-09-27,0.015260534929668834,-0.001263171983793443
2013-09-30,0.0002977184599968208,-0.0024025038529404963
2013-10-01,0.009016006678523425,0.010141124941402069
2013-10-02,0.010126117829881265,-0.0003754180161860132
2013-10-03,-0.001769886292818268,-0.011676974906837723
2013-10-04,0.0005886298124946343,0.008638954519641251
2013-10-07,-0.017117268082587844,-0.008313337763406259
2013-10-08,-0.008709499557451483,-0.019303395547181856
2013-10-09,0.0018186808160276513,-0.003107596601369944
2013-10-10,0.02086407667694279,0.02117430119213881
2013-10-11,0.01095948247484646,0.007887172848017876
2013-10-14,0.009375431344165852,0.007067566099087985
2013-10-15,0.0011606053380832648,-0.0038845750001037516
2013-10-16,0.004349851327545062,0.011322809078801566
2013-10-17,0.008083161011127382,0.005722297597925641
2013-10-18,0.0011449840359476493,0.01620490161407262
2013-10-21,0.0008603473177204446,0.0021915003110559717
2013-10-22,-0.011720354752181028,0.001457358520921881
2013-10-23,-0.023711714732841505,-0.0060632673634493095
2013-10-24,-0.001184325399665176,0.004392345116294161
2013-10-25,0.05960888831572664,0.007167867569455755
2013-10-28,-0.004479483963447439,0.0002410010731872525
2013-10-29,-0.0014059252618281448,0.0016892633933029977
2013-10-30,0.0005645221625960595,-0.0009634756353623652
2013-10-31,-0.00365712731969281,-0.002289297500927878
2013-11-01,0.0033874136942935174,0.00024132110639740745
2013-11-04,0.011538840744279133,0.0014489102515398145
2013-11-05,0.019476962064457037,0.0010847777070861486
2013-11-06,0.04203068645615615,-0.00024065276730744767
2013-11-07,-0.017809064304358246,-0.01879538261031477
2013-11-08,0.0074666769744173855,0.013507597515339365
2013-11-11,-0.00502935120410275,-0.0015753443892732033
2013-11-12,-0.006118428874871018,0.0015778300149345004
2013-11-13,0.021413767794960625,0.01211463906827337
2013-11-14,-0.0036687664208160387,0.0031129761955097646
2013-11-15,-0.00473390076600233,0.0019086181551868364
2013-11-18,-0.016915607113557107,-0.009766813867850166
2013-11-19,-0.004873977958319453,-0.0028863209100277176
2013-11-20,0.009254032323851913,-0.0024126737271547016
2013-11-21,0.00862924632311346,0.010157203071986531
2013-11-22,0.004545367123340416,0.005386928671092139
2013-11-25,0.0018635284507184657,0.002381362291679956
2013-11-26,-0.007704606838913497,0.005226026292707298
2013-11-27,0.006692366208846723,0.006971372375627283
2013-11-29,0.014096048260073823,0.005984052887629154
2013-12-02,0.008394774488688972,-0.002915001442050147
2013-12-03,-0.0036417491620546194,-0.0008199811985412087
2013-12-04,0.016444640549260425,0.0009369673017796121
2013-12-05,-0.02414011797593696,-0.0012859942827482262
2013-12-06,0.009474052831331514,0.0072617782500885575
2013-12-09,0.00912261621256727,0.00406869810645083
2013-12-10,-0.015500490874685968,-0.00069411688007881
2013-12-11,-0.013117827662572967,-0.012863513212731492
2013-12-12,-0.010369185064293407,-0.002582643289403719
2013-12-13,-0.014239930426940384,-0.001295314909633305
2013-12-16,0.005450196703741916,0.005539222063223548
2013-12-17,-0.010028858153078302,-0.001992346285309088
2013-12-18,0.0016413569426116936,0.011626640809522248
2013-12-19,-0.009019224844818097,-0.0027857973031331085
2013-12-20,0.015169955088731202,0.010187442255526369
2013-12-23,-0.004889872003283835,0.010521013405992097
2013-12-24,0.012561382832449564,0.0004569417380404506
2013-12-26,0.009709114540393138,0.00331666194835023
2013-12-27,-0.004005763688760822,-0.0025081168932959974
2013-12-30,0.0,-0.0014847669946731479
2013-12-31,0.0032181424791590807,0.006522040215050984
2014-01-02,-0.006684826149655376,-0.007844535344816772
2014-01-03,-0.006726587603721801,-0.007218154699239365
2014-01-06,-0.021131678354158634,-0.003694371702814392
2014-01-07,0.00774787389713083,0.00926826470194575
2014-01-08,-0.017852674279241865,0.0021811724528149057
2014-01-09,-0.006430070469281235,-0.003321978618858523
2014-01-10,0.01435377638611457,0.0032179873480624455
2014-01-13,-0.029412351724092067,-0.014776686009286388
2014-01-14,0.022869970525738692,0.01906770987913342
2014-01-15,0.027391247533112395,0.008214985569795275
2014-01-16,0.003535228354879516,0.00011206058244117578
2014-01-17,-0.013824615224625636,-0.005657180348768054
2014-01-21,-0.00577345135076357,0.007623800681872517
2014-01-22,-0.006635598894287775,0.0025982514302187454
2014-01-23,0.0036202386354535765,-0.0033797559189105986
2014-01-24,0.02079863292873063,-0.019664584100201887
2014-01-27,-0.021192333371329974,-0.009685116379961056
2014-01-28,0.006661387245539663,-0.0005815383354169645
2014-01-29,0.010755602564950006,-0.010716015964441494
2014-01-30,0.005454652478465993,0.018484906195708417
2014-01-31,0.026585399171279667,-0.0026585561623168052
2014-02-03,-0.03594013357158243,-0.022951313116111205
2014-02-04,-0.003562367725737259,0.007355859101684459
2014-02-05,-0.014580749848288943,-0.0025917109309296915
2014-02-06,0.010050638079970087,0.012753169778521478
2014-02-07,0.01050067928029419,0.017838197732669592
2014-02-10,0.006564816909814253,0.00572716318886024
2014-02-11,0.010056652147992784,0.011390352350254984
2014-02-12,0.00806971823717606,0.0019143913908146182
2014-02-13,0.0037370020796672065,0.0074178508267477294
2014-02-14,0.000264568816580546,0.0020083772410102174
2014-02-18,0.002144671304425305,0.004899390363429568
2014-02-19,0.002404014322328729,-0.006870082892091567
2014-02-20,0.006398502680582396,0.004685804357540402
2014-02-21,0.00609304422106427,-0.001333080809623799
2014-02-24,-0.007635190174822948,0.005338217625049824
2014-02-25,-0.003981145597534819,-0.0011062741198790693
2014-02-26,-0.0018638147342796563,-0.0008857557799525351
2014-02-27,0.010406676532420445,0.006489919406468703
2014-02-28,0.011886689861741129,-0.0011061799474898493
2014-03-03,-0.01383431743142638,-0.007417065922736277
2014-03-04,0.016674068264781905,0.012713619727862113
2014-03-05,-0.007809958704184994,0.002753581043006159
2014-03-06,0.0010491082579806577,-0.0008784374883425983
2014-03-07,-0.006553173969458093,-0.004946458530804332
2014-03-10,-0.002109843739698025,0.0008835804130800096
2014-03-11,0.005288907766608508,-0.004303954220148731
2014-03-12,0.0065755705504577655,0.0037687267339119312
2014-03-13,-0.009931067076678235,-0.014135019565422513
2014-03-14,-0.005012200751830176,-0.006832552750694609
2014-03-17,0.009282668459443144,0.008797480008254865
2014-03-18,0.039422331190112736,0.012073578267558949
2014-03-19,-0.007079374439637354,-0.005412837818209892
2014-03-20,0.02699222170710347,0.0027771287263664846
2014-03-21,-0.004216222276641979,-0.012032854608164611
2014-03-24,0.008465185185185131,-0.008764505656084887
2014-03-25,-0.003948794941781686,0.003287712654161723
2014-03-26,-0.013633695463005746,-0.0128804825116694
2014-03-27,-0.010807707145228274,-0.005619587346356036
2014-03-28,0.02388315995368484,0.0019680927369325474
2014-03-31,0.0171195563914881,0.007122206565340683
2014-04-01,0.01049132738224845,0.01756674352454679
2014-04-02,-0.0016892231584449968,0.002578431372549206
2014-04-03,-0.008224436764210807,-0.007939088428855046
2014-04-04,-0.027796879669687136,-0.026597782922564872
2014-04-07,-0.0017548938557825355,-0.009493406512730007
2014-04-08,0.0005022796920548522,0.009234245171381827
2014-04-09,0.016321871367397378,0.017142176998232284
2014-04-10,-0.027426824069037514,-0.03097277930898834
2014-04-11,-0.0038122360381768194,-0.011634031597906436
2014-04-14,-0.0007647580087157824,0.007846883733021448
2014-04-15,0.014550634141600627,0.0033041565050742072
2014-04-16,0.01635060094894558,0.013286217991153704
2014-04-17,-0.009651946736098593,0.0002308809631033082
2014-04-21,-0.0017517249583630656,0.007424533937374855
2014-04-22,0.0012542789981260238,0.00794640957497017
2014-04-23,-0.007504344307172284,-0.008796789540276295
2014-04-24,0.004284215260081048,0.009566652805605091
2014-04-25,0.0012538099403247571,-0.015983883811668376
2014-04-28,0.024054931588943118,0.0032484499781830767
2014-04-29,-0.00880725076936073,0.007980408047670196
2014-04-30,-0.0027170560624127926,0.002637820806297597
2014-05-01,-0.009899357027777778,0.0029761606901592685
2014-05-02,-0.007752353074168106,-0.001826048886721332
2014-05-05,-0.00655074201768846,0.005258245060711042
2014-05-06,-0.009382403090247848,-0.012962491065601767
2014-05-07,0.009215368492883735,-0.0028801821554643725
2014-05-08,0.005581364460986338,-0.0009232595736081706
2014-05-09,-0.0025215381382643898,0.003700243606745035
2014-05-12,0.010873032592012999,0.016474464579901094
2014-05-13,0.018395191468965733,0.0006802670512839892
2014-05-14,-0.004455072175677199,-0.0052105970269383795
2014-05-15,-0.01590331162386427,-0.00791284789084079
2014-05-16,0.005806493963752546,0.006598328774685802
2014-05-19,-0.002008377634326819,0.006955186412706649
2014-05-20,-0.0017597522078649508,-0.0036231570113101075
2014-05-21,0.01688409530133783,0.009544905656626801
2014-05-22,-0.006196392855992383,0.004390763153522936
2014-05-23,0.0005009237623501139,0.007283905692718307
2014-05-27,0.0017435199665432055,0.012472510363349842
2014-05-28,-0.004477633880665133,-0.003087524718218382
2014-05-29,0.00824542544268958,0.006393014321316226
2014-05-30,0.014873873768321388,0.00010896676753069379
2014-06-02,-0.0036625279235287245,-0.0009853832817692254
2014-06-03,-0.01225909800615832,-0.0004386464282076785
2014-06-04,0.0007449095404141737,0.0037289318348863176
2014-06-05,0.022072765103227976,0.008413279195918388
2014-06-06,0.006554519206232179,0.0057429054742399455
2014-06-09,-0.005064762300849068,-0.0007538102753763543
2014-06-10,-0.003876601531744406,0.0017256418114524052
2014-06-11,-0.006081840417795914,-0.00021533363770287473
2014-06-12,-0.006850681742600506,-0.009043606803183835
2014-06-13,0.016017540385981688,0.0029335718196576988
2014-06-16,0.006548460037198556,0.0008668394819331127
2014-06-17,0.004336288729066107,0.0005407138606141615
2014-06-18,-0.0007200669038541774,0.00562416926431708
2014-06-19,-0.0033617879605436496,-0.0006444086962248408
2014-06-20,0.004096144102292643,0.0011766865448248343
2014-06-23,0.007438801400445172,0.00021625585888829235
2014-06-24,-0.005715186186752486,-0.0009705908618752312
2014-06-25,0.006704628429436088,0.006364369879158227
2014-06-26,-0.0073740466170191254,0.0005364574872050998
2014-06-27,0.012702359778409722,0.004392153930977694
2014-06-30,-0.01301846636593218,0.0017073102652611638
2014-07-01,0.004077480632675323,0.01096714269128074
2014-07-02,0.0007167993498009562,0.0016859107018578623
2014-07-03,-0.0023857397062100327,0.0063092314500798885
2014-07-07,0.00454544169651272,-0.0030305895863927956
2014-07-08,-0.005003250142809446,-0.012052929123474332
2014-07-09,-0.00263015744178996,0.00742617205121987
2014-07-10,0.0004792137491811399,-0.0031598406301309723
2014-07-11,0.009593855397783457,0.00644453096024078
2014-07-14,0.001187485086254103,0.005983247365162203
2014-07-15,0.007357600704355649,-0.003443682089098843
2014-07-16,0.03839816067382573,0.003978428583496729
2014-07-17,0.01020755541378393,-0.013254739561480378
2014-07-18,0.003592798482215054,0.015864217874584252
2014-07-21,0.003357842942845357,-0.0012489096145620326
2014-07-22,-0.00022398541196200217,0.006354575066896295
2014-07-23,0.0008935066578108497,0.006386679051038069
2014-07-24,-0.010475505802608476,-0.0011012400725787241
2014-07-25,0.002251407129455707,-0.003912477266093339
2014-07-28,-0.011908839624971024,0.0003099447171333036
2014-07-29,-0.0018192762666409124,-0.0017565603416223041
2014-07-30,-0.007064226852138478,0.003933537327971193
2014-07-31,-0.0096360062360199,-0.020210105952402357
2014-08-01,-0.006951003501509678,-0.003683389177032148
2014-08-04,0.01189859179780095,0.00686652769299867
2014-08-05,-0.00668577406769677,-0.007659294100421765
2014-08-06,-0.007893711909685908,-0.0007400269268365012
2014-08-07,0.011464795585486964,-0.0031733983624296913
2014-08-08,-0.0006942489401772223,0.00721755542774738
2014-08-11,0.0,0.005900870883981613
2014-08-12,0.00740681985399716,-0.00041918137418384127
2014-08-13,0.01286934895755576,0.010584483327981786
2014-08-14,0.004310333273467748,0.005185366096344346
2014-08-15,0.011746493534223745,0.004848154888987377
2014-08-18,0.007143874681453832,0.00770059150931135
2014-08-19,0.011153195345937617,0.005603280207334693
2014-08-20,-0.008382724748207337,0.0
2014-08-21,0.006005809883070867,0.0020271068931576597
2014-08-22,-0.0015476700554409861,0.0015158764632341448
2014-08-25,0.00044213378968493977,0.0035335261178215394
2014-08-26,-0.003540706425524287,0.00100696428786895
2014-08-27,-0.0031123877205477823,0.00020053278163079113
2014-08-28,0.00022506372443831246,-0.0011054481392535065
2014-08-29,0.012252747252747165,0.0037225402333771473
2014-09-02,-0.007482882421817383,0.0029055758864520165
2014-09-03,-0.0028829025907060046,-0.005895645655461523
2014-09-04,0.006673091639438855,-0.0009042235459810755
2014-09-05,0.014360360734337219,0.005030935977883955
2014-09-08,0.012197835645098909,0.0019014436563604686
2014-09-09,0.0062414716733207865,-0.008292950773950536
2014-09-10,0.0017101529343814814,0.008261230659711849
2014-09-11,0.003416973559192904,-0.0007986524238502435
2014-09-12,-0.006383446511465163,-0.005101067211303878
2014-09-15,-0.00985167174169399,-0.009650531299835063
2014-09-16,0.011247368461149598,0.008729719559972482
2014-09-17,-0.00513297004093316,0.0015096525604849642
2014-09-18,0.003440476971774409,0.007534693770238965
2014-09-19,0.01799365580875878,-0.0006208397754974282
2014-09-22,-0.009679204906568595,-0.009302062446757797
2014-09-23,-0.01062468029892838,-0.0027256723856003973
2014-09-24,0.011167520371645256,0.0107309724826814
2014-09-25,-0.02209086260865223,-0.021034706666782865
2014-09-26,0.008036666173567575,0.010641506326254158
2014-09-29,0.0006477257488695098,-0.0013170080132668405
2014-09-30,-0.001724464897530864,0.0014201867192693562
2014-10-01,-0.009921403839383225,-0.0159940806706812
2014-10-02,-0.0030494824578010116,0.0
2014-10-03,0.007210785898679406,0.009875963007099697
2014-10-06,0.0,-0.002139586110307623
2014-10-07,-0.012150194647697843,-0.014189744386950642
2014-10-08,0.027454318026487234,0.019468326798460334
2014-10-09,-0.019880516090165168,-0.01615096924598236
2014-10-10,-0.03969420683296632,-0.02498464288962987
2014-10-13,-0.008630230877344602,-0.015671161308379644
2014-10-14,0.0018319994619679925,0.00010765106545318481
2014-10-15,-0.011662003297476464,-0.0064536886996099385
2014-10-16,-0.011106794217294325,-0.006278932016311911
2014-10-17,0.020825606154268872,0.013182328285479494
2014-10-20,0.010313412549958878,0.014946530975542105
2014-10-21,0.018149269953408043,0.026273393565040992
2014-10-22,-0.011140763997906866,-0.005160803495332655
2014-10-23,0.014420202041583119,0.015045775049296717
2014-10-24,0.024656226525331837,0.008178647003812989
2014-10-27,-0.004770329264722872,0.0007092057777660088
2014-10-28,0.012632650503490161,0.015097691920232803
2014-10-29,0.00279861584703589,-0.0036927694033263014
2014-10-30,-0.012228664695303482,0.0021033404970423053
2014-10-31,0.01954544411379966,0.013797446053258389
2014-11-03,0.010436987904799189,0.0029585767079129965
2014-11-04,0.002740092227494495,-0.0033434478155820457
2014-11-05,0.006094671050682621,9.872971345847859e-05
2014-11-06,0.017552511549964844,0.0031568928534255747
2014-11-07,-0.0004099042511893636,-0.0008846140269620495
2014-11-10,0.0043129961573808995,0.0035426596605727667
2014-11-11,-0.0004083112965325153,0.0031386254698071436
2014-11-12,-0.001842956996868983,0.0017600859304791605
2014-11-13,0.017014433863248968,0.0042942831360477385
2014-11-14,-0.0006035788676387321,0.0031099530124365504
2014-11-17,-0.002420510391378916,-0.0030033606024424397
2014-11-18,-0.00834277058805366,0.007482398553198655
2014-11-19,-0.010668224444502994,-0.004533313189937438
2014-11-20,0.009955642458370884,0.004456997718278455
2014-11-21,-0.014786256999570924,0.0019295458694708056
2014-11-24,-0.00812790629803306,0.007797568993196391
2014-11-25,-0.0025206333949597814,0.001528535608852799
2014-11-26,0.0058971598255679325,0.006486621084631272
2014-11-28,0.0012585378966534222,0.00464290647594745
2014-12-01,0.01694083764522114,-0.011319678304428815
2014-12-02,-0.0032904447500484713,0.0040080784263258895
2014-12-03,-0.007842712321510348,0.0018048078592869388
2014-12-04,0.01580698633361899,-0.000473605031976132
2014-12-05,-0.008598815900761059,9.497234962618784e-05
2014-12-08,-0.014869368859155574,-0.007117088754586831
2014-12-09,-0.002306881257996385,0.003153134421457704
2014-12-10,-0.01449854597703959,-0.015720262443091992
2014-12-11,0.005757350325063637,0.004743283594661474
2014-12-12,-0.004663129120437315,-0.010885819407316033
2014-12-15,-0.005964955884180445,-0.010324394706536011
2014-12-16,-0.0323540442555319,-0.016041561400053195
2014-12-17,0.012842045425182746,0.01820266746160315
2014-12-18,0.03891525077810076,0.024067136668938893
2014-12-19,0.002946708771861095,0.004397927391940559
2014-12-22,0.0067134469706244815,0.0024931930635212485
2014-12-23,0.00979629161235085,-0.0035387830938393705
2014-12-24,-0.006396855521623057,0.0008641793000458975
2014-12-26,-0.00540058368965568,0.007094490340666448
2014-12-29,-0.008980795476701053,-0.00018983456536658672
2014-12-30,-0.009062181071476827,-0.006666109437704404
2014-12-31,-0.012123092195061469,-0.0102563729650611
2015-01-02,0.0066722771406679815,-0.0030028926851591864
2015-01-05,-0.009195924346365625,-0.01466806051667191
2015-01-06,-0.01467625102005865,-0.013408778636556873
2015-01-07,0.012704206702810916,0.012891432135879732
2015-01-08,0.02941852041627646,0.019139149884316087
2015-01-09,-0.008405380620546521,-0.006581977299836561
2015-01-12,-0.01250228730533176,-0.010427326057226627
2015-01-13,-0.005150870164016497,-0.0002956050886763206
2015-01-14,-0.008625875613212486,-0.00551567917470841
2015-01-15,-0.010445176786013532,-0.012975289201463625
2015-01-16,0.01671062624438102,0.011740793384439119
2015-01-20,0.0032453030169203867,0.007934861473141153
2015-01-21,-0.010132033374334326,0.0051167368911611
2015-01-22,0.026349158753109725,0.018503880616018042
2015-01-23,0.001062165133253412,0.002211585038726094
2015-01-26,-0.003603572409051181,-0.0011516857436272288
2015-01-27,-0.09253494975972032,-0.025926157176157205
2015-01-28,-0.0344571029993026,-0.005125816466284849
2015-01-29,0.0199071923124865,0.0096107588955896
2015-01-30,-0.03832340319153371,-0.00775262231997953
2015-02-02,0.021781074351997942,0.00870395719196626
2015-02-03,0.0077510395495239415,0.009609693218806115
2015-02-04,0.005769969789706009,-0.0008746705512845399
2015-02-05,0.01458062572861274,0.008652175790974104
2015-02-06,-0.0009428620122819975,-0.006071309953271875
2015-02-09,-0.0011776262027333173,-0.003200786851344284
2015-02-10,0.0056636778094569795,0.015565125264206614
2015-02-11,-0.00516337917829679,0.003639345623650536
2015-02-12,0.0167517470387073,0.011643805863480461
2015-02-13,0.018103284859317004,0.008584801109061901
2015-02-17,0.00045750156268686837,0.0009356111020444313
2015-02-18,-0.001145889553262447,0.0014015984703943385
2015-02-19,-0.0006893871640901716,0.004945248314165651
2015-02-20,0.008275689396623154,0.006683988817753228
2015-02-23,0.006612177184158297,0.0010196329321445763
2015-02-24,-0.0013594123559560467,0.0007389802073138885
2015-02-25,-0.002267895482341742,-0.002490719674290487
2015-02-26,0.0015908719769481827,0.0050779092938944
2015-02-27,-0.00476503536960593,-0.004409276400915707
2015-03-02,0.0006843559919462727,0.00903755985883814
2015-03-03,-0.013675118888246351,-0.004656646619968119
2015-03-04,-0.005083820120041382,-0.0038621952797603942
2015-03-05,0.0011624183683627276,0.0017487234318949163
2015-03-06,-0.017397217197792747,-0.011316934003670953
2015-03-09,0.01156734993079822,0.0028855806726630906
2015-03-10,-0.019135974388024724,-0.018566491783157835
2015-03-11,-0.0011909028256374965,-0.005770137564835909
2015-03-12,-0.022866653050635066,0.0065645198373871505
2015-03-13,0.008776018054813983,-0.004347122438485673
2015-03-16,0.0043484347874784834,0.01291004224132064
2015-03-17,0.0033705703763384776,0.0015935680384489004
2015-03-18,0.01918299981661664,0.009825057394803327
2015-03-19,-0.004939941004236448,0.0014821643214126823
2015-03-20,0.01395091426160433,0.006470359975815132
2015-03-23,-0.0004674589149549213,-0.001932713669466013
2015-03-24,0.000935355069975774,-0.00359941307407452
2015-03-25,-0.03356839401608058,-0.022884643126192206
2015-03-26,-0.006028002123913523,-0.0034140540097192806
2015-03-27,-0.005825575739513589,0.003995679234607419
2015-03-30,-0.00024321198186660897,0.01146696395452973
2015-03-31,-0.007323593058286226,-0.010587311637330732
2015-04-01,0.001476094675230577,-0.005208493315067342
2015-04-02,-0.010562137922400017,0.0006669500518223792
2015-04-06,0.03127408463989512,0.008181149619176376
2015-04-07,-0.00048242226169592506,-0.0016986519946663448
2015-04-08,-0.0026476282941909624,0.00793950889298567
2015-04-09,0.001449011846650805,0.0062831227637223375
2015-04-10,0.005784867724571985,0.004099789418533284
2015-04-13,0.0009581363830768463,-0.00250562184476788
2015-04-14,-0.0026330465375020706,-0.002884125939830673
2015-04-15,0.01464656299552125,0.00625204929403389
2015-04-16,-0.002366101416096611,-0.0013916293693954085
2015-04-17,-0.01280944947673901,-0.015600338954462
2015-04-20,0.030995710042287072,0.01499899027605256
2015-04-21,-0.006291430963021094,0.004274637952032423
2015-04-22,0.00820618724780231,0.005457132393994257
2015-04-23,0.008142089021251353,0.0037815460552503843
2015-04-24,0.10452178283465585,0.013562279414680578
2015-04-27,0.0033425873707804143,-0.0025333542000860465
2015-04-28,0.023527623789604712,-0.0019906449493513056
2015-04-29,-0.0020340005703686215,-0.006268791636370841
2015-04-30,-0.008561158555018045,-0.015732281284606797
2015-05-01,0.0004121019821390348,0.013191032388399693
2015-05-04,-0.008631527816140072,0.0016557932935414854
2015-05-05,-0.013267779040079697,-0.016297946052957202
2015-05-06,-0.027732137684598923,-0.006886801471143067
2015-05-07,0.009075432491300273,0.005997318988673062
2015-05-08,0.022485764970041178,0.012479100779566155
2015-05-11,-0.007958885561902052,-0.0038597363839841803
2015-05-12,-0.00042315048992502824,-0.004526798286347722
2015-05-13,0.005914379748693799,0.002040453955862498
2015-05-14,0.022883512291951735,0.01463552350603825
2015-05-15,-0.008618536989076997,0.0
2015-05-18,-0.006004341933239843,0.004371034741339264
2015-05-19,-0.0025171227091287385,-0.0010904589751651317
2015-05-20,0.0,0.000639254137941192
2015-05-21,-0.003363019846655879,0.005179564798616143
2015-05-22,-0.010965481915572894,-0.0009875529220810808
2015-05-26,-0.006610016396178864,-0.011500215323180463
2015-05-27,0.0218942031384739,0.01611929067200024
2015-05-28,-0.0033608975288939025,-0.0022509135200974306
2015-05-29,-0.012433586452849532,-0.005967146512490973
2015-06-01,0.007895544937540855,0.0033600896023893156
2015-06-02,-0.006563826079326485,-0.0031627906976743336
2015-06-03,-0.001491709725064183,0.0029960118661715995
2015-06-04,-0.010460024866209006,-0.007609664371688529
2015-06-05,-0.004745220636619418,-0.0023684989637816622
2015-06-08,-0.008884508869539287,-0.010159264022158498
2015-06-09,-0.0017495324091438835,-0.0016649510808190993
2015-06-10,0.021028661922462,0.013700193400362881
2015-06-11,-0.0036478773404331477,0.0014615118747840494
2015-06-12,-0.010121066095543974,-0.00820407640046139
2015-06-15,-0.010657771834534202,-0.004971117805549707
2015-06-16,0.007694702551654498,0.005455580979406571
2015-06-17,0.0030543784867262946,0.0027626780088843006
2015-06-18,0.01631720894591715,0.014568158168574374
2015-06-19,-0.013270945597993244,-0.0049426129426128895
2015-06-22,0.0028192367334809454,0.007372213332809796
2015-06-23,-0.006922448654355651,0.0008088091989866264
2015-06-24,-0.0058799634915699395,-0.005141037749627597
2015-06-25,0.0002194381877935747,-0.001996574504526505
2015-06-26,-0.008543603141060174,-0.006639142501299489
2015-06-29,-0.01966599349892928,-0.023608505933223944
2015-06-30,-0.0049580472921433305,0.003562090379828131
2015-07-01,0.006794898871775645,0.007940162148166063
2015-07-02,-0.0011239767020867486,0.0002798796517495816
2015-07-06,-0.0002255668338971839,-0.0023193532591859745
2015-07-07,-0.002027966224767197,0.0025050356123714757
2015-07-08,-0.0013538586270157582,-0.017410504650860692
2015-07-09,0.0063283069437034545,-0.0005653486045243961
2015-07-10,0.0020220459899105148,0.015279151253219991
2015-07-13,0.020848010033056585,0.017560420311726554
2015-07-14,0.00175683395770454,0.006568516421290971
2015-07-15,0.003068436737464486,0.001085978163033685
2015-07-16,0.019667479226885387,0.014131720141121962
2015-07-17,-0.000856098902861202,0.014744287793078792
2015-07-20,0.006434885673366697,0.0034283326527315694
2015-07-21,0.007672000510321686,-0.0006057164489872147
2015-07-22,-0.036801854336239614,-0.011326186597977128
2015-07-23,0.012517757925975204,-0.003735632183908044
2015-07-24,-0.003687429784046903,-0.00979713489087597
2015-07-27,-0.012842261942050737,-0.008282277092172996
2015-07-28,-0.00022084132931243783,0.008625584992852708
2015-07-29,0.02095155397462567,0.003776002484978447
2015-07-30,0.012745173620350325,0.004748181958842634
2015-07-31,-0.003838050476625332,-0.0011549678052724666
2015-08-03,0.0023541011893755126,-0.0031316547663785554
2015-08-04,0.015596488207953119,-0.0018752295706303546
2015-08-05,0.0008402506707476665,0.007718380786364554
2015-08-06,-0.020175699641197253,-0.01603928616046968
2015-08-07,0.0025729665662503898,-0.0012696800406298836
2015-08-10,0.01262246873322126,0.011422089225292975
2015-08-11,-0.019435870868570015,-0.012811091988474854
2015-08-12,0.007108910694619386,0.0034475666252045123
2015-08-13,-0.0002142741033738238,-0.0016300157145228145
2015-08-14,0.005779250372596634,0.0015446884226579805
2015-08-17,0.006809035933584839,0.008326500331888642
2015-08-18,0.005529592931462712,-0.005121155503063912
2015-08-19,-0.013962074254718848,-0.006577923088899262
2015-08-20,-0.020382124972090243,-0.027698546409121172
2015-08-21,-0.05672300478890746,-0.04370558569957761
2015-08-24,-0.03227485269868746,-0.0384763678578427
2015-08-25,-0.029029726659605903,-0.0037579404295225993
2015-08-26,0.05535020939656499,0.05036159524207506
2015-08-27,0.027861008244502106,0.02533247897074431
2015-08-28,0.0006851349168719434,-0.00018993294141789185
2015-08-31,-0.009332802261740158,-0.012402117439667015
2015-09-01,-0.0390625,-0.03125349030574043
2015-09-02,0.036824646753026435,0.028204107209768292
2015-09-03,0.0032283163433517448,-0.004908826439553815
2015-09-04,-0.020459080524438233,-0.011896477069389233
2015-09-08,0.030038621852077396,0.02819120347443005
2015-09-09,-0.018682627241198735,-0.011234108804176857
2015-09-10,0.005108746737332304,0.010879816201214698
2015-09-11,0.004387992592455703,0.005524691580008456
2015-09-14,-0.010121148676728198,-0.0030307241448370714
2015-09-15,0.021841603205560833,0.011780525952209686
2015-09-16,0.007275734204271966,0.00563528949362424
2015-09-17,-0.0011281378754866012,0.0003727077215973651
2015-09-18,-0.01740121521630711,-0.014222061111362927
2015-09-21,0.014489970909588479,0.0031318278904288732
2015-09-22,-0.004762731946601484,-0.01495040461403574
2015-09-23,-0.0006825298411425873,0.0007680658283066855
2015-09-24,0.000912399245054818,-0.0036473203402925813
2015-09-25,0.0006823734093146516,-0.008477291081997573
2015-09-28,-0.014791159139650678,-0.028469259723964968
2015-09-29,0.003463370432696955,-0.0052003288949731274
2015-09-30,0.01887617021724708,0.023021831793495817
2015-10-01,0.007909274599885219,0.004520843467777924
2015-10-02,0.02151893866564114,0.01751140915574867
2015-10-05,0.023261533519546074,0.014325488423006405
2015-10-06,0.0025727305279370505,-0.004740022950401546
2015-10-07,0.001069016382615029,0.006000647721496222
2015-10-08,0.013889703438703327,0.003976230232186184
2015-10-09,-0.007165443905636892,0.004525685803755897
2015-10-12,-0.002335319892701637,0.0024405371606126547
2015-10-13,-0.0023407863776938598,-0.006461351805087223
2015-10-14,-0.0044779286409388774,-0.0016025153405345716
2015-10-15,0.007070496723219133,0.01642675010412753
2015-10-16,0.010635891023473398,0.004177744018230012
2015-10-19,0.002315656194861626,0.005732940520742247
2015-10-20,0.003148452791220002,-0.0051460691948380655
2015-10-21,-0.011931837225225506,-0.006101782587935811
2015-10-22,0.017585687218030444,0.020371397173186034
2015-10-23,0.10076908424210673,0.027974497302599266
2015-10-26,0.02610204174336639,0.0006297589740653642
2015-10-27,-0.010323208985429044,0.0020311248426594375
2015-10-28,0.005401824606844796,0.00831739324901748
2015-10-29,-0.011484999163147935,-0.0015855787834456736
2015-10-30,-0.013493761064412468,-0.004471248830196672
2015-11-02,0.011397162658324023,0.01129004690734381
2015-11-03,0.017094274127027687,0.0034928593560745735
2015-11-04,0.004616742767595605,8.42105263156867e-05
2015-11-05,-0.0003678943827782888,-0.002694509936005396
2015-11-06,0.009930494947476998,0.0006942099140681002
2015-11-09,-0.01383928850314542,-0.010621543076778761
2015-11-10,-0.012002170695192493,-0.002558344466869533
2015-11-11,0.0026159603502480255,-0.0012349549241452706
2015-11-12,-0.006149799305509629,-0.009720650199263825
2015-11-13,-0.009001878876792158,-0.019632137540219974
2015-11-16,0.017600245866690845,0.014382145761283827
2015-11-17,-0.008239555395802789,0.0006277827678458081
2015-11-18,0.016613874848004695,0.019188448322458695
2015-11-19,0.0016707309869969933,0.0007102810819001881
2015-11-20,0.004635284603526246,0.006766540168642976
2015-11-23,0.0,-0.0028764264631235825
2015-11-24,0.0011068323840708327,-0.0008767298917755628
2015-11-25,-0.01032110812140763,0.000877499221573208
2015-11-27,0.004468555082558279,0.0013952260643312897
2015-11-30,0.007789395637264329,-0.0025323843952402836
2015-12-01,0.01600598604649206,0.009994809117078063
2015-12-02,-0.0001810312196567354,-0.0061674173472628935
2015-12-03,-0.018293636423492243,-0.016943415386351135
2015-12-04,0.031549384333245944,0.02337592776800057
2015-12-07,-0.0017879710186150533,-0.0045235335900406515
2015-12-08,-0.00035823471701501575,9.388613489558217e-05
2015-12-09,-0.014517777660133402,-0.015179962824580895
2015-12-10,0.005272814426684702,0.004518373766741357
2015-12-11,-0.02189113420368971,-0.023021664658043894
2015-12-14,0.019977179744186113,0.007585985838197917
2015-12-15,0.0010877626699627996,0.006092505832224759
2015-12-16,0.01684817503827718,0.014870743345533954
2015-12-17,-0.007660160084190792,-0.01456787326044684
2015-12-18,-0.028187139273550543,-0.019180838323353266
2015-12-21,0.012931550086147325,0.011106444081935729
2015-12-22,0.00948472147694801,0.006579074485556946
2015-12-23,0.008490525378194613,0.007419066905970828
2015-12-24,-0.0026862792183740547,-0.0001714873670972672
2015-12-28,0.005029934743483677,-0.0005336077601814093
2015-12-29,0.010722167741725741,0.015730765563924276
2015-12-30,-0.004242565466481274,-0.009010700206495303
2015-12-31,-0.014740770627395539,-0.012455010418639834
2016-01-04,-0.012256522923137836,-0.021090490576895382
2016-01-05,0.004562537442450054,-0.0017439695883055828
2016-01-06,-0.018165197437929215,-0.009598775125628234
2016-01-07,-0.034783156965563666,-0.031316024179962376
2016-01-08,0.003065834884758978,-0.008200519898230008
2016-01-11,-0.0005730870506204244,0.003076897686705049
2016-01-12,0.00917899474151751,0.011598348939705794
2016-01-13,-0.021600215227333797,-0.034489628918063064
2016-01-14,0.02846747281610429,0.021295703588905646
2016-01-15,-0.03991829401321845,-0.031036768473150178
2016-01-19,-0.00843234187409625,0.002180999557416685
2016-01-20,0.004549723421751528,-0.003066924561511475
2016-01-21,-0.006103684352962491,0.0009924427402068225
2016-01-22,0.03585461026423453,0.028953362077127398
2016-01-25,-0.00956092728611746,-0.014840071708748348
2016-01-26,0.007336974402842644,0.008998921178895447
2016-01-27,-0.018209926946903154,-0.02491505168664132
2016-01-28,0.016400823257010533,0.014118219286793021
2016-01-29,0.058201520008204666,0.020882505143318797
2016-02-01,-0.006897476080501619,0.0026890527734335645
2016-02-02,-0.03125525575407739,-0.021645849003094852
2016-02-03,-0.015849983496298403,-0.0047965333047662595
2016-02-04,-0.0030686003131759065,-9.81448512473726e-05
2016-02-05,-0.03538332481354767,-0.03472768990781916
2016-02-08,-0.014951501604534845,-0.015286764882755155
2016-02-09,-0.002632432022328546,-0.003105703857757214
2016-02-10,0.008727242550955028,0.0038415957157686975
2016-02-11,-0.00040447897623396845,-0.0014479840843802938
2016-02-12,0.016302297775837138,0.015225324129838569
2016-02-16,0.018947079544892276,0.022546927160291164
2016-02-17,0.026032226801802283,0.022648113459994512
2016-02-18,-0.004387125647364543,-0.01141500655740102
2016-02-19,-0.007090527953666381,0.0029602870504381595
2016-02-22,0.016017011681383586,0.016235634155636225
2016-02-23,-0.027919401552672585,-0.016460315432246797
2016-02-24,0.0035171615888933694,0.009549730522700361
2016-02-25,0.01440803213204167,0.00984856806590817
2016-02-26,-0.015355073906981986,-0.001255582525026
2016-02-29,-0.008187512504424621,-0.008990983085376048
2016-03-01,0.03341276614610478,0.03209724840356332
2016-03-02,0.007035788136974919,0.0003782673731713704
2016-03-03,-0.011331975768316571,-0.0018906217053510366
2016-03-04,-0.006112274533123019,0.0003788405853035748
2016-03-07,-0.019219138498756783,-0.0061505285515292
2016-03-08,0.012149543038380228,-0.008284826406837031
2016-03-09,0.023040035637700962,0.006432918412671018
2016-03-10,-0.014952197791642474,-0.0015260487619149776
2016-03-11,0.01959747599070827,0.017485664379391253
2016-03-14,0.0018851002694821872,0.0016895023171468182
2016-03-15,0.007897433069095738,-0.00037414121014567314
2016-03-16,0.014183128412137869,0.008909302196890012
2016-03-17,0.005702652729615787,-0.0005584586541146352
2016-03-18,-0.021404001824075647,0.0015665535821192123
2016-03-21,0.006916095948179768,0.0039152395469082
2016-03-22,0.003899182470012752,0.003056465217822879
2016-03-23,-0.0018481512229922004,-0.008231266942361426
2016-03-24,0.004447119403484079,0.0002793128902900399
2016-03-28,-0.012360602529959963,-0.001396174481919532
2016-03-29,0.021853848438694756,0.016058481634609656
2016-03-30,0.006213497762192599,0.004865247390458016
2016-03-31,0.00326990884821754,-0.001457398006592503
2016-04-01,0.006157044455290306,0.01061829010265658
2016-04-04,-0.002520813967176516,-0.003799480479199757
2016-04-05,-0.015694182185180483,-0.009651683206849615
2016-04-06,0.01026371441033791,0.01644594647699149
2016-04-07,-0.011974430539299585,-0.014362761207013297
2016-04-08,-0.000735208840730972,-0.0007354671687456182
2016-04-11,-0.0020207212005779462,-0.0036702289477040795
2016-04-12,0.00626134414341073,0.008382006756823213
2016-04-13,0.012807997672023674,0.012776182382933987
2016-04-14,0.00018135617741932286,9.64450359739466e-05
2016-04-15,0.005238002102535333,-0.0025266162629223876
2016-04-18,0.014555934553016181,0.005327068468782059
2016-04-19,-0.0012405386454756862,-0.006106649997595803
2016-04-20,-0.01418690796210953,0.0008127721335269289
2016-04-21,0.0034187167131625174,8.701200765703909e-05
2016-04-22,-0.07171020705273379,-0.015090436278916819
2016-04-25,0.006371230355372903,0.0
2016-04-26,-0.012856586294965666,-0.004858561865687783
2016-04-27,-0.0097197860024556,-0.008028642725398827
2016-04-28,-0.02041638713419991,-0.01208177144959377
2016-04-29,-0.0006012304882624386,-0.005268831164909837
2016-05-02,0.014838519992762755,0.009458245307301771
2016-05-03,-0.016399945623226886,-0.009276409954174225
2016-05-04,0.0018080396590554049,-0.0064313658837134025
2016-05-05,0.001404468970508388,-0.00028510915607682374
2016-05-06,0.009008968316165378,0.005332043185984903
2016-05-09,-0.006350023502025515,0.002840831378826403
2016-05-10,0.018973583851617182,0.013700207811573328
2016-05-11,0.000588032434631236,-0.009042256328483211
2016-05-12,0.009011934903738528,-0.004419069380595997
2016-05-13,-0.008349007337404513,-0.003683077541611457
2016-05-16,0.014683542067795985,0.012511571175530145
2016-05-17,-0.018651341129569343,-0.012544223218479034
2016-05-18,0.005938350256227132,0.0036020687557043463
2016-05-19,-0.009644104971949452,-0.005194755328135514
2016-05-20,0.0059630066552407435,0.011014605220256657
2016-05-23,-0.01165618244536426,-0.001315108679817767
2016-05-24,0.031181088965055448,0.020033278138033905
2016-05-25,0.010273355492402603,0.007189632727129247
2016-05-26,-0.004411818429925551,0.002927784577723358
2016-05-27,0.008286422268653615,0.005203858470670841
2016-05-31,0.012996465629261378,0.0019134201657002858
2016-06-01,-0.002829682289443358,8.724819202354794e-05
2016-06-02,-0.007002091726553861,0.0020840805327491108
2016-06-03,-0.01314680240313304,-0.004701193677571713
2016-06-06,0.006565814941770665,0.0036348792909071115
2016-06-07,-0.0005758103779077706,-0.002537137102240794
2016-06-08,-0.0011522842530468091,0.0017280882295833688
2016-06-09,-0.008070990278223222,-0.0016378825764183924
2016-06-10,-0.0027122203971992054,-0.011338374768233184
2016-06-13,-0.026029802426750348,-0.008355834847071475
2016-06-14,-0.006180988824182387,0.0
2016-06-15,-0.0028096454002732862,-0.0028714577103591266
2016-06-16,0.014085554699016622,0.002969097553225275
2016-06-17,-0.005158981540137164,-0.01172143401681136
2016-06-20,-0.0011975673296481526,0.00629037929614662
2016-06-21,0.022369462998671263,0.003175804155425288
2016-06-22,-0.00390777134505238,-0.0024214516801301933
2016-06-23,0.01804275434264979,0.014265533912974249
2016-06-24,-0.040067664078918375,-0.041185413315547925
2016-06-27,-0.028096454002733195,-0.019849238263488278
2016-06-28,0.020853569413223028,0.02191376224345487
2016-06-29,0.022251270352255048,0.017710041852114333
2016-06-30,0.012463572196305561,0.011567451377467064
2016-07-01,-0.00019480846388042483,0.0050196918742497765
2016-07-05,0.00019484642161260446,-0.006100149048949177
2016-07-06,0.004104110896359758,0.008193383718505087
2016-07-07,0.0,0.002955199180424639
2016-07-08,0.017905801619239048,0.01545925984128238
2016-07-11,0.005546656158715857,0.005716220137343964
2016-07-12,0.011788183278030662,0.005048999336417337
2016-07-13,0.005639133354242265,-0.00242091363175323
2016-07-14,0.00429720859357996,0.006829539677515317
2016-07-15,-0.000744052271235196,-0.001610060496355925
2016-07-18,0.004840983798034548,0.006622390167563497
2016-07-19,-0.016121834323088557,-0.003640155464972983
2016-07-20,0.05311580963793405,0.011683443380967828
2016-07-21,-0.001967230191975311,-0.0022946564598340657
2016-07-22,0.013799761941561295,0.004156847959279952
2016-07-25,0.002829299585009659,8.448245111747354e-05
2016-07-26,0.0005271460470956946,0.0011451098179087182
2016-07-27,-0.010042070533261671,0.006937803528904274
2016-07-28,0.0003568018593562705,0.0034915550920839866
2016-07-29,0.008360930781217135,0.0021711496887091286
2016-08-01,-0.0017646338137827788,0.005295756913647809
2016-08-02,0.0,-0.00759787443706661
2016-08-03,0.0068928519818434175,0.003312979082759515
2016-08-04,0.007372557963050808,0.002858067798177988
2016-08-05,0.009931829669804104,0.009591972257064763
2016-08-08,0.0017256638878260233,-0.0011053862457063302
2016-08-09,0.002411381721726613,0.0023138198147114597
2016-08-10,-0.003092614866490262,-0.0025730866090004634
2016-08-11,0.004826087124385703,0.004290392813363519
2016-08-12,-0.006174618360940354,0.000683165881784964
2016-08-15,0.003106490574207754,0.00426914744488327
2016-08-16,-0.005540449132895642,-0.005529018282016129
2016-08-17,0.0020890015425278907,0.001795528496039811
2016-08-18,0.0006942376342549128,0.0002547446185199309
2016-08-19,0.0003478442353515021,-0.00025467974022663764
2016-08-22,0.000867376408520748,0.0007733318776497189
2016-08-23,0.00381585093282788,0.001790925372048946
2016-08-24,0.001036381011346288,-0.0064702893026969965
2016-08-25,0.003795489207057745,-0.0016258231871614237
2016-08-26,-0.002405308901365144,0.0014546452586796654
2016-08-29,0.0012045951083465845,0.0013703135277352008
2016-08-30,-0.0036132690889235652,-0.003247760322586557
2016-08-31,-0.00742771771211681,-0.0010250965604349238
2016-09-01,0.0022626187487408966,0.0025745331940703053
2016-09-02,0.0013877506842114862,0.0032533104261287527
2016-09-06,-0.0010403356867952906,0.006230472841878942
2016-09-07,0.0008675272382299148,0.0005974634958856306
2016-09-08,-0.0039883245947970325,-0.00585345552911809
2016-09-09,-0.02124253313331237,-0.025162441075296194
2016-09-12,0.014942988518493516,0.017942326901354555
2016-09-13,-0.009113577298588194,-0.00894142677659282
2016-09-14,-0.004776897615686115,0.004765518007180614
2016-09-15,0.016530315470832058,0.015545711575476906
2016-09-16,0.0010490667393292519,-0.0004806340742352644
2016-09-19,-0.005589807302329719,-0.004345932606289349
2016-09-20,-0.002107716431976381,0.0018771813120219694
2016-09-21,0.016722965029703607,0.009832188821683685
2016-09-22,0.0010387137678715685,0.007953092068524681
2016-09-23,-0.006745596303782908,-0.006380183899418412
2016-09-26,-0.009227709876615031,-0.008363685417509759
2016-09-27,0.01845320187407684,0.00988527637963088
2016-09-28,0.001381050981717813,0.0016882941942437668
2016-09-29,-0.01085670113573356,-0.0072438431815533555
2016-09-30,0.0034828002800202373,0.007468280128233973
2016-10-03,-0.003124800714240261,-0.0014341800971656715
2016-10-04,-0.003134595701125842,-0.0015170284195974437
2016-10-05,0.006988968164608256,0.0035421143006122424
2016-10-06,0.0017341498127776411,-0.0005016707427414335
2016-10-07,0.0010390742022359234,-0.002186948221311935
2016-10-10,0.004151982590945069,0.006332695572502711
2016-10-11,-0.014644455780877919,-0.014263781776635232
2016-10-12,-0.001399404425932782,-0.0008511871343969135
2016-10-13,-0.0033270249146803987,-0.003579844118180242
2016-10-14,0.008784349308907036,0.001200600300150123
2016-10-17,-0.003481591762042102,-0.0027344495216984344
2016-10-18,0.007687818542582603,0.008909051158723313
2016-10-19,-0.002252843563469553,-9.029019267936533e-05
2016-10-20,-0.004867997175168615,-0.001182908329119381
2016-10-21,0.0420956236183454,0.0037337383490185783
2016-10-24,0.0224616590171276,0.012015203645992845
2016-10-25,-0.00016422788260994636,-0.003177287290850872
2016-10-26,-0.00590222455829148,-0.006794460862655449
2016-10-27,-0.008742507274713374,-0.004557631110551852
2016-10-28,-0.003826400683047626,-0.0062852756581026625
2016-10-31,0.0008347788579703419,-0.0009360317705540133
2016-11-01,-0.0020025412582944657,-0.0075225585795373195
2016-11-02,-0.00618720194774014,-0.00801033828556763
2016-11-03,-0.00370097056829366,-0.009811983184736861
2016-11-04,-0.00844459316687296,-0.003508346318569111
2016-11-07,0.029125256424354262,0.0237647124919238
2016-11-08,0.000827180144728823,0.006530388256276609
2016-11-09,-0.004960819648895498,0.004607038682768572
2016-11-10,-0.024430130123834104,-0.016145663736025107
2016-11-11,0.005451725210294356,0.0004321004679554985
2016-11-14,-0.015249957094172095,-0.010108621735374634
2016-11-15,0.019747388177613567,0.013869548264914044
2016-11-16,0.013249921120242591,0.005942570413507653
2016-11-17,0.016596510543807286,0.0072728265717587615
2016-11-18,-0.004782438259505972,-0.003741189228266828
2016-11-21,0.008451163523510274,0.010404005587504317
2016-11-22,0.004271012162665455,0.003034301975887166
2016-11-23,-0.0117799010864571,-0.004036480475427484
2016-11-25,0.002152687014684407,0.003208123652048922
2016-11-28,0.001322446892067175,-0.0022752313301146465
2016-11-29,0.007918729500870247,0.003456541842112415
2016-11-30,-0.013586469635407772,-0.012105432681984052
2016-12-01,-0.01758992198565945,-0.017271204093646797
2016-12-02,0.0008441639695129233,0.0019906366350868065
2016-12-05,0.016370805365996555,0.0077719730694234546
2016-12-06,-0.004483481619928509,0.0024003139574149124
2016-12-07,0.023685782997432847,0.012664797144730233
2016-12-08,-0.005865958523926018,0.0017802073312174205
2016-12-09,0.01573546014849292,0.007844122741673454
2016-12-12,0.0032275100179484095,-0.004523798922480893
2016-12-13,0.013028562892248408,0.012613273457557694
2016-12-14,-0.004762749087563911,-0.0020760267498255436
2016-12-15,-0.0015963564267016395,0.0015757511375507072
2016-12-16,-0.004473411294126817,-0.0037033763478875326
2016-12-19,0.021188012330539463,0.004098615164876085
2016-12-20,-0.0012582157666253257,0.0038256628645643165
2016-12-21,0.0,-0.0007481340656244617
2016-12-22,0.0001583451367161981,-0.0028186134183615374
2016-12-23,-0.0048783458162617865,0.0006624797943663996
2016-12-27,0.000632888155375877,0.00516392140246813
2016-12-28,-0.004582916188369479,-0.007780734339735251
2016-12-29,-0.0014287720283648886,-0.001416117183696941
2016-12-30,-0.012082839695837233,-0.010281409262131613
2017-01-03,0.007079668061604982,0.008946402185107116
2017-01-04,-0.004473411294126817,0.005440957182418549
2017-01-05,0.0,0.00565869505724903
2017-01-06,0.00866758122308009,0.008769465756070183
2017-01-09,-0.003182825060744632,0.003280628627618132
2017-01-10,-0.00031947528390929847,0.0022030634725138665
2017-01-11,0.009103541305817808,0.0026915221379859577
2017-01-12,-0.00917888681064305,-0.0015449813998048567
2017-01-13,0.0014374438222584107,0.0034232365145228094
2017-01-17,-0.0027120580782475923,-0.0030066508149831916
2017-01-18,-0.00047917193431634697,0.002039282103571294
2017-01-19,-0.0032001386903666162,-0.0004915360934090174
2017-01-20,0.007063262339856324,0.002200058668231142
2017-01-23,0.003505099046803517,0.0008092216836976807
2017-01-24,0.008894578609460524,0.006726592404627807
2017-01-25,0.0025186549303495287,0.010065193058605315
2017-01-26,0.009266268490867535,0.0010404770968150956
2017-01-27,0.023494014247450012,0.0019097838395105704
2017-01-30,-0.009881436211875205,-0.007784825073377966
2017-01-31,-0.007369180494843586,-0.0020061033143207174
2017-02-01,-0.01655111554997657,0.006899195093905686
2017-02-02,-0.00644806766645345,-0.0008712938290403871
2017-02-03,0.008072138171482113,0.00287015713898664
2017-02-06,-0.0006267796374748169,0.001190365636423607
2017-02-07,-0.003300909139869912,0.003659606044252639
2017-02-08,-0.0014188625045538084,0.0016635020919799626
2017-02-09,0.01136702828665448,0.0036402066697980295
2017-02-10,-0.0009354553095718421,0.0033010747296460252
2017-02-13,0.011249794853633421,0.005655835339391846
2017-02-14,0.0037309926934725457,0.003354537322333817
2017-02-15,-0.0006195206884168636,0.005918918249585126
2017-02-16,-0.0001549761830557106,-0.0003118486057084313
2017-02-17,0.0015500020439587203,0.004334405989360857
2017-02-21,-0.002011884232473893,0.00492872556071422
2017-02-22,-0.0020159400705153097,0.00038227854278671813
2017-02-23,0.004040024588484403,-0.0037562807941851073
2017-02-24,0.0,0.001926027486697457
2017-02-27,-0.006035652697421456,0.001229962205134827
2017-02-28,-0.0038925019291410345,-0.0030751958606887175
2017-03-01,0.015005616800244592,0.010926955059939125
2017-03-02,-0.01432178407156326,-0.005020988052954478
2017-03-03,0.0037496458953911738,0.0018335523860519842
2017-03-06,0.00031130321446215525,-0.002210812736872736
2017-03-07,0.002022841177043988,-0.0016881609596545166
2017-03-08,0.009160347028347893,0.001764184613383346
2017-03-09,-0.00399917480029488,0.0007628631715630441
2017-03-10,0.0030899462994498084,0.004208767860907958
2017-03-13,-0.0033884707367808353,0.0016716061146868633
2017-03-14,-0.004636352057062809,-0.0024266365688487834
2017-03-15,0.005279007669405145,0.006166204672738429
2017-03-16,-0.0016989454996613196,-0.0006827199563058661
2017-03-17,0.003558386094241861,-0.00034561193406046353
2017-03-20,0.0009249831859741153,0.0009085500184926598
2017-03-21,-0.011089540593100855,-0.015174275225525502
2017-03-22,0.012769671815497707,0.006778250868692881
2017-03-23,-0.0024588667919477336,-0.0025196671770816303
2017-03-24,0.001694108399220129,0.002071183742426097
2017-03-27,0.001846837628809217,0.0016048892383260238
2017-03-28,0.002918769086369677,0.006109847779818933
2017-03-29,0.002757102315763982,0.00464102440358416
2017-03-30,0.003666028804512056,0.0016572860539778578
2017-03-31,0.002282898829951696,-0.0006794021261289362
2017-04-03,-0.00470724475169737,-0.0005998800239952473
2017-04-04,0.0027461657624550107,0.0015846338535414617
2017-04-05,-0.002586498045496932,-0.004075174992808406
2017-04-06,0.0025932053661079646,0.0005295335291002345
2017-04-07,-0.0007607347192638558,-0.0005292532717473541
2017-04-10,-0.002283941631487263,0.00037709205860170236
2017-04-11,-0.0007630566540216543,-0.004314873481172543
2017-04-12,-0.0038181967705607223,-0.004035538514825188
2017-04-13,-0.00429277102750214,-0.0039710140239069824
2017-04-17,0.008160634035410785,0.008282245950225198
2017-04-18,-0.001374550837402011,-0.0015139923495067764
2017-04-19,-0.005352833220170328,0.001596941614846692
2017-04-20,0.007073012890591368,0.008366549905383103
2017-04-21,0.013741311011672419,-0.00023158499968067847
2017-04-24,0.017017459363823262,0.01206917209153735
2017-04-25,0.005775568158701949,0.007237226334980251
2017-04-26,-0.001325169812664062,-0.0014104040807692009
2017-04-27,0.006487204620756026,0.006002683552646992
2017-04-28,0.0027832374734193532,0.001770560339448446
2017-05-01,0.01387595754380766,0.008899443298166387
2017-05-02,-0.001584883912399082,0.0016746669959406546
2017-05-03,-0.003174799513472326,-0.003205054123810558
2017-05-04,-0.003908754368911915,0.00036327379250100655
2017-05-05,0.002761398554937289,0.003654597994220632
2017-05-08,-0.0008696192310081452,0.002178615693731123
2017-05-09,0.0014506268780436482,0.0034797437433746747
2017-05-10,0.0039110191412312645,0.0005817736441231514
2017-05-11,-0.012262915383663975,-0.0007956484152061849
2017-05-12,-0.0011686368685669413,0.0022433713353802176
2017-05-15,0.0007312526116163287,0.003170359052711902
2017-05-16,0.020134098847713444,0.004173171381791851
2017-05-17,-0.027804890335824894,-0.02542790623601776
2017-05-18,0.0034086308800906906,0.008746401058283393
2017-05-19,-0.00029693942597086576,0.004227286051498913
2017-05-22,0.011228935656390604,0.008418982655052254
2017-05-23,0.003360327699795773,0.0010054997790946985
2017-05-24,0.0013094003169289437,0.004596301651320411
2017-05-25,0.01236027361346137,0.00851424848879656
2017-05-26,0.004884372832088868,0.0017725968543915727
2017-05-30,0.006431902737385364,0.0008547393045121865
2017-05-31,-0.008096355476097439,-0.0003595828838547366
2017-06-01,0.0037237130112477423,0.003896882494004883
2017-06-02,0.023679439836515215,0.011421319796954377
2017-06-05,0.0072466416330905226,-0.00020665731788338526
2017-06-06,0.003321355088687916,-0.0039789756536887655
2017-06-07,-0.0017930489969473218,0.0039207548008863835
2017-06-08,-0.006078637370865003,0.0010483418480347062
2017-06-09,-0.022654478576429327,-0.025008481201233
2017-06-12,-0.007679398327998244,-0.005355400406949928
2017-06-13,0.01246793757575193,0.008114376972508497
2017-06-14,-0.005377691165553089,-0.004345136615319767
2017-06-15,-0.00526526124932547,-0.004439864834148932
2017-06-16,0.0014303646882820598,-0.004330289193303027
2017-06-19,0.012428740017358386,0.01671622169057807
2017-06-20,-0.01354664232608771,-0.007826008510126381
2017-06-21,0.0051501434850294014,0.00989566363836114
2017-06-22,-0.0001430608490662344,-0.0002776047958102934
2017-06-23,0.013521184588897839,0.0038350119328158794
2017-06-26,-0.009549091969279555,-0.004672652646216635
2017-06-27,-0.018715276809479042,-0.01813989123576598
2017-06-28,0.008524081833711783,0.01442046558596033
2017-06-29,-0.01876699526128678,-0.017360220811149074
2017-06-30,0.006423173200721832,0.0003683806600154327
2017-07-03,-0.011025349585221722,-0.010533341516555828
2017-07-05,0.013349063257376503,0.00983136266718354
2017-07-06,-0.007382250961733172,-0.009013920133903564
2017-07-07,0.012979562567228431,0.010784928991469878
2017-07-10,0.007486588953387718,0.006538352457822416
2017-07-11,0.00014209225378625234,0.0028100583334602636
2017-07-12,0.01657403359770182,0.011869413667671802
2017-07-13,0.00871400137605649,0.0021989403059001766
2017-07-14,0.014072562841613179,0.00787035996974672
2017-07-17,0.007832710009563648,0.000497808158109958
2017-07-18,-0.0006822887958645163,0.006676221808000982
2017-07-19,0.007639994514111237,0.0058721118947151485
2017-07-20,0.004873235227543571,0.0013201126496127369
2017-07-21,-0.005793316265011561,-0.00041748454574763727
2017-07-24,-0.0025751670378619806,0.0045795933321122195
2017-07-25,0.008017138861299067,-0.0025528811086797942
2017-07-26,-0.001886717420985451,0.003254113345521059
2017-07-27,-0.012019017937775489,-0.006283027807135744
2017-07-28,-0.001639953937905947,-0.0008361878635400055
2017-07-31,-0.004655664816069827,-0.004243167252732771
2017-08-01,-0.0016503311935139875,0.0023075618728851666
2017-08-02,-0.0044096636220065655,0.002714153316562884
2017-08-03,-0.0015212598329941152,-0.003887825238587772
2017-08-04,0.0073452796355528704,0.0018115808620471352
2017-08-07,-0.003853335698757454,0.006336418233006791
2017-08-08,0.005388069275176655,-0.0017311780045435876
2017-08-09,-0.004396940606024247,-0.001317098870221689
2017-08-10,-0.014627210441243932,-0.021438410363119553
2017-08-11,0.015265143110716695,0.007584719747225854
2017-08-14,0.015034115006834936,0.012885391354749531
2017-08-15,0.00027321349555875507,0.0006896298741791984
2017-08-16,0.005872485712165032,0.0017375493955233967
2017-08-17,-0.016971514419883982,-0.02044849088088041
2017-08-18,0.0012430454011822523,-0.000709792142974508
2017-08-21,-0.004690119262175774,-0.0012710565470628321
2017-08-22,0.01399806569991835,0.015242144980049055
2017-08-23,-0.006013983104986131,-0.003561605450804861
2017-08-24,-0.00041252522233026223,-0.002945311921852989
2017-08-25,0.0017883470350223973,-0.002107888252233958
2017-08-28,0.0001373195814740047,0.003101570867547254
2017-08-29,0.0030206160026982065,0.00392985578170757
2017-08-30,0.013141175385293025,0.011750803205435867
2017-08-31,0.010268490479029557,0.010716423576131895
2017-09-01,-0.011100289282028108,-0.0013650743207132
2017-09-05,-0.00446290759311696,-0.008975518026977047
2017-09-06,-0.002852763725602947,0.003043262494161647
2017-09-07,0.012806046444130414,0.002342823466069177
2017-09-08,-0.004842430923717056,-0.00865979980110776
2017-09-11,0.010542987356055189,0.011510580654609415
2017-09-12,-0.001070050507547049,0.002396085187705621
2017-09-13,0.007098133847197152,0.0013721086421178974
2017-09-14,-0.005851502762446836,-0.005877559262384313
2017-09-15,0.007223328633106041,0.003438570019151488
2017-09-18,-0.0019916897466945027,-0.0013085409407036508
2017-09-19,0.003725240383572359,0.0017156383694920674
2017-09-20,-0.006627525843748816,-0.003085750625099304
2017-09-21,-0.009742195148482513,-0.006125363353654545
2017-09-22,0.0026949519449057657,-0.0009700523682405482
2017-09-25,-0.01545432501993882,-0.010527622232118783
2017-09-26,0.0,0.0025898134006241413
2017-09-27,0.00805319739235455,0.009007815604715752
2017-09-28,0.00027080886486929856,-0.0003428004609572488
2017-09-29,0.00839280196577552,0.007201278281615986
2017-10-02,0.0016108933746172838,0.0008910073453778367
2017-10-03,-0.0046908824977638375,0.0021278289630812797
2017-10-04,0.005790245573155328,0.000960545416465175
2017-10-05,0.01713830849246345,0.009798262576120598
2017-10-06,0.0003948774663746768,0.0013504437172213724
2017-10-09,0.0038156421305239885,-0.0011488265557323407
2017-10-10,0.0,0.0007429526653428553
2017-10-11,0.0017039585693017223,0.002983881330040017
2017-10-12,0.009159554026434868,-0.0018220121847064563
2017-10-13,0.004797535273300069,0.0038574525126917614
2017-10-16,0.002064704355937197,0.0034377685756701304
2017-10-17,-0.0007726688008378169,0.0012741288144231255
2017-10-18,0.0002577554265221771,-0.0012088821021822849
2017-10-19,0.00386673557046624,-0.0036947381832082016
2017-10-20,0.011551339285714057,0.002699630576868506
2017-10-23,0.0002537651017817666,-0.006525435737565477
2017-10-24,0.000380551082088898,0.0016902131665466058
2017-10-25,-0.002916448438404551,-0.0037805433730134785
2017-10-26,0.0016532489936746941,-0.003187421833124926
2017-10-27,0.06411912450663793,0.029122663626782508
2017-10-30,0.0009545028933368727,0.0022502281578087313
2017-10-31,-0.008464430733670425,0.0037604960240227303
2017-11-01,0.0,-0.00033239846265709083
2017-11-02,0.010460155366954771,-0.0019049994111820512
2017-11-03,0.001070749654075609,0.00961952221651563
2017-11-06,0.003921882710387958,0.0033890615118103984
2017-11-07,-0.002367613111429634,0.000589198484526543
2017-11-08,0.0034411864096350886,0.004026101186604292
2017-11-09,-0.005557969207513835,-0.0052443141132743065
2017-11-10,-0.0026161430502883443,-6.170046481024372e-05
2017-11-13,0.0007153650564906133,0.0012340854398487089
2017-11-14,0.0014297073503015678,-0.003636064832884811
2017-11-15,-0.0077732803993325605,-0.0047008370788833576
2017-11-16,0.0026522295019151265,0.012781207275137652
2017-11-17,-0.009616359509901029,-0.003818016949268088
2017-11-20,0.0015789142110154142,-0.0007802180504130618
2017-11-21,0.014418458982150995,0.010856238741361324
2017-11-22,-0.007285673317642294,0.001219644405897613
2017-11-24,0.0018048568476554117,0.0036612436046667973
2017-11-27,0.007325921682779679,-0.00044502882573072
2017-11-28,0.012042413434273591,0.0025634279777926317
2017-11-29,-0.018143640552055973,-0.017433840895174968
2017-11-30,0.009959668210036687,0.008381954145780357
2017-12-01,0.0010690198809431006,-0.0042512156031836446
2017-12-04,-0.037740256573163045,-0.011525923096858626
2017-12-05,0.006290423910013221,0.0006554617210354774
2017-12-06,0.014584578759774036,0.00451627583068448
2017-12-07,-0.0035026063781142813,0.003390854303090274
2017-12-08,0.02024388101459329,0.004412368313038595
2017-12-11,0.0127141186599673,0.0077575344798230805
2017-12-12,0.004107430172417992,-0.0013516801384119148
2017-12-13,-0.0026879104686972077,0.001928751251996319
2017-12-14,-0.0077332062838794124,-0.0007024701281332923
2017-12-15,0.025505337183034937,0.011355571327182457
2017-12-18,-0.005411772909755697,0.008387635756056833
2017-12-19,-0.006367704246054151,-0.005925238600212102
2017-12-20,-0.003611245514293815,-0.0010801008094086795
2017-12-21,-0.00023395037217077697,0.00012681546347703687
2017-12-22,0.00011637011261345087,-0.0011411944501911186
2017-12-26,-0.0012862460207950788,-0.005405152600352792
2017-12-27,0.0036306948848614518,0.0001276341333977804
2017-12-28,0.00011608495904846805,0.001215727891887397
2017-12-29,-0.002099379900708409,-0.00618530420023744
2018-01-02,0.004792964418781853,0.017523845525546644
2018-01-03,0.004653082383968554,0.009718914400578482
2018-01-04,0.008802164220229614,0.0017476774286802055
2018-01-05,0.012397761301504273,0.010041451320933037
2018-01-08,0.0010202905375411575,0.003889635646984857
2018-01-09,-0.000679908757469927,6.468388983038587e-05
2018-01-10,-0.004533357197409438,-0.0023414053606539698
2018-01-11,0.002960470818304195,0.006846206708763791
2018-01-12,0.01725732008737313,0.0073469755701796036
2018-01-16,-0.013951854695036348,-0.0028572706992323615
2018-01-17,0.02026114748700336,0.010795148593553572
2018-01-18,-0.0004439192067045017,0.00017757483510894012
2018-01-19,-0.0011102908962148383,0.0031387120501180643
2018-01-22,0.01788894363066129,0.010701440554224506
2018-01-23,0.00316618205900987,0.008267874118176755
2018-01-24,-0.0008708351426698346,-0.006488109268195763
2018-01-25,0.0055546460091000505,-0.00035586744249926916
2018-01-26,0.018736493174111413,0.015320238578521606
2018-01-29,-0.0014878163478133644,-0.004853353673539784
2018-01-30,-0.01256395109835251,-0.008233454280221708
2018-01-31,0.02447739193913656,0.004150903413588258
2018-02-01,-0.007893993962545975,-0.008497141757648374
2018-02-02,-0.026310807601358843,-0.0199444110576924
2018-02-05,-0.04118546065570117,-0.03942947661569518
2018-02-06,0.03784086705493572,0.02649865345612934
2018-02-07,-0.018832712839021992,-0.012936451383040892
2018-02-08,-0.051333359080069085,-0.042199077264344576
2018-02-09,0.037290248711913776,0.017273867194726567
2018-02-12,0.010773128990558822,0.017741674749434333
2018-02-13,0.007852977506412895,0.005162212603740501
2018-02-14,0.015658220746480156,0.018725556038399427
2018-02-15,0.020372820118915724,0.018562324685565068
2018-02-16,-0.0071235149179088575,-0.004467175146261937
2018-02-20,0.007826330119261149,0.0020014022563581424
2018-02-21,-0.013264945992885635,-0.0028434390982418067
2018-02-22,0.002622531890411395,-0.00012120670847237669
2018-02-23,0.025401005197313697,0.020448136380456727
2018-02-26,0.014458404906290578,0.013260974222066402
2018-02-27,-0.012785816700528252,-0.012383996445848533
2018-02-28,-0.004563961161764607,-0.006416464134651911
2018-03-01,-0.009811473236270962,-0.016323964031943694
2018-03-02,0.0021540130956576586,0.009179590114680947
2018-03-05,0.006340565040245938,0.011085069994299035
2018-03-06,-0.0034175752803435877,0.004228793384287499
2018-03-07,0.005787007666026023,0.0023144826725725043
2018-03-08,0.006072533226906263,0.005508321611292999
2018-03-09,0.022344725700880197,0.019424206597297378
2018-03-12,0.0023827682481913914,0.005313044587070159
2018-03-13,-0.024388399019792062,-0.013614070691696178
2018-03-14,-0.005931125066699572,-0.0001714530647234369
2018-03-15,0.0035165954401250588,-0.0008757854509376939
2018-03-16,0.004458632213703462,-0.002972924929048326
2018-03-19,-0.018075106419536024,-0.02133977645800289
2018-03-20,0.0025830061602785115,0.0032918087986781863
2018-03-21,-0.006978918764599662,-0.004351719085575412
2018-03-22,-0.02908726061789768,-0.024683671672578233
2018-03-23,-0.0290679482922116,-0.02635295027952045
2018-03-26,0.07570545572180332,0.037158940397350904
2018-03-27,-0.0459587519053829,-0.03236043445224146
2018-03-28,-0.0008939141649902949,-0.01150168599011503
2018-03-29,0.021031196977961963,0.018311081441922505
2018-04-02,-0.030130982736131018,-0.028850881390821037
2018-04-03,0.013443181127257287,0.011252716987754985
2018-04-04,0.029205488328003737,0.01577341815244737
2018-04-05,0.0005421191612891008,0.005697500197145322
2018-04-06,-0.023274023840318736,-0.025026300485497033
2018-04-09,0.005985187942297854,0.0070237050043897575
2018-04-10,0.02324569257387754,0.022062200097166862
2018-04-11,-0.010982146478840549,-0.0057692808584898225
2018-04-12,0.01872438857764247,0.012044326264359473
2018-04-13,-0.005343023242438738,-0.005177155800032418
2018-04-16,0.011710243745612692,0.0076174987802895
2018-04-17,0.020176283864802524,0.021524119409152
2018-04-18,0.003851023540879961,0.002047652151930812
2018-04-19,-0.0034221538138708985,-0.00918929828323467
2018-04-20,-0.011549390106634694,-0.015824617911226913
2018-04-23,0.0036847812416080927,-0.0025289274372456427
2018-04-24,-0.02338787154225397,-0.021190507067825215
2018-04-25,-0.008698577247989725,0.001199056653770736
2018-04-26,0.021125077108397283,0.021054303163438703
2018-04-27,0.016549518942530206,0.0006221041376406333
2018-04-30,-0.02400336116706192,-0.0070979399136071875
2018-05-01,0.015825276243094155,0.011433975801454554
2018-05-02,-0.01568411498964939,-0.005900637139835574
2018-05-03,0.005989361200036347,-0.0001232541695588285
2018-05-04,0.011587005526884742,0.018976994044143547
2018-05-07,0.011138686659819319,0.00830897942811304
2018-05-08,-0.004261184069950907,-0.001022959763582687
2018-05-09,0.011794524949610752,0.010897460209099652
2018-05-10,0.010005862940442256,0.010367294873879329
2018-05-11,-0.0021449389445492573,-0.000946875928309665
2018-05-14,0.0033780210481781925,0.0017159033890639108
2018-05-15,-0.00724279618490431,-0.011075518836421216
2018-05-16,0.002580461054173089,0.006609678770862271
2018-05-17,-0.009985271972066445,-0.0038453414837178457
2018-05-18,0.001872108261346428,-0.00516977955161968
2018-05-21,0.012867826984508168,0.005616639293908099
2018-05-22,-0.0010245620354193408,-0.0013090473875154718
2018-05-23,0.011898428053204402,0.008445060295108942
2018-05-24,-0.003547979194458817,-0.0002970940488348228
2018-05-25,0.0005080359070184226,0.0010029903972956777
2018-05-29,-0.0035577145198339988,-0.004416157942589982
2018-05-30,0.009590369825219103,0.007156835336874501
2018-05-31,-0.0011113169105391174,-0.000647680378985438
2018-06-01,0.01972884495062366,0.015702540552551714
2018-06-04,0.00873141875186767,0.009030360485184241
2018-06-05,0.005113808865200298,0.0031016248900879173
2018-06-06,0.0029356270169980103,0.005829836032109181
2018-06-07,-0.01570810387991528,-0.00812998424144018
2018-06-08,0.007433834411524565,5.41627047652149e-05
2018-06-11,-0.0057063973660509415,0.0026959530615313643
2018-06-12,0.0025731234812895742,0.0052633790052993845
2018-06-13,-0.004540602529069182,-5.970149253731183e-05
2018-06-14,0.005651692904139027,0.01012597767030865
2018-06-15,-0.012719346912895224,-0.0034931968366177513
2018-06-18,0.007290425683363688,-0.0005753432782704682
2018-06-19,0.0,-0.002830894135241957
2018-06-20,0.010014345677700431,0.0071003029383232
2018-06-21,-0.007165898278122307,-0.008687224461332965
2018-06-22,-0.007218678702036518,-0.0022176650133536313
2018-06-25,-0.020117393267445993,-0.022530650287981402
2018-06-26,0.007013041337510462,0.004083104626499967
2018-06-27,-0.01554234878986449,-0.013599644485569495
2018-06-28,0.011174915446436229,0.008603079581571915
2018-06-29,-0.0002032069755412147,0.0026861817670058574
2018-07-02,0.014196946493532314,0.0067005150486978415
2018-07-03,-0.009598990053787282,-0.01157208151982847
2018-07-05,0.007168656577526411,0.012406704403981506
2018-07-06,0.014033285810824747,0.015556094015023003
2018-07-09,0.006821006326223733,0.00900100209963739
2018-07-10,0.0026507781333429126,0.0007330468144977065
2018-07-11,-0.0013706882618287342,-0.005074402915861809
2018-07-12,0.021671045717288395,0.017230528078279628
2018-07-13,0.011900794140641047,0.000834675818916164
2018-07-16,-0.004931436663416999,-0.002391130654878393
2018-07-17,0.009912774126055623,0.006079844730119355
2018-07-18,-0.007833767137630065,-0.0018826591980104501
2018-07-19,-0.006849531554439903,-0.005006607557648701
2018-07-20,0.01791230485412365,-0.00022233534020243972
2018-07-23,0.015998555762979816,0.0031836137527432307
2018-07-24,-0.002868799571169034,0.004124396945496045
2018-07-25,0.029437531110005022,0.013972322600885434
2018-07-26,-0.010918022957826734,-0.01514917120740733
2018-07-27,-0.0176968654060502,-0.013497239465462774
2018-07-30,-0.021449615798065036,-0.014130107862968755
2018-07-31,0.0067376643984009554,0.0076508485323412145
2018-08-01,0.001885316957547234,0.003799346987236607
2018-08-02,0.01214174784695743,0.013608137678159382
2018-08-03,0.004364027658768865,0.003063171345053073
2018-08-06,0.00083330026586248,0.005886595779334147
2018-08-07,0.0069383871223533955,0.003643134715025864
2018-08-08,0.005601055242745234,0.0012099701540695396
2018-08-09,0.0016445275409420201,-0.0006042539477923992
2018-08-10,-0.006107989249938939,-0.007641236187328371
2018-08-13,-0.007246804326450418,-0.0011083000649892982
2018-08-14,0.012469914721234598,0.0062679717679861024
2018-08-15,-0.013558725127663318,-0.012238488892993948
2018-08-16,-0.00018842476893177196,0.003290396484009639
2018-08-17,-0.0005554618764692654,0.00022718402488530742
2018-08-20,-0.0065997757068706475,-0.0008910579711832733
2018-08-21,-0.00832600703324804,0.0036723344972107164
2018-08-22,0.010189134679123857,0.003879593223488964
2018-08-23,0.004677184514430444,-0.001434761731201939
2018-08-24,0.007802030910336155,0.00929300185975901
2018-08-27,0.011070728560312881,0.010194768292892897
2018-08-28,0.006020281920645187,0.0014603683310319138
2018-08-29,0.0159676966428135,0.011541080344984023
2018-08-30,-0.0006290507052992833,-0.0017669430202945646
2018-08-31,0.003395197131249139,0.0012868132547383393
2018-09-04,-0.005522288755821614,-0.004287606348351125
2018-09-05,-0.028816102610174976,-0.012912571016322483
2018-09-06,0.0023028322868896556,-0.008941775679055408
2018-09-07,-0.004879820909590715,-0.0038486578669908456
2018-09-10,0.010813904154867826,0.003366127045269174
2018-09-11,0.017003914219059446,0.00770689585603046
2018-09-12,0.004223094568524655,-0.0029516411353522898
2018-09-13,0.010742719513710197,0.010682608346433087
2018-09-14,0.0040755345002032595,-0.0029290888036147544
2018-09-17,-0.010849092141942296,-0.014398114410639429
2018-09-18,0.009539949729606256,0.008271766819355486
2018-09-19,-0.01333534526661262,-0.0007676839433746752
2018-09-20,0.016736761613458162,0.011053968363175626
2018-09-21,0.0060824848877985005,-0.005466557033088515
2018-09-24,0.0035881814274234536,0.0027825134991816824
2018-09-25,-0.0019180275972514593,0.001358966048593091
2018-09-26,-0.004104630769804829,0.0007041133849683412
2018-09-27,0.0037655963130878156,0.008466112851241547
2018-09-28,-0.0003452845331193277,-0.00021381467894032724
2018-10-01,0.010838210995042896,0.002042929662438242
2018-10-02,-0.0039803476108678515,-0.0022521890041505843
2018-10-03,0.00017616897386218966,0.0010751598667027018
2018-10-04,-0.020663761935663327,-0.019197138985261875
2018-10-05,-0.005850001419903328,-0.012228751612440969
2018-10-08,-0.011416546851641951,-0.006105913217096526
2018-10-09,0.012723455077823909,0.0032352254146228443
2018-10-10,-0.05434209900613429,-0.043977088838958345
2018-10-11,-0.0023543917804471626,-0.012402657103367742
2018-10-12,0.034556453767297546,0.027829496553680055
2018-10-15,-0.017978075517661396,-0.01210441709254062
2018-10-16,0.03159357015280806,0.029095678150311555
2018-10-17,-0.0026066715401484863,0.0003953035577319852
2018-10-18,-0.01996277472924879,-0.023183944042416305
2018-10-19,0.0014760438089802541,-0.0009237680074384302
2018-10-22,0.008921816198795396,0.005142832969729172
2018-10-23,-0.013955843826998104,-0.0036795651860226375
2018-10-24,-0.05346673514538569,-0.04576614849860006
2018-10-25,0.05844861876608243,0.034592229080238956
2018-10-26,-0.012382191726803105,-0.02572158583845785
2018-10-29,-0.029071670992214083,-0.02057845536106384
2018-10-30,-0.00115557492937024,0.01647556210364476
2018-10-31,0.02969269786897688,0.023506131760376192
2018-11-01,-0.008332666933226762,0.013194837819865635
2018-11-02,0.002265982839816827,-0.015575339552125533
2018-11-05,0.01272035336996824,-0.0024816040298285547
2018-11-06,0.0019464526892825074,0.007574726158796841
2018-11-07,0.03936883003607816,0.03136708145491163
2018-11-08,-0.0018786237412267148,-0.006377999178184934
2018-11-09,-0.01950949200798724,-0.016853461192687935
2018-11-12,-0.024643118148599208,-0.030255184774259702
2018-11-13,0.0006593670076726621,0.0008360836083609602
2018-11-14,-0.014183023501926906,-0.00762524496256467
2018-11-15,0.022002928862665527,0.01749433522792021
2018-11-16,0.009413956438155235,-0.003508379054230737
2018-11-19,-0.0338873399827222,-0.03247936876537183
2018-11-20,-0.027814669131133174,-0.01789781342142449
2018-11-21,0.013764335018207507,0.007607560259366375
2018-11-23,-0.0003876620370608652,-0.007237163814181047
2018-11-26,0.032983648963788026,0.02311759104193345
2018-11-27,0.006300423356498053,0.003376448310171032
2018-11-28,0.037139200063502686,0.03217943714773752
2018-11-29,-0.008361555976503454,-0.0032601756528100045
2018-11-30,0.006348165013699614,0.007256785747598249
2018-12-03,0.010823506854568121,0.01747725055870397
2018-12-04,-0.0318477982530182,-0.0383586246230575
2018-12-06,0.006171569635877283,0.0070603378109797
2018-12-07,-0.04002200348550777,-0.033011716057891105
2018-12-10,0.026426897281245587,0.01047032220861599
2018-12-11,0.009297867715352792,0.0033086042947736427
2018-12-12,0.004503313851605961,0.008800240297047957
2018-12-13,0.003391581471049676,0.0003040861577447984
2018-12-14,-0.03124180467194404,-0.024344830206842305
2018-12-17,-0.029614441765215993,-0.022660885144170306
2018-12-18,0.01049648291880545,0.006289725895472387
2018-12-19,-0.002693232257028888,-0.02455943502079072
2018-12-20,-0.021023751939001856,-0.01449363619755184
2018-12-21,-0.03231235344817651,-0.03099274272727881
2018-12-24,-0.04173859025792925,-0.024799302785315946
2018-12-26,0.06831020751124295,0.06243415459955082
2018-12-27,0.006165354555458968,0.0038707206652714987
2018-12-28,-0.0078086666533579985,-0.0005177393863425861
2018-12-31,0.011754353081705471,0.008431254941519528
2019-01-02,-0.00443046122639934,0.004021547383290525
2019-01-03,-0.03678729349725296,-0.03267630664835619
2019-01-04,0.04650919116443242,0.04278536334154537
2019-01-07,0.0012744858774031975,0.01190587418747735
2019-01-08,0.007250739552518759,0.009048580058828914
2019-01-09,0.014299881799501701,0.008150433338997898
2019-01-10,-0.006425177069601329,0.002859087814840011
2019-01-11,-0.007722720868687971,-0.0036590253804481554
2019-01-14,-0.007295752538001521,-0.008837269660005198
2019-01-15,0.029005798242817793,0.019527618848112827
2019-01-16,0.0035240283866004862,-0.00018620658657664269
2019-01-17,0.007021288830198813,0.007886354295108866
2019-01-18,0.014985509366068683,0.0098955014655282
2019-01-22,-0.01884937672104936,-0.02002612102742707
2019-01-23,0.00974557686813693,0.0012941108299693305
2019-01-24,-0.004777939389109198,0.006475051440329116
2019-01-25,0.009135281445949106,0.011953209350463512
2019-01-28,-0.01950283203221881,-0.012354953976691618
2019-01-29,-0.02036625056022101,-0.009441259004992375
2019-01-30,0.033420839021891524,0.02543816628378215
2019-01-31,-0.0183335331974257,0.014971114998804325
2019-02-01,-0.015800125008398447,-0.004222339337198067
2019-02-04,0.02879977824046631,0.01241563099300147
2019-02-05,0.013997790193001292,0.00885004735605599
2019-02-06,-0.01109976402466839,-0.002981034766546653
2019-02-07,-0.007167743649643787,-0.013427250715386307
2019-02-08,0.003799094357304744,0.0019584510883039474
2019-02-11,-0.003973851054026256,-0.0009463839473490276
2019-02-12,0.015587123048579343,0.0147850044887472
2019-02-13,-0.0007558578987151288,0.0007016345033343807
2019-02-14,0.0008460068476789928,0.0012254752527161017
2019-02-15,0.012351203794862764,0.004207795687466209
2019-02-19,-0.00046169412273211474,0.001976835849857528
2019-02-20,-0.0051989150090415714,-0.00017550654820985834
2019-02-21,0.021082165120575258,-0.003656019418063261
2019-02-22,0.014261249842777879,0.007399622121103455
2019-02-25,0.005589949537827543,0.003642481953431753
2019-02-26,0.006896420880882603,0.001039507285564012
2019-02-27,-0.001686388302683195,-0.0006362621400017865
2019-02-28,-0.001255131411315169,-0.0023004108305503257
2019-03-01,0.004469347645324806,0.006929185053187847
2019-03-04,-0.002398758289826497,0.00017338275738376652
2019-03-05,-0.004988213107024908,0.0007412322388202774
2019-03-06,0.0004454089707262021,-0.005668615937830523
2019-03-07,-0.012172249166414018,-0.012272923875432551
2019-03-08,0.0010931791375392574,-0.0015204870424094796
2019-03-11,0.02098719311857611,0.02080148138221749
2019-03-12,0.007008293616542094,0.00549568579714288
2019-03-13,0.007742115805655203,0.0075130410012640425
2019-03-14,0.0007858291884697,-0.0016963828170556416
2019-03-15,0.01151952406906176,0.00928105732070672
2019-03-18,0.014319896253812914,0.0023793099416573593
2019-03-19,0.0006842778167934771,0.003365118245706178
2019-03-20,-0.0011066923395295358,0.003964148289371083
2019-03-21,0.022969041335267004,0.01563187513026576
2019-03-22,-0.026362827884369833,-0.02196392739875963
2019-03-25,0.005209134071896937,-0.0019000880102114648
2019-03-26,0.0021232377576450023,0.004654150486145481
2019-03-27,-0.009668991893129308,-0.006422850234245048
2019-03-28,0.0013779349107061467,0.002304942756687911
2019-03-29,0.008636454165233287,0.0075701420058249536
2019-04-01,0.00915487901199108,0.013248140510230044
2019-04-02,0.0014230317691841243,0.0037904124860648203
2019-04-03,0.006545525595935908,0.005746733645445312
2019-04-04,-0.005082367889317263,-0.00037941637832894504
2019-04-05,0.0044431831283200385,0.005166553365057558
2019-04-08,0.00033551713786228454,0.0025474547995851804
2019-04-09,-0.005428258720519774,-0.003507904027343689
2019-04-10,0.007632165138754532,0.005365000564143241
2019-04-11,0.001162575633471663,-0.0023735908557833696
2019-04-12,0.005155137983514191,0.004325376290863048
2019-04-15,0.0008314443501167279,0.00015681267046385727
2019-04-16,-0.0023173653741889177,0.0034437382758909507
2019-04-17,0.008283007126015818,0.0034877232142858094
2019-04-18,0.013135246970460868,0.0012845822327263168
2019-04-22,0.0031661589943798862,0.002826898298307068
2019-04-23,0.013574080093059937,0.012715642566388796
2019-04-24,-0.0034345701724036726,-0.0031499335560890573
2019-04-25,0.033117685911223216,0.00405957703596016
2019-04-26,0.00572927339043483,0.0008905887173882299
2019-04-29,-0.0009209153735819653,0.0019433587352883919
2019-04-30,0.0063952492434191655,-0.007752909384125872
2019-05-01,-0.02082269503546097,-0.0032176410188831106
2019-05-02,-0.013062265119282213,-0.004340760734844462
2019-05-03,0.02131210789411897,0.015950472207007405
2019-05-06,-0.005814287708694299,-0.0061210041932145964
2019-05-07,-0.02052684184006426,-0.019478811655507244
2019-05-08,-7.590068816620832e-05,-0.002525831093427855
2019-05-09,-8.434049946437483e-05,-0.005383783662653463
2019-05-10,0.012989532461178843,0.0012448039292995983
2019-05-13,-0.0297342981090285,-0.0347042906406988
2019-05-14,0.011190635566311391,0.010979660819395054
2019-05-15,0.014079606212339835,0.014123153902025676
2019-05-16,0.02308999154733904,0.010049794229326281
2019-05-17,-0.0066667757345723055,-0.010219931116763892
2019-05-20,-0.014444179094644793,-0.01688121176283286
2019-05-21,0.005389416689644877,0.010444921258248474
2019-05-22,0.006066952561417649,-0.004453017233977952
2019-05-23,-0.011672476745914984,-0.01530456779831546
2019-05-24,0.0004764253057061296,-0.0005021223426925348
2019-05-28,-0.0006349312436297883,-0.0037619679064415656
2019-05-29,-0.009672133888415146,-0.008226664243035642
2019-05-30,0.0063225425231081545,0.004203618304363221
2019-05-31,-0.016298421326354284,-0.015949273186498747
2019-06-03,-0.031047744114060638,-0.02201720692584752
2019-06-04,0.027695150928451984,0.028153332272944143
2019-06-05,0.02168235183298073,0.007431692688499636
2019-06-06,0.015816074227426258,0.007943867275401084
2019-06-07,0.028004224561866797,0.019313480762695123
2019-06-10,0.009133959386788515,0.011658254481069719
2019-06-11,-0.003770043268007006,0.0013637758407110123
2019-06-12,-0.004614623085889447,-0.005782478918636702
2019-06-13,0.006312361641374276,0.005924556086368549
2019-06-14,0.0009803687142824202,-0.004249862404321458
2019-06-17,0.003017852308378366,0.006017368313085525
2019-06-18,0.017393720477910657,0.01453429095769998
2019-06-19,0.003917101033115822,0.0037573835657738197
2019-06-20,0.009288190396244511,0.009294331625757213
2019-06-21,0.0001463192995156959,-0.0014824367071167854
2019-06-24,0.0059135148453859365,3.31145930492216e-05
2019-06-25,-0.03157532149418241,-0.017169347940064528
2019-06-26,0.003746591313283032,0.004655106578917767
2019-06-27,0.0016458118419704348,0.003817497890035826
2019-06-28,-0.0014151165898834694,0.0012862201830774467
2019-07-01,0.012840699743343453,0.013496304781817958
2019-07-02,0.00663044407651836,0.003961504274254679
2019-07-03,0.0064400549798457885,0.0075255771248687875
2019-07-05,-0.002907868892708221,-0.0020341410229288703
2019-07-08,-0.0007310110267242376,-0.007017143354096644
2019-07-09,-0.00365002849178353,0.005008566564670636
2019-07-10,0.0101864160509475,0.009967211686147115
2019-07-11,0.003993695775251549,-0.0007280296820397769
2019-07-12,0.0036120340171303944,0.005769116607392544
2019-07-15,0.0,0.0032033740059880245
2019-07-16,-0.013105343882401144,-0.005150751753020599
2019-07-17,-0.005908783159968012,-0.004919354838709644
2019-07-18,0.0010990031576991743,0.0011454196720426246
2019-07-19,0.001468882875917954,-0.007328774885724032
2019-07-22,0.013246873552570593,0.007959160373819607
2019-07-23,0.006216858657889901,0.006542504705965069
2019-07-24,0.010267127021624578,0.007019762506966121
2019-07-25,-0.003769823425367913,-0.009477134616817096
2019-07-26,0.008200112845589524,0.010293051116065488
2019-07-29,-0.002193784277879196,-0.0034297382232361118
2019-07-30,-0.004815997487305657,-0.004316600503692314
2019-07-31,-0.029073393599194475,-0.01383120676073235
2019-08-01,0.013133861680391323,-0.004972123504287551
2019-08-02,-0.008403040372789383,-0.0147233099049211
2019-08-05,-0.03425908092908592,-0.03533519940138019
2019-08-06,0.01876226487340249,0.01399678234888535
2019-08-07,0.004377104377104368,0.005405834221083872
2019-08-08,0.026686104982497794,0.021760694358338384
2019-08-09,-0.00848950581660235,-0.009399253134463437
2019-08-12,-0.013946114846753788,-0.011476331805754247
2019-08-13,0.020690780020659938,0.021912283271182664
2019-08-14,-0.030110259707648246,-0.029881598094986028
2019-08-15,-0.0022438412050838075,-0.001153441859143789
2019-08-16,0.018329218236431855,0.016053062710476018
2019-08-19,0.016748388093123845,0.01590580805535957
2019-08-20,-0.008308398013275209,-0.007748477583974012
2019-08-21,0.011150252718639786,0.00887536170709069
2019-08-22,-0.007278318034475539,-0.0032315424972610973
2019-08-23,-0.031867251573526545,-0.03164696785595933
2019-08-26,0.015445475894025229,0.015102948725260967
2019-08-27,0.002141892625991293,-0.0021070019890099267
2019-08-28,-0.001324205863676431,0.0035753900553481266
2019-08-29,0.01888138458317501,0.015294157250417939
2019-08-30,-0.0018797850804425087,-0.0023982670586414345
2019-09-03,-0.01320615168774919,-0.009704758211931619
2019-09-04,0.011690710019394146,0.014436899394780323
2019-09-05,0.01758164543427143,0.018317260240737987
2019-09-06,-0.006777549274209482,-0.000990897818400449
2019-09-09,-0.011365439692891277,-0.0020867434877341884
2019-09-10,-0.010464200814816471,-0.0028786669056503067
2019-09-11,0.00029353149283939395,0.009390847736446162
2019-09-12,0.010278309754741422,0.00415526666558752
2019-09-13,-0.0014522996017641843,-0.0035684152259547464
2019-09-16,-0.007210820824115727,-0.004465706288124371
2019-09-17,0.007779791048228679,0.004794539101226958
2019-09-18,0.008224690904639509,-0.00041516148164122413
2019-09-19,0.01840961002891217,0.0016667295960473005
2019-09-20,-0.011556946462501494,-0.01058146923565717
2019-09-23,-0.002148446334072074,0.00044084751574269276
2019-09-24,-0.012654020201104621,-0.013279439445538554
2019-09-25,0.014415351890675998,0.011225238040104335
2019-09-26,0.0012898067552684633,-0.003680218959397741
2019-09-27,-0.012971849128807111,-0.012411211680110279
2019-09-30,0.009440802277393301,0.009519587743115121
2019-10-01,-0.014100586705377172,-0.008156409862339897
2019-10-02,-0.017653509612803764,-0.01719958827240431
2019-10-03,0.012108011897234094,0.010980100679077065
2019-10-04,0.013498087128224201,0.014726195250189145
2019-10-07,-0.00723755308299967,-0.0030243484752013883
2019-10-08,-0.01057134315085817,-0.014980427996498569
2019-10-09,0.018935754795921467,0.009764358693465258
2019-10-10,0.006227568586896881,0.007743699595379239
2019-10-11,0.004163801376850573,0.012880227614768591
2019-10-14,-0.0009256332686143898,-0.00010303296512603755
2019-10-15,0.014469828787502248,0.012712324012408516
2019-10-16,-0.00818978318978325,-0.0024794893215945857
2019-10-17,-0.005128128345448735,0.0026413412859895846
2019-10-18,-0.016321524245251684,-0.009605859895802538
2019-10-21,0.007420270342632929,0.008866446447203913
2019-10-22,-0.014875505911475906,-0.007963259684792057
2019-10-23,0.006374581836681159,0.0019284684071498859
2019-10-24,0.019676626251330598,0.009726220899513693
2019-10-25,0.0056411026815894605,0.00798795399451091
2019-10-28,0.02458900067970804,0.0098634374768245
2019-10-29,-0.009433343296421426,-0.007742341586235879
2019-10-30,0.012459614804348096,0.00484764542936289
2019-10-31,-0.008570057860611158,0.0004524386971871408
2019-11-01,0.0024414742692073776,0.0090867500670464
2019-11-04,0.005770665418427967,0.006180463274186199
2019-11-05,-0.0006181143875212403,0.0005541715653016865
2019-11-06,-0.002772320454049293,-0.0022516926517175406
2019-11-07,0.0013936621208472388,0.0033566273936074253
2019-11-08,0.011782279218886638,0.003991726990692834
2019-11-11,0.0010226347969493066,-0.0013441690872010303
2019-11-12,0.006575586874725925,0.002887922809948984
2019-11-13,0.0016295840986897403,0.0002468234338282027
2019-11-14,0.005094868739341063,-0.0007916964409646621
2019-11-15,0.012899790564765201,0.0073470017750110195
2019-11-18,0.002467197487944439,0.000786544973517822
2019-11-19,0.00032861617630608464,0.0014799920386634469
2019-11-20,-0.0017334050925763567,-0.005997849539077671
2019-11-21,-0.000938224235592422,-0.0022300830513688474
2019-11-22,0.0007358661144167833,0.0006473988439306133
2019-11-25,0.010966847346527198,0.011840760766311798
2019-11-26,0.005292324743696231,0.0019080773583277644
2019-11-27,0.0019018218902455697,0.006989712965917549
2019-11-29,-0.006169188445667273,-0.00456207592058866
2019-12-02,-0.01208971440039297,-0.010237183309247833
2019-12-03,-0.0016041357280955904,-0.007831325301204783
2019-12-04,0.003613350452896791,0.005063134821400972
2019-12-05,0.0005383034353545479,0.0019761429375928508
2019-12-06,0.012136753331144057,0.010699176357579221
2019-12-09,-0.0025680675981663015,-0.004539709822557025
2019-12-10,-0.0015226599485064218,-0.0008328593483384328
2019-12-11,0.0037777962624077066,0.005296114827088472
2019-12-12,0.010151302750519564,0.00746751605237872
2019-12-13,0.008415425317372938,0.003292065419763457
2019-12-16,0.0064673581452106,0.010038864963010763
2019-12-17,-0.005395247332686592,0.0005744564948249042
2019-12-18,-0.0020722862192966707,0.000762202666719336
2019-12-19,0.008679601240524581,0.006251236399604343
2019-12-20,0.010919292768911903,0.004030196988164869
2019-12-23,0.0,0.0026433788255566526
2019-12-24,-0.00019300008651723655,0.0005175174784204373
2019-12-26,0.008200758836450772,0.008822524764553696
2019-12-27,0.0018288415576184214,-0.000841644980603462
2019-12-30,-0.008620064716387987,-0.006554869193082902
2019-12-31,0.00069799442933971,0.0018858730081379171
2020-01-02,0.01851384386459065,0.016697714460814028
2020-01-03,-0.012450839078285814,-0.009161364397454852
2020-01-06,0.002582323959475552,0.006445694420973647
2020-01-07,-0.00911695925694156,-0.00013912209162869615
2020-01-08,0.015928626986923433,0.007513638261019695
2020-01-09,0.01249860944790182,0.008476715225228304
2020-01-10,-0.004627505218869454,-0.0025594167174299853
2020-01-13,0.0120186220464773,0.011537460054444448
2020-01-14,-0.007038277450565289,-0.003936123409871706
2020-01-15,0.006474332051820575,0.00040879424492867855
2020-01-16,0.01832223770118202,0.0095816033216225
2020-01-17,0.005598249916467513,0.004950034426931094
2020-01-21,-0.0035922737901935564,-0.00044904912690035825
2020-01-22,-0.004800674485327505,0.0026445592015376107
2020-01-23,0.006151492353309251,0.003214988498101423
2020-01-24,-0.010078795571362043,-0.008416903794973729
2020-01-27,-0.016719351030201612,-0.020654364441802797
2020-01-28,0.019592274123996445,0.015362294102585938
2020-01-29,0.015594233362668852,0.0016250595388194178
2020-01-30,0.028209667967532326,0.003561871194532218
2020-01-31,-0.014757686547707816,-0.01586003772217537
2020-02-03,0.02437583463079318,0.015110175412095694
2020-02-04,0.032915209842723225,0.022888232695482458
2020-02-05,-0.0012213775976084307,0.003295948937795279
2020-02-06,0.020736401381262093,0.008631939535642452
2020-02-07,0.0014148144767467397,-0.004299249316028653
2020-02-10,0.026159876036824237,0.012087168381158753
2020-02-11,-0.022578388701367746,0.00016940161109846308
2020-02-12,0.0014654011961763302,0.00974340002763463
2020-02-13,-0.005416319284932358,-0.0012801101777588642
2020-02-14,0.008929997034739179,0.002859630590533735
2020-02-18,0.01013960323291685,0.00038783605112380215
2020-02-19,0.002999037622255507,0.00958200433503098
2020-02-20,-0.015268325337498556,-0.009281603051103371
2020-02-21,-0.03161061164834034,-0.019208407477228184
2020-02-24,-0.043119636370018144,-0.03856292803413053
2020-02-25,-0.016500379037977186,-0.027194424722543964
2020-02-26,0.012494327823811435,0.005152065147455698
2020-02-27,-0.07046161969020714,-0.050071892958311603
2020-02-28,0.024213043076232177,0.0007794545829415966
2020-03-02,0.06654328312009894,0.0515999035234056
2020-03-03,-0.04792280111977065,-0.03206693393093507
2020-03-04,0.03671927094909977,0.0417238485461815
2020-03-05,-0.02509693899428478,-0.030380718598060907
2020-03-06,-0.028268928683631733,-0.01687103821397673
2020-03-09,-0.06777195103814404,-0.06946743620717932
2020-03-10,0.06838454602205735,0.05445414963805861
2020-03-11,-0.04530315719767064,-0.04355601941452436
2020-03-12,-0.09483784537337381,-0.09169354966866372
2020-03-13,0.14217347207092157,0.08470820138682345
2020-03-16,-0.14739293161173184,-0.11978752231230783
2020-03-17,0.0823400529235232,0.07583864741381419
2020-03-18,-0.04209730993485117,-0.030414688983262494
2020-03-19,0.016452361818019456,0.006002049480310356
2020-03-20,-0.03755517975973466,-0.039173457508731135
2020-03-23,-0.009979538902706975,0.0007209062821833534
2020-03-24,0.09089791559424376,0.07743251669300011
2020-03-25,-0.009571231371665267,-0.007405326441173088
2020-03-26,0.06254755420290281,0.05265988158177759
2020-03-27,-0.04105738664882064,-0.03438819132632487
2020-03-30,0.07033987019331422,0.03637021774238458
2020-03-31,-0.015726776597617564,-0.008538374323619924
2020-04-01,-0.03551342435263016,-0.042490461325008666
2020-04-02,0.020714854803703275,0.02029750045281653
2020-04-03,-0.009211907517562512,-0.014196318609992375
2020-04-06,0.07436686294085293,0.07149730724427261
2020-04-07,-0.010771652348713356,-0.00040965525934333336
2020-04-08,0.010032654052361423,0.021231991425238794
2020-04-09,5.6940762626744856e-05,0.0014457186662344412
2020-04-13,0.0022458688665636384,0.010804118203115332
2020-04-14,0.04948145155690775,0.04349151973814602
2020-04-15,-0.01047743922243205,-0.01147057104447946
2020-04-16,0.030020666180403444,0.01824067641276561
2020-04-17,0.008810390713978045,0.009566669086157997
2020-04-20,-0.019818428564743362,-0.011843820698646423
2020-04-21,-0.04135733212384529,-0.03689834643797807
2020-04-22,0.033965412054733246,0.02967454697462646
2020-04-23,-0.012101872478776476,-0.0021325924694051146
2020-04-24,0.01825938566552887,0.015768834861036307
2020-04-27,-0.0028669587493116433,0.008044318549223828
2020-04-28,-0.024364184229007657,-0.018837305044663855
2020-04-29,0.04487565984569741,0.03546075068672261
2020-04-30,0.010033444816053505,-0.00040993841499914474
2020-05-01,-0.02588960917824834,-0.028184217969265513
2020-05-04,0.024459140010173686,0.011655938805108512
2020-05-05,0.010737110210185863,0.011339444966533163
2020-05-06,0.009842792740723638,0.006153729453986845
2020-05-07,0.005809195125999311,0.012877720553935212
2020-05-08,0.0058837587772706534,0.013704875325641908
2020-05-11,0.011155612879867993,0.008939634521307305
2020-05-12,-0.022652508615673805,-0.02093662157613696
2020-05-13,-0.015123500958813874,-0.012515621297926716
2020-05-14,0.004335873248359601,0.011352249043785845
2020-05-15,0.014571843587057876,0.006489277573614949
2020-05-18,0.009554121961931727,0.018635176669054454
2020-05-19,-0.006921216778159378,-0.0025091085631836485
2020-05-20,0.013870635557300393,0.019968705081785387
2020-05-21,-0.012014253247664364,-0.010890409126180667
2020-05-22,0.00043734096692116253,0.0034536863367478077
2020-05-26,-0.010571076580693894,-0.0027004196658848567
2020-05-27,0.0013197229729340343,0.005456011750023748
2020-05-28,-0.0022520328464432637,-0.0012994694579868682
2020-05-29,0.010194353189827421,0.014649270004217563
2020-06-01,-0.0022911917039529772,0.0030025249510265972
2020-06-02,0.011379695477753637,0.006705698741744648
2020-06-03,0.0024340085077612095,0.0044976198087964825
2020-06-04,-0.013163441379969387,-0.00701050704102546
2020-06-05,0.023397408514879814,0.019823324347344906
2020-06-08,0.006194242081888568,0.007762283824916061
2020-06-09,0.00764397442421294,0.00724538619275461
2020-06-10,0.03709558783168121,0.012002918023886977
2020-06-11,-0.053700724054706384,-0.04955030468638677
2020-06-12,0.007891940265115416,0.007945921872450912
2020-06-15,0.006392861304876263,0.012170527374937068
2020-06-16,0.024504695262829834,0.017171852511377983
2020-06-17,0.00346076632023129,0.0031698818730347966
2020-06-18,0.010711220768075513,0.002706640800386184
2020-06-19,-0.005959551468129987,-0.00016052381455267106
2020-06-22,0.027771549376981897,0.01199051912441318
2020-06-23,0.006679964262710669,0.008512681348502138
2020-06-24,-0.020154590767897163,-0.020615654650527393
2020-06-25,0.012633230821081032,0.009518817840597826
2020-06-26,-0.0200161210639902,-0.02361453047279316
2020-06-29,0.010751090498073879,0.01090927803221331
2020-06-30,0.02554706203536461,0.019597862051412562
2020-07-01,0.005846276710112619,0.011674155433516242
2020-07-02,0.0076190960912052574,0.00678548810277757
2020-07-06,0.02152775322385936,0.02458581138487692
2020-07-07,-0.01162485969570659,-0.006888990770825498
2020-07-08,0.021992315696790055,0.013171046979811862
2020-07-09,0.007000058741751802,0.008423538361570282
2020-07-10,-0.003033337546302084,0.006828700975191948
2020-07-13,-0.03088887805353746,-0.020573497962942833
2020-07-14,0.006183492239189015,0.007080245437883548
2020-07-15,-0.0014901192095367888,0.002033573748699169
2020-07-16,-0.01980108770770117,-0.006818783042669585
2020-07-17,-0.005103917601618546,0.0011568552619025674
2020-07-20,0.04298192910292564,0.028371751345126706
2020-07-21,-0.013466073864000117,-0.010421654181790196
2020-07-22,0.014368561846203054,0.003523476184344565
2020-07-23,-0.04349387690839224,-0.026121376135373908
2020-07-24,-0.00612117876413909,-0.009494302619916573
2020-07-27,0.01266451709735672,0.017840443713521115
2020-07-28,-0.008974568648295045,-0.012724046983533688
2020-07-29,0.010097572044474923,0.011528232939298277
2020-07-30,-0.000786251825227624,0.0052344601962921455
2020-07-31,0.005446778940483954,0.017842560997258117
2020-08-03,0.05624104320604939,0.013510685301025616
2020-08-04,-0.015011186220500905,0.0037093122858540273
2020-08-05,-0.001641226034924781,0.0024802456624275493
2020-08-06,0.016013581944233746,0.013244655581947873
2020-08-07,-0.017884832082903923,-0.011541202505532366
2020-08-10,-0.01990703512660086,-0.004276504270812387
2020-08-11,-0.02338809733450742,-0.018940115698574123
2020-08-12,0.028568794086459404,0.02515188240960864
2020-08-13,-0.0023407540216145994,0.0022810720280699304
2020-08-14,0.000958466453674145,-0.0011757456155273571
2020-08-17,0.0066030960740504074,0.011612326931665917
2020-08-18,0.005752194851265324,0.009623227447899119
2020-08-19,-0.006064129026537413,-0.006726158270395244
2020-08-20,0.023269530049661702,0.013871736802635537
2020-08-21,-0.0072701381859043845,0.0069292903273288076
2020-08-24,0.0031469555035128494,0.006245705848816563
2020-08-25,0.013010383988716345,0.007863091411615564
2020-08-26,0.02161993470328394,0.02133678315831955
2020-08-27,0.0245508334782385,-0.003115484628982035
2020-08-28,0.01028407344718274,0.005086005521341974
2020-08-31,-0.014765106765524338,0.008032340647305958
2020-09-01,0.007714392364871259,0.017092972074143065
2020-09-02,0.019270959569398727,0.009469313174263583
2020-09-03,-0.061946743836507556,-0.050702941056385176
2020-09-04,-0.014033040300749033,-0.013325878296523985
2020-09-08,-0.05409810617820565,-0.04806239283949898
2020-09-09,0.04258636251743653,0.02937528858225491
2020-09-10,-0.02801825909019362,-0.01993660914533557
2020-09-11,-0.00652327935222663,-0.00694084583757304
2020-09-14,0.006759682340775619,0.0174181654744765
2020-09-15,0.016408787783725787,0.014173670516444137
2020-09-16,-0.017866298953111537,-0.01594678498787372
2020-09-17,-0.010436307604971273,-0.015623769135834964
2020-09-18,-0.012421055866580044,-0.01276217913541855
2020-09-21,0.010730882535994413,0.003860005326807414
2020-09-22,0.024092119644698817,0.01857598234301161
2020-09-23,-0.03292546048543887,-0.030532506851693952
2020-09-24,0.012958482080403844,0.004657139519488984
2020-09-25,0.022787490665057142,0.023247521375472147
2020-09-28,0.007796676285401372,0.020768624717807382
2020-09-29,-0.010411083983405733,-0.004508566275924331
2020-09-30,0.014813106138864107,0.0068475278821493735
2020-10-01,0.01012491846698138,0.01587507265585386
2020-10-02,-0.02950773159313369,-0.028134418379209603
2020-10-05,0.0203186668615698,0.02132917349452712
2020-10-06,-0.021247900405098274,-0.017847373928368104
2020-10-07,0.019039062381699834,0.01729693761588602
2020-10-08,0.0035761871504922382,0.00532464144107081
2020-10-09,0.024835523880501365,0.015278894656042041
2020-10-12,0.025899973512485186,0.030871975806451513
2020-10-13,0.006595531937865884,-3.49241273333023e-05
2020-10-14,-0.00897270878803147,-0.00835065048458905
2020-10-15,-0.005435191808154216,-0.006712827628956086
2020-10-16,0.0,-0.0054817252187725485
2020-10-19,-0.02476472564336707,-0.016325468300996127
2020-10-20,0.0020085874390509684,0.002149306096707715
2020-10-21,0.0006972386444519252,-0.0007703547248422149
2020-10-22,0.0004209548417064557,-3.619477130334392e-05
2020-10-23,0.006234281292319732,0.001969066828825028
2020-10-26,-0.028440415479045855,-0.014995466318903916
2020-10-27,0.01508914966457553,0.007808087550336351
2020-10-28,-0.04956575138170005,-0.03898542549900841
2020-10-29,0.010060919328041207,0.017483205973902072
2020-10-30,-0.010991298343943856,-0.025359230961038315
2020-11-02,-0.0006878532306001661,0.002226167974492821
2020-11-03,0.0202645434698856,0.017297346724171936
2020-11-04,0.04824791058302291,0.0446391119367211
2020-11-05,0.031887148600164394,0.026071337661825567
2020-11-06,0.0019223429310841755,0.0007477314735551133
2020-11-09,-0.023822907714106445,-0.020435524923798853
2020-11-10,-0.033793848482108424,-0.017914171656686628
2020-11-11,0.02625772068602039,0.02237110483642657
2020-11-12,-0.005125817707108515,-0.004696518967120755
2020-11-13,0.004964083960075083,0.00877396344181891
2020-11-16,0.0033266448410602667,0.0078031361040888925
2020-11-17,-0.012750525091980713,-0.003171462451147522
2020-11-18,-0.013181743285549552,-0.007390774905151609
2020-11-19,0.006344965770579414,0.007825186676972518
2020-11-20,-0.009555041528806596,-0.0068426885257436565
2020-11-23,-0.0013303113914072684,3.5423308536897125e-05
2020-11-24,0.017844984952390286,0.014048386525450818
2020-11-25,4.8471452738008125e-05,0.006147913202643629
2020-11-27,0.006359146362151291,0.009214126012026203
2020-11-30,-0.005389420553005619,0.002039973855309851
2020-12-01,0.009994673381434449,0.0128157153009274
2020-12-02,-0.003883513764898816,0.0012846760853646444
2020-12-03,-0.0052463371902735645,0.0014184397163121698
2020-12-04,0.0005612704065338647,0.0040735056488199195
2020-12-07,-0.0003288360172154503,0.005662937387843847
2020-12-08,0.008025270653341243,0.0033846555585685945
2020-12-09,-0.019488341067563808,-0.022641736066624008
2020-12-10,-0.006044440093970205,0.0040146658200364005
2020-12-11,0.013019179161434913,-0.0022135177591445787
2020-12-14,0.004403851668943082,0.007255044283372536
2020-12-15,-0.0003242432308174781,0.010690845118072945
2020-12-16,0.024050191704426682,0.0054997656825332975
2020-12-17,0.0006381892443838577,0.006534990329013279
2020-12-18,-0.0037841744972149094,-0.0030197191297388626
2020-12-21,0.01830037463840295,-0.001871062557848524
2020-12-22,0.006063456729179517,0.0027187912347232945
2020-12-23,-0.013039795214575767,-0.005035019739001001
2020-12-24,0.007827816184678316,0.004410863249913355
2020-12-28,0.009921678308660864,0.010079869449272305
2020-12-29,-0.0035988295739924903,0.0008964604588694858
2020-12-30,-0.01102046856646044,3.28079683995508e-05
2020-12-31,0.0033387732580161256,0.0024572362161841
2021-01-04,-0.02126628294456223,-0.01411820148381826
2021-01-05,0.0009666574604052514,0.008242351011953586
2021-01-06,-0.025931828453176764,-0.013851026562891167
2021-01-07,0.028458540492493523,0.024191636758200685
2021-01-08,0.006092667429635323,0.012859755322373934
2021-01-11,-0.009699618623267736,-0.014450494985774776
2021-01-12,-0.011772612233030944,-0.0015903287114745757
2021-01-13,0.006564129276209529,0.006750856122379023
2021-01-14,-0.015347388596070766,-0.005344327378225655
2021-01-15,-0.001737251638710191,-0.007924013091279658
2021-01-19,0.017821975236423926,0.014591811201980498
2021-01-20,0.036499741374355965,0.02326034189587367
2021-01-21,0.002809391129162675,0.007997919652937169
2021-01-22,0.004354337057942637,-0.00287868014874737
2021-01-25,0.01584621736936276,0.008266574956064199
2021-01-26,0.01219831635233759,0.0014613889766834642
2021-01-27,0.0024539877300613355,-0.027875860086368
2021-01-28,0.02589073105596973,0.005917616238890533
2021-01-29,-0.029172379084740463,-0.02103877346251426
2021-02-01,0.03315040577741235,0.024986780344820714
2021-02-02,-0.0005839453946173689,0.016314403360327523
2021-02-03,0.014572540261673872,-0.003966911073509993
2021-02-04,-0.0040739192382838185,0.011825440268785625
2021-02-05,0.0007838501175774226,0.003392064868965594
2021-02-08,0.0011170745486763778,0.006699222865358845
2021-02-09,0.00536110505457299,-0.00020930418669951045
2021-02-10,-0.0038952037114997617,-0.002278198868289394
2021-02-11,0.00687314563811392,0.00549867624460787
2021-02-12,0.002047868393716401,0.005591358252010181
2021-02-16,-0.005267879054574376,-0.002706892658125848
2021-02-17,0.0043599766900759285,-0.004798115026239835
2021-02-18,-0.0016771275379259265,-0.0043723307105497655
2021-02-19,-0.011568712296688433,-0.004360649156127994
2021-02-22,-0.026807442219790145,-0.025918676894349457
2021-02-23,-0.005287785172150672,-0.0029773561714065977
2021-02-24,0.005488805142983777,0.008243320068220594
2021-02-25,-0.02370495793428229,-0.03486408834178578
2021-02-26,0.014800462486224797,0.004188041762259509
2021-03-01,0.01962712905393671,0.03008305197203498
2021-03-02,-0.012959462939602484,-0.016039624694993315
2021-03-03,-0.026980055720160934,-0.029019483911745025
2021-03-04,-0.0036449740715995826,-0.01636649252913458
2021-03-05,0.02147545694645281,0.015058664640837272
2021-03-08,-0.018174916828543997,-0.02831340329635601
2021-03-09,0.02809906078730129,0.03944228972042585
2021-03-10,-0.00581747720566439,-0.002855308007706281
2021-03-11,0.020264497525897873,0.02303007484031183
2021-03-12,-0.005818162786437653,-0.008109739758709433
2021-03-15,-0.003987751592468558,0.010682237606554068
2021-03-16,0.012350301049599333,0.005487551566560667
2021-03-17,-0.0028193157938244395,0.004118824565617851
2021-03-18,-0.026658522219071057,-0.030630504192835417
2021-03-19,-0.0016047694824842251,0.0035240928175630515
2021-03-22,0.02448288712190272,0.01875211080107153
2021-03-23,0.006735910246296717,-0.004361148124545244
2021-03-24,-0.008919670725283768,-0.016868007357528803
2021-03-25,-0.013251752551961649,-0.001729551993423839
2021-03-26,0.017818749972178916,0.015000049407277505
2021-03-29,-0.005243730702283678,-0.0002855724266842552
2021-03-30,-0.014411641863225744,-0.005031405709833958
2021-03-31,0.01690628387390336,0.015301045625825793
2021-04-01,0.027911934622116386,0.017046641281470487
2021-04-05,0.02772585669781935,0.019964614072225162
2021-04-06,-0.004858259248340047,-0.0006938657927261227
2021-04-07,0.008232599089532,0.0024178174547819786
2021-04-08,0.013404792451268577,0.010433384356108188
2021-04-09,0.010266714038935199,0.006059511750249991
2021-04-12,0.0002344542672696459,-0.0013049866307313085
2021-04-13,0.010079170388092473,0.011671895464652193
2021-04-14,-0.011218916918398825,-0.012006912706011286
2021-04-15,0.015299577956630284,0.015154470157304312
2021-04-16,0.004778567784721188,0.0011707246785759295
2021-04-19,-0.007671224182998704,-0.009150957822239958
2021-04-20,-0.0018546868816877726,-0.007289728110389859
2021-04-21,0.008982311693824574,0.008562562489331071
2021-04-22,-0.01308561812379938,-0.012056276729179638
2021-04-23,0.015475007942604257,0.01258887162104294
2021-04-26,0.0015326307785525906,0.006513772277796148
2021-04-27,0.001605415707766955,-0.00433442294242492
2021-04-28,-0.028286616660086916,-0.0033795292776971353
2021-04-29,-0.008052491518881877,0.003599712023038215
2021-04-30,-0.001306557773199546,-0.006555706931266059
2021-05-03,-0.001267255591919092,-0.005324684387297163
2021-05-04,-0.016158505286931524,-0.017996473911213284
2021-05-05,-0.005329938645185606,-0.0033639599679445853
2021-05-06,0.013226303223072167,0.007539137128770079
2021-05-07,0.01093326154929275,0.008113759674335919
2021-05-10,-0.020913131644169525,-0.02525306764937829
2021-05-11,-0.0038451882845188523,-0.001381932880243908
2021-05-12,-0.029363955964566646,-0.025883265244363796
2021-05-13,0.016863559652083637,0.007730866187087626
2021-05-14,0.02106925063939702,0.02207700459201689
2021-05-17,-0.011969758854370682,-0.006066889737185388
2021-05-18,-0.008567234441041793,-0.006748768784336501
2021-05-19,0.002476226944922999,0.0011456977458397244
2021-05-20,0.013819036826714592,0.019343312808547175
2021-05-21,-0.005312446362711443,-0.005535389067684471
2021-05-24,0.022878402720492907,0.016820900062404
2021-05-25,0.0037524687294272496,0.0013847211899351564
2021-05-26,-0.0009141142519839551,0.0034831938207957602
2021-05-27,-0.008669464856459475,-0.00374118029788284
2021-05-28,0.0014858287530625791,0.003154515824949078
2021-06-01,-0.009133174914763953,-0.0033257789324341314
2021-06-02,-0.000404562801075925,0.001953443946326461
2021-06-03,-0.006429727790109641,-0.01040625605417167
2021-06-04,0.020673842109462548,0.01696990413449151
2021-06-07,0.012042789549475463,0.0029792279063514115
2021-06-08,-0.004886635742366141,0.00047526055550650703
2021-06-09,0.0040404453069144974,0.0002375173951041365
2021-06-10,0.014391855601308512,0.010420884389984009
2021-06-11,0.0025270656756291032,0.0026152613152232718
2021-06-14,0.007754140142679278,0.009583310794972988
2021-06-15,-0.005884011132771372,-0.006530636543584545
2021-06-16,-0.00379412669188095,-0.003652314081034169
2021-06-17,0.01367479563978069,0.012696140637874498
2021-06-18,-0.00563184205530598,-0.007845256618878471
2021-06-21,0.012333746977217785,0.006213299333776234
2021-06-22,0.01096552401532258,0.009321887697130826
2021-06-23,-0.0009055014068303224,0.0004891964212039301
2021-06-24,0.005356246815230614,0.006182657924347135
2021-06-25,-0.0062640253811033775,-0.0012295189946046614
2021-06-28,0.013961945328043512,0.012160843198691484
2021-06-29,0.009972084307694695,0.0036197679873510857
2021-06-30,-0.0018401362613297279,-0.0015782974008587969
2021-07-01,0.0025824636245905808,0.0003959205731312032
2021-07-02,0.022274312547014175,0.0114800413674363
2021-07-06,3.7163530683947954e-05,0.004321128691380682
2021-07-07,0.008175672913623977,0.0021100346079798715
2021-07-08,-0.008968229686941331,-0.006038678187828994
2021-07-09,0.0018745955113852464,0.006240953329888388
2021-07-12,-0.002231198164551751,0.003906903899243419
2021-07-13,0.013201320132013139,0.0
2021-07-14,0.005442346745792248,0.0017946471469350023
2021-07-15,-0.005237571724417411,-0.007024670983030612
2021-07-16,-0.0009950175688526741,-0.00810000710277714
2021-07-19,-0.013322993465301414,-0.00819193180646427
2021-07-20,0.008340131341237456,0.011615414827992554
2021-07-21,0.007447358699667506,0.007719406427890485
2021-07-22,0.016841696123439887,0.006612085328196349
2021-07-23,0.01233641894060411,0.011676666929337776
2021-07-26,-0.0021408470772628085,0.0007872635775147963
2021-07-27,-0.008681714495821669,-0.01101857925927574
2021-07-28,-0.0011163246272015703,0.003842132481899574
2021-07-29,0.000976974407596698,0.0017779196380323103
2021-07-30,-0.005549993157049293,-0.0052124965762422315
2021-08-02,-0.0003150838231620323,8.147692376869742e-05
2021-08-03,0.0080752092163896,0.006062512993105784
2021-08-04,-0.002123920520091027,0.0014436662980710224
2021-08-05,0.01050535171499778,0.006343532246056549
2021-08-06,-0.00020671097884772394,-0.004380617775167073
2021-08-09,-0.0039033675902853116,0.0018451160085382057
2021-08-10,-0.006556156775172517,-0.005125142365065782
2021-08-11,0.001779538904899125,-0.0017171815884627906
2021-08-12,0.009967852596604043,0.0036052918636200193
2021-08-13,0.0104889876311125,0.0035087328151517383
2021-08-16,0.005975786788437354,0.00043323946478257547
2021-08-17,-0.005159224960421316,-0.008808163582560202
2021-08-18,-0.006118964212156963,-0.009623005592881873
2021-08-19,0.02077599124326479,0.004829975256274377
2021-08-20,0.025575891338899703,0.01035929677232339
2021-08-23,0.0009508276599488052,0.014957633964135075
2021-08-24,-0.006662993174742171,0.003054470009660193
2021-08-25,-0.0020146881657489013,0.0011491202390168098
2021-08-26,-0.009670929241261783,-0.006351167067941477
2021-08-27,0.0021073364231751768,0.009719659069344022
2021-08-30,0.012912935614000087,0.011222274580730884
2021-08-31,-0.005631241858445435,-0.0008161682114602442
2021-09-01,-0.00016716474938949233,0.0016606280193236511
2021-09-02,-0.0022519832807300633,-0.00047367854451496605
2021-09-03,-3.4197972060390214e-05,0.0030749843827413414
2021-09-07,-0.003187359997263939,0.0014146663588581188
2021-09-08,9.949463586678142e-05,-0.003479398369668707
2021-09-09,-0.009859280553821348,-0.0034404379228255566
2021-09-10,-0.0051796776473522765,-0.007590235264902434
2021-09-13,0.0043255216223840876,-0.0006908481657164067
2021-09-14,0.009428695275249144,-0.002841512207071184
2021-09-15,0.01677808542944903,0.007435187763056517
2021-09-16,0.0013142868726729873,0.0006854696686446893
2021-09-17,-0.01752894215617795,-0.0118399428173811
2021-09-20,-0.018576648853598776,-0.02066471216812349
2021-09-21,0.0017007100289401222,0.0012310171559026806
2021-09-22,0.012821005488228732,0.009338638827724122
2021-09-23,0.0032836757853056397,0.009227319287948843
2021-09-24,-0.0007013418319461451,0.0009381609302605565
2021-09-27,-0.017305026026346204,-0.007980596626334213
2021-09-28,-0.03620329299075398,-0.028297690711738155
2021-09-29,0.0016927234685575332,-0.0016404628550308331
2021-09-30,-0.007325157200774535,-0.0036736123570068058
2021-10-01,0.02546923745716767,0.006202427807456168
2021-10-04,-0.02071859615124283,-0.020989509506211146
2021-10-05,0.019956492953750127,0.013497986327920986
2021-10-06,0.015065053640721304,0.006407173285694734
2021-10-07,0.005934478299977508,0.00917692172023199
2021-10-08,0.0,-0.004986469726012022
2021-10-11,-0.002102711519855416,-0.007671583694768391
2021-10-12,-0.004585309508391866,-0.003485752948330312
2021-10-13,0.011709478348014057,0.008007173510722998
2021-10-14,0.021733312479363498,0.01841657264172647
2021-10-15,0.004823654275295297,0.0063013308701027615
2021-10-18,0.01012573378562287,0.010055602545792297
2021-10-19,0.0030565358589971225,0.007566834421957935
2021-10-20,-0.002659636672246557,-0.0013052589126838487
2021-10-21,0.010898078011879697,0.006106445328487364
2021-10-22,-0.005150026843769195,-0.008401674911047485
2021-10-25,-0.003331201364460079,0.010236900978563446
2021-10-26,0.006427310890665616,0.00314851061640975
2021-10-27,0.042113478239210966,0.0023236106913078203
2021-10-28,0.0036520542008184886,0.011103781586139227
2021-10-29,0.02241365076744284,0.004918395117287755
2021-11-01,-0.006785693212132848,0.0034209912660052577
2021-11-02,0.011415939165019928,0.004180454066501804
2021-11-03,0.0026123221225040627,0.010614069690992878
2021-11-04,0.007304694245047871,0.012818577830053579
2021-11-05,-0.001129542275185802,0.0009557773141630754
2021-11-08,0.002767290200789363,-0.0013552917984311907
2021-11-09,-0.0030866555628561443,-0.0068833278499753625
2021-11-10,-0.015327784675280842,-0.014698041813974827
2021-11-11,0.0049252035304556685,0.00277384495362476
2021-11-12,0.012906343811863508,0.010522455501565053
2021-11-15,-0.001929941000694213,-0.00022811401553235466
2021-11-16,0.010235289070304798,0.007122411093019032
2021-11-17,0.0006794838349584165,0.0005277642618639611
2021-11-18,0.006338553318419038,0.010361881040356513
2021-11-19,0.005391939803058632,0.005574754942533344
2021-11-22,-0.009557565607145047,-0.01160941314720454
2021-11-23,-0.006328328952104889,-0.004558406018428385
2021-11-24,0.0006819185046500476,0.003220168396016465
2021-11-26,-0.02435588925158738,-0.018958793041514932
2021-11-29,0.02108181089668637,0.02170257172074863
2021-11-30,-0.017943957198348404,-0.014685817703360415
2021-12-01,-0.001542346107441972,-0.017014278588352583
2021-12-02,-0.0017876496455845325,0.007207364356451196
2021-12-03,-0.01966504221291787,-0.017386968957464055
2021-12-06,0.009843578441512957,0.008011451034011241
2021-12-07,0.026762640715015218,0.030114130089227142
2021-12-08,0.00015039901780222742,0.004474951842831532
2021-12-09,-0.00558234028645177,-0.014714354112312478
2021-12-10,0.02833996852143339,0.01086990416398148
2021-12-13,-0.009168309759823301,-0.014447040798751698
2021-12-14,-0.03258742783758084,-0.010349855368074645
2021-12-15,0.019220473451701414,0.022798014859561677
2021-12-16,-0.029136383463681748,-0.025714499225653276
2021-12-17,-0.0033855081268014953,-0.004990875188447208
2021-12-20,-0.012013346752046905,-0.009696892369279286
2021-12-21,0.023068840195501927,0.02237790393364736
2021-12-22,0.018057152190164016,0.012179305419909081
2021-12-23,0.004470469908400165,0.007540249681607936
2021-12-27,0.023186598520775314,0.016527734155772578
2021-12-28,-0.003503189493433312,-0.0046371100496888085
2021-12-29,0.0020514643418745315,-0.000147572558628295
2021-12-30,-0.0076930245701797295,-0.0029900577399235573
2021-12-31,-0.008840281143965067,-0.006243076718887908
2022-01-03,-0.004667412474553823,0.009626349692306135
2022-01-04,-0.017148033841571042,-0.012971386124508988
2022-01-05,-0.03838763197115458,-0.030719309685384277
2022-01-06,-0.007902133121050037,-0.0007046410585037632
2022-01-07,0.000510917588337767,-0.010832515107247365
2022-01-10,0.0007299771841211555,0.0006590592400106399
2022-01-11,0.002260297273250833,0.015022030339769898
2022-01-12,0.010443761973609966,0.003964775210223204
2022-01-13,-0.042321941324858,-0.025016355731892648
2022-01-14,0.017716694772343944,0.0062231289351144525
2022-01-18,-0.024337786202622613,-0.024894524979227728
2022-01-19,0.002245175928724974,-0.010983616954976072
2022-01-20,-0.00570034229165961,-0.01298766478552793
2022-01-21,-0.01847042142146227,-0.02772959688126797
2022-01-24,0.0011494292788460925,0.004579079186690427
2022-01-25,-0.026590357266735976,-0.023181489515545883
2022-01-26,0.028496190768046548,-0.0015663167868299466
2022-01-27,0.010546337711472509,-0.010068029631738584
2022-01-28,0.028082626210679695,0.03136804958494488
2022-01-31,0.008823941360474485,0.031979598120145614
2022-02-01,-0.007136906965674039,0.006802855116355033
2022-02-02,0.01521875925993732,0.008123921958910651
2022-02-03,-0.038950689352100665,-0.040541852113750165
2022-02-04,0.015567468699559939,0.012612899030332692
2022-02-07,-0.016309990625283488,-0.008043178568268528
2022-02-08,0.011996379224949116,0.011233207017301572
2022-02-09,0.021835033938980786,0.021192505228414094
2022-02-10,-0.028374557370117737,-0.02263348686098643
2022-02-11,-0.024273660019174303,-0.03172164096131369
2022-02-14,-0.00013588566092692655,0.0012395368077660063
2022-02-15,0.018542201716573725,0.02486296697092305
2022-02-16,-0.0011666575432450754,-0.00025249699442508877
2022-02-17,-0.02928271227311796,-0.02974190011795741
2022-02-18,-0.009629566898849085,-0.011405989327590849
2022-02-22,-0.0007303977282848706,-0.010044522638325337
2022-02-23,-0.02589280620685719,-0.025615450877272572
2022-02-24,0.051094062268943974,0.033606303120540915
2022-02-25,0.009231755008514364,0.015506551345381592
2022-02-28,0.004979089892757971,0.0029788906587546737
2022-03-01,-0.012851281523063918,-0.015312812141819565
2022-03-02,0.017766214975375005,0.01678077272944889
2022-03-03,-0.014226642061376582,-0.014284873454973424
2022-03-04,-0.02047792218597566,-0.014491888244672402
2022-03-07,-0.037777384533710934,-0.036880627219078255
2022-03-08,-0.010971913666524502,-0.00464899754024628
2022-03-09,0.04585838976842105,0.03599734546833533
2022-03-10,-0.0100844878104287,-0.011103281873892423
2022-03-11,-0.019329137750190295,-0.020740859555015367
2022-03-14,-0.012959374668048862,-0.019201995797988425
2022-03-15,0.03874286095988788,0.031364513715150144
2022-03-16,0.02521176525227853,0.03708697534074257
2022-03-17,0.002819149306886315,0.012106399397082024
2022-03-18,0.017649205108157373,0.02046997884768853
2022-03-21,-0.004227362439987115,-0.002782146584529799
2022-03-22,0.01637770218369372,0.019651800759134863
2022-03-23,-0.015030770061270182,-0.014369730360272448
2022-03-24,0.015393732209346478,0.022225638675279935
2022-03-25,-0.0013797477321871865,-0.0008342815955777461
2022-03-28,0.02311652512313289,0.015472657303929216
2022-03-29,0.015158568999389166,0.017208637600579557
2022-03-30,-0.004914524354704519,-0.011044634952406596
2022-03-31,-0.01768291686414214,-0.012394040407129547
2022-04-01,0.0036002462275608327,-0.0019029870703851648
2022-04-04,0.017936654764154403,0.020586368828531487
2022-04-05,-0.012985828607907313,-0.022202324694490017
2022-04-06,-0.03660572861668432,-0.021711604770787485
2022-04-07,0.006244284065258343,0.0023776643997481806
2022-04-08,-0.014599857031010632,-0.013978516317395995
2022-04-11,-0.03943263979328526,-0.023658987872357207
2022-04-12,-0.011216761488279658,-0.004224335887095587
2022-04-13,0.01971289012064159,0.020327354287054344
2022-04-14,-0.027085926660412984,-0.02286610071102957
2022-04-18,0.002467252990581814,0.0007689825606818079
2022-04-19,0.017038098929953227,0.022349651361107892
2022-04-20,0.0037144244080471456,-0.014583867554431529
2022-04-21,-0.019381094655689934,-0.020692068638564765
2022-04-22,-0.024144406125789053,-0.02618405500087062
2022-04-25,0.024416084217146583,0.012843432442604552
2022-04-26,-0.037406675169291304,-0.03774443773514802
2022-04-27,0.04811222262295711,-0.0011971191905928436
2022-04-28,0.02263128536138348,0.035515217125145604
2022-04-29,-0.041813364691881016,-0.04499730862453599
2022-05-02,0.025044266434029128,0.01669408832488961
2022-05-03,-0.009455599792279834,0.0010671058998457106
2022-05-04,0.029099951214894837,0.033813285871597154
2022-05-05,-0.04355301467804862,-0.05036305367620875
2022-05-06,-0.009446803473938004,-0.011982783918614959
2022-05-09,-0.03694520578636462,-0.03912677590218305
2022-05-10,0.01859577833956294,0.012148001607369396
2022-05-11,-0.03321228454838909,-0.029657681135814573
2022-05-12,-0.019954405679209697,-0.0023640000559528307
2022-05-13,0.0225944212991791,0.037061833987661386
2022-05-16,0.001453631131278721,-0.011593595468019635
2022-05-17,0.020344834350052077,0.025900835433601443
2022-05-18,-0.04553021826975945,-0.049090490904909134
2022-05-19,-0.0036979000922461314,-0.005356329091737555
2022-05-20,-0.0022924744573060707,-0.0031084576833884103
2022-05-23,0.03203465659496518,0.01662659973131575
2022-05-24,-0.003954152252531706,-0.021261427930575172
2022-05-25,0.011172347454486475,0.013995430788526386
2022-05-26,0.012873495103237653,0.027706140412351088
2022-05-27,0.02760606317215686,0.03263949266097277
2022-05-31,-0.005015544817770001,-0.0026513200470171805
2022-06-01,0.002021601394415651,-0.007395759190902518
2022-06-02,0.007931081121697492,0.027385427123946426
2022-06-03,-0.01660957436101973,-0.026019179202835918
2022-06-06,-0.004700120914400752,0.0033297003269705527
2022-06-07,0.013953683216354484,0.008627161773401504
2022-06-08,-0.007669569985765179,-0.007196424513294497
2022-06-09,-0.020783104029068245,-0.026784944167623226
2022-06-10,-0.044566587042061845,-0.03527017629975038
2022-06-13,-0.04240970289339119,-0.046498973559892076
2022-06-14,0.009201482038521114,0.0018157765038517848
2022-06-15,0.02973890547097069,0.02497161055976216
2022-06-16,-0.026973408731497672,-0.04034673653364518
2022-06-17,0.010942226381670306,0.012161643815010503
2022-06-21,0.024590130059057635,0.02518651171085473
2022-06-22,-0.00240403038113568,-0.0014605100550498795
2022-06-23,0.0226385951860133,0.014895037890885865
2022-06-24,0.0341491380673733,0.034262888367568856
2022-06-27,-0.010498667594444178,-0.007333695234999937
2022-06-28,-0.031749036942015585,-0.030464102099675316
2022-06-29,0.014740975442349091,0.00091612597271018
2022-06-30,-0.013181903982885546,-0.012401247662427561
2022-07-01,0.010707909586508135,0.006600132293400396
2022-07-05,0.01259743792952528,0.017117871765801818
2022-07-06,0.012783371882033157,0.006411007337515207
2022-07-07,0.008227573135051403,0.021399673378975637
2022-07-08,-0.002757005960166481,0.0012535569246070466
2022-07-11,-0.01176974433882172,-0.021363114310251508
2022-07-12,-0.040980498374864616,-0.009688276445400046
2022-07-13,-0.0037442152278202023,-0.002060527551993596
2022-07-14,0.005378238383936473,0.003569683721029948
2022-07-15,0.010392791108926991,0.018140275319986632
2022-07-18,-0.009624086529069653,-0.008463543938881046
2022-07-19,0.020767667008836144,0.03075347239332893
2022-07-20,0.010557076040918822,0.01585876005258946
2022-07-21,0.009798986150298061,0.014353954396780999
2022-07-22,-0.0169151575579104,-0.01753444087635747
2022-07-25,-0.00587691884348529,-0.005697265717234945
2022-07-26,-0.026774486931076646,-0.01964928469411653
2022-07-27,0.06685383899658293,0.0422594185696441
2022-07-28,0.02854063441404886,0.009777913536018978
2022-07-29,0.01566277997682053,0.018238671112075444
2022-08-01,-0.00972303743752223,-0.0006006180553537188
2022-08-02,-0.011475168427640625,-0.002982277581221049
2022-08-03,0.027838503163720274,0.027231894015011138
2022-08-04,0.004177717871791664,0.004675447590503978
2022-08-05,-0.0026087803681159594,-0.008167507701196675
2022-08-08,-0.009156422519517537,-0.0032324856896813747
2022-08-09,0.007064957445954034,-0.011320215350898
2022-08-10,0.024298279325071892,0.02791136983528819
2022-08-11,-0.00740114114199153,-0.005675727202547942
2022-08-12,0.01703793776053475,0.019469232389208724
2022-08-15,0.005343412420979465,0.008084184043140263
2022-08-16,-0.002587755244389478,-0.002342801391000182
2022-08-17,-0.0026364281643257437,-0.011407356994172169
2022-08-18,-0.003947566777333988,0.0024064104790493257
2022-08-19,-0.013853642740740413,-0.019498960550413336
2022-08-22,-0.029356442534540728,-0.026326334222025904
2022-08-23,-0.004717744307819127,-0.0008263097008758269
2022-08-24,-0.0023497334382583945,0.002896097241410489
2022-08-25,0.011094940248043583,0.01768211642127948
2022-08-26,-0.038585644748359904,-0.040987331073029876
2022-08-29,-0.01066691048176338,-0.009857260244923838
2022-08-30,-0.008521567691205933,-0.011136654920976041
2022-08-31,-0.005705275340704752,-0.005810392379147489
2022-09-01,-0.004093558114463436,0.00043228450447263533
2022-09-02,-0.016665097817731067,-0.014126533181362144
2022-09-06,-0.010972618311628768,-0.007185182373180776
2022-09-07,0.019111645238824915,0.020202933109937815
2022-09-08,0.0016659873448277018,0.0051858136309894665
2022-09-09,0.02297688089631955,0.02185990542853755
2022-09-12,0.008279910403954593,0.011885332908738722
2022-09-13,-0.05497847436074221,-0.054834173094638006
2022-09-14,0.0009119280184817224,0.007932158712541826
2022-09-15,-0.027118300905023207,-0.016654794963645192
2022-09-16,-0.002609694578328381,-0.006113372082850788
2022-09-19,-0.0008972127980102496,0.007784663051897844
2022-09-20,-0.00846643499181332,-0.007969087904524663
2022-09-21,-0.014436220717893522,-0.01790808240887476
2022-09-22,0.008497106367700846,-0.012307030283470577
2022-09-23,-0.012697605424878078,-0.01628345187395852
2022-09-26,-0.0019789314628639865,-0.00413732524322008
2022-09-27,-0.004378626453269585,0.00040025646062114006
2022-09-28,0.019712711955934825,0.019893678107692603
2022-09-29,-0.014811174471907051,-0.02882621092969606
2022-09-30,-0.019368544176965874,-0.01695783729602174
2022-10-03,0.03366544172462471,0.023459584910685338
2022-10-04,0.03381201875145834,0.031442262296422774
2022-10-05,0.0012844450827913523,-0.0005334121437763351
2022-10-06,-0.009672210427954298,-0.007872028156113542
2022-10-07,-0.05085292876120484,-0.03810226512750425
2022-10-10,-0.02129932417702196,-0.009998299608909855
2022-10-11,-0.016750941126678964,-0.013736693651502652
2022-10-12,0.001508801341156829,-0.0003444272445820573
2022-10-13,0.037604393814638204,0.02345235007413571
2022-10-14,-0.024246784390669296,-0.030056474094920405
2022-10-17,0.03924679050355473,0.03302355872913121
2022-10-18,0.004080456804774313,0.007905138339920903
2022-10-19,-0.00846604802137696,-0.003644399498099138
2022-10-20,-0.0013949832429257514,-0.005105032855660663
2022-10-21,0.02527884577957873,0.023449484987946523
2022-10-24,0.021188192317751264,0.011001993649855768
2022-10-25,0.013792448231848553,0.02068361086766002
2022-10-26,-0.07715908535293436,-0.022096284847444192
2022-10-27,-0.019753544290943226,-0.0182052332728444
2022-10-28,0.04021764099145564,0.030601597901264155
2022-10-31,-0.015852190555367907,-0.011628411506920622
2022-11-01,-0.017062278636953532,-0.01021774441371437
2022-11-02,-0.0353659464564674,-0.034277688455212396
2022-11-03,-0.02657930637662065,-0.01953452413302148
2022-11-04,0.03332570622276898,0.016086533919906776
2022-11-07,0.02926617735930881,0.010995090242721828
2022-11-08,0.004387911058521876,0.007284541723666216
2022-11-09,-0.01904574906734735,-0.02307631367489449
2022-11-10,0.0822658126501199,0.07379131912264447
2022-11-11,0.0169981673588111,0.0184234848185163
2022-11-14,-0.022500330644094624,-0.008750247182123805
2022-11-15,0.0017377847683799352,0.013839708742706014
2022-11-16,0.001823408000202642,-0.013650785842536317
2022-11-17,-0.00020644530673985528,-0.002205091302891815
2022-11-18,-0.001904745851278089,3.2131955229219855e-05
2022-11-21,0.0034409964112307456,-0.010285465398566118
2022-11-22,0.012311446784339264,0.014403566803620205
2022-11-23,0.010407704361343528,0.010034990896677254
2022-11-25,-0.0003619983956889561,-0.006576584823157483
2022-11-28,-0.023155711563864423,-0.014675550200233922
2022-11-29,-0.005914567360350453,-0.007567555902441736
2022-11-30,0.06162491100789902,0.04558485095587561
2022-12-01,-0.0017643442786546837,0.0012270236358029596
2022-12-02,0.0012956061357347615,-0.003984670615564179
2022-12-05,-0.018897763578274773,-0.01678101951297517
2022-12-06,-0.0203038246739502,-0.02072271438570683
2022-12-07,-0.0030621572212065074,-0.004082796661564747
2022-12-08,0.012398778043118508,0.01183464124544642
2022-12-09,-0.008002700499757154,-0.00637650008955748
2022-12-12,0.02889108368537685,0.012553628726971189
2022-12-13,0.01746418430562713,0.010749433865523406
2022-12-14,0.0011694005533842144,-0.007415340066438514
2022-12-15,-0.0319210012630613,-0.033573958532967185
2022-12-16,-0.017345674215436424,-0.00953706491961237
2022-12-19,-0.017331368778563117,-0.014052182166705673
2022-12-20,0.0056164070243207576,-0.0007784325302065964
2022-12-21,0.010875242186841882,0.014508189317757658
2022-12-22,-0.025528953925384013,-0.024465160794904572
2022-12-23,0.0022661678246926886,0.0022473875545685473
2022-12-27,-0.0074145176084128295,-0.014137037444557854
2022-12-28,-0.010254999634671025,-0.013204432009298106
2022-12-29,0.027631458956665966,0.024375404631716835
2022-12-30,-0.004935683981000971,-0.0005977400097465502
2023-01-03,-0.001002225279858604,-0.006761930521640203
2023-01-04,-0.04374256078898153,0.004763658121231806
2023-01-05,-0.029637697266059138,-0.015654703282105276
2023-01-06,0.011782869027821663,0.027603591026312158
2023-01-09,0.009739421792578806,0.006472113305381777
2023-01-10,0.00761414491089929,0.008466505185640738
2023-01-11,0.030239782113357982,0.01730022754651306
2023-01-12,0.011619920604408751,0.005401869090563505
2023-01-13,0.003018929155511163,0.006881459320142502
2023-01-17,0.004682923506573289,0.002029027366596603
2023-01-18,-0.018890150680520024,-0.012999834259319165
2023-01-19,-0.016450863357202694,-0.009823534135959822
2023-01-20,0.03573984867979041,0.02736660485247544
2023-01-23,0.009827530652738004,0.022216560326699497
2023-01-24,-0.0022251517721444403,-0.0020431304128037953
2023-01-25,-0.0059119062847140524,-0.002219681646293048
2023-01-26,0.030717330297014733,0.01949626997221854
2023-01-27,0.000644742677858634,0.009955943480395968
2023-01-30,-0.02196458252108424,-0.020218932864925154
2023-01-31,0.021014380247825315,0.014985252386876535
2023-02-01,0.019932517127580374,0.021385090002616902
2023-02-02,0.04688702547840018,0.03588777233546958
2023-02-03,-0.02362138048628415,-0.017771312721083787
2023-02-06,-0.006114242914022072,-0.008458347690105783
2023-02-07,0.0420198398375371,0.020716455214031093
2023-02-08,-0.0031022446548134575,-0.017778636174663354
2023-02-09,-0.011657210058877876,-0.00883858582626773
2023-02-10,-0.001974154416735985,-0.006563639053652315
2023-02-13,0.03124250001935458,0.01601657166840398
2023-02-14,0.0031343255569529216,0.0073889984542403475
2023-02-15,-0.007992815446789536,0.007662189064597813
2023-02-16,-0.02662351379081418,-0.018765321895172882
2023-02-17,-0.015601869434131777,-0.007057021401838837
2023-02-21,-0.020888119045744502,-0.023675993573225806
2023-02-22,-0.0045916192896258146,0.0007486527700153456
2023-02-23,0.012961885835231834,0.008735792271547194
2023-02-24,-0.02178394694972907,-0.016742707745937335
2023-02-27,0.0037746924400166026,0.007160087033290852
2023-02-28,-0.002960478224850238,-0.0012941476915856454
2023-03-01,-0.012626519764576516,-0.008037568549125629
2023-03-02,0.019652249242002373,0.00827338756030871
2023-03-03,0.01664380873779736,0.020674405749032454
2023-03-06,0.006191975104758107,0.0011339633882150313
2023-03-07,-0.01059130152778931,-0.012263363076018052
2023-03-08,-0.0017707887804740974,0.004994317637232459
2023-03-09,-0.005437916453100988,-0.017326825413585545
2023-03-10,-0.014784394250513366,-0.014044865929068617
2023-03-13,0.02144275801191675,0.007417771715438892
2023-03-14,0.027053951869411286,0.022979320356502075
2023-03-15,0.01782966572785316,0.005246514547309067
2023-03-16,0.04053826487653267,0.026360350883146255
2023-03-17,0.01169283055510606,-0.004724701027928213
2023-03-20,-0.02576575593972108,0.003547889869246257
2023-03-21,0.005694709816097543,0.0142837281357997
2023-03-22,-0.005443534921000248,-0.013599558756816843
2023-03-23,0.019721893689814918,0.01185812599258873
2023-03-24,0.010478828303081222,0.0036818562310347858
2023-03-27,-0.014932452738642299,-0.006851278709887665
2023-03-28,-0.004160953931770628,-0.005310860858069644
2023-03-29,0.01918271378003178,0.018233804266096776
2023-03-30,0.012621415481786746,0.009463753048513768
2023-03-31,0.014960497562615638,0.016632496895844895
2023-04-03,-0.003710542451001775,-0.002433228240596108
2023-04-04,-0.00017330838635731816,-0.00337243587310021
2023-04-05,-0.009890902916330768,-0.00987220102467734
2023-04-06,0.025535214085634417,0.00674219982302926
2023-04-10,-0.007580957026146806,-0.0005668446813728023
2023-04-11,-0.02266735472637338,-0.006417262244257427
2023-04-12,0.0023347533422892752,-0.008831820207999996
2023-04-13,0.022397259292174843,0.0195811345539727
2023-04-14,-0.012765420501784086,-0.0018786195953985896
2023-04-17,0.009298444933607763,0.0008456982256233037
2023-04-18,-0.0014914925126371381,6.353260334379662e-05
2023-04-19,0.00027831110954545935,-0.00047011139734265406
2023-04-20,-0.008111039889551974,-0.007623835688703395
2023-04-21,-0.0012250071902595305,0.0010407593380130642
2023-04-24,-0.01396087967406845,-0.0020825535753700164
2023-04-25,-0.022537577652068208,-0.01886544466029394
2023-04-26,0.0724360771353112,0.006064150610499253
2023-04-27,0.032027955672649044,0.027192392755190697
2023-04-28,0.007971792120190058,0.0068987321761673215
2023-05-01,-0.005534799140353708,-0.0011460976161168368
2023-05-02,-0.0004887358033884848,-0.008723479835401449
2023-05-03,-0.0033097272718201065,-0.006542310961145659
2023-05-04,0.003320717942556506,-0.003530512115785478
2023-05-05,0.01715736006838986,0.021254921307137575
2023-05-08,-0.006439122657274532,0.0024780582061367795
2023-05-09,-0.005345305413109069,-0.006333153935692226
2023-05-10,0.01729683580746144,0.010879696691060703
2023-05-11,-0.007045712557047112,0.0032614891953435254
2023-05-12,-0.003675615469034166,-0.00358622145771359
2023-05-15,0.0015848329513732384,0.005412715675062518
2023-05-16,0.007366675968025094,0.0011343631449753921
2023-05-17,0.009453853398466494,0.012101642653259637
2023-05-18,0.014395015495867858,0.01857623966499755
2023-05-19,-0.0005664838854428922,-0.0022552823457338
2023-05-22,0.00892240185198756,0.003358967027344173
2023-05-23,-0.018431841637656654,-0.012676947813331507
2023-05-24,-0.004472625665990271,-0.005128594649611795
2023-05-25,0.03845781171272433,0.024330655037303694
2023-05-26,0.02138598341000053,0.025550513693525012
2023-05-30,-0.005048797941503258,0.0045350946555653415
2023-05-31,-0.00851143274254218,-0.005683791355080681
2023-06-01,0.012757905394559677,0.011551894755224446
2023-06-02,0.008479406502503783,0.007498223272114135
2023-06-05,0.001610899716203651,0.000705401893447144
2023-06-06,-0.006728947146081521,-0.00016837803437186327
2023-06-07,-0.030868173063486215,-0.016966230237224655
2023-06-08,0.005814810054762809,0.01241292802824634
2023-06-09,0.004702868469277144,0.0038230553468283635
2023-06-12,0.015484975665137402,0.016896804921044506
2023-06-13,0.007352559344348419,0.007684289491207252
2023-06-14,0.009124375333559698,0.007268803533190482
2023-06-15,0.031894466397223376,0.011913758120815077
2023-06-16,-0.01657547051680408,-0.00629159634212062
2023-06-20,-0.012501961759750269,-0.001428701203247229
2023-06-21,-0.013280957164490292,-0.013626539636331536
2023-06-22,0.018437591169892187,0.011796928494571146
2023-06-23,-0.013806870910083813,-0.009910890378039161
2023-06-26,-0.019162107862122246,-0.013405386705650613
2023-06-27,0.018166786462366247,0.017192965588618936
2023-06-28,0.0038266697368898317,0.0019515558236704589
2023-06-29,-0.002381419495042447,-0.002003246257786251
2023-06-30,0.016382977435965618,0.015421484432557753
2023-07-03,-0.007486433629714684,0.002354616142810295
2023-07-05,0.00047386826462259,-2.731494127306e-05
2023-07-06,0.009227061249939883,-0.007615613646917319
2023-07-07,-0.011869471458020198,-0.0033195523283660044
2023-07-10,-0.01598299796191982,0.00032588042949943663
2023-07-11,0.0019276063161948187,0.0049418299679195865
2023-07-12,0.014229526190621344,0.012628982099097685
2023-07-13,0.016191337964869712,0.016980420563156295
2023-07-14,0.0075288507335080634,-0.00021341300752286685
2023-07-17,0.0014181773338266535,0.009338812103100391
2023-07-18,0.039799332084289984,0.008181770117373421
2023-07-19,-0.01226613278441202,-0.00023336610947233272
2023-07-20,-0.023121172759324682,-0.023050938140923072
2023-07-21,-0.008936660178966993,-0.0030013664539579876
2023-07-24,0.0038982331155197336,0.0015994442335187653
2023-07-25,0.017009839917755842,0.006777373626580374
2023-07-26,-0.03763852345620533,-0.0033271561093102253
2023-07-27,-0.02087278554900973,-0.0023844735939643202
2023-07-28,0.02313228343560536,0.018216340188743185
2023-07-31,-0.007240841099936723,0.0005195956121863965
2023-08-01,0.0012493059411438079,-0.002319830863240724
2023-08-02,-0.02628105051868912,-0.021944310861442995
2023-08-03,-0.002565943827806172,-0.001602040237415392
2023-08-04,0.0034290253809940996,-0.00468124255871849
2023-08-07,0.0071067622481861825,0.008465867384389592
2023-08-08,-0.012298404431724697,-0.008502631124913673
2023-08-09,-0.011714705873208775,-0.010992686043666211
2023-08-10,0.0021706372550560626,0.0018474379170136945
2023-08-11,-0.00594533680301601,-0.006374530416910162
2023-08-14,0.009438698981605764,0.011220781229287269
2023-08-15,-0.006725812102707729,-0.010610144773172236
2023-08-16,-0.0024282393847201433,-0.010588670453855364
2023-08-17,-0.010986825281063872,-0.010925180923897604
2023-08-18,-0.0012641135403796966,-0.0012552112421796435
2023-08-21,0.01706475914685801,0.016112314553049067
2023-08-22,0.0018007202881151763,-0.001428642900423105
2023-08-23,0.014078719112614158,0.01576817306300593
2023-08-24,-0.02149616261480447,-0.02137378642106913
2023-08-25,0.00940509234378073,0.0077506139169440935
2023-08-28,0.002229926744400812,0.007527069944234688
2023-08-29,0.014549772659802285,0.021838890267780853
2023-08-30,0.0011581310967438974,0.005575811879771964
2023-08-31,-0.00313195113171727,0.0030005770340451043
2023-09-01,0.002743666266484368,-0.00105963667306197
2023-09-05,0.014878057788666244,0.0012723770950693325
2023-09-06,-0.0020076302078595454,-0.008807037068744084
2023-09-07,-0.008921842713017991,-0.007152496626180782
2023-09-08,0.013215021585557318,0.0013973086856053918
2023-09-11,0.010978835178269808,0.011781824499679683
2023-09-12,-0.018255997030669047,-0.011086545891645927
2023-09-13,0.012930548229633798,0.0038065832456073423
2023-09-14,0.007856145251396773,0.008178931008851809
2023-09-15,-0.025036286637557637,-0.017123278489870053
2023-09-18,-0.0035135441459822614,0.0010419678462907367
2023-09-19,-0.0012480633499740712,-0.0021308134148601
2023-09-20,-0.023976755781814685,-0.014412338141087
2023-09-21,-0.0038630371986831946,-0.018324578318593798
2023-09-22,-0.007888996875425325,0.00014111457939391947
2023-09-25,0.0016720327003647562,0.004749246554468067
2023-09-26,-0.01700460315690555,-0.01501734282624867
2023-09-27,0.0020837586728759128,0.0023438301949199047
2023-09-28,0.0027165125153612024,0.008366284527636436
2023-09-29,0.006727730116751651,0.0007250240499223626
2023-10-02,0.019160905473720513,0.008347240702735625
2023-10-03,-0.026134216837929602,-0.01755156015421222
2023-10-04,0.017772010858162934,0.013610843143783358
2023-10-05,0.0012558710385355276,-0.002947831799524958
2023-10-06,0.024734333180241652,0.016756583245106205
2023-10-09,0.007823221770255184,0.005098381312396816
2023-10-10,-0.004336691662449543,0.005538166508695985
2023-10-11,0.012272017397679136,0.007135302209093863
2023-10-12,-0.003788512742487704,-0.0034743572303087555
2023-10-13,-0.010357993768709162,-0.012569859094173075
2023-10-16,0.014981990129294687,0.011305917842004742
2023-10-17,-0.0017424728517865251,-0.0032753897385702224
2023-10-18,-0.005873214122521064,-0.013117182356813695
2023-10-19,0.003664866918754006,-0.009358548882922313
2023-10-20,-0.01403501273134733,-0.014918170314608736
2023-10-23,0.00811293703803484,0.003019134476806684
2023-10-24,0.0036736586999057685,0.009728698239974465
2023-10-25,0.030677231092218316,-0.024475504809044257
2023-10-26,-0.03751399277275147,-0.019067277449931863
2023-10-27,0.0058553680891695326,0.004799228831815494
2023-10-30,0.02274225950405606,0.011266583990453105
2023-10-31,0.00236909974209798,0.00478093871837304
2023-11-01,0.023545250560957465,0.017357462989455952
2023-11-02,0.006500643049222488,0.018153472672176374
2023-11-03,0.012862137862137857,0.011749437955575592
2023-11-06,0.0105713458323895,0.0040788299114193904
2023-11-07,0.011218294274527585,0.009453988401356916
2023-11-08,0.007407116443237216,0.0006422485745873896
2023-11-09,-0.006909824149013755,-0.007696619932674897
2023-11-10,0.02489532297734276,0.02248294947477003
2023-11-13,-0.008088657819127043,-0.003117584725970235
2023-11-14,0.009790506877355165,0.021527199509479678
2023-11-15,0.00040705600161738964,0.0007522521696052831
2023-11-16,0.017583671953510738,0.0008538322926707753
2023-11-17,-0.016802144749094916,0.00023551947746081048
2023-11-20,0.020522968583672307,0.012173489890744849
2023-11-21,-0.011578302651321648,-0.005808047518978898
2023-11-22,0.012812533824007044,0.00409224449470913
2023-11-24,-0.0011114228082127475,-0.001411171298070446
2023-11-27,0.003126680022146111,-0.0008712359882694365
2023-11-28,0.010801284102301523,0.0026211775575297747
2023-11-29,-0.010060696546284609,-0.000975842084419476
2023-11-30,0.00015987849234577745,-0.0025132398511747978
2023-12-01,-0.011613315749510522,0.00285464925997303
2023-12-04,-0.014337468260257835,-0.009282929924757544
2023-12-05,0.009155871325550402,0.0025097973600070045
2023-12-06,-0.009986043927753596,-0.0057841605795635465
2023-12-07,0.0058303451673829,0.013972715564613658
2023-12-08,0.008841778697001201,0.00445714876995118
2023-12-11,-0.007828242637756277,0.008542518149953882
2023-12-12,0.00829511129478222,0.007964556574142634
2023-12-13,-2.696449854122651e-05,0.012717585989375113
2023-12-14,-0.02254562516179137,-0.0008680446980481316
2023-12-15,0.0131177118075958,0.004834727918237913
2023-12-18,0.005179146176090832,0.00629900855399379
2023-12-19,0.0016362178445268327,0.005108193165470176
2023-12-20,-0.007072384434804291,-0.014857461002552252
2023-12-21,0.007879978100579388,0.011635612526350814
2023-12-22,0.0027835881802900087,0.0014955036015682488
2023-12-26,0.00021290586865596595,0.006121174574417854
2023-12-27,-0.0015735514031282039,0.0020361552482515144
2023-12-28,0.0032330232545587645,-0.00048719461588742075
2023-12-29,0.0020255602570551368,-0.0043281030318765845
2024-01-02,-0.013747577194216487,-0.016922717376597562
2024-01-03,-0.0007294879158148415,-0.010580156950672714
2024-01-04,-0.007177626507369639,-0.005146843100953924
2024-01-05,-0.0005158061666272751,0.0011846865283855479
2024-01-08,0.018872326992231514,0.020669393807815295
2024-01-09,0.002934005092074976,0.0019753258416903563
2024-01-10,0.018576026046731364,0.006778348019754077
2024-01-11,0.004857992082686113,0.0020790020790020236
2024-01-12,0.009983963717582922,0.0005143653125814218
2024-01-16,0.004633395267856111,-9.839251232990343e-05
2024-01-17,-0.002048639672217689,-0.0056409057921992245
2024-01-18,0.011295832620539903,0.014195872360849293
2024-01-19,0.012187182825683651,0.019829731180172727
2024-01-22,-0.005418832722659528,0.001306004511216985
2024-01-23,0.006028835553835599,0.004149397417674949
2024-01-24,0.009173801142359661,0.005550110383678586
2024-01-25,0.005740122175077467,0.001220767238014231
2024-01-26,-0.002321342638650914,-0.005956980252882271
2024-01-29,0.014332841826406373,0.010240562898164773
2024-01-30,-0.002757074396659065,-0.006656658540947102
2024-01-31,-0.026947764770992144,-0.01958740664062597
2024-02-01,0.015595205147280966,0.011776075768924255
2024-02-02,0.018425875229073352,0.016899733501447134
2024-02-05,-0.013546057331392247,-0.001305651639931349
2024-02-06,-0.0003931981693887643,-0.0020057138154414567
2024-02-07,0.021109105620215285,0.010289045123835994
2024-02-08,0.000146286516771843,0.0018516834227693124
2024-02-09,0.015550420024670109,0.009844201371996153
2024-02-12,-0.0125782238299732,-0.003911742604109536
2024-02-13,-0.021528954450313997,-0.015597338733005506
2024-02-14,0.009664668308086766,0.010896011848090525
2024-02-15,-0.00715328000157478,0.002978931212501701
2024-02-16,-0.0061490036680875715,-0.009067913127954741
2024-02-20,-0.0031446462460006375,-0.007548141042139522
2024-02-21,-0.0015134913368256564,-0.004003168585735684
2024-02-22,0.023546036033101903,0.029275728697693904
2024-02-23,-0.0031821330572221473,-0.0029436520603265404
2024-02-26,-0.0068241366693596595,-0.0005258860487965533
2024-02-27,-0.0001458763957157272,0.002404656078795142
2024-02-28,0.0005885363989979187,-0.005324977898924388
2024-02-29,0.014519401627655748,0.008568353566096976
2024-03-01,0.004496889205029886,0.015058851607662183
2024-03-04,-0.0013968648145272766,-0.003569821780208371
2024-03-05,-0.029571903170655944,-0.017949357898080498
2024-03-06,-0.0013913948733604853,0.006284236961940914
2024-03-07,0.017534451174434862,0.015178544779117953
2024-03-08,-0.007137227859324247,-0.014435950787045515
2024-03-11,-0.004184629733443801,-0.0037129082076382547
2024-03-12,0.02660073980894495,0.014335761783125456
2024-03-13,-0.00043432475845239793,-0.007686491077085189
2024-03-14,0.024378876333580157,-0.0025217506716277427
2024-03-15,-0.02069441087398516,-0.011885862682841863
2024-03-18,0.00216084110679593,0.009537629290830463
2024-03-19,0.009800607497621572,0.0024929684032353183
2024-03-20,0.009064672167798049,0.011855739871119209
2024-03-21,0.009736782241094977,0.004731621606302694
2024-03-22,-0.001469080088332575,0.0011440511596210179
2024-03-25,-0.013713568559616918,-0.0036288314035912705
2024-03-26,-0.0028618678155442057,-0.0032371244562378054
2024-03-27,-0.0005209640224157486,0.003406501629492631
2024-03-28,-0.0016856471330849443,-0.0018433534104299598
2024-04-01,0.00915139438414303,0.0021164069120851448
2024-04-02,-0.0073714913623493805,-0.008630903927208333
2024-04-03,-0.0023502858358817047,0.0022443668444978027
2024-04-04,-0.0061112389278730195,-0.015290784338267915
2024-04-05,0.01828247900963076,0.011784254996579646
2024-04-08,-0.002185670714380472,0.0002946584588676693
2024-04-09,0.003979846834040179,0.0036992720198025797
2024-04-10,-0.007084268998936327,-0.008727226398267174
2024-04-11,0.011034321859384466,0.015967115591175807
2024-04-12,-0.01409269863994278,-0.015942078095173562
2024-04-15,-0.019577122686008974,-0.016450570237461215
2024-04-16,0.0022728047823905584,9.336152851502355e-05
2024-04-17,-0.006608513048106723,-0.012201212653040305
2024-04-18,-0.01838177725582313,-0.00570579368417079
2024-04-19,-0.012739059886791582,-0.020689622397163765
2024-04-22,0.004609993536920376,0.010057457319499585
2024-04-23,0.016485642914943144,0.014922755761187734
2024-04-24,0.0036565285970697747,0.003387070432603112
2024-04-25,-0.024494963801941605,-0.00483110020758637
2024-04-26,0.018241641141668152,0.015433591231463595
2024-04-29,-0.010016342584211357,0.004059451472163911
2024-04-30,-0.032119077559731646,-0.018855115525362565
2024-05-01,0.014410683782804412,-0.007232021838241565
2024-05-02,0.007342810781022058,0.012764941760549986
2024-05-03,0.02216925936995029,0.020098607615222974
2024-05-06,0.01691862064180727,0.010953340295169589
2024-05-07,-0.010158208802481417,0.00015768653288450452
2024-05-08,0.0029317789079308376,-0.0005895175552844689
2024-05-09,0.004336951959728053,0.002181129797799608
2024-05-10,0.005870047605548434,0.0023566073978766866
2024-05-13,-0.0024611392669546817,0.002307823613086901
2024-05-14,0.0068658134125698655,0.00643294905186087
2024-05-15,0.017484107555804984,0.015630993046374053
2024-05-16,-0.004940185245059903,-0.002032655781406101
2024-05-17,-0.0018540021120332373,-0.00048526940242865635
2024-05-20,0.012209833930939329,0.0069707828434113495
2024-05-21,0.008697523405040153,0.001957328037120565
2024-05-22,0.0034508869857954316,-0.0001964541136166842
2024-05-23,-0.008177016043305452,-0.004499462404761734
2024-05-24,0.007401143384786479,0.009456537408101484
2024-05-28,0.0003717811121164427,0.003776619233735179
2024-05-29,-0.002673959282892713,-0.00704767908108761
2024-05-30,-0.033785969073276356,-0.010712679757002963
2024-05-31,0.0011109224537317886,-0.001860483770342758
2024-06-03,-0.0038790680545056633,0.005368627127081194
2024-06-04,0.0061659779095022405,0.002737700331721271
2024-06-05,0.019083212864609234,0.020158942098398747
2024-06-06,0.0012026871874672995,-0.00034511574400653
2024-06-07,-0.0015779634793857689,-0.0008837144668617514
2024-06-10,0.009485117359639528,0.004037822531397506
2024-06-11,0.011241343319369657,0.00686353237072157
2024-06-12,0.019368816484415685,0.013098211867285325
2024-06-13,0.0011789978746110652,0.005419387146673449
2024-06-14,0.00224133022037476,0.005181237798765226
2024-06-17,0.013104277412507415,0.012249097169731993
2024-06-18,-0.004526947451068297,0.000309055534583047
2024-06-20,-0.0014332168281289137,-0.007707412760257326
2024-06-21,0.009153256108376917,-0.0026789483142686255
2024-06-24,-0.004691654535005196,-0.011385732005766203
2024-06-25,0.007329035968895337,0.011436322404255739
2024-06-26,0.002680995046181467,0.0020640116003738385
2024-06-27,0.0015259941763079432,0.002582542015971967
2024-06-28,-0.013026704188313087,-0.005191408417214882
2024-07-01,0.02188071040858408,0.0058642603001948235
2024-07-02,0.005582630641264741,0.010501215206126346
2024-07-03,0.0032455729246509968,0.008335533589663324
2024-07-05,0.014734645408029712,0.010426873799436631
2024-07-08,-0.0028223915465931393,0.0023788795983237243
2024-07-09,-0.014369787419478697,0.0008644630936871511
2024-07-10,0.014601176236263003,0.010427156213612454
2024-07-11,-0.02477176239127432,-0.02193129618534051
2024-07-12,-0.0025305871448827455,0.005874797588004466
2024-07-15,0.0009048067860508713,0.0026878009565647343
2024-07-16,-0.009779918596690362,0.00038265306122431397
2024-07-17,-0.013349175130168978,-0.029353847025656243
2024-07-18,-0.007100529988456783,-0.004733061581926878
2024-07-19,-0.007402551721932604,-0.00886379586663455
2024-07-22,0.013336984359647586,0.014897358720281417
2024-07-23,0.004312214307286677,-0.0035238841033672363
2024-07-24,-0.0358554386853458,-0.03586924716799733
2024-07-25,-0.024480673892753213,-0.011027578701837015
2024-07-26,0.016419098079470507,0.010254027193557391
2024-07-29,0.0034341747692221425,0.0020091605570973226
2024-07-30,-0.008928466203587004,-0.013730606411658353
2024-07-31,-0.010806877017073724,0.029593346711338064
2024-08-01,-0.0029644482591979493,-0.024222043573662977
2024-08-02,-0.0206657406871541,-0.02373501400805078
2024-08-05,-0.03265735264425318,-0.02981422908090514
2024-08-06,0.011288922601517593,0.009554375262451176
2024-08-07,-0.0029549607599332894,-0.010830638434025541
2024-08-08,0.010693621189324487,0.030590366345051967
2024-08-09,0.008270056948746163,0.005223559373711106
2024-08-12,0.0019446529475737329,0.0021543937589485473
2024-08-13,0.017697845995608752,0.024811283804233586
2024-08-14,0.006885091372013541,0.00032573219167830736
2024-08-15,0.011822954870092328,0.025262074759416553
2024-08-16,-0.00608086839569999,0.0012852327393453322
2024-08-19,0.007312894975503692,0.01313610843844848
2024-08-20,0.007757606360427438,-0.002097652507686232
2024-08-21,-0.0015528133811388845,0.004664276660628852
2024-08-22,-0.020253476183938357,-0.015855699807633017
2024-08-23,0.0029838846070211478,0.010845835554540217
2024-08-26,-0.007918096958747345,-0.009708209600224338
2024-08-27,0.0008474205877067043,0.0029860271679866823
2024-08-28,-0.007828970831200488,-0.01134599055659613
2024-08-29,0.006137519561815408,-0.0014640945204078548
2024-08-30,0.009730964590370927,0.011919879627356966
2024-09-03,-0.018460842315042636,-0.030360871490941244
2024-09-04,-0.0013168090553304923,-0.0025993235233340295
2024-09-05,-0.0012473389692756465,0.0009333973044880484
2024-09-06,-0.016383165461612337,-0.026786181171672196
2024-09-09,0.010007623189492332,0.012859490366576187
2024-09-10,0.020900818858745174,0.00924145369989704
2024-09-11,0.021343126204414142,0.021714896440859555
2024-09-12,0.009360389225109733,0.009815353880055167
2024-09-13,0.00840830108113444,0.004481068493906726
2024-09-16,0.001741786555366387,-0.004418813027785129
2024-09-17,0.008833449328122356,0.0005285356167203936
2024-09-18,-0.009974343119249052,-0.004330005388639702
2024-09-19,0.01829224240192584,0.025285465598172685
2024-09-20,-0.007797444946422538,-0.0019036218692070062
2024-09-23,-0.004043540138998103,0.002650581337242386
2024-09-24,-0.010009773541032718,0.004824055903394298
2024-09-25,0.006849827818535603,0.0009258723453502427
2024-09-26,-0.0018518346406930508,0.007513689409393898
2024-09-27,-0.007628256907215469,-0.005557889559487994
2024-09-30,0.005327109380497852,0.002712043244312623
2024-10-01,-0.022334167870250887,-0.013932534389457518
2024-10-02,-0.00846043879725733,0.001413147692692629
2024-10-03,-0.0014152850788516913,-0.0007472037097936424
2024-10-04,-0.0011521514862270488,0.011899629034844983
2024-10-07,-0.015670925052727158,-0.010711962652219409
2024-10-08,0.012623068172903373,0.014933167987216223
2024-10-09,0.0066311102933520605,0.007870270713531635
2024-10-10,-0.003879343517912748,-0.0011370478251672145
2024-10-11,0.0011540903812119474,0.0015639477462250362
2024-10-14,0.006774273676797948,0.00839105956696673
2024-10-15,-0.000955766457627738,-0.013365997257843265
2024-10-16,-0.006255589629483915,0.0001226163884977538
2024-10-17,0.0014404354602879366,0.0006906543030009704
2024-10-18,0.0034573731192251156,0.0065566874740927705
2024-10-21,0.0014814281255253192,0.0019211263034040194
2024-10-22,0.020845969978926293,0.0010893180018911597
2024-10-23,-0.006805980244338983,-0.015324872326439754
2024-10-24,0.00030503376652868397,0.008109307217036843
2024-10-25,0.008053745216094255,0.006094181696672418
2024-10-28,-0.00364412344057774,0.00016201317572162033
2024-10-29,0.012563369939230684,0.009607849886710484
2024-10-30,0.0013434861839414225,-0.007556978171403883
2024-10-31,-0.06052664565159871,-0.025244319421878436
2024-11-01,0.009893088427507912,0.007399160778850389
2024-11-04,-0.004655873912181918,-0.002911995982886162
2024-11-05,0.007344627213466071,0.012755259996780177
2024-11-06,0.02119243758174405,0.02716401120064571
2024-11-07,0.012494593800253861,0.015743579060147006
2024-11-08,-0.006792060982229398,0.001170036136341368
2024-11-11,-0.010721108608251817,-0.0005833588593480155
2024-11-12,0.012009415381659228,-0.0018116154221571312
2024-11-13,0.005128874543124384,-0.0012868603345836949
2024-11-14,0.003976377859792546,-0.006949775194648455
2024-11-15,-0.027853757776026944,-0.023824970667402856
2024-11-18,0.001831413212303623,0.006947011613367193
2024-11-19,0.004882890323328448,0.0068810284228602026
2024-11-20,-0.005505610147048534,-0.0005778020410358575
2024-11-21,-0.004315781842785693,0.003598398762389987
2024-11-22,0.01000135907815669,0.0016030447918922164
2024-11-25,0.004293969939807463,0.0015826299422478929
2024-11-26,0.02196902993645211,0.005368082974603006
2024-11-27,-0.011682516493653039,-0.007872247815288724
2024-11-29,0.0011109953001819939,0.008786348404719924
2024-12-02,0.01775856398170439,0.010888260043057318
2024-12-03,0.0005091626018907114,0.0030660216665530093
2024-12-04,0.014425903419877928,0.012362450753973686
2024-12-05,0.011886517999289747,-0.002770109654167463
2024-12-06,0.0021460879171628644,0.008948567364161386
2024-12-09,0.005525411017389459,-0.007786986758121395
2024-12-10,-0.00603197282579393,-0.0034065400191641837
2024-12-11,0.012765486175620344,0.017902113532271224
2024-12-12,0.0012698313512211623,-0.006454910274854231
2024-12-13,-0.005092943431551755,0.007655228913826306
2024-12-16,0.009657798935872153,0.014400024201721262
2024-12-17,0.006356975810209331,-0.004404440600629389
2024-12-18,-0.037561376780119504,-0.03607661647392724
2024-12-19,-0.0008247139273565018,-0.004453542732062998
2024-12-20,-0.000983595281493943,0.00873428044122071
2024-12-23,-0.0030913922969939556,0.00974171026293158
2024-12-24,0.009374302164699477,0.013558912988515637
2024-12-26,-0.002777961505390558,-0.0006784196412880084
2024-12-27,-0.01730198772736735,-0.013293949456517629
2024-12-30,-0.013238128043047137,-0.0132986572936592
2024-12-31,-0.007839992452474243,-0.008495793863371848
2025-01-02,-0.006927275493514906,-0.001957023834943894
2025-01-03,0.011396986656835972,0.01636602744028104
2025-01-06,0.010629510323003633,0.011492676822297154
2025-01-07,-0.012808142503173414,-0.017844084779450098
2025-01-08,0.0051835596939684425,0.00017495669821721016
2025-01-10,-0.013211866606877232,-0.015681152490850447
2025-01-13,-0.0042022233277208,-0.0032146277409735857
2025-01-14,-0.0036435253569669923,-0.0009488774917939535
2025-01-15,0.0255979442577583,0.023006852683174595
2025-01-16,-0.004059164615930588,-0.007006750902737058
2025-01-17,0.010483090647346094,0.016878254827098704
2025-01-21,-0.0012378203152004774,0.00586605958580555
2025-01-22,0.04130791643477494,0.012785795934880273
2025-01-23,0.001143031661303251,0.0021254185359860234
2025-01-24,-0.005932940944246012,-0.005650121181467571
2025-01-27,-0.021393547863014506,-0.029114555954330323
2025-01-28,0.029087597131591814,0.014778603355763531
2025-01-29,-0.01088941418984779,-0.0018770404177855804
2025-01-30,-0.06180837929979943,0.004261087769562799
2025-01-31,0.0001666022793123112,-0.0014513537990811232
2025-02-03,-0.009972744544684109,-0.008003635575719037
2025-02-04,0.0035284249130695944,0.012274350087659869
2025-02-05,0.0022306187658700516,0.004538953462837725
2025-02-06,0.006121761224643141,0.005219877353792146
2025-02-07,-0.014598012472649802,-0.012613178218345955
2025-02-10,0.00602792653999451,0.012103987038008635
2025-02-11,-0.0018911265328941385,-0.002380492826352776
2025-02-12,-0.005835121293078505,0.0005880076782422972
2025-02-13,0.003669580937776251,0.014384452355766797
2025-02-14,-0.005140108220512141,0.004199199404973486
2025-02-18,0.002961142063673039,0.0022666832914921553
2025-02-19,0.012523849126754971,0.0002785168790511161
2025-02-20,0.0052906218292505525,-0.0042452716361280896
2025-02-21,-0.019032513877874746,-0.020753872825904462
2025-02-24,-0.01031331912496014,-0.011804750455456703
2025-02-25,-0.015099009900990112,-0.012598825650746659
2025-02-26,0.004599145513948244,0.0024153458353817214
2025-02-27,-0.018012158206789697,-0.02777183073371814
2025-02-28,0.011362188877283463,0.015793003353185453
2025-03-03,-0.021411118667976514,-0.021883511294524705
2025-03-04,0.0003088882596720133,-0.00301827486852968
2025-03-05,0.031934330048120074,0.013037274762940143
2025-03-06,-0.010298738217545234,-0.02751050845564096
2025-03-07,-0.00902013152258807,0.007354253466345773
2025-03-10,-0.03343418677379162,-0.03875713255867941
2025-03-11,0.0007628367003365,-0.002389698872519719
2025-03-12,0.007412274937574015,0.011280574561794543
2025-03-13,-0.011741070263782682,-0.01798996241154116
2025-03-14,0.02584681996990268,0.024170146885551747
2025-03-17,0.0003603047148446059,0.006482985555782861
2025-03-18,-0.013326472858245397,-0.017045914228992376
2025-03-19,0.011211931581143197,0.013380213323653356
2025-03-20,-0.002526945490175847,-0.00338835505462598
2025-03-21,0.011425912521972892,0.0032953920931486635
2025-03-24,0.004651638296784721,0.021944331047812682
2025-03-25,0.005291543706115842,0.0057065992744465
2025-03-26,-0.013133920437291224,-0.018400680906253797
2025-03-27,0.0015642228889400922,-0.005698005698005715
2025-03-28,-0.03016027446361813,-0.026327810306880917
2025-03-31,-0.009002111932418178,-4.2649379451531466e-05
2025-04-01,0.01811449425930367,0.008061076516250099
2025-04-02,-0.00013082498233862871,0.007298497990268604
2025-04-03,-0.02363008321557536,-0.05353355035177976
2025-04-04,-0.035565918897912274,-0.06210890693649318
2025-04-07,-0.005502445531347155,0.002413230179572734
2025-04-08,-0.009221483261610763,-0.018008449573980956
2025-04-09,0.10133686823104693,0.12003076479353947
2025-04-10,-0.023406489282696064,-0.04253218884120169
2025-04-11,0.018618067392159432,0.018423057958671274
2025-04-14,-0.0016475736903075466,0.006778169014084678
2025-04-15,-0.005363451174544176,0.0011148028329106552
2025-04-16,-0.03660591605527186,-0.030153496801240243
2025-04-17,-0.010306504130674687,-0.00018010716376237745
2025-04-21,-0.023546685518516464,-0.02474667867597391
2025-04-22,0.02144130095789709,0.02625199141095802
2025-04-23,0.02063682460062144,0.022678185745140356
2025-04-24,0.034482758620689724,0.02813709961281252
2025-04-25,0.011747998967208906,0.011147961912913118
2025-04-28,-0.0017608778869465658,-0.00031742001015744314
2025-04-29,0.007362716024133409,0.006604432590334497
2025-04-30,0.0030961323723479595,-0.0001261750047314436
2025-05-01,0.07625360522187918,0.01306076093128894
2025-05-02,0.02322519981194171,0.014843879754193656
2025-05-05,0.002044660907921436,-0.0059325327823578355
2025-05-06,-0.006557076369305581,-0.009301751281048709
2025-05-07,9.231266298970198e-05,0.003925967470555181
2025-05-08,0.011122649128879614,0.010324849989654439
2025-05-09,0.001278042768788401,-0.000655348256159205
2025-05-12,0.024001094066965933,0.040740209439104946
2025-05-13,-0.00026710590749234875,0.015240720685241627
