date,open,high,low,close,volume
1986-03-13,0.0544,0.0624,0.0544,0.0597,2200424
1986-03-14,0.0597,0.0629,0.0597,0.0619,657726
1986-03-17,0.0619,0.0635,0.0619,0.0629,284033
1986-03-18,0.0629,0.0634,0.0608,0.0613,144528
1986-03-19,0.0613,0.0619,0.0597,0.0603,102221
1986-03-20,0.0603,0.0603,0.0581,0.0587,124714
1986-03-21,0.0587,0.0597,0.056,0.0571,128029
1986-03-24,0.0571,0.0571,0.0549,0.0555,139334
1986-03-25,0.0555,0.0565,0.0549,0.0565,68414
1986-03-26,0.0565,0.0587,0.056,0.0581,48519
1986-03-27,0.0581,0.0592,0.0581,0.0592,35925
1986-03-31,0.0593,0.0593,0.0577,0.0587,27475
1986-04-01,0.0587,0.0587,0.0581,0.0581,23645
1986-04-02,0.0581,0.0597,0.0581,0.0587,57655
1986-04-03,0.0592,0.0608,0.0592,0.0592,49129
1986-04-04,0.0592,0.0597,0.0592,0.0592,56682
1986-04-07,0.0592,0.0597,0.0571,0.0581,35314
1986-04-08,0.0581,0.0597,0.0581,0.0587,21882
1986-04-09,0.0587,0.0603,0.0587,0.0597,25919
1986-04-10,0.0597,0.0609,0.0587,0.0603,29628
1986-04-11,0.0608,0.0624,0.0608,0.0613,36731
1986-04-14,0.0613,0.0625,0.0613,0.0619,25940
1986-04-15,0.0619,0.0619,0.0597,0.0619,19855
1986-04-16,0.0619,0.0645,0.0613,0.064,68054
1986-04-17,0.064,0.0645,0.064,0.0645,46931
1986-04-18,0.0645,0.0645,0.0618,0.0624,46124
1986-04-21,0.0624,0.0629,0.0608,0.0624,48888
1986-04-22,0.0624,0.0624,0.0613,0.0613,33168
1986-04-23,0.0613,0.0618,0.0608,0.0616,33287
1986-04-24,0.0616,0.0688,0.0613,0.0677,133004
1986-04-25,0.0683,0.0749,0.0683,0.072,183010
1986-04-28,0.0719,0.073,0.0714,0.0725,61573
1986-04-29,0.0726,0.0726,0.0698,0.0704,64687
1986-04-30,0.0704,0.071,0.0672,0.0688,65913
1986-05-01,0.0688,0.0688,0.0667,0.0677,115925
1986-05-02,0.0677,0.0688,0.0672,0.0677,43188
1986-05-05,0.0677,0.0677,0.0672,0.0672,6941
1986-05-06,0.0677,0.0688,0.0677,0.0677,20765
1986-05-07,0.0677,0.0683,0.0667,0.0677,10997
1986-05-08,0.0676,0.0682,0.0672,0.0682,7550
1986-05-09,0.0683,0.0683,0.0677,0.0677,12963
1986-05-12,0.0676,0.0698,0.0676,0.0682,22345
1986-05-13,0.0682,0.0693,0.0682,0.0688,8170
1986-05-14,0.0688,0.0688,0.0682,0.0682,19828
1986-05-15,0.0682,0.0692,0.0682,0.0682,8103
1986-05-16,0.0682,0.0704,0.0682,0.0688,25493
1986-05-19,0.0688,0.0688,0.0672,0.0677,23468
1986-05-20,0.0677,0.0677,0.0666,0.0672,132189
1986-05-21,0.0672,0.0677,0.0661,0.0661,17262
1986-05-22,0.0661,0.0667,0.0661,0.0661,9399
1986-05-23,0.0661,0.0672,0.0661,0.0661,8723
1986-05-27,0.0661,0.0682,0.0661,0.0682,29588
1986-05-28,0.0682,0.0704,0.0682,0.0704,33111
1986-05-29,0.0704,0.073,0.0698,0.072,97433
1986-05-30,0.0725,0.0757,0.0725,0.0746,57715
1986-06-02,0.0746,0.0746,0.0725,0.0725,42051
1986-06-03,0.0725,0.0725,0.0714,0.0725,10682
1986-06-04,0.0726,0.073,0.0714,0.072,10075
1986-06-05,0.072,0.073,0.0714,0.073,29225
1986-06-06,0.073,0.073,0.072,0.073,7306
1986-06-09,0.073,0.073,0.0698,0.0698,27011
1986-06-10,0.0698,0.0698,0.0688,0.0698,7305
1986-06-11,0.0698,0.0698,0.0688,0.0698,4911
1986-06-12,0.0698,0.0698,0.0666,0.0672,29239
1986-06-13,0.0672,0.0677,0.0666,0.0672,16831
1986-06-16,0.0672,0.0676,0.066,0.0666,20440
1986-06-17,0.0672,0.0688,0.0672,0.0677,27891
1986-06-18,0.0677,0.0677,0.0661,0.0672,9275
1986-06-19,0.0672,0.0676,0.066,0.0666,18046
1986-06-20,0.0667,0.0672,0.0667,0.0669,8109
1986-06-23,0.0669,0.0677,0.0656,0.0677,98540
1986-06-24,0.0677,0.0682,0.0666,0.0672,31082
1986-06-25,0.0672,0.0677,0.0661,0.0661,32497
1986-06-26,0.0661,0.0666,0.064,0.064,40845
1986-06-27,0.0641,0.0645,0.0629,0.0635,22191
1986-06-30,0.0635,0.0672,0.0629,0.0656,132981
1986-07-01,0.0656,0.0656,0.065,0.0656,101471
1986-07-02,0.0656,0.0656,0.065,0.0656,112220
1986-07-03,0.066,0.0672,0.066,0.0666,30139
1986-07-07,0.0666,0.0666,0.064,0.064,29973
1986-07-08,0.064,0.064,0.0618,0.0624,30402
1986-07-09,0.0624,0.0624,0.0592,0.0597,98394
1986-07-10,0.0597,0.0602,0.0555,0.0581,99986
1986-07-11,0.0581,0.0608,0.0581,0.0597,37098
1986-07-14,0.0581,0.0603,0.0581,0.0589,60988
1986-07-15,0.0589,0.0608,0.0581,0.0597,28130
1986-07-16,0.0603,0.0619,0.0603,0.0619,19978
1986-07-17,0.0619,0.0629,0.0613,0.0629,14804
1986-07-18,0.0629,0.0641,0.0613,0.0635,26310
1986-07-21,0.0635,0.0645,0.0635,0.0635,7500
1986-07-22,0.0635,0.0656,0.0635,0.0656,22419
1986-07-23,0.0656,0.0666,0.064,0.064,44345
1986-07-24,0.0651,0.0672,0.0651,0.0661,30163
1986-07-25,0.066,0.0672,0.066,0.0666,43582
1986-07-28,0.0666,0.0666,0.065,0.065,25165
1986-07-29,0.0651,0.0657,0.0625,0.0635,29998
1986-07-30,0.0634,0.0634,0.0592,0.0613,56325
1986-07-31,0.0613,0.0618,0.0608,0.0608,33348
1986-08-01,0.0609,0.0613,0.0597,0.0603,27538
1986-08-04,0.0603,0.0603,0.0587,0.0603,26554
1986-08-05,0.0603,0.0608,0.0597,0.0597,6019
1986-08-06,0.0597,0.0602,0.0581,0.0592,39057
1986-08-07,0.0593,0.0597,0.0581,0.0587,7806
1986-08-08,0.0586,0.0602,0.0586,0.0592,8843
1986-08-11,0.0603,0.0619,0.0603,0.0613,16953
1986-08-12,0.0613,0.0629,0.0613,0.0629,21315
1986-08-13,0.0629,0.0635,0.0625,0.0635,14692
1986-08-14,0.0634,0.0656,0.0634,0.065,42904
1986-08-15,0.0651,0.0656,0.0645,0.0653,13023
1986-08-18,0.0653,0.0656,0.0645,0.0645,27274
1986-08-19,0.0645,0.0648,0.0635,0.0645,43491
1986-08-20,0.0645,0.0645,0.064,0.064,44284
1986-08-21,0.064,0.065,0.064,0.064,105643
1986-08-22,0.064,0.0645,0.0619,0.0629,12285
1986-08-25,0.0629,0.0629,0.0619,0.0629,5160
1986-08-26,0.0629,0.0629,0.0624,0.0624,23154
1986-08-27,0.0624,0.0629,0.0618,0.0624,20329
1986-08-28,0.0624,0.0629,0.0624,0.0624,7309
1986-08-29,0.0624,0.0629,0.0597,0.0608,54229
1986-09-02,0.0608,0.0608,0.0584,0.0592,11115
1986-09-03,0.0586,0.0586,0.0559,0.0576,39055
1986-09-04,0.0587,0.0624,0.0587,0.0624,84080
1986-09-05,0.0624,0.065,0.0618,0.065,56161
1986-09-08,0.0651,0.0656,0.0645,0.0645,20517
1986-09-09,0.0645,0.0672,0.0645,0.0656,80034
1986-09-10,0.0656,0.0661,0.0645,0.0645,23220
1986-09-11,0.0645,0.0651,0.0619,0.0619,76100
1986-09-12,0.0619,0.0625,0.0603,0.0603,52186
1986-09-15,0.0603,0.0613,0.0592,0.0613,47971
1986-09-16,0.0613,0.0619,0.0603,0.0613,11056
1986-09-17,0.0613,0.064,0.0608,0.0629,17138
1986-09-18,0.0629,0.0645,0.0629,0.0635,11434
1986-09-19,0.0635,0.0641,0.0629,0.0635,5348
1986-09-22,0.0635,0.0635,0.0629,0.0629,9582
1986-09-23,0.0629,0.0645,0.0629,0.064,12714
1986-09-24,0.064,0.064,0.0629,0.0632,10196
1986-09-25,0.0633,0.0635,0.0619,0.0619,11003
1986-09-26,0.0619,0.0625,0.0613,0.0619,4979
1986-09-29,0.0619,0.0619,0.0603,0.0603,13216
1986-09-30,0.0603,0.0613,0.0603,0.0603,11064
1986-10-01,0.0603,0.0613,0.0587,0.0597,69159
1986-10-02,0.0597,0.0608,0.0592,0.0597,48460
1986-10-03,0.0597,0.0609,0.0597,0.0603,31410
1986-10-06,0.0618,0.066,0.0618,0.065,181865
1986-10-07,0.065,0.0677,0.065,0.0664,127517
1986-10-08,0.0664,0.069,0.0656,0.0682,254937
1986-10-09,0.0682,0.072,0.0682,0.0704,197439
1986-10-10,0.0704,0.0752,0.0693,0.0736,163726
1986-10-13,0.0736,0.0736,0.0704,0.0704,57868
1986-10-14,0.0709,0.072,0.0709,0.0714,27443
1986-10-15,0.0714,0.0752,0.0714,0.0746,135447
1986-10-16,0.0746,0.0752,0.0741,0.0746,46602
1986-10-17,0.0746,0.0774,0.0746,0.0768,265482
1986-10-20,0.0767,0.0783,0.0752,0.0773,92834
1986-10-21,0.0778,0.0805,0.0778,0.0805,239596
1986-10-22,0.0805,0.0813,0.0799,0.0805,116360
1986-10-23,0.0805,0.081,0.0797,0.0805,150193
1986-10-24,0.0806,0.0806,0.0778,0.08,216283
1986-10-27,0.0805,0.0826,0.0805,0.0826,267943
1986-10-28,0.0826,0.0859,0.0826,0.0845,304163
1986-10-29,0.0845,0.0847,0.081,0.0821,113479
1986-10-30,0.0821,0.0847,0.0816,0.0837,94631
1986-10-31,0.0837,0.0847,0.0821,0.0826,135906
1986-11-03,0.0832,0.0848,0.0832,0.0843,90014
1986-11-04,0.0843,0.0875,0.0843,0.0875,116073
1986-11-05,0.0875,0.0934,0.087,0.0928,96242
1986-11-06,0.0928,0.097,0.0923,0.0949,154788
1986-11-07,0.095,0.0955,0.0928,0.0944,94584
1986-11-10,0.0944,0.0944,0.0901,0.0907,61204
1986-11-11,0.0912,0.0923,0.0912,0.0912,25381
1986-11-12,0.0912,0.0934,0.0902,0.0912,72886
1986-11-13,0.0912,0.0917,0.0896,0.0899,64460
1986-11-14,0.0899,0.0907,0.088,0.0907,39942
1986-11-17,0.0907,0.0923,0.0896,0.0912,51868
1986-11-18,0.0912,0.0917,0.0864,0.0864,127326
1986-11-19,0.0864,0.0902,0.0864,0.0896,103980
1986-11-20,0.0896,0.0965,0.0896,0.0965,209401
1986-11-21,0.0971,0.1008,0.0971,0.0997,194240
1986-11-24,0.0997,0.1083,0.0965,0.1077,370837
1986-11-25,0.1077,0.1094,0.1072,0.1088,204330
1986-11-26,0.1088,0.1094,0.1077,0.1077,82756
1986-11-28,0.1077,0.1083,0.1051,0.1061,88161
1986-12-01,0.1061,0.1066,0.1034,0.104,85940
1986-12-02,0.1045,0.1067,0.1045,0.1045,61373
1986-12-03,0.1045,0.1056,0.1035,0.1037,75010
1986-12-04,0.1036,0.106,0.1029,0.105,90632
1986-12-05,0.1051,0.1056,0.1045,0.1045,229335
1986-12-08,0.1044,0.1055,0.1018,0.1034,48323
1986-12-09,0.1035,0.104,0.1024,0.1029,34341
1986-12-10,0.1029,0.104,0.1019,0.1037,58853
1986-12-11,0.1037,0.1051,0.1035,0.1045,24820
1986-12-12,0.1045,0.1045,0.1008,0.1008,53932
1986-12-15,0.1008,0.1013,0.0965,0.0981,108297
1986-12-16,0.0986,0.1008,0.0986,0.0992,164862
1986-12-17,0.0992,0.1008,0.0992,0.1002,49793
1986-12-18,0.1002,0.1012,0.0996,0.101,27015
1986-12-19,0.1013,0.1044,0.1013,0.1034,120654
1986-12-22,0.1035,0.1056,0.1035,0.1045,39072
1986-12-23,0.1045,0.1056,0.1045,0.1056,50742
1986-12-24,0.1056,0.1056,0.1051,0.1053,14990
1986-12-26,0.1052,0.106,0.105,0.105,7921
1986-12-29,0.105,0.1061,0.1008,0.1008,88945
1986-12-30,0.1008,0.1024,0.0997,0.1018,54154
1986-12-31,0.1019,0.1045,0.1019,0.1029,49822
1987-01-02,0.1028,0.1039,0.1012,0.1018,26954
1987-01-05,0.1019,0.1088,0.1013,0.1077,103461
1987-01-06,0.1076,0.1098,0.1072,0.1093,85352
1987-01-07,0.1094,0.1152,0.1094,0.1152,130130
1987-01-08,0.1157,0.1199,0.1157,0.1189,131122
1987-01-09,0.1189,0.1243,0.1184,0.1237,135861
1987-01-12,0.1237,0.1327,0.1227,0.1317,274703
1987-01-13,0.1307,0.1307,0.1259,0.128,162842
1987-01-14,0.128,0.1286,0.1254,0.128,148217
1987-01-15,0.128,0.1381,0.128,0.1349,249590
1987-01-16,0.1349,0.1349,0.1291,0.1317,139563
1987-01-19,0.1317,0.1365,0.1291,0.1365,188225
1987-01-20,0.1365,0.1418,0.136,0.1386,204185
1987-01-21,0.1387,0.1482,0.136,0.1445,231433
1987-01-22,0.1445,0.1594,0.1402,0.1589,247471
1987-01-23,0.1589,0.1653,0.144,0.144,678102
1987-01-26,0.145,0.1482,0.1402,0.1466,248551
1987-01-27,0.1466,0.1546,0.1466,0.1525,243337
1987-01-28,0.1525,0.1551,0.1482,0.153,163626
1987-01-29,0.153,0.1546,0.1434,0.1466,168955
1987-01-30,0.1467,0.1562,0.1445,0.156,222234
1987-02-02,0.1559,0.1589,0.1557,0.1557,100053
1987-02-03,0.1557,0.1573,0.1504,0.153,126527
1987-02-04,0.153,0.1542,0.1514,0.1536,67707
1987-02-05,0.1535,0.1546,0.1509,0.1525,90960
1987-02-06,0.1526,0.1534,0.1461,0.1469,97319
1987-02-09,0.1466,0.1466,0.1448,0.1456,290278
1987-02-10,0.1456,0.1461,0.1424,0.1461,95291
1987-02-11,0.1466,0.153,0.1466,0.153,128616
1987-02-12,0.153,0.1645,0.153,0.1637,396136
1987-02-13,0.1637,0.1658,0.1584,0.1621,174385
1987-02-17,0.1621,0.1637,0.1583,0.1631,150818
1987-02-18,0.1631,0.1658,0.1525,0.153,274245
1987-02-19,0.1525,0.1525,0.145,0.1466,677603
1987-02-20,0.1466,0.1466,0.1429,0.145,187438
1987-02-23,0.145,0.1562,0.1418,0.1541,268523
1987-02-24,0.1541,0.1621,0.1541,0.1615,257602
1987-02-25,0.1615,0.1645,0.1578,0.1589,138631
1987-02-26,0.1589,0.1695,0.1557,0.1647,309626
1987-02-27,0.1647,0.1658,0.1611,0.1637,80099
1987-03-02,0.1637,0.1637,0.1578,0.1589,169588
1987-03-03,0.1589,0.1605,0.1568,0.1589,172966
1987-03-04,0.1589,0.1707,0.1584,0.1701,209415
1987-03-05,0.1701,0.1818,0.1701,0.1781,273447
1987-03-06,0.1781,0.1792,0.1733,0.1776,135580
1987-03-09,0.1776,0.1781,0.1733,0.1744,81641
1987-03-10,0.1744,0.1819,0.1739,0.1797,158075
1987-03-11,0.1824,0.1834,0.1802,0.1824,93565
1987-03-12,0.1824,0.1845,0.1781,0.1832,152175
1987-03-13,0.1832,0.1845,0.1728,0.1765,224234
1987-03-16,0.176,0.176,0.1701,0.1754,188666
1987-03-17,0.1755,0.1824,0.1749,0.1813,116361
1987-03-18,0.1824,0.1925,0.1824,0.1909,254533
1987-03-19,0.1909,0.1946,0.1877,0.1946,133972
1987-03-20,0.1946,0.1946,0.1914,0.1925,81570
1987-03-23,0.1926,0.1952,0.1894,0.1912,143953
1987-03-24,0.1866,0.1935,0.1866,0.1925,148460
1987-03-25,0.1925,0.1935,0.1903,0.1917,72172
1987-03-26,0.1918,0.192,0.1898,0.1904,71208
1987-03-27,0.1914,0.1999,0.1914,0.1957,257801
1987-03-30,0.1957,0.2063,0.1887,0.2063,396939
1987-03-31,0.2037,0.2112,0.2037,0.2063,267287
1987-04-01,0.2063,0.2106,0.193,0.1941,553308
1987-04-02,0.1973,0.2068,0.1973,0.2026,341085
1987-04-03,0.2027,0.2138,0.2027,0.2128,331916
1987-04-06,0.2128,0.2133,0.208,0.2117,211086
1987-04-07,0.2117,0.2117,0.2005,0.2005,157255
1987-04-08,0.2005,0.2084,0.2005,0.2063,226506
1987-04-09,0.2063,0.2063,0.201,0.2026,152610
1987-04-10,0.2026,0.2042,0.2021,0.2039,92492
1987-04-13,0.2037,0.2037,0.1962,0.1973,107188
1987-04-14,0.1973,0.2037,0.1941,0.2005,186372
1987-04-15,0.2021,0.2068,0.2021,0.2047,204639
1987-04-16,0.2048,0.2144,0.2043,0.2101,401217
1987-04-20,0.21,0.2122,0.2036,0.2042,213903
1987-04-21,0.2042,0.209,0.1999,0.2074,241363
1987-04-22,0.2075,0.2107,0.2075,0.2101,159295
1987-04-23,0.2101,0.2123,0.2069,0.2101,103084
1987-04-24,0.2101,0.2122,0.2075,0.2112,115552
1987-04-27,0.2112,0.2128,0.2075,0.2112,113279
1987-04-28,0.2112,0.2272,0.209,0.2266,236920
1987-04-29,0.2266,0.2325,0.2202,0.2202,181627
1987-04-30,0.2202,0.2266,0.217,0.2218,187771
1987-05-01,0.2218,0.2246,0.2192,0.224,80728
1987-05-04,0.224,0.2298,0.2229,0.2282,73651
1987-05-05,0.2288,0.2469,0.2288,0.2469,236764
1987-05-06,0.2468,0.249,0.2399,0.241,327352
1987-05-07,0.241,0.2528,0.2394,0.2522,617847
1987-05-08,0.2528,0.2735,0.2528,0.2698,320050
1987-05-11,0.2697,0.2697,0.262,0.2623,271635
1987-05-12,0.2624,0.265,0.2496,0.2533,316702
1987-05-13,0.2548,0.2607,0.2548,0.2596,156485
1987-05-14,0.2597,0.2666,0.2597,0.2618,127890
1987-05-15,0.2613,0.2613,0.2544,0.2544,179880
1987-05-18,0.2543,0.2543,0.2389,0.2458,368086
1987-05-19,0.2458,0.2458,0.2373,0.2373,167087
1987-05-20,0.2361,0.2361,0.2287,0.2335,486960
1987-05-21,0.2341,0.2404,0.2341,0.2378,198986
1987-05-22,0.2378,0.2389,0.2298,0.2309,137840
1987-05-26,0.2309,0.2345,0.2303,0.2335,99984
1987-05-27,0.2335,0.2388,0.2325,0.2335,103976
1987-05-28,0.2335,0.2485,0.233,0.2479,231746
1987-05-29,0.2479,0.2522,0.2452,0.2458,171421
1987-06-01,0.2458,0.2458,0.241,0.241,64672
1987-06-02,0.241,0.2447,0.2367,0.2399,109939
1987-06-03,0.241,0.2447,0.241,0.2415,46126
1987-06-04,0.2415,0.2415,0.2383,0.2399,43484
1987-06-05,0.2399,0.241,0.2282,0.233,126421
1987-06-08,0.233,0.2346,0.2293,0.2341,237970
1987-06-09,0.2341,0.2346,0.2314,0.2325,55100
1987-06-10,0.2325,0.2336,0.216,0.2208,375987
1987-06-11,0.2245,0.2255,0.2074,0.2079,573030
1987-06-12,0.2079,0.2164,0.2074,0.2095,418324
1987-06-15,0.2095,0.2128,0.2053,0.2095,267050
1987-06-16,0.2095,0.2164,0.209,0.2138,156803
1987-06-17,0.2149,0.2219,0.2149,0.2213,151629
1987-06-18,0.2208,0.224,0.2176,0.2237,119868
1987-06-19,0.2246,0.2266,0.2219,0.2229,87059
1987-06-22,0.224,0.224,0.2197,0.2213,186526
1987-06-23,0.2213,0.2213,0.2144,0.2192,214961
1987-06-24,0.2202,0.2261,0.2202,0.2234,176349
1987-06-25,0.2229,0.224,0.2208,0.2229,93940
1987-06-26,0.2234,0.2245,0.2213,0.2234,46805
1987-06-29,0.2234,0.2234,0.2187,0.2224,54678
1987-06-30,0.2229,0.2234,0.217,0.2176,81769
1987-07-01,0.217,0.2202,0.2165,0.2186,46803
1987-07-02,0.2192,0.2192,0.2107,0.2133,121333
1987-07-06,0.2128,0.2154,0.2069,0.2079,139665
1987-07-07,0.2074,0.2074,0.1909,0.1925,420318
1987-07-08,0.1941,0.2021,0.1888,0.1989,412604
1987-07-09,0.1999,0.209,0.1989,0.2042,197690
1987-07-10,0.2032,0.2079,0.2005,0.2069,161748
1987-07-13,0.2069,0.2123,0.2048,0.2117,103085
1987-07-14,0.2133,0.2246,0.2123,0.224,325986
1987-07-15,0.224,0.2256,0.2181,0.2181,206427
1987-07-16,0.2186,0.2197,0.2133,0.2176,155674
1987-07-17,0.2176,0.2218,0.2171,0.2181,109357
1987-07-20,0.2175,0.2175,0.2116,0.2122,89609
1987-07-21,0.2123,0.2154,0.2101,0.2117,77959
1987-07-22,0.2117,0.2144,0.2101,0.2133,113838
1987-07-23,0.2133,0.2133,0.2005,0.2085,316743
1987-07-24,0.2091,0.2123,0.2085,0.2101,123173
1987-07-27,0.2101,0.2128,0.2069,0.2128,89199
1987-07-28,0.2138,0.217,0.2116,0.2122,81379
1987-07-29,0.2123,0.2128,0.2085,0.2117,59038
1987-07-30,0.2117,0.2117,0.2047,0.2069,118501
1987-07-31,0.2058,0.2058,0.1962,0.2005,398051
1987-08-03,0.2005,0.2015,0.1946,0.1957,248157
1987-08-04,0.1957,0.1999,0.1957,0.1999,288028
1987-08-05,0.2005,0.21,0.1999,0.2074,450360
1987-08-06,0.2079,0.2168,0.2079,0.2154,325342
1987-08-07,0.2155,0.2229,0.2149,0.2208,364805
1987-08-10,0.2213,0.2218,0.2186,0.2208,120414
1987-08-11,0.2218,0.2229,0.2155,0.2165,146217
1987-08-12,0.2165,0.217,0.2133,0.2133,90370
1987-08-13,0.2133,0.2229,0.2133,0.2197,172025
1987-08-14,0.2197,0.2213,0.2186,0.2208,108434
1987-08-17,0.2208,0.2224,0.2197,0.2224,71819
1987-08-18,0.2207,0.2218,0.2165,0.2186,100117
1987-08-19,0.2186,0.2192,0.2144,0.2186,104294
1987-08-20,0.2186,0.2255,0.2186,0.2245,174993
1987-08-21,0.224,0.2309,0.224,0.2282,147117
1987-08-24,0.2282,0.2394,0.225,0.2383,208451
1987-08-25,0.2405,0.249,0.2378,0.2447,396593
1987-08-26,0.2447,0.2516,0.2437,0.2463,243352
1987-08-27,0.2463,0.2479,0.2437,0.2469,154504
1987-08-28,0.2475,0.2587,0.2475,0.2565,244888
1987-08-31,0.2555,0.2565,0.2491,0.2533,179884
1987-09-01,0.2517,0.2533,0.2411,0.2421,200204
1987-09-02,0.24,0.2459,0.2395,0.2453,167219
1987-09-03,0.2479,0.2511,0.2426,0.2458,151276
1987-09-04,0.2458,0.2463,0.2383,0.2389,103140
1987-09-08,0.2383,0.2388,0.2309,0.2378,205434
1987-09-09,0.2389,0.2431,0.2379,0.2405,129495
1987-09-10,0.2415,0.2468,0.241,0.2442,124065
1987-09-11,0.2442,0.2485,0.2431,0.2479,87527
1987-09-14,0.2485,0.256,0.2485,0.2544,201505
1987-09-15,0.2548,0.2548,0.2479,0.2514,83288
1987-09-16,0.2516,0.2559,0.249,0.249,123087
1987-09-17,0.2495,0.2506,0.2426,0.2474,148084
1987-09-18,0.2475,0.2475,0.2431,0.2453,67514
1987-09-21,0.2282,0.2442,0.2261,0.2282,364925
1987-09-22,0.2282,0.2463,0.2261,0.2442,349778
1987-09-23,0.2463,0.2576,0.2463,0.257,459394
1987-09-24,0.2559,0.2697,0.2559,0.2612,505129
1987-09-25,0.2624,0.2773,0.2613,0.2645,351725
1987-09-28,0.2645,0.2784,0.2634,0.273,407596
1987-09-29,0.2752,0.2783,0.2714,0.2741,244921
1987-09-30,0.273,0.2842,0.273,0.2826,365449
1987-10-01,0.2826,0.2932,0.2815,0.2922,542680
1987-10-02,0.2944,0.3103,0.2933,0.3093,561581
1987-10-05,0.3135,0.337,0.3135,0.337,786292
1987-10-06,0.337,0.338,0.3129,0.3146,866041
1987-10-07,0.3157,0.321,0.305,0.3114,535985
1987-10-08,0.3125,0.3167,0.2964,0.3071,413479
1987-10-09,0.3082,0.321,0.3061,0.3061,400507
1987-10-12,0.3071,0.3114,0.2944,0.305,499906
1987-10-13,0.3082,0.3157,0.3029,0.3125,412992
1987-10-14,0.3124,0.3188,0.3018,0.3039,487174
1987-10-15,0.3007,0.3103,0.2986,0.3007,549441
1987-10-16,0.3007,0.3178,0.274,0.2762,896691
1987-10-19,0.2624,0.2709,0.192,0.193,626544
1987-10-20,0.1962,0.2218,0.1834,0.2047,1381817
1987-10-21,0.2207,0.258,0.2132,0.2415,1117828
1987-10-22,0.2421,0.2475,0.2176,0.2272,952299
1987-10-23,0.2239,0.2261,0.2026,0.2058,480921
1987-10-26,0.1983,0.2047,0.1589,0.1674,632509
1987-10-27,0.1738,0.1834,0.1675,0.176,1001288
1987-10-28,0.1706,0.1813,0.1643,0.176,638858
1987-10-29,0.176,0.2079,0.176,0.2037,712581
1987-10-30,0.2122,0.2228,0.2068,0.2122,718570
1987-11-02,0.2101,0.2176,0.2069,0.2144,361654
1987-11-03,0.21,0.2132,0.1866,0.2047,495366
1987-11-04,0.2005,0.2164,0.1962,0.2079,406635
1987-11-05,0.209,0.2186,0.2079,0.2154,347319
1987-11-06,0.2143,0.2154,0.2004,0.2026,321361
1987-11-09,0.1995,0.2027,0.1941,0.2005,369365
1987-11-10,0.1984,0.2069,0.1941,0.2005,388899
1987-11-11,0.2026,0.21,0.2015,0.209,232945
1987-11-12,0.2165,0.2218,0.2091,0.2133,423098
1987-11-13,0.2132,0.2143,0.2058,0.2058,249457
1987-11-16,0.2079,0.2122,0.2027,0.2037,253704
1987-11-17,0.1994,0.2026,0.1929,0.1994,295620
1987-11-18,0.2026,0.2047,0.1919,0.2047,380890
1987-11-19,0.2058,0.2069,0.1962,0.1973,320029
1987-11-20,0.1941,0.2036,0.1909,0.2026,351698
1987-11-23,0.2016,0.2079,0.2005,0.2037,190431
1987-11-24,0.2068,0.209,0.1941,0.2026,308035
1987-11-25,0.2027,0.2037,0.1962,0.1962,137168
1987-11-27,0.1962,0.1973,0.192,0.193,78134
1987-11-30,0.1888,0.192,0.1728,0.1909,700212
1987-12-01,0.1898,0.1951,0.1834,0.1866,313682
1987-12-02,0.1856,0.1909,0.1824,0.1877,292237
1987-12-03,0.1887,0.1909,0.1717,0.1722,544481
1987-12-04,0.1717,0.1808,0.1707,0.1792,519396
1987-12-07,0.1834,0.1866,0.1803,0.1845,282484
1987-12-08,0.1844,0.2026,0.1834,0.2026,479861
1987-12-09,0.2015,0.2058,0.1962,0.1973,357437
1987-12-10,0.1941,0.2111,0.1887,0.2026,706221
1987-12-11,0.2036,0.2068,0.1994,0.2047,309097
1987-12-14,0.2048,0.2176,0.2037,0.2165,405784
1987-12-15,0.2186,0.2212,0.2132,0.2186,478645
1987-12-16,0.2154,0.2335,0.2144,0.2314,450194
1987-12-17,0.2335,0.2335,0.2207,0.2218,401021
1987-12-18,0.2239,0.2293,0.2218,0.2218,223882
1987-12-21,0.224,0.2282,0.2165,0.2197,218287
1987-12-22,0.2197,0.2262,0.2133,0.224,178229
1987-12-23,0.2272,0.2294,0.2229,0.2272,259025
1987-12-24,0.2272,0.2294,0.2262,0.2272,54066
1987-12-28,0.2261,0.2271,0.2132,0.2186,216321
1987-12-29,0.2186,0.2346,0.2154,0.2325,338942
1987-12-30,0.2325,0.2389,0.2314,0.2378,301549
1987-12-31,0.2357,0.2378,0.2293,0.2314,262536
1988-01-04,0.2335,0.241,0.2325,0.2389,470722
1988-01-05,0.2442,0.2474,0.241,0.2431,663335
1988-01-06,0.2442,0.2549,0.2431,0.2496,519090
1988-01-07,0.2475,0.2586,0.2453,0.2581,386863
1988-01-08,0.257,0.2634,0.2373,0.2389,620422
1988-01-11,0.2379,0.2474,0.2336,0.2469,612472
1988-01-12,0.2474,0.2496,0.2314,0.2421,718724
1988-01-13,0.2389,0.2496,0.2336,0.2421,410164
1988-01-14,0.2442,0.2474,0.2389,0.2399,173200
1988-01-15,0.2517,0.2528,0.2463,0.2463,393159
1988-01-18,0.2474,0.2474,0.2399,0.2442,128119
1988-01-19,0.2389,0.2484,0.2378,0.2442,202251
1988-01-20,0.242,0.2442,0.2239,0.2303,890493
1988-01-21,0.2314,0.2399,0.2314,0.2346,533686
1988-01-22,0.2373,0.2394,0.225,0.2298,321194
1988-01-25,0.2314,0.2399,0.2314,0.2378,322000
1988-01-26,0.2346,0.2383,0.2314,0.2325,185810
1988-01-27,0.2335,0.2399,0.2335,0.2378,428249
1988-01-28,0.2389,0.2421,0.2389,0.241,125045
1988-01-29,0.241,0.2431,0.2325,0.2378,284476
1988-02-01,0.2421,0.2431,0.2346,0.2357,207867
1988-02-02,0.2357,0.2389,0.2335,0.2378,259111
1988-02-03,0.2378,0.2378,0.2228,0.225,323332
1988-02-04,0.2261,0.2272,0.2123,0.2176,489385
1988-02-05,0.2219,0.2282,0.2187,0.2197,401493
1988-02-08,0.2165,0.224,0.2165,0.2208,310926
1988-02-09,0.2228,0.2261,0.2218,0.225,213016
1988-02-10,0.2261,0.2303,0.2239,0.2293,328553
1988-02-11,0.2303,0.2335,0.2293,0.2335,296143
1988-02-12,0.2335,0.2399,0.2325,0.2357,342207
1988-02-16,0.2346,0.2463,0.2325,0.2453,287250
1988-02-17,0.2474,0.2506,0.2442,0.2453,432227
1988-02-18,0.2442,0.2516,0.2431,0.2474,358939
1988-02-19,0.2485,0.2506,0.2463,0.2506,226768
1988-02-22,0.2506,0.2517,0.2474,0.2506,222776
1988-02-23,0.2506,0.256,0.2506,0.2538,391265
1988-02-24,0.2538,0.2592,0.2538,0.2554,339366
1988-02-25,0.2548,0.258,0.2469,0.2479,262580
1988-02-26,0.2485,0.2506,0.2443,0.2485,127656
1988-02-29,0.2496,0.2538,0.2475,0.2533,167777
1988-03-01,0.2549,0.256,0.2496,0.2517,184731
1988-03-02,0.2517,0.2592,0.2506,0.2538,289610
1988-03-03,0.256,0.2624,0.2549,0.2602,356884
1988-03-04,0.2602,0.2613,0.2549,0.2592,291631
1988-03-07,0.2602,0.2676,0.2591,0.2671,332684
1988-03-08,0.2688,0.2763,0.2677,0.2725,413357
1988-03-09,0.2709,0.2752,0.2698,0.273,348683
1988-03-10,0.2741,0.2773,0.2661,0.2677,417828
1988-03-11,0.2666,0.2688,0.2602,0.2666,359603
1988-03-14,0.2656,0.272,0.2624,0.2714,197438
1988-03-15,0.272,0.272,0.2656,0.2666,186681
1988-03-16,0.2677,0.2762,0.2645,0.2762,232648
1988-03-17,0.2773,0.2794,0.272,0.2725,534557
1988-03-18,0.272,0.273,0.2485,0.2485,724900
1988-03-21,0.2496,0.2506,0.2421,0.2506,847618
1988-03-22,0.2506,0.2592,0.2506,0.257,494098
1988-03-23,0.2634,0.2661,0.2506,0.2517,645052
1988-03-24,0.2506,0.2506,0.2378,0.241,681728
1988-03-25,0.242,0.2458,0.2378,0.2394,201875
1988-03-28,0.2367,0.2431,0.2346,0.2426,286391
1988-03-29,0.2442,0.2484,0.2399,0.241,344242
1988-03-30,0.242,0.2431,0.2314,0.2335,429537
1988-03-31,0.2325,0.241,0.2325,0.241,214345
1988-04-04,0.2389,0.241,0.2325,0.2357,203567
1988-04-05,0.2367,0.2389,0.2325,0.2389,178141
1988-04-06,0.2389,0.2485,0.2378,0.2479,321177
1988-04-07,0.2484,0.2506,0.2442,0.2442,319561
1988-04-08,0.2453,0.2496,0.2437,0.2474,247277
1988-04-11,0.2496,0.2496,0.2431,0.2453,172375
1988-04-12,0.2442,0.2463,0.2346,0.2378,223674
1988-04-13,0.2389,0.2431,0.2367,0.2431,180022
1988-04-14,0.2367,0.241,0.225,0.2261,469323
1988-04-15,0.2272,0.2346,0.225,0.2314,487234
1988-04-18,0.2303,0.2357,0.2293,0.2335,204942
1988-04-19,0.2335,0.2431,0.2303,0.2314,323226
1988-04-20,0.2314,0.2346,0.2293,0.2325,278992
1988-04-21,0.2345,0.2367,0.2293,0.2319,272863
1988-04-22,0.2325,0.2378,0.2325,0.2357,144721
1988-04-25,0.2357,0.2378,0.2335,0.2351,99739
1988-04-26,0.2378,0.241,0.2357,0.2378,198126
1988-04-27,0.2378,0.2389,0.2314,0.2367,204272
1988-04-28,0.2367,0.2379,0.2346,0.2362,121444
1988-04-29,0.2346,0.2346,0.2314,0.2325,276289
1988-05-02,0.2325,0.2357,0.2282,0.2346,210145
1988-05-03,0.2357,0.2431,0.2357,0.241,267594
1988-05-04,0.2421,0.2463,0.2389,0.2437,320604
1988-05-05,0.2421,0.2442,0.2399,0.2431,106134
1988-05-06,0.2421,0.2474,0.2421,0.2442,187572
1988-05-09,0.2442,0.2484,0.2421,0.2442,148387
1988-05-10,0.2442,0.2458,0.2399,0.2431,199738
1988-05-11,0.241,0.241,0.2346,0.2378,253707
1988-05-12,0.2378,0.241,0.2367,0.2389,112659
1988-05-13,0.241,0.2431,0.2399,0.2421,76418
1988-05-16,0.2421,0.2512,0.2421,0.2485,255066
1988-05-17,0.2516,0.2528,0.2474,0.2474,300406
1988-05-18,0.2474,0.249,0.241,0.2421,347137
1988-05-19,0.2389,0.2442,0.2378,0.2431,246232
1988-05-20,0.2442,0.2463,0.2389,0.2399,181368
1988-05-23,0.2399,0.241,0.2325,0.2346,214261
1988-05-24,0.2346,0.2421,0.2336,0.2421,236012
1988-05-25,0.241,0.2431,0.2367,0.2378,228526
1988-05-26,0.2389,0.2431,0.2378,0.2394,185047
1988-05-27,0.2399,0.2399,0.2367,0.2367,141381
1988-05-31,0.2367,0.2485,0.2357,0.2474,187884
1988-06-01,0.2485,0.256,0.2463,0.2528,408646
1988-06-02,0.2538,0.256,0.2506,0.2517,269755
1988-06-03,0.2517,0.2549,0.2506,0.2538,148582
1988-06-06,0.2538,0.2602,0.2528,0.2592,348765
1988-06-07,0.2602,0.2645,0.2576,0.2602,350496
1988-06-08,0.2592,0.2666,0.2592,0.2645,282743
1988-06-09,0.2656,0.2682,0.2629,0.2634,295465
1988-06-10,0.2633,0.2676,0.2612,0.2655,191980
1988-06-13,0.2666,0.2687,0.2656,0.2661,132743
1988-06-14,0.2687,0.2708,0.2676,0.2687,257516
1988-06-15,0.2677,0.273,0.2666,0.273,217712
1988-06-16,0.2698,0.272,0.2688,0.2709,314453
1988-06-17,0.2708,0.274,0.2676,0.2687,179579
1988-06-20,0.2677,0.2688,0.2645,0.2677,120029
1988-06-21,0.2666,0.273,0.2666,0.273,169427
1988-06-22,0.2773,0.2879,0.2746,0.2858,543087
1988-06-23,0.2858,0.2868,0.2804,0.2815,175112
1988-06-24,0.2815,0.2826,0.2772,0.2783,121795
1988-06-27,0.2784,0.2784,0.273,0.273,100809
1988-06-28,0.273,0.2816,0.272,0.2805,137117
1988-06-29,0.2816,0.2837,0.2795,0.2805,212494
1988-06-30,0.2826,0.2858,0.2815,0.2858,134574
1988-07-01,0.2859,0.2901,0.2848,0.2901,183202
1988-07-05,0.288,0.2975,0.2858,0.297,205162
1988-07-06,0.2975,0.3007,0.2922,0.2932,381209
1988-07-07,0.2911,0.2943,0.289,0.2932,291849
1988-07-08,0.29,0.2932,0.289,0.2922,171004
1988-07-11,0.2932,0.2932,0.2847,0.2847,280516
1988-07-12,0.2858,0.2868,0.2762,0.2799,383878
1988-07-13,0.2794,0.2847,0.2773,0.2847,244953
1988-07-14,0.2847,0.2858,0.2815,0.2858,148639
1988-07-15,0.2858,0.2868,0.2826,0.2858,134697
1988-07-18,0.2869,0.2891,0.2859,0.288,85761
1988-07-19,0.2868,0.2879,0.2804,0.2815,155518
1988-07-20,0.2837,0.2837,0.272,0.273,473941
1988-07-21,0.2719,0.273,0.2581,0.2602,550007
1988-07-22,0.2592,0.2666,0.2581,0.2634,293561
1988-07-25,0.2645,0.2666,0.257,0.2581,224856
1988-07-26,0.2474,0.2516,0.2421,0.2474,976579
1988-07-27,0.2484,0.2516,0.2453,0.2458,290636
1988-07-28,0.2453,0.2496,0.2431,0.2485,247203
1988-07-29,0.2496,0.256,0.2485,0.2538,253309
1988-08-01,0.2549,0.256,0.2496,0.2496,221089
1988-08-02,0.2496,0.2506,0.2421,0.2453,279326
1988-08-03,0.2442,0.2453,0.2367,0.2399,392340
1988-08-04,0.2399,0.241,0.2367,0.2367,228163
1988-08-05,0.2367,0.2367,0.2208,0.2282,859947
1988-08-08,0.2294,0.2294,0.2251,0.2272,632818
1988-08-09,0.2262,0.2272,0.2176,0.2208,592302
1988-08-10,0.2186,0.2207,0.2132,0.2154,482685
1988-08-11,0.2176,0.2219,0.2133,0.2208,525214
1988-08-12,0.2207,0.2228,0.2196,0.2218,248512
1988-08-15,0.2219,0.2229,0.2133,0.2165,175277
1988-08-16,0.2155,0.2251,0.2144,0.224,387730
1988-08-17,0.224,0.2298,0.2192,0.224,252200
1988-08-18,0.225,0.2271,0.2239,0.225,136605
1988-08-19,0.225,0.2261,0.2143,0.2154,287375
1988-08-22,0.2143,0.2154,0.2036,0.2047,469879
1988-08-23,0.2058,0.2122,0.2037,0.2106,376660
1988-08-24,0.2112,0.2203,0.2101,0.2197,437680
1988-08-25,0.2144,0.2197,0.2133,0.2165,309883
1988-08-26,0.2165,0.2208,0.2165,0.2192,104317
1988-08-29,0.2219,0.224,0.2208,0.2224,149475
1988-08-30,0.2218,0.2228,0.2175,0.2186,89427
1988-08-31,0.2197,0.2208,0.2101,0.2133,306680
1988-09-01,0.2112,0.2123,0.2048,0.2085,351452
1988-09-02,0.2123,0.2208,0.2112,0.2197,492052
1988-09-06,0.2196,0.2239,0.2186,0.2218,288988
1988-09-07,0.2229,0.225,0.2165,0.2208,307670
1988-09-08,0.2196,0.2271,0.2186,0.2218,295192
1988-09-09,0.2207,0.2335,0.2196,0.2303,473927
1988-09-12,0.2293,0.2346,0.2282,0.2293,184516
1988-09-13,0.2271,0.2314,0.225,0.2303,173186
1988-09-14,0.2341,0.2356,0.2293,0.2303,337835
1988-09-15,0.2304,0.2314,0.2219,0.2229,311126
1988-09-16,0.2228,0.2239,0.2207,0.2218,207728
1988-09-19,0.224,0.224,0.2176,0.2208,190696
1988-09-20,0.2219,0.2272,0.2208,0.2272,228797
1988-09-21,0.2282,0.2303,0.2282,0.2293,68487
1988-09-22,0.2303,0.2346,0.2293,0.2325,254606
1988-09-23,0.2325,0.2325,0.2293,0.2293,149689
1988-09-26,0.2293,0.2303,0.2208,0.2234,214180
1988-09-27,0.2218,0.2228,0.2196,0.2218,150851
1988-09-28,0.2228,0.2261,0.2207,0.2261,108839
1988-09-29,0.225,0.2282,0.2239,0.2261,240834
1988-09-30,0.2251,0.2262,0.2208,0.2229,158942
1988-10-03,0.2187,0.2208,0.2155,0.2192,175335
1988-10-04,0.2197,0.2219,0.2171,0.2181,124839
1988-10-05,0.2186,0.2186,0.2133,0.2144,286215
1988-10-06,0.2144,0.2165,0.2133,0.2133,143388
1988-10-07,0.2132,0.2143,0.2042,0.2122,887404
1988-10-10,0.2133,0.2133,0.2037,0.2101,453742
1988-10-11,0.2122,0.2154,0.209,0.2122,281286
1988-10-12,0.2112,0.2208,0.2091,0.216,586751
1988-10-13,0.2149,0.2229,0.2144,0.2197,351852
1988-10-14,0.2218,0.2228,0.2175,0.2186,242117
1988-10-17,0.2186,0.2239,0.2186,0.2218,109515
1988-10-18,0.2208,0.2251,0.2187,0.224,158815
1988-10-19,0.2283,0.2294,0.2229,0.2272,344241
1988-10-20,0.225,0.2303,0.225,0.2282,312652
1988-10-21,0.2261,0.2282,0.2239,0.2261,103496
1988-10-24,0.2271,0.2271,0.2212,0.2218,122106
1988-10-25,0.2218,0.2228,0.2132,0.2154,317961
1988-10-26,0.2143,0.2154,0.2068,0.2122,671403
1988-10-27,0.2101,0.2112,0.2037,0.2112,487763
1988-10-28,0.2101,0.2123,0.2069,0.2112,198545
1988-10-31,0.21,0.21,0.2068,0.209,176075
1988-11-01,0.209,0.2122,0.2079,0.2079,227239
1988-11-02,0.2079,0.2079,0.1994,0.2015,945931
1988-11-03,0.2015,0.2036,0.1967,0.2015,504685
1988-11-04,0.1983,0.2036,0.1983,0.1983,454619
1988-11-07,0.1983,0.2004,0.1961,0.1994,234826
1988-11-08,0.2015,0.209,0.2005,0.2074,241416
1988-11-09,0.2047,0.2132,0.2037,0.2122,531988
1988-11-10,0.2122,0.2154,0.209,0.209,336060
1988-11-11,0.2068,0.209,0.2026,0.2031,234291
1988-11-14,0.2048,0.208,0.2027,0.2069,146452
1988-11-15,0.2069,0.2069,0.1984,0.2005,400570
1988-11-16,0.2011,0.2015,0.1941,0.1973,848906
1988-11-17,0.1973,0.1995,0.1952,0.1962,280970
1988-11-18,0.1973,0.1995,0.1952,0.1989,146871
1988-11-21,0.1962,0.1973,0.193,0.1962,200930
1988-11-22,0.1962,0.1984,0.1941,0.1962,129305
1988-11-23,0.1973,0.2004,0.1961,0.1999,241161
1988-11-25,0.1973,0.1984,0.1952,0.1978,48897
1988-11-28,0.1973,0.2027,0.1973,0.2005,250564
1988-11-29,0.2004,0.2026,0.1994,0.2026,93283
1988-11-30,0.2015,0.2036,0.2015,0.2015,150091
1988-12-01,0.2026,0.2111,0.2005,0.209,349755
1988-12-02,0.2068,0.2143,0.2068,0.2122,390239
1988-12-05,0.2123,0.2154,0.208,0.2112,299231
1988-12-06,0.2111,0.2122,0.209,0.2122,189223
1988-12-07,0.2112,0.2133,0.2096,0.2101,131773
1988-12-08,0.21,0.2111,0.2079,0.209,171346
1988-12-09,0.2079,0.21,0.2068,0.209,95131
1988-12-12,0.2079,0.209,0.2021,0.2021,165919
1988-12-13,0.2016,0.2037,0.2016,0.2037,167088
1988-12-14,0.2037,0.2079,0.2026,0.2063,119452
1988-12-15,0.209,0.21,0.2068,0.209,98939
1988-12-16,0.2079,0.2143,0.2079,0.2122,220914
1988-12-19,0.216,0.2197,0.2155,0.2165,356389
1988-12-20,0.2191,0.2239,0.2175,0.2186,393210
1988-12-21,0.2197,0.224,0.2187,0.2229,198140
1988-12-22,0.2239,0.2261,0.2207,0.2218,318164
1988-12-23,0.2207,0.2218,0.2196,0.2218,73030
1988-12-27,0.2219,0.224,0.2208,0.2208,131288
1988-12-28,0.2219,0.2229,0.2208,0.2229,90745
1988-12-29,0.2219,0.2283,0.2219,0.2272,163304
1988-12-30,0.2283,0.2314,0.2272,0.2272,272296
1989-01-03,0.2282,0.2293,0.225,0.2287,221023
1989-01-04,0.2282,0.2341,0.2282,0.2314,229919
1989-01-05,0.2335,0.2335,0.2271,0.2277,201527
1989-01-06,0.2282,0.2293,0.2261,0.2261,251890
1989-01-09,0.2262,0.2272,0.2224,0.224,196292
1989-01-10,0.2228,0.2239,0.2207,0.2218,230884
1989-01-11,0.2213,0.224,0.2197,0.224,206060
1989-01-12,0.2229,0.2294,0.2229,0.224,232908
1989-01-13,0.2239,0.2271,0.2239,0.2261,151712
1989-01-16,0.2271,0.2309,0.225,0.2266,117443
1989-01-17,0.2246,0.2256,0.2187,0.2197,178107
1989-01-18,0.2208,0.2208,0.2144,0.2197,271492
1989-01-19,0.2228,0.2293,0.2228,0.2282,359581
1989-01-20,0.2282,0.2319,0.2271,0.2309,260315
1989-01-23,0.2303,0.2303,0.2255,0.2261,222776
1989-01-24,0.2261,0.2282,0.2239,0.225,239796
1989-01-25,0.2261,0.2271,0.2239,0.2261,209202
1989-01-26,0.2245,0.2325,0.224,0.2314,371691
1989-01-27,0.2309,0.241,0.2293,0.2362,709931
1989-01-30,0.2368,0.2506,0.2357,0.2496,469638
1989-01-31,0.2517,0.257,0.2496,0.2544,533667
1989-02-01,0.2538,0.2549,0.2517,0.2528,559769
1989-02-02,0.2538,0.2687,0.2527,0.2596,767787
1989-02-03,0.2581,0.2666,0.256,0.2602,389563
1989-02-06,0.2592,0.2602,0.2549,0.2581,373655
1989-02-07,0.2586,0.2666,0.2581,0.265,542163
1989-02-08,0.2645,0.273,0.2624,0.2666,568706
1989-02-09,0.2645,0.2762,0.2634,0.2719,848906
1989-02-10,0.2687,0.2708,0.2628,0.2639,550325
1989-02-13,0.2623,0.2644,0.2601,0.2612,401217
1989-02-14,0.2639,0.2655,0.256,0.257,268548
1989-02-15,0.258,0.2655,0.257,0.2655,349446
1989-02-16,0.2666,0.2709,0.2613,0.2677,261864
1989-02-17,0.2688,0.2698,0.2656,0.2666,126666
1989-02-21,0.2656,0.2677,0.2624,0.2634,143985
1989-02-22,0.2624,0.2634,0.256,0.256,407488
1989-02-23,0.257,0.2592,0.2528,0.2576,324003
1989-02-24,0.257,0.2591,0.2506,0.2506,324244
1989-02-27,0.2507,0.257,0.2496,0.2549,293474
1989-02-28,0.256,0.257,0.2517,0.2538,185313
1989-03-01,0.256,0.257,0.2528,0.2528,255496
1989-03-02,0.2528,0.2602,0.2528,0.2592,393797
1989-03-03,0.2592,0.2645,0.2581,0.2634,294114
1989-03-06,0.2634,0.2656,0.2602,0.2645,241588
1989-03-07,0.2549,0.256,0.2271,0.2282,3364237
1989-03-08,0.2294,0.2325,0.2235,0.224,1082032
1989-03-09,0.225,0.225,0.2197,0.2208,526074
1989-03-10,0.2197,0.224,0.2176,0.2208,285430
1989-03-13,0.2218,0.225,0.2208,0.225,256810
1989-03-14,0.2271,0.2271,0.2228,0.225,271798
1989-03-15,0.225,0.225,0.2144,0.2144,447476
1989-03-16,0.2164,0.2196,0.2154,0.2186,438845
1989-03-17,0.2143,0.2154,0.1961,0.1983,1047288
1989-03-20,0.1977,0.1983,0.1951,0.1983,1019223
1989-03-21,0.1995,0.2133,0.1973,0.2128,957600
1989-03-22,0.2111,0.2122,0.2068,0.209,712346
1989-03-23,0.208,0.2144,0.208,0.2144,374616
1989-03-27,0.2132,0.2159,0.2111,0.2122,322190
1989-03-28,0.2143,0.2154,0.21,0.2122,301984
1989-03-29,0.2123,0.2123,0.2101,0.2112,128022
1989-03-30,0.2123,0.2133,0.2096,0.2128,199408
1989-03-31,0.2133,0.2144,0.2112,0.2128,126857
1989-04-03,0.2133,0.2165,0.2117,0.2144,149527
1989-04-04,0.2144,0.2144,0.2112,0.2133,106773
1989-04-05,0.2133,0.2155,0.2123,0.2149,83797
1989-04-06,0.2154,0.2196,0.2144,0.2186,220436
1989-04-07,0.2186,0.2207,0.2175,0.2186,125604
1989-04-10,0.2187,0.2229,0.2187,0.2192,122317
1989-04-11,0.2197,0.2218,0.2149,0.2192,122563
1989-04-12,0.2208,0.2208,0.2032,0.2053,302974
1989-04-13,0.2037,0.2148,0.2026,0.2079,396133
1989-04-14,0.2101,0.2187,0.2101,0.2165,267185
1989-04-17,0.2187,0.2235,0.2165,0.2197,220314
1989-04-18,0.224,0.2272,0.2219,0.2272,295827
1989-04-19,0.2346,0.2378,0.2325,0.2341,720769
1989-04-20,0.2346,0.241,0.2325,0.2389,592104
1989-04-21,0.2389,0.2389,0.2346,0.2357,248224
1989-04-24,0.2346,0.2367,0.2325,0.2351,125104
1989-04-25,0.2367,0.2378,0.2325,0.2335,106187
1989-04-26,0.2345,0.2345,0.2287,0.2303,189829
1989-04-27,0.2303,0.2341,0.2303,0.2335,147519
1989-04-28,0.2335,0.2399,0.2293,0.2383,297629
1989-05-01,0.2362,0.2389,0.2314,0.233,143924
1989-05-02,0.2335,0.2345,0.2282,0.2303,146594
1989-05-03,0.2303,0.2335,0.2303,0.2303,123072
1989-05-04,0.2314,0.2314,0.2229,0.224,159675
1989-05-05,0.2271,0.2271,0.2207,0.2218,152817
1989-05-08,0.2219,0.2229,0.2176,0.2197,209071
1989-05-09,0.2207,0.2282,0.2196,0.2261,232850
1989-05-10,0.2282,0.2335,0.2271,0.2303,250566
1989-05-11,0.2314,0.2314,0.2282,0.2303,146716
1989-05-12,0.233,0.2346,0.2282,0.2314,303262
1989-05-15,0.2309,0.2346,0.2303,0.2335,318744
1989-05-16,0.2335,0.241,0.2325,0.2399,355858
1989-05-17,0.2405,0.2474,0.2405,0.2447,383081
1989-05-18,0.2443,0.2501,0.2443,0.2485,224289
1989-05-19,0.2479,0.2538,0.2479,0.2485,266923
1989-05-22,0.2485,0.2538,0.2463,0.2528,316867
1989-05-23,0.2484,0.2516,0.2399,0.2415,416053
1989-05-24,0.2395,0.2453,0.2379,0.2453,295912
1989-05-25,0.2453,0.2496,0.2431,0.2453,144362
1989-05-26,0.2474,0.2517,0.2463,0.2512,161626
1989-05-30,0.2517,0.2544,0.2496,0.2517,272642
1989-05-31,0.2517,0.2602,0.2517,0.2581,345455
1989-06-01,0.257,0.2592,0.2549,0.256,267911
1989-06-02,0.2565,0.257,0.2485,0.2485,230555
1989-06-05,0.2496,0.2496,0.241,0.2421,261996
1989-06-06,0.2421,0.2501,0.2411,0.2496,229935
1989-06-07,0.2507,0.256,0.2507,0.2549,191677
1989-06-08,0.2549,0.257,0.2538,0.2549,124651
1989-06-09,0.2549,0.2565,0.2528,0.2549,154201
1989-06-12,0.2549,0.257,0.2501,0.2517,220485
1989-06-13,0.249,0.2496,0.2442,0.2442,173016
1989-06-14,0.2463,0.2474,0.241,0.2463,201769
1989-06-15,0.2463,0.2463,0.2399,0.2421,222313
1989-06-16,0.2415,0.2431,0.2399,0.2421,202041
1989-06-19,0.2431,0.2431,0.2367,0.241,115832
1989-06-20,0.241,0.2421,0.2325,0.2325,195393
1989-06-21,0.2272,0.2389,0.2272,0.2346,343382
1989-06-22,0.2357,0.2367,0.2346,0.2367,153849
1989-06-23,0.2367,0.2389,0.2357,0.2362,143067
1989-06-26,0.2357,0.2367,0.2314,0.2335,128972
1989-06-27,0.2335,0.2357,0.2293,0.2298,153134
1989-06-28,0.2303,0.2303,0.2218,0.225,245079
1989-06-29,0.2255,0.2255,0.2186,0.2218,329281
1989-06-30,0.2218,0.2282,0.2186,0.2261,286839
1989-07-03,0.2266,0.2314,0.2266,0.2303,62642
1989-07-05,0.2325,0.2367,0.2303,0.2357,113209
1989-07-06,0.2378,0.2389,0.2234,0.225,404287
1989-07-07,0.225,0.2314,0.2245,0.2282,176842
1989-07-10,0.2293,0.2346,0.2282,0.2341,116279
1989-07-11,0.2341,0.2367,0.2271,0.2282,185503
1989-07-12,0.2262,0.2283,0.2219,0.2272,222531
1989-07-13,0.2266,0.2293,0.2239,0.2261,142498
1989-07-14,0.2271,0.2282,0.2208,0.225,182427
1989-07-17,0.2251,0.2283,0.224,0.2272,133506
1989-07-18,0.2271,0.2314,0.2271,0.2282,183353
1989-07-19,0.2303,0.2325,0.2271,0.2309,126964
1989-07-20,0.2314,0.2357,0.2282,0.2282,189926
1989-07-21,0.2261,0.241,0.225,0.2357,425562
1989-07-24,0.2335,0.2378,0.2314,0.2357,163640
1989-07-25,0.2346,0.2431,0.2196,0.2218,1390645
1989-07-26,0.225,0.2271,0.2218,0.225,527380
1989-07-27,0.2287,0.2303,0.2271,0.2293,194343
1989-07-28,0.2303,0.2325,0.2272,0.2314,124634
1989-07-31,0.2303,0.2346,0.2293,0.2335,142176
1989-08-01,0.2335,0.2357,0.2303,0.2314,265055
1989-08-02,0.2303,0.2335,0.2303,0.2314,121010
1989-08-03,0.232,0.2357,0.2314,0.2346,117696
1989-08-04,0.2335,0.2453,0.2325,0.2431,759764
1989-08-07,0.2463,0.2474,0.2431,0.2463,399117
1989-08-08,0.2453,0.2528,0.2453,0.2517,471625
1989-08-09,0.2512,0.256,0.2506,0.2506,485292
1989-08-10,0.2517,0.2517,0.2485,0.2496,206223
1989-08-11,0.2517,0.2538,0.2463,0.2463,262208
1989-08-14,0.2463,0.2463,0.2431,0.2431,294263
1989-08-15,0.2431,0.2474,0.2415,0.2453,76174
1989-08-16,0.2463,0.2474,0.2367,0.2383,199054
1989-08-17,0.2378,0.2421,0.2357,0.241,170432
1989-08-18,0.2411,0.2463,0.2411,0.2453,106275
1989-08-21,0.2452,0.2468,0.2389,0.2394,136897
1989-08-22,0.2389,0.2506,0.2389,0.249,276271
1989-08-23,0.2501,0.2544,0.2474,0.2528,196644
1989-08-24,0.2554,0.2581,0.2485,0.2517,395755
1989-08-25,0.2506,0.2528,0.2463,0.2512,363244
1989-08-28,0.2506,0.2538,0.2485,0.2522,121739
1989-08-29,0.2554,0.256,0.249,0.2496,232147
1989-08-30,0.2506,0.2544,0.2496,0.2528,172256
1989-08-31,0.2538,0.2548,0.2506,0.2506,60562
1989-09-01,0.2517,0.257,0.2506,0.2554,189431
1989-09-05,0.2549,0.2602,0.2544,0.256,398212
1989-09-06,0.2549,0.256,0.2506,0.2528,180795
1989-09-07,0.2517,0.2528,0.2474,0.2485,178768
1989-09-08,0.2475,0.2538,0.2463,0.2517,169741
1989-09-11,0.2507,0.2538,0.2496,0.2533,119059
1989-09-12,0.2538,0.2602,0.2528,0.257,289186
1989-09-13,0.2602,0.2708,0.258,0.2655,772037
1989-09-14,0.2677,0.2751,0.2655,0.2719,333372
1989-09-15,0.273,0.2751,0.2666,0.2677,380296
1989-09-18,0.2666,0.2709,0.2666,0.2709,166840
1989-09-19,0.272,0.273,0.2666,0.2666,209901
1989-09-20,0.2677,0.2773,0.2656,0.2773,307708
1989-09-21,0.2804,0.2847,0.2751,0.2794,381102
1989-09-22,0.2794,0.2815,0.2762,0.2815,187457
1989-09-25,0.2815,0.29,0.2794,0.2858,298323
1989-09-26,0.2859,0.288,0.2837,0.2869,170604
1989-09-27,0.2826,0.2874,0.2804,0.2842,295310
1989-09-28,0.2837,0.2901,0.2837,0.2901,176751
1989-09-29,0.29,0.2964,0.289,0.2922,274380
1989-10-02,0.2912,0.2986,0.2901,0.297,215113
1989-10-03,0.3008,0.3008,0.2939,0.2944,294031
1989-10-04,0.2944,0.3231,0.2922,0.3221,1109296
1989-10-05,0.322,0.3508,0.321,0.338,1214577
1989-10-06,0.3397,0.3434,0.3338,0.3402,373741
1989-10-09,0.3391,0.3497,0.337,0.3487,249681
1989-10-10,0.352,0.3541,0.3445,0.3466,291373
1989-10-11,0.3424,0.3434,0.337,0.3413,453900
1989-10-12,0.3412,0.3433,0.3337,0.3348,251141
1989-10-13,0.3316,0.3327,0.3114,0.3135,437819
1989-10-16,0.3018,0.3253,0.2944,0.3231,1079498
1989-10-17,0.321,0.3477,0.3167,0.3354,755940
1989-10-18,0.3365,0.3445,0.3349,0.3434,574995
1989-10-19,0.3455,0.3668,0.3423,0.3594,765346
1989-10-20,0.3583,0.3647,0.3519,0.3636,398977
1989-10-23,0.3615,0.3658,0.3519,0.3546,259818
1989-10-24,0.3519,0.3519,0.336,0.345,670158
1989-10-25,0.3477,0.353,0.3381,0.3402,304939
1989-10-26,0.3359,0.3423,0.3305,0.3316,577755
1989-10-27,0.3316,0.3327,0.3252,0.3284,413885
1989-10-30,0.3328,0.3402,0.3322,0.3397,195896
1989-10-31,0.3423,0.3497,0.3413,0.3487,241266
1989-11-01,0.3487,0.354,0.3487,0.3503,318415
1989-11-02,0.3449,0.3449,0.3241,0.3252,964095
1989-11-03,0.3264,0.336,0.3253,0.3338,421274
1989-11-06,0.3337,0.3401,0.3263,0.3295,375432
1989-11-07,0.3306,0.3513,0.3295,0.3455,561081
1989-11-08,0.3503,0.3604,0.3497,0.3551,454232
1989-11-09,0.3584,0.3605,0.352,0.3573,475806
1989-11-10,0.3583,0.3626,0.3572,0.3604,252366
1989-11-13,0.3604,0.3764,0.3572,0.3759,763102
1989-11-14,0.3786,0.3807,0.3668,0.369,406279
1989-11-15,0.37,0.3807,0.3679,0.3775,403052
1989-11-16,0.3797,0.3807,0.3679,0.3732,290280
1989-11-17,0.3738,0.3764,0.37,0.3706,135018
1989-11-20,0.37,0.37,0.3605,0.369,242883
1989-11-21,0.369,0.3775,0.369,0.3759,286286
1989-11-22,0.3764,0.3775,0.3732,0.3764,163078
1989-11-24,0.3791,0.3797,0.3732,0.3738,76663
1989-11-27,0.3732,0.3743,0.3658,0.37,159019
1989-11-28,0.3711,0.3764,0.3679,0.3711,241688
1989-11-29,0.3732,0.3753,0.3594,0.3647,366358
1989-11-30,0.3583,0.3722,0.3572,0.3711,474347
1989-12-01,0.3716,0.3743,0.362,0.3626,222114
1989-12-04,0.3626,0.3721,0.3599,0.3679,172895
1989-12-05,0.37,0.3722,0.3668,0.37,187887
1989-12-06,0.369,0.3711,0.3604,0.3636,244754
1989-12-07,0.3583,0.3679,0.3583,0.3647,172093
1989-12-08,0.3647,0.3668,0.3541,0.3615,459099
1989-12-11,0.3615,0.3615,0.3498,0.3541,441028
1989-12-12,0.3572,0.3572,0.3434,0.3519,399373
1989-12-13,0.3445,0.3519,0.3381,0.3413,408626
1989-12-14,0.3369,0.3401,0.3327,0.3327,262371
1989-12-15,0.3337,0.3348,0.3199,0.3284,457060
1989-12-18,0.3296,0.337,0.3285,0.3338,334599
1989-12-19,0.3338,0.3434,0.3317,0.3429,300636
1989-12-20,0.3465,0.354,0.3445,0.353,473503
1989-12-21,0.353,0.3562,0.3465,0.3562,234698
1989-12-22,0.3562,0.3679,0.353,0.3658,234157
1989-12-26,0.3663,0.3684,0.3615,0.3647,101585
1989-12-27,0.3668,0.3711,0.3636,0.3679,267848
1989-12-28,0.3562,0.3658,0.354,0.3636,525009
1989-12-29,0.3647,0.3764,0.3636,0.3711,331116
1990-01-02,0.3722,0.3786,0.3674,0.3786,226247
1990-01-03,0.3818,0.3849,0.3775,0.3807,485303
1990-01-04,0.3807,0.3925,0.3786,0.3919,536375
1990-01-05,0.3903,0.3924,0.3818,0.3823,296737
1990-01-08,0.3817,0.3881,0.3775,0.3881,251563
1990-01-09,0.3882,0.3925,0.385,0.3871,299877
1990-01-10,0.3839,0.3892,0.3759,0.3764,442614
1990-01-11,0.3786,0.3818,0.3626,0.369,408552
1990-01-12,0.3631,0.3722,0.3583,0.3674,635214
1990-01-15,0.3658,0.3711,0.3636,0.3674,266469
1990-01-16,0.3648,0.3807,0.3605,0.3786,341674
1990-01-17,0.3754,0.386,0.3711,0.3732,416257
1990-01-18,0.3823,0.4052,0.3817,0.4052,1247027
1990-01-19,0.4064,0.4096,0.3989,0.4015,423430
1990-01-22,0.401,0.401,0.3861,0.3871,715293
1990-01-23,0.3882,0.3893,0.3807,0.3829,594458
1990-01-24,0.3754,0.3871,0.3716,0.3871,769286
1990-01-25,0.3903,0.3946,0.3861,0.3871,480957
1990-01-26,0.3861,0.3893,0.3839,0.3871,290417
1990-01-29,0.3903,0.3935,0.385,0.3903,234954
1990-01-30,0.3914,0.3946,0.3839,0.3893,311889
1990-01-31,0.3925,0.3946,0.3893,0.3946,481763
1990-02-01,0.3946,0.4021,0.3946,0.3999,380489
1990-02-02,0.3967,0.4074,0.3967,0.3999,304563
1990-02-05,0.3994,0.402,0.3978,0.402,254770
1990-02-06,0.401,0.4021,0.3935,0.401,349646
1990-02-07,0.3989,0.4042,0.3967,0.3978,572252
1990-02-08,0.3994,0.4052,0.3978,0.402,406170
1990-02-09,0.402,0.4041,0.4009,0.4031,266067
1990-02-12,0.4032,0.4074,0.401,0.4042,239264
1990-02-13,0.4053,0.4064,0.4032,0.4042,250629
1990-02-14,0.4063,0.4063,0.4031,0.4052,152999
1990-02-15,0.4053,0.4181,0.4053,0.4138,381794
1990-02-16,0.4192,0.4213,0.417,0.4181,302364
1990-02-20,0.4169,0.4287,0.4137,0.4276,565793
1990-02-21,0.4212,0.4265,0.4084,0.41,440827
1990-02-22,0.4127,0.4191,0.4105,0.4111,259382
1990-02-23,0.4084,0.4169,0.4074,0.4159,242497
1990-02-26,0.4159,0.4265,0.4148,0.4233,295241
1990-02-27,0.4245,0.4245,0.4181,0.4181,264584
1990-02-28,0.4181,0.4255,0.4181,0.4213,167709
1990-03-01,0.4201,0.434,0.4201,0.4265,327860
1990-03-02,0.4277,0.4452,0.4271,0.4426,427482
1990-03-05,0.4416,0.4511,0.4362,0.449,322201
1990-03-06,0.4468,0.4479,0.4373,0.4458,292773
1990-03-07,0.4468,0.45,0.4383,0.4383,203083
1990-03-08,0.4394,0.4575,0.434,0.4532,379550
1990-03-09,0.4522,0.4607,0.449,0.4543,323096
1990-03-12,0.4532,0.4638,0.4521,0.4617,293771
1990-03-13,0.4629,0.4649,0.4532,0.4532,363457
1990-03-14,0.4575,0.4638,0.4521,0.4601,558610
1990-03-15,0.4602,0.4767,0.4597,0.4735,348429
1990-03-16,0.4778,0.4916,0.4766,0.4863,507177
1990-03-19,0.4852,0.4991,0.482,0.4969,346233
1990-03-20,0.4969,0.498,0.4799,0.482,393051
1990-03-21,0.4815,0.4927,0.4788,0.4831,297902
1990-03-22,0.4842,0.4852,0.4703,0.4746,394251
1990-03-23,0.4778,0.4831,0.465,0.4703,228639
1990-03-26,0.4714,0.4799,0.4708,0.4756,238564
1990-03-27,0.474,0.482,0.4724,0.4799,224007
1990-03-28,0.4789,0.4789,0.4629,0.4735,424602
1990-03-29,0.4709,0.481,0.4693,0.4714,276365
1990-03-30,0.4692,0.4734,0.466,0.4724,156502
1990-04-02,0.4682,0.4793,0.466,0.4756,315895
1990-04-03,0.4809,0.4959,0.4799,0.4948,361027
1990-04-04,0.4949,0.5066,0.4927,0.4991,339752
1990-04-05,0.4985,0.4996,0.4884,0.4884,283110
1990-04-06,0.4896,0.4916,0.4832,0.4874,310906
1990-04-09,0.4852,0.4916,0.4852,0.4884,132986
1990-04-10,0.4889,0.5033,0.4884,0.5033,192745
1990-04-11,0.5055,0.5162,0.5045,0.5162,300207
1990-04-12,0.5194,0.5204,0.5119,0.5151,205853
1990-04-16,0.5204,0.5268,0.513,0.5183,336720
1990-04-17,0.5171,0.5374,0.5097,0.5289,569647
1990-04-18,0.5258,0.5268,0.5012,0.5172,834338
1990-04-19,0.5119,0.5226,0.5055,0.5076,494824
1990-04-20,0.5119,0.5162,0.5012,0.5055,381029
1990-04-23,0.5023,0.5076,0.4884,0.5033,553468
1990-04-24,0.5098,0.5098,0.482,0.4948,408750
1990-04-25,0.4969,0.5012,0.4863,0.4948,459545
1990-04-26,0.4991,0.5012,0.4884,0.4895,394950
1990-04-27,0.4873,0.4884,0.4745,0.4799,487311
1990-04-30,0.4799,0.4948,0.4756,0.4948,438908
1990-05-01,0.5013,0.5013,0.4842,0.4874,447703
1990-05-02,0.4884,0.4991,0.4884,0.4969,283760
1990-05-03,0.4991,0.5098,0.4969,0.5033,391500
1990-05-04,0.5076,0.5268,0.5033,0.5268,407938
1990-05-07,0.5289,0.5631,0.5247,0.546,830486
1990-05-08,0.5353,0.5417,0.531,0.5353,433556
1990-05-09,0.5364,0.5396,0.5289,0.5353,299970
1990-05-10,0.5397,0.5546,0.5354,0.5503,416370
1990-05-11,0.5545,0.5631,0.5396,0.5588,419469
1990-05-14,0.5652,0.5673,0.5588,0.5609,402924
1990-05-15,0.5588,0.5609,0.5481,0.5524,461719
1990-05-16,0.5502,0.5524,0.5417,0.5524,328922
1990-05-17,0.5524,0.5567,0.5481,0.5524,356009
1990-05-18,0.5514,0.5908,0.5503,0.5823,868700
1990-05-21,0.5865,0.6164,0.5865,0.5993,1361446
1990-05-22,0.6057,0.6164,0.5886,0.61,1215080
1990-05-23,0.6142,0.6484,0.6132,0.6473,1204464
1990-05-24,0.6547,0.6718,0.6483,0.6526,1250987
1990-05-25,0.6335,0.6505,0.6313,0.6335,893124
1990-05-29,0.6335,0.6441,0.6314,0.642,524519
1990-05-30,0.6495,0.6526,0.6377,0.6441,555145
1990-05-31,0.6377,0.6441,0.6185,0.6228,592362
1990-06-01,0.6249,0.642,0.6228,0.6409,589230
1990-06-04,0.6387,0.659,0.6313,0.6526,504682
1990-06-05,0.659,0.6612,0.6206,0.626,684687
1990-06-06,0.6249,0.6356,0.6185,0.6228,736152
1990-06-07,0.625,0.6293,0.6058,0.6143,768919
1990-06-08,0.6142,0.6292,0.61,0.627,544018
1990-06-11,0.6228,0.6441,0.6228,0.6388,496873
1990-06-12,0.6441,0.6484,0.6356,0.6473,398028
1990-06-13,0.6472,0.6633,0.6409,0.6526,684702
1990-06-14,0.6526,0.6548,0.6335,0.6441,496547
1990-06-15,0.6356,0.6569,0.6356,0.6484,439801
1990-06-18,0.6463,0.6505,0.6356,0.6388,450373
1990-06-19,0.6377,0.6441,0.6292,0.6399,355905
1990-06-20,0.643,0.6633,0.6398,0.6622,337508
1990-06-21,0.6612,0.6634,0.6484,0.6569,292693
1990-06-22,0.6591,0.6634,0.6441,0.6463,290368
1990-06-25,0.6452,0.6527,0.6335,0.6356,588514
1990-06-26,0.642,0.6452,0.6356,0.6377,428236
1990-06-27,0.6377,0.6527,0.6356,0.6505,305096
1990-06-28,0.6536,0.659,0.6494,0.6526,256364
1990-06-29,0.6527,0.6527,0.642,0.6484,298217
1990-07-02,0.6484,0.6484,0.6281,0.6292,302636
1990-07-03,0.6261,0.6271,0.6101,0.6143,676221
1990-07-05,0.61,0.6185,0.6035,0.6164,527673
1990-07-06,0.6153,0.6313,0.6121,0.6249,356604
1990-07-09,0.627,0.6377,0.625,0.6335,318368
1990-07-10,0.6335,0.6399,0.627,0.6292,253374
1990-07-11,0.6313,0.6463,0.6249,0.6441,246738
1990-07-12,0.642,0.6634,0.642,0.6612,759667
1990-07-13,0.6633,0.6868,0.6611,0.6686,798733
1990-07-16,0.6718,0.6889,0.6697,0.6761,415700
1990-07-17,0.6771,0.6782,0.6568,0.6633,464698
1990-07-18,0.659,0.6634,0.6441,0.6484,357062
1990-07-19,0.6431,0.6548,0.6292,0.6548,538644
1990-07-20,0.6568,0.6675,0.6228,0.6249,748340
1990-07-23,0.625,0.6314,0.6079,0.6143,633098
1990-07-24,0.6185,0.6185,0.5695,0.5929,1169544
1990-07-25,0.5971,0.6121,0.5865,0.61,513106
1990-07-26,0.6079,0.6314,0.5631,0.5866,2587854
1990-07-27,0.5843,0.5971,0.578,0.5886,435206
1990-07-30,0.5844,0.5887,0.5609,0.5801,750371
1990-07-31,0.5823,0.5855,0.5631,0.5673,360920
1990-08-01,0.5652,0.5737,0.5439,0.5695,947963
1990-08-02,0.5588,0.5695,0.5481,0.5631,782899
1990-08-03,0.5588,0.5609,0.515,0.5396,999619
1990-08-06,0.5247,0.529,0.4991,0.5162,965623
1990-08-07,0.5225,0.531,0.5118,0.5225,776790
1990-08-08,0.5332,0.546,0.5289,0.5417,735877
1990-08-09,0.546,0.5609,0.5396,0.5556,657359
1990-08-10,0.5557,0.561,0.5354,0.5503,624432
1990-08-13,0.5439,0.5589,0.5397,0.5546,460242
1990-08-14,0.5568,0.562,0.5439,0.5482,287615
1990-08-15,0.5525,0.561,0.5482,0.5482,438609
1990-08-16,0.546,0.5503,0.5268,0.5268,454992
1990-08-17,0.5204,0.5268,0.5119,0.514,812400
1990-08-20,0.514,0.5162,0.4735,0.4735,969238
1990-08-21,0.4628,0.467,0.4329,0.4628,1412987
1990-08-22,0.4692,0.4734,0.4553,0.4585,675896
1990-08-23,0.4479,0.4585,0.4351,0.4415,916598
1990-08-24,0.4458,0.4927,0.4458,0.4884,814209
1990-08-27,0.5033,0.5226,0.5033,0.5183,939402
1990-08-28,0.514,0.5396,0.5118,0.5364,680962
1990-08-29,0.5333,0.5439,0.5119,0.5162,665063
1990-08-30,0.5183,0.5322,0.5119,0.5119,557828
1990-08-31,0.5119,0.529,0.5055,0.5247,347539
1990-09-04,0.5204,0.5333,0.5183,0.5311,404181
1990-09-05,0.5332,0.5375,0.4991,0.5033,466434
1990-09-06,0.4948,0.499,0.4799,0.4905,986255
1990-09-07,0.4863,0.5033,0.482,0.4927,458159
1990-09-10,0.5012,0.5118,0.4756,0.4756,633351
1990-09-11,0.4778,0.4821,0.465,0.4735,672901
1990-09-12,0.4799,0.4927,0.4756,0.4895,639966
1990-09-13,0.4948,0.499,0.4863,0.4905,425383
1990-09-14,0.4863,0.514,0.481,0.5098,577333
1990-09-17,0.5076,0.5268,0.5055,0.5183,600532
1990-09-18,0.5172,0.5322,0.5098,0.5268,517340
1990-09-19,0.5374,0.5396,0.5267,0.5289,449515
1990-09-20,0.5247,0.529,0.5098,0.5098,447420
1990-09-21,0.5098,0.5183,0.4991,0.5162,681587
1990-09-24,0.5076,0.5119,0.4906,0.4991,694780
1990-09-25,0.5087,0.5162,0.5013,0.5151,454818
1990-09-26,0.5162,0.5183,0.5076,0.514,335009
1990-09-27,0.5204,0.5247,0.497,0.5055,560763
1990-09-28,0.497,0.5418,0.4949,0.5375,835960
1990-10-01,0.5524,0.5759,0.5503,0.5727,1122912
1990-10-02,0.5823,0.5844,0.5588,0.562,712103
1990-10-03,0.5588,0.5748,0.5567,0.5609,491371
1990-10-04,0.5568,0.561,0.5461,0.5471,591192
1990-10-05,0.5375,0.5609,0.5311,0.5524,700410
1990-10-08,0.5631,0.5673,0.5502,0.5631,329965
1990-10-09,0.5567,0.5631,0.5333,0.5375,566296
1990-10-10,0.5289,0.5311,0.5033,0.5076,986147
1990-10-11,0.5098,0.514,0.4863,0.4948,714991
1990-10-12,0.4991,0.5012,0.4607,0.4863,932020
1990-10-15,0.4927,0.4948,0.4734,0.482,1111832
1990-10-16,0.4841,0.4915,0.4606,0.466,2566589
1990-10-17,0.467,0.4841,0.4564,0.482,1158634
1990-10-18,0.4863,0.5247,0.4842,0.5215,1055626
1990-10-19,0.5289,0.5396,0.5161,0.5289,1453015
1990-10-22,0.5289,0.5524,0.5268,0.546,684977
1990-10-23,0.5439,0.561,0.5397,0.5482,613316
1990-10-24,0.5417,0.5588,0.5396,0.5577,466920
1990-10-25,0.5588,0.5652,0.546,0.5524,439361
1990-10-26,0.5439,0.5503,0.5397,0.5407,504444
1990-10-29,0.5438,0.5481,0.5289,0.5332,579060
1990-10-30,0.5333,0.5482,0.529,0.545,448495
1990-10-31,0.5503,0.5568,0.5439,0.5439,522141
1990-11-01,0.5374,0.5481,0.5353,0.5417,421773
1990-11-02,0.5418,0.561,0.5397,0.5546,637901
1990-11-05,0.5567,0.5631,0.5524,0.5599,432537
1990-11-06,0.561,0.5674,0.5418,0.5482,505199
1990-11-07,0.5439,0.5524,0.5418,0.5439,538358
1990-11-08,0.5417,0.5524,0.5374,0.5417,370795
1990-11-09,0.5524,0.5588,0.5502,0.5524,369768
1990-11-12,0.5631,0.5908,0.5631,0.5876,747843
1990-11-13,0.5865,0.5929,0.5779,0.5854,577136
1990-11-14,0.5844,0.5971,0.5822,0.5929,509472
1990-11-15,0.5887,0.5908,0.5737,0.5791,538586
1990-11-16,0.5759,0.5866,0.5737,0.5801,572238
1990-11-19,0.58,0.595,0.58,0.5929,388599
1990-11-20,0.5908,0.6015,0.5812,0.5823,587549
1990-11-21,0.5801,0.5887,0.5717,0.5866,518210
1990-11-23,0.5908,0.5994,0.5844,0.5866,188217
1990-11-26,0.5844,0.6014,0.578,0.5993,405866
1990-11-27,0.6014,0.6164,0.595,0.6132,540996
1990-11-28,0.6165,0.6207,0.5994,0.6004,662243
1990-11-29,0.5994,0.6079,0.5951,0.6079,561951
1990-11-30,0.6078,0.6335,0.6014,0.6164,615629
1990-12-03,0.6249,0.6356,0.6206,0.6302,582167
1990-12-04,0.627,0.642,0.6228,0.6356,465357
1990-12-05,0.6356,0.6463,0.6335,0.642,585515
1990-12-06,0.6505,0.6548,0.6313,0.6377,923054
1990-12-07,0.6335,0.642,0.6164,0.6335,698898
1990-12-10,0.6249,0.643,0.6206,0.6313,473680
1990-12-11,0.6249,0.6356,0.6142,0.6153,526952
1990-12-12,0.6121,0.6206,0.6015,0.6185,610494
1990-12-13,0.6228,0.627,0.6121,0.6206,432590
1990-12-14,0.6228,0.6335,0.6185,0.6281,414896
1990-12-17,0.6228,0.6335,0.6185,0.6313,232786
1990-12-18,0.6356,0.6463,0.6335,0.642,442576
1990-12-19,0.6431,0.6463,0.6377,0.6388,292325
1990-12-20,0.6335,0.6484,0.6313,0.6441,400911
1990-12-21,0.6463,0.6484,0.642,0.6463,285577
1990-12-24,0.6441,0.6441,0.6377,0.642,115604
1990-12-26,0.642,0.6463,0.6356,0.6399,138332
1990-12-27,0.6399,0.642,0.6356,0.6377,193050
1990-12-28,0.6356,0.642,0.6335,0.6399,172916
1990-12-31,0.6399,0.642,0.6356,0.642,202215
1991-01-02,0.6399,0.642,0.6377,0.6377,325108
1991-01-03,0.6377,0.6484,0.6377,0.642,450684
1991-01-04,0.6399,0.6527,0.6399,0.6473,498947
1991-01-07,0.642,0.6634,0.6377,0.6388,746937
1991-01-08,0.6377,0.642,0.6228,0.627,652122
1991-01-09,0.6313,0.6462,0.627,0.6313,986362
1991-01-10,0.6335,0.6719,0.6335,0.6676,1056992
1991-01-11,0.6697,0.6739,0.6548,0.6654,528962
1991-01-14,0.6591,0.6612,0.6441,0.6548,500437
1991-01-15,0.6548,0.6782,0.6548,0.6686,711821
1991-01-16,0.6697,0.707,0.6675,0.7017,1193639
1991-01-17,0.7337,0.7359,0.7145,0.7167,1395124
1991-01-18,0.7038,0.7295,0.7017,0.7273,879026
1991-01-21,0.7219,0.7678,0.7219,0.7636,1318166
1991-01-22,0.7646,0.7764,0.7454,0.7582,970108
1991-01-23,0.7529,0.77,0.7529,0.7593,657620
1991-01-24,0.7615,0.7753,0.7572,0.7721,734425
1991-01-25,0.7742,0.7764,0.7593,0.7636,741269
1991-01-28,0.7592,0.8019,0.7592,0.787,1117421
1991-01-29,0.787,0.8051,0.7678,0.7891,1253833
1991-01-30,0.7891,0.8233,0.7806,0.8211,1267582
1991-01-31,0.8233,0.8489,0.819,0.8371,950552
1991-02-01,0.8446,0.8617,0.8297,0.851,1005655
1991-02-04,0.8531,0.8595,0.836,0.8456,752699
1991-02-05,0.8467,0.8702,0.836,0.8638,757016
1991-02-06,0.8617,0.9086,0.8574,0.9022,907298
1991-02-07,0.9065,0.93,0.8724,0.8788,1138687
1991-02-08,0.8787,0.8937,0.868,0.8872,633276
1991-02-11,0.8883,0.8915,0.8723,0.8894,1299620
1991-02-12,0.8808,0.8937,0.8744,0.8808,820729
1991-02-13,0.8745,0.9011,0.8681,0.9001,814697
1991-02-14,0.8979,0.9,0.8446,0.8595,1140609
1991-02-15,0.8659,0.8894,0.8638,0.8808,984911
1991-02-19,0.8724,0.8831,0.866,0.8745,567909
1991-02-20,0.868,0.8872,0.8659,0.8766,448326
1991-02-21,0.8787,0.883,0.8531,0.8531,582458
1991-02-22,0.851,0.8915,0.851,0.8723,898692
1991-02-25,0.8809,0.8873,0.866,0.8788,755255
1991-02-26,0.866,0.8745,0.8574,0.8681,473855
1991-02-27,0.8723,0.9022,0.8638,0.8979,747952
1991-02-28,0.9043,0.9064,0.8808,0.8851,469262
1991-03-01,0.8787,0.9065,0.8702,0.9022,663075
1991-03-04,0.9022,0.9171,0.8915,0.9128,401141
1991-03-05,0.9149,0.9597,0.9128,0.9512,651384
1991-03-06,0.9598,0.964,0.9107,0.915,862419
1991-03-07,0.8894,0.9171,0.883,0.8872,1410958
1991-03-08,0.8916,0.9044,0.8681,0.8745,1149209
1991-03-11,0.8681,0.8745,0.8339,0.8468,1373337
1991-03-12,0.8382,0.8435,0.8158,0.8169,1304258
1991-03-13,0.819,0.8628,0.819,0.8574,940742
1991-03-14,0.8659,0.8659,0.8275,0.8361,854985
1991-03-15,0.8382,0.8425,0.8211,0.8243,656307
1991-03-18,0.8212,0.851,0.819,0.8468,564950
1991-03-19,0.8382,0.8617,0.8254,0.8446,789181
1991-03-20,0.8446,0.8617,0.8425,0.8446,709944
1991-03-21,0.8489,0.8596,0.802,0.8084,1016889
1991-03-22,0.8062,0.8147,0.7934,0.7998,816302
1991-03-25,0.8019,0.8425,0.8019,0.8382,510369
1991-03-26,0.8425,0.8979,0.8425,0.8969,767209
1991-03-27,0.8958,0.932,0.8958,0.9192,784297
1991-03-28,0.915,0.9236,0.9043,0.9054,260134
1991-04-01,0.9043,0.9192,0.8915,0.9107,505097
1991-04-02,0.9171,0.9598,0.9107,0.9576,821166
1991-04-03,0.9619,0.9961,0.9619,0.9705,782994
1991-04-04,0.9726,0.9961,0.9619,0.9705,630044
1991-04-05,0.9726,0.9747,0.93,0.9385,929211
1991-04-08,0.9385,0.9662,0.9341,0.9502,396927
1991-04-09,0.9512,0.9662,0.9363,0.9406,518415
1991-04-10,0.9363,0.9405,0.9,0.9171,634164
1991-04-11,0.9256,0.9512,0.9214,0.947,408963
1991-04-12,0.9342,0.9385,0.8852,0.915,1507760
1991-04-15,0.9043,0.9747,0.8958,0.9705,757748
1991-04-16,0.9705,0.9768,0.9384,0.9576,693835
1991-04-17,0.9725,1.0024,0.948,0.9512,1095222
1991-04-18,0.9491,0.9556,0.9214,0.9385,751502
1991-04-19,0.9065,0.9342,0.8958,0.915,824028
1991-04-22,0.9044,0.9065,0.8681,0.8713,1191956
1991-04-23,0.8723,0.8787,0.8573,0.867,886437
1991-04-24,0.866,0.8937,0.8574,0.8788,700707
1991-04-25,0.8744,0.8851,0.8573,0.8595,560538
1991-04-26,0.8552,0.8723,0.8424,0.8595,753895
1991-04-29,0.8638,0.8659,0.8339,0.8339,607919
1991-04-30,0.8339,0.8468,0.819,0.8446,982607
1991-05-01,0.8403,0.8595,0.8275,0.8595,952288
1991-05-02,0.8639,0.8745,0.8553,0.8574,570649
1991-05-03,0.8573,0.8638,0.8509,0.8638,196609
1991-05-06,0.8574,0.8808,0.8553,0.8766,381805
1991-05-07,0.8808,0.8851,0.8638,0.8638,434248
1991-05-08,0.8617,0.8809,0.8553,0.8788,491361
1991-05-09,0.8808,0.9043,0.8766,0.9022,650913
1991-05-10,0.9064,0.9128,0.8702,0.8766,444210
1991-05-13,0.8808,0.8851,0.8638,0.8798,586470
1991-05-14,0.8755,0.8808,0.8595,0.8638,501750
1991-05-15,0.8553,0.8574,0.8243,0.8361,948352
1991-05-16,0.8468,0.8532,0.8404,0.8478,599261
1991-05-17,0.8446,0.8489,0.8361,0.8468,382325
1991-05-20,0.8488,0.8531,0.8338,0.8456,562482
1991-05-21,0.851,0.8808,0.8488,0.8702,712925
1991-05-22,0.8766,0.9107,0.8723,0.9107,757431
1991-05-23,0.9129,0.9364,0.9129,0.9342,578039
1991-05-24,0.9385,0.9598,0.9342,0.9385,579567
1991-05-28,0.9428,0.9534,0.9385,0.9449,374895
1991-05-29,0.9491,0.9555,0.9363,0.9406,547714
1991-05-30,0.9395,0.9534,0.9299,0.9406,527506
1991-05-31,0.9427,0.947,0.9213,0.9363,697700
1991-06-03,0.9341,0.9576,0.9299,0.9555,400541
1991-06-04,0.9555,0.9683,0.9427,0.964,298889
1991-06-05,0.9598,0.9747,0.9555,0.9555,353061
1991-06-06,0.9619,0.964,0.9427,0.948,278794
1991-06-07,0.9363,0.9406,0.9277,0.9406,443478
1991-06-10,0.9406,0.947,0.9363,0.9427,251652
1991-06-11,0.947,0.964,0.9427,0.9438,356996
1991-06-12,0.9448,0.9576,0.9406,0.948,435666
1991-06-13,0.947,0.9576,0.9427,0.947,324198
1991-06-14,0.9491,0.9705,0.947,0.9683,395514
1991-06-17,0.9705,0.979,0.9598,0.9683,250982
1991-06-18,0.9661,0.9683,0.9363,0.9512,399675
1991-06-19,0.9364,0.9364,0.8788,0.882,1339811
1991-06-20,0.8616,0.868,0.8446,0.8595,1603793
1991-06-21,0.8638,0.8787,0.8638,0.8723,577384
1991-06-24,0.8617,0.8659,0.8318,0.8371,679913
1991-06-25,0.8468,0.8553,0.8361,0.8425,829505
1991-06-26,0.8446,0.8659,0.8382,0.8595,824408
1991-06-27,0.867,0.8734,0.8541,0.8702,723133
1991-06-28,0.867,0.8798,0.8382,0.8718,787323
1991-07-01,0.8798,0.9166,0.867,0.9134,926361
1991-07-02,0.9118,0.9245,0.8702,0.8718,562022
1991-07-03,0.8254,0.8318,0.7903,0.819,2452270
1991-07-05,0.8158,0.8158,0.787,0.7902,1007794
1991-07-08,0.7774,0.8606,0.7742,0.8574,1397283
1991-07-09,0.8638,0.8798,0.851,0.8686,984669
1991-07-10,0.8734,0.8798,0.8318,0.835,861351
1991-07-11,0.8414,0.8542,0.8318,0.8478,654554
1991-07-12,0.8573,0.8766,0.8446,0.8702,450108
1991-07-15,0.8798,0.899,0.8766,0.8942,470462
1991-07-16,0.8957,0.8957,0.8638,0.8638,546841
1991-07-17,0.8414,0.867,0.8318,0.867,518591
1991-07-18,0.8703,0.8862,0.8542,0.8574,328328
1991-07-19,0.8638,0.8702,0.8446,0.867,312764
1991-07-22,0.8541,0.8798,0.8509,0.8638,449610
1991-07-23,0.8702,0.8734,0.851,0.851,455537
1991-07-24,0.8574,0.8606,0.8318,0.8382,695142
1991-07-25,0.8574,0.8702,0.843,0.8446,1154430
1991-07-26,0.8574,0.9182,0.8542,0.9086,1910505
1991-07-29,0.9086,0.9118,0.8798,0.899,1746422
1991-07-30,0.9023,0.9342,0.8926,0.931,998693
1991-07-31,0.9341,0.947,0.9309,0.9406,1428467
1991-08-01,0.9439,0.9471,0.9342,0.9374,690334
1991-08-02,0.9439,0.9566,0.9374,0.9374,1041337
1991-08-05,0.9374,0.9374,0.9182,0.9246,361560
1991-08-06,0.9246,0.9598,0.9246,0.9534,679485
1991-08-07,0.9566,0.979,0.9534,0.9726,886028
1991-08-08,0.9725,1.0141,0.9725,1.0109,1175391
1991-08-09,1.0078,1.0494,1.0014,1.0334,1469201
1991-08-12,1.0206,1.0718,1.0206,1.0622,728159
1991-08-13,1.0718,1.0718,1.0526,1.0558,1209305
1991-08-14,1.059,1.0686,1.0494,1.0558,857515
1991-08-15,1.0557,1.0653,1.0365,1.0429,581725
1991-08-16,1.0333,1.0541,1.0269,1.0461,666368
1991-08-19,0.9918,1.0398,0.9854,1.027,1093197
1991-08-20,1.0318,1.0478,1.0238,1.0302,733614
1991-08-21,1.0494,1.0814,1.0462,1.075,936970
1991-08-22,1.0782,1.091,1.0654,1.075,558324
1991-08-23,1.0749,1.107,1.0749,1.0909,552330
1991-08-26,1.0845,1.0909,1.0685,1.0909,564799
1991-08-27,1.0845,1.0877,1.0749,1.0845,437707
1991-08-28,1.0845,1.1102,1.0813,1.0958,531827
1991-08-29,1.1006,1.107,1.0877,1.0974,357992
1991-08-30,1.0974,1.1038,1.0813,1.0909,281939
1991-09-03,1.0878,1.0878,1.0558,1.0638,428641
1991-09-04,1.0654,1.0686,1.0366,1.0574,492274
1991-09-05,1.0622,1.0622,1.0238,1.0302,748110
1991-09-06,1.0366,1.0526,1.027,1.0334,649955
1991-09-09,1.0334,1.043,1.027,1.0334,408425
1991-09-10,1.0494,1.0558,1.0238,1.0238,843803
1991-09-11,1.0301,1.0525,1.0301,1.0493,819375
1991-09-12,1.0622,1.0974,1.0622,1.0958,688586
1991-09-13,1.0942,1.0974,1.0558,1.0622,657272
1991-09-16,1.0622,1.0686,1.0526,1.0622,277528
1991-09-17,1.0589,1.0845,1.0493,1.0813,299010
1991-09-18,1.0749,1.0942,1.0717,1.0845,344772
1991-09-19,1.0877,1.1166,1.0846,1.1038,657329
1991-09-20,1.1102,1.1134,1.1006,1.107,387974
1991-09-23,1.1037,1.1069,1.0813,1.0861,636906
1991-09-24,1.0909,1.1293,1.0909,1.1261,609445
1991-09-25,1.1261,1.1309,1.1069,1.1229,329720
1991-09-26,1.1198,1.1518,1.1166,1.1422,614284
1991-09-27,1.1453,1.1453,1.1229,1.1293,425791
1991-09-30,1.1294,1.1454,1.1134,1.139,354502
1991-10-01,1.139,1.1422,1.1262,1.1374,251179
1991-10-02,1.1325,1.1581,1.1037,1.1133,860158
1991-10-03,1.1069,1.1293,1.1037,1.1197,443167
1991-10-04,1.1261,1.1389,1.1197,1.1277,338568
1991-10-07,1.1166,1.1374,1.1102,1.1326,347925
1991-10-08,1.1262,1.1454,1.1262,1.1422,482582
1991-10-09,1.1453,1.1677,1.1421,1.1453,779708
1991-10-10,1.1581,1.1581,1.1325,1.1485,538071
1991-10-11,1.1613,1.1645,1.1229,1.1469,894756
1991-10-14,1.1517,1.1805,1.1517,1.1805,647823
1991-10-15,1.1806,1.1806,1.1613,1.1693,740364
1991-10-16,1.171,1.171,1.1501,1.1613,1282246
1991-10-17,1.1614,1.1614,1.1326,1.1422,1222978
1991-10-18,1.1517,1.1677,1.1485,1.1517,484267
1991-10-21,1.1517,1.171,1.1485,1.1645,367323
1991-10-22,1.171,1.1869,1.1677,1.1693,415852
1991-10-23,1.1741,1.1773,1.1485,1.1549,469957
1991-10-24,1.1581,1.1581,1.1421,1.1549,344775
1991-10-25,1.1549,1.1613,1.1421,1.1453,359327
1991-10-28,1.1453,1.1549,1.1229,1.1549,485682
1991-10-29,1.1549,1.1613,1.1485,1.1613,467382
1991-10-30,1.1614,1.2126,1.1614,1.2094,839417
1991-10-31,1.2093,1.2189,1.1933,1.2013,525855
1991-11-01,1.1965,1.1997,1.1773,1.1853,438867
1991-11-04,1.1806,1.1837,1.1613,1.1645,369043
1991-11-05,1.1677,1.2093,1.1645,1.1997,662093
1991-11-06,1.2029,1.2221,1.1933,1.2189,490226
1991-11-07,1.2221,1.2253,1.2093,1.2125,267377
1991-11-08,1.2157,1.2381,1.2157,1.2189,467007
1991-11-11,1.2285,1.2541,1.2237,1.2477,519083
1991-11-12,1.2573,1.2893,1.2541,1.2781,1024208
1991-11-13,1.2733,1.3021,1.2637,1.2925,736114
1991-11-14,1.2989,1.2989,1.2637,1.2701,567810
1991-11-15,1.2669,1.2861,1.2125,1.2157,916136
1991-11-18,1.2189,1.251,1.2158,1.2445,926925
1991-11-19,1.2317,1.2461,1.2061,1.2317,921072
1991-11-20,1.2413,1.2478,1.2285,1.2349,466343
1991-11-21,1.2317,1.2445,1.2253,1.2445,455047
1991-11-22,1.2413,1.2477,1.2189,1.2285,487592
1991-11-25,1.2253,1.2413,1.2189,1.2237,431569
1991-11-26,1.2302,1.2318,1.187,1.2094,752619
1991-11-27,1.2061,1.2221,1.2029,1.2189,192073
1991-11-29,1.2126,1.251,1.2126,1.2445,262660
1991-12-02,1.2317,1.2989,1.2285,1.2957,714742
1991-12-03,1.2925,1.3149,1.2733,1.2973,831758
1991-12-04,1.3021,1.3181,1.2797,1.3053,464503
1991-12-05,1.3021,1.3085,1.2893,1.3021,318553
1991-12-06,1.2989,1.3469,1.2925,1.3341,660068
1991-12-09,1.3213,1.3277,1.2957,1.3053,738646
1991-12-10,1.3053,1.3053,1.2797,1.3021,591897
1991-12-11,1.3069,1.3149,1.2733,1.2893,500794
1991-12-12,1.2925,1.3213,1.2861,1.3053,473225
1991-12-13,1.3085,1.3149,1.2989,1.3053,335201
1991-12-16,1.3053,1.3085,1.2893,1.3069,348408
1991-12-17,1.3053,1.3245,1.2829,1.3037,351662
1991-12-18,1.3053,1.3213,1.2957,1.3165,429496
1991-12-19,1.3101,1.3213,1.2957,1.3149,487789
1991-12-20,1.331,1.3437,1.3085,1.3213,452473
1991-12-23,1.3213,1.3661,1.3117,1.3661,590113
1991-12-24,1.3661,1.3757,1.3565,1.3597,307072
1991-12-26,1.3597,1.3853,1.3533,1.3805,311310
1991-12-27,1.3853,1.4269,1.3789,1.4125,469107
1991-12-30,1.4141,1.4237,1.4013,1.4173,454613
1991-12-31,1.4173,1.4333,1.3917,1.4237,518439
1992-01-02,1.4173,1.4685,1.4014,1.4589,950404
1992-01-03,1.4589,1.4621,1.4301,1.4461,489445
1992-01-06,1.4493,1.5069,1.4381,1.4909,806958
1992-01-07,1.4908,1.5388,1.4813,1.5356,823634
1992-01-08,1.5228,1.6092,1.5196,1.59,1161481
1992-01-09,1.59,1.6508,1.5868,1.6284,1130605
1992-01-10,1.6252,1.6348,1.5868,1.6028,827198
1992-01-13,1.5868,1.6492,1.5709,1.6268,675745
1992-01-14,1.6316,1.6444,1.6124,1.6412,563132
1992-01-15,1.6476,1.7052,1.6412,1.6828,835565
1992-01-16,1.6796,1.6891,1.6316,1.6348,751943
1992-01-17,1.6349,1.6572,1.5836,1.6188,1088086
1992-01-20,1.6283,1.6283,1.5676,1.5676,753232
1992-01-21,1.5645,1.5741,1.4845,1.5277,1535931
1992-01-22,1.5356,1.606,1.5228,1.606,718296
1992-01-23,1.6061,1.6557,1.5837,1.5997,967363
1992-01-24,1.5933,1.6061,1.5869,1.5949,483188
1992-01-27,1.5964,1.606,1.542,1.5436,591642
1992-01-28,1.5484,1.5581,1.4845,1.5452,1222597
1992-01-29,1.5677,1.6093,1.5581,1.5933,1245745
1992-01-30,1.5932,1.5964,1.5548,1.5804,536478
1992-01-31,1.5804,1.5836,1.5324,1.5388,639181
1992-02-03,1.5133,1.6061,1.5037,1.5997,1027194
1992-02-04,1.6029,1.6125,1.5677,1.5933,747877
1992-02-05,1.5965,1.6445,1.5804,1.6284,911314
1992-02-06,1.6188,1.6508,1.6092,1.6156,797972
1992-02-07,1.6156,1.6316,1.5868,1.6092,467072
1992-02-10,1.6077,1.6125,1.5613,1.5933,529441
1992-02-11,1.59,1.5964,1.5548,1.5676,525659
1992-02-12,1.518,1.622,1.518,1.6092,1066514
1992-02-13,1.606,1.6187,1.5548,1.5676,1245845
1992-02-14,1.5645,1.5677,1.5101,1.5165,1057459
1992-02-18,1.526,1.5644,1.51,1.5132,943042
1992-02-19,1.51,1.51,1.4524,1.4732,1860296
1992-02-20,1.4844,1.526,1.4812,1.5036,951077
1992-02-21,1.4973,1.5165,1.4557,1.4653,1166085
1992-02-24,1.4652,1.4908,1.446,1.47,755638
1992-02-25,1.4716,1.4909,1.4493,1.4813,734405
1992-02-26,1.4845,1.5613,1.4845,1.5613,1288300
1992-02-27,1.5709,1.6029,1.5709,1.5981,1018408
1992-02-28,1.5996,1.6188,1.5644,1.5804,745749
1992-03-02,1.5836,1.6092,1.558,1.574,446304
1992-03-03,1.5804,1.6028,1.5676,1.5772,354907
1992-03-04,1.5772,1.59,1.558,1.5676,423390
1992-03-05,1.5677,1.5772,1.526,1.5516,712655
1992-03-06,1.5452,1.5612,1.494,1.5132,791694
1992-03-09,1.5197,1.5421,1.5133,1.5229,389386
1992-03-10,1.5293,1.5709,1.5261,1.5581,582015
1992-03-11,1.5644,1.5772,1.526,1.5388,505890
1992-03-12,1.5388,1.5549,1.5165,1.55,640172
1992-03-13,1.5676,1.574,1.542,1.5484,470454
1992-03-16,1.5484,1.59,1.542,1.59,705525
1992-03-17,1.6044,1.6476,1.5964,1.638,1208937
1992-03-18,1.6444,1.6508,1.6124,1.6172,885934
1992-03-19,1.6252,1.6668,1.6156,1.6317,1427865
1992-03-20,1.6316,1.6508,1.6316,1.6444,457792
1992-03-23,1.6444,1.654,1.6348,1.6444,484266
1992-03-24,1.6509,1.662,1.6188,1.6317,898735
1992-03-25,1.6316,1.654,1.6252,1.6444,470139
1992-03-26,1.6477,1.6509,1.5901,1.5997,773006
1992-03-27,1.5932,1.5996,1.5292,1.5516,1151354
1992-03-30,1.5548,1.5612,1.5356,1.5356,520998
1992-03-31,1.5421,1.5613,1.5069,1.5165,1109549
1992-04-01,1.5004,1.5452,1.4972,1.542,949561
1992-04-02,1.5421,1.5549,1.4941,1.4973,728400
1992-04-03,1.5036,1.526,1.494,1.5036,761832
1992-04-06,1.5068,1.5565,1.5068,1.5516,513453
1992-04-07,1.5613,1.5677,1.4813,1.4845,931094
1992-04-08,1.4812,1.5036,1.4492,1.5004,1348603
1992-04-09,1.5132,1.5388,1.4924,1.5356,895869
1992-04-10,1.5516,1.5613,1.4589,1.4845,1618142
1992-04-13,1.494,1.5116,1.462,1.5036,582907
1992-04-14,1.5133,1.5389,1.4909,1.4973,931722
1992-04-15,1.6476,1.654,1.6188,1.6492,2857579
1992-04-16,1.6509,1.6509,1.6252,1.6333,849657
1992-04-20,1.5932,1.5996,1.4781,1.5116,2893555
1992-04-21,1.5133,1.5165,1.4781,1.4861,1270044
1992-04-22,1.4908,1.5164,1.4652,1.5052,790703
1992-04-23,1.5165,1.5229,1.4365,1.4813,1475935
1992-04-24,1.4844,1.494,1.4332,1.4364,1156720
1992-04-27,1.4397,1.4909,1.4397,1.4493,1274418
1992-04-28,1.4557,1.4653,1.3693,1.3949,2557910
1992-04-29,1.4013,1.4269,1.3853,1.4253,1757167
1992-04-30,1.4333,1.4429,1.4045,1.4109,1226849
1992-05-01,1.4141,1.4589,1.4109,1.4557,794498
1992-05-04,1.4525,1.4845,1.4397,1.4589,945981
1992-05-05,1.4557,1.5037,1.4493,1.4909,758186
1992-05-06,1.4973,1.5005,1.4781,1.4845,640058
1992-05-07,1.4845,1.4908,1.462,1.4716,519280
1992-05-08,1.4845,1.4973,1.4493,1.4653,765575
1992-05-11,1.4685,1.4749,1.4493,1.4589,526125
1992-05-12,1.4685,1.4749,1.4429,1.4621,638663
1992-05-13,1.4557,1.4621,1.4205,1.4429,823110
1992-05-14,1.4429,1.4461,1.3981,1.4173,925320
1992-05-15,1.4109,1.4269,1.4013,1.4077,522298
1992-05-18,1.4173,1.4525,1.4141,1.4429,480230
1992-05-19,1.4493,1.4653,1.4493,1.4653,655742
1992-05-20,1.4653,1.4973,1.4653,1.4941,752476
1992-05-21,1.4973,1.4973,1.4749,1.4925,621513
1992-05-22,1.4973,1.4973,1.4716,1.4813,473100
1992-05-26,1.4845,1.4973,1.4716,1.4781,489069
1992-05-27,1.4813,1.4877,1.4684,1.4716,398827
1992-05-28,1.4685,1.5293,1.4653,1.5229,802422
1992-05-29,1.5324,1.5645,1.5292,1.5484,1150673
1992-06-01,1.542,1.59,1.5356,1.59,876961
1992-06-02,1.59,1.5932,1.5644,1.5724,544949
1992-06-03,1.5676,1.59,1.5676,1.574,360741
1992-06-04,1.5772,1.5804,1.5676,1.5692,534321
1992-06-05,1.5676,1.574,1.5452,1.5484,523893
1992-06-08,1.5452,1.5484,1.5132,1.5132,514794
1992-06-09,1.5164,1.5228,1.4588,1.4716,1082662
1992-06-10,1.4748,1.4781,1.4333,1.4397,837665
1992-06-11,1.4397,1.4749,1.3757,1.3821,1673017
1992-06-12,1.4109,1.4461,1.3933,1.4397,1766363
1992-06-15,1.4397,1.4973,1.4397,1.4541,1054640
1992-06-16,1.4493,1.4685,1.3917,1.3965,1101401
1992-06-17,1.3917,1.4061,1.3725,1.3893,1344335
1992-06-18,1.4013,1.4349,1.3629,1.3869,1024235
1992-06-19,1.4109,1.4253,1.3965,1.4109,827535
1992-06-22,1.4061,1.4301,1.3725,1.4253,1038123
1992-06-23,1.4349,1.4541,1.3965,1.4109,1102233
1992-06-24,1.4157,1.4157,1.3773,1.3869,654505
1992-06-25,1.3869,1.3869,1.2765,1.3437,3173835
1992-06-26,1.3341,1.3389,1.2621,1.2813,2706277
1992-06-29,1.3149,1.3965,1.3101,1.3869,1746125
1992-06-30,1.3965,1.4013,1.3341,1.3437,1421404
1992-07-01,1.3485,1.3965,1.3341,1.3845,866426
1992-07-02,1.3965,1.4013,1.3197,1.3413,1546463
1992-07-06,1.3437,1.3485,1.3005,1.3341,695336
1992-07-07,1.3389,1.3389,1.2909,1.3053,1044179
1992-07-08,1.3053,1.3245,1.2573,1.3173,1793236
1992-07-09,1.3245,1.358,1.3101,1.3245,1174255
1992-07-10,1.3293,1.3437,1.2981,1.3341,554856
1992-07-13,1.3389,1.3677,1.3149,1.3437,674031
1992-07-14,1.3533,1.3725,1.3485,1.3653,789254
1992-07-15,1.3773,1.4061,1.3629,1.3725,1538964
1992-07-16,1.3629,1.3869,1.3581,1.3869,811820
1992-07-17,1.3773,1.3821,1.3389,1.3485,1149170
1992-07-20,1.3341,1.3485,1.3149,1.3293,934951
1992-07-21,1.3437,1.3965,1.3341,1.3773,881221
1992-07-22,1.3773,1.3773,1.3341,1.3437,1132701
1992-07-23,1.3389,1.3869,1.3197,1.3629,1313760
1992-07-24,1.3654,1.4157,1.363,1.3965,1463886
1992-07-27,1.3964,1.4109,1.3869,1.4013,585692
1992-07-28,1.4109,1.4301,1.3965,1.4205,870790
1992-07-29,1.4301,1.4349,1.3821,1.4205,2788664
1992-07-30,1.4109,1.4301,1.4013,1.4037,614933
1992-07-31,1.4109,1.4109,1.3869,1.3965,677856
1992-08-03,1.3965,1.4253,1.3821,1.4157,604991
1992-08-04,1.4205,1.4301,1.4109,1.4181,603334
1992-08-05,1.4157,1.4157,1.3677,1.3821,1154637
1992-08-06,1.3725,1.3821,1.3485,1.3725,71131
1992-08-07,1.3725,1.4157,1.3533,1.3581,1055938
1992-08-10,1.363,1.3917,1.3581,1.3605,807528
1992-08-11,1.3677,1.3797,1.3437,1.3701,641837
1992-08-12,1.3773,1.3916,1.358,1.3629,584337
1992-08-13,1.3677,1.3773,1.3533,1.3605,541853
1992-08-14,1.3629,1.3773,1.358,1.3629,651536
1992-08-17,1.3581,1.3629,1.3341,1.3341,1215426
1992-08-18,1.3245,1.3581,1.3053,1.3341,1272920
1992-08-19,1.3341,1.3533,1.3197,1.3293,526597
1992-08-20,1.3341,1.3581,1.3245,1.3509,701311
1992-08-21,1.3533,1.3605,1.3245,1.3389,1011807
1992-08-24,1.3365,1.3437,1.3196,1.3245,821555
1992-08-25,1.3197,1.3581,1.3149,1.3509,712613
1992-08-26,1.3485,1.3869,1.3485,1.3749,960090
1992-08-27,1.3821,1.4205,1.3821,1.4133,1689780
1992-08-28,1.4109,1.4301,1.4109,1.4277,949609
1992-08-31,1.4253,1.4397,1.4109,1.4301,492405
1992-09-01,1.4205,1.4325,1.4061,1.4301,591734
1992-09-02,1.4301,1.4541,1.4157,1.4469,1189277
1992-09-03,1.454,1.4828,1.4492,1.4708,1637259
1992-09-04,1.4637,1.4685,1.4493,1.4589,548731
1992-09-08,1.4588,1.4756,1.4445,1.4732,947777
1992-09-09,1.4733,1.5045,1.4685,1.4997,1170631
1992-09-10,1.5021,1.5165,1.4877,1.5165,1023183
1992-09-11,1.5068,1.5212,1.4972,1.5116,591151
1992-09-14,1.5308,1.574,1.5308,1.5692,1825461
1992-09-15,1.5645,1.5693,1.5357,1.5597,856419
1992-09-16,1.5308,1.5692,1.526,1.5428,685436
1992-09-17,1.5453,1.5645,1.5405,1.5573,452841
1992-09-18,1.5597,1.5645,1.5045,1.5333,1376045
1992-09-21,1.5117,1.5261,1.5021,1.5189,610644
1992-09-22,1.5165,1.5189,1.4877,1.4925,590808
1992-09-23,1.4925,1.5309,1.4877,1.5189,722809
1992-09-24,1.5212,1.5452,1.5212,1.5404,709328
1992-09-25,1.5404,1.5428,1.4588,1.5116,802698
1992-09-28,1.4685,1.5021,1.4637,1.4781,1014577
1992-09-29,1.4781,1.5165,1.4781,1.5116,756138
1992-09-30,1.5308,1.5452,1.5116,1.5452,1148703
1992-10-01,1.5357,1.5549,1.5261,1.5285,917665
1992-10-02,1.5212,1.5308,1.4972,1.5116,706445
1992-10-05,1.5068,1.5692,1.454,1.5692,1369510
1992-10-06,1.5788,1.6028,1.5596,1.5836,1426536
1992-10-07,1.5837,1.6173,1.5549,1.5573,1116315
1992-10-08,1.5789,1.6221,1.5693,1.6005,1142802
1992-10-09,1.6028,1.6028,1.5644,1.5812,771313
1992-10-12,1.5932,1.6124,1.5884,1.61,666088
1992-10-13,1.6268,1.6388,1.598,1.6172,1663146
1992-10-14,1.6196,1.6316,1.5932,1.6028,910919
1992-10-15,1.598,1.6268,1.5884,1.622,689930
1992-10-16,1.6268,1.6412,1.6076,1.6388,914546
1992-10-19,1.6316,1.694,1.6316,1.6868,1598593
1992-10-20,1.694,1.7228,1.67,1.6868,1615301
1992-10-21,1.694,1.7276,1.6844,1.7276,1159350
1992-10-22,1.7276,1.7324,1.694,1.7228,943925
1992-10-23,1.7324,1.7324,1.694,1.7012,883125
1992-10-26,1.6988,1.7324,1.6844,1.7276,770156
1992-10-27,1.7276,1.7324,1.6796,1.6892,942819
1992-10-28,1.694,1.7036,1.6748,1.6988,694361
1992-10-29,1.7036,1.7276,1.6988,1.7276,629123
1992-10-30,1.7252,1.7276,1.6988,1.7036,479863
1992-11-02,1.7084,1.7276,1.6844,1.7204,596808
1992-11-03,1.718,1.7228,1.682,1.694,676973
1992-11-04,1.694,1.7228,1.6892,1.6988,454123
1992-11-05,1.7084,1.7708,1.694,1.7636,1734546
1992-11-06,1.7612,1.79,1.7517,1.7804,1173931
1992-11-09,1.7804,1.7804,1.7372,1.7636,1051858
1992-11-10,1.766,1.79,1.7564,1.7828,743084
1992-11-11,1.7804,1.8236,1.7708,1.7996,1166113
1992-11-12,1.7996,1.8092,1.766,1.7948,901423
1992-11-13,1.7948,1.7996,1.7756,1.79,495458
1992-11-16,1.7853,1.7948,1.7708,1.7804,370712
1992-11-17,1.7828,1.8044,1.7132,1.7276,1087421
1992-11-18,1.7372,1.7756,1.7252,1.766,638708
1992-11-19,1.7708,1.8236,1.7708,1.8044,899467
1992-11-20,1.8044,1.8236,1.7996,1.8236,789195
1992-11-23,1.7324,1.7612,1.6748,1.6988,5948441
1992-11-24,1.7516,1.7804,1.7132,1.7564,2793201
1992-11-25,1.766,1.7756,1.7324,1.7492,1020269
1992-11-27,1.7564,1.7756,1.7468,1.7612,337719
1992-11-30,1.7756,1.79,1.7612,1.7876,676661
1992-12-01,1.7804,1.7948,1.766,1.7876,644843
1992-12-02,1.7852,1.7948,1.7372,1.742,957520
1992-12-03,1.742,1.7756,1.7372,1.7588,500005
1992-12-04,1.7564,1.7756,1.7516,1.7612,452032
1992-12-07,1.766,1.7948,1.7468,1.7924,891102
1992-12-08,1.7996,1.8044,1.7564,1.7756,516537
1992-12-09,1.7612,1.79,1.7516,1.766,500008
1992-12-10,1.7276,1.7612,1.6988,1.7084,1714051
1992-12-11,1.6988,1.7084,1.646,1.658,2167833
1992-12-14,1.6652,1.694,1.6604,1.6724,984448
1992-12-15,1.6748,1.6844,1.6412,1.658,869357
1992-12-16,1.6604,1.694,1.6364,1.67,1416441
1992-12-17,1.6748,1.7324,1.67,1.7276,995466
1992-12-18,1.7084,1.7324,1.6988,1.7276,1427904
1992-12-21,1.7228,1.766,1.7132,1.7372,1246342
1992-12-22,1.7468,1.7564,1.67,1.6844,1092753
1992-12-23,1.6892,1.694,1.6508,1.6748,1151218
1992-12-24,1.6748,1.6748,1.6508,1.6748,628127
1992-12-28,1.6748,1.6844,1.6508,1.6796,877822
1992-12-29,1.6748,1.6796,1.6556,1.6604,1152409
1992-12-30,1.6652,1.67,1.6364,1.6484,976288
1992-12-31,1.6508,1.6556,1.6364,1.6388,592192
1993-01-04,1.6317,1.6461,1.6221,1.6341,1394532
1993-01-05,1.6317,1.6652,1.6268,1.6604,1373050
1993-01-06,1.67,1.7132,1.6652,1.7084,1678425
1993-01-07,1.7084,1.7252,1.67,1.6748,1127692
1993-01-08,1.6748,1.694,1.6556,1.6724,844154
1993-01-11,1.6748,1.7132,1.6556,1.7108,1120017
1993-01-12,1.7084,1.7516,1.7036,1.7228,1634102
1993-01-13,1.718,1.7708,1.694,1.7516,1606575
1993-01-14,1.7708,1.8044,1.7372,1.7516,2327707
1993-01-15,1.6796,1.7468,1.67,1.7228,3492775
1993-01-18,1.718,1.7228,1.694,1.7132,971495
1993-01-19,1.7084,1.7132,1.694,1.6964,1016599
1993-01-20,1.6988,1.7084,1.6844,1.6964,920775
1993-01-21,1.6844,1.7276,1.6652,1.718,1408233
1993-01-22,1.7228,1.7324,1.7036,1.7156,942259
1993-01-25,1.7132,1.7324,1.6844,1.6988,952289
1993-01-26,1.6988,1.7276,1.6796,1.6892,812843
1993-01-27,1.6796,1.6844,1.6412,1.6556,1232194
1993-01-28,1.6556,1.6724,1.6268,1.67,1478602
1993-01-29,1.6796,1.6892,1.646,1.6604,756765
1993-02-01,1.6556,1.6892,1.6412,1.6796,822601
1993-02-02,1.6772,1.718,1.6748,1.7084,1350786
1993-02-03,1.718,1.7324,1.6892,1.6964,1376862
1993-02-04,1.6845,1.6845,1.6221,1.6317,2384433
1993-02-05,1.6268,1.718,1.5788,1.7084,3401690
1993-02-08,1.6988,1.7084,1.6316,1.646,1778739
1993-02-09,1.6652,1.6748,1.6028,1.61,1239057
1993-02-10,1.622,1.6556,1.6124,1.6412,752327
1993-02-11,1.6556,1.6604,1.6268,1.6364,607239
1993-02-12,1.6364,1.6364,1.598,1.6052,667067
1993-02-16,1.5908,1.6076,1.5308,1.538,1750221
1993-02-17,1.5548,1.5596,1.4828,1.5404,2340145
1993-02-18,1.5597,1.5885,1.5165,1.5669,2659700
1993-02-19,1.5717,1.5741,1.5261,1.5309,1863838
1993-02-22,1.5308,1.5548,1.4732,1.4732,1463741
1993-02-23,1.4973,1.5453,1.4733,1.5261,2034288
1993-02-24,1.5165,1.6124,1.5116,1.61,1488564
1993-02-25,1.5836,1.6316,1.5836,1.6196,1167203
1993-02-26,1.6173,1.6317,1.5933,1.6005,572691
1993-03-01,1.6077,1.6077,1.5597,1.5645,507392
1993-03-02,1.5692,1.6268,1.5597,1.6244,736739
1993-03-03,1.6268,1.6412,1.6028,1.6268,812970
1993-03-04,1.6268,1.6268,1.5692,1.6076,1087581
1993-03-05,1.6028,1.6316,1.5836,1.5884,685753
1993-03-08,1.586,1.622,1.574,1.6052,921794
1993-03-09,1.6124,1.6316,1.6076,1.6172,792998
1993-03-10,1.6221,1.6461,1.6029,1.6317,510463
1993-03-11,1.6364,1.6844,1.6317,1.6604,1109104
1993-03-12,1.6508,1.7132,1.6364,1.7084,1412395
1993-03-15,1.7132,1.7132,1.67,1.682,678500
1993-03-16,1.694,1.7036,1.67,1.6844,697482
1993-03-17,1.6652,1.6796,1.6364,1.6388,760986
1993-03-18,1.646,1.6651,1.6316,1.6364,660432
1993-03-19,1.646,1.646,1.6124,1.6172,871561
1993-03-22,1.5981,1.6125,1.5837,1.6005,654267
1993-03-23,1.6029,1.6317,1.5933,1.5957,660529
1993-03-24,1.598,1.6652,1.5933,1.6556,970829
1993-03-25,1.6604,1.694,1.658,1.6772,841395
1993-03-26,1.6892,1.694,1.6508,1.6628,544787
1993-03-29,1.6651,1.6987,1.6651,1.67,926399
1993-03-30,1.6988,1.7516,1.6748,1.7468,2702264
1993-03-31,1.7516,1.8092,1.742,1.7756,3448740
1993-04-01,1.7756,1.8187,1.7756,1.7852,1927461
1993-04-02,1.7612,1.766,1.7228,1.7228,1406090
1993-04-05,1.7036,1.7708,1.6892,1.7564,1174516
1993-04-06,1.7612,1.7852,1.7132,1.7228,1069172
1993-04-07,1.7276,1.7372,1.7132,1.7324,756647
1993-04-08,1.7276,1.7324,1.694,1.7084,771369
1993-04-12,1.7036,1.7516,1.6988,1.73,940124
1993-04-13,1.7324,1.7708,1.7036,1.706,1023858
1993-04-14,1.7084,1.7324,1.6844,1.7084,740780
1993-04-15,1.6892,1.7252,1.6508,1.6724,2095184
1993-04-16,1.6748,1.6844,1.6412,1.67,952074
1993-04-19,1.67,1.6748,1.6316,1.67,876707
1993-04-20,1.6652,1.6796,1.6317,1.6652,883184
1993-04-21,1.6652,1.6652,1.6172,1.6292,1776131
1993-04-22,1.6221,1.6317,1.5909,1.5981,1533232
1993-04-23,1.5933,1.5981,1.5501,1.5621,1714133
1993-04-26,1.5644,1.5836,1.5308,1.5428,1254903
1993-04-27,1.5452,1.5884,1.5404,1.5836,1117322
1993-04-28,1.5932,1.6508,1.5884,1.6508,1062900
1993-04-29,1.646,1.646,1.6124,1.6412,953246
1993-04-30,1.6316,1.6652,1.6316,1.6412,898824
1993-05-03,1.6412,1.67,1.6316,1.6532,731268
1993-05-04,1.6652,1.6988,1.6604,1.6892,953323
1993-05-05,1.6892,1.7276,1.6796,1.7132,995635
1993-05-06,1.7084,1.7228,1.6652,1.6748,906871
1993-05-07,1.6748,1.6844,1.6604,1.67,610372
1993-05-10,1.6988,1.7276,1.6892,1.7108,1326220
1993-05-11,1.694,1.7036,1.6748,1.6844,733662
1993-05-12,1.6796,1.6892,1.646,1.6556,926603
1993-05-13,1.646,1.6508,1.622,1.646,839001
1993-05-14,1.6508,1.6652,1.6268,1.6412,942804
1993-05-17,1.646,1.6628,1.6364,1.6604,532930
1993-05-18,1.6652,1.7036,1.6604,1.6988,1615998
1993-05-19,1.742,1.7852,1.718,1.7756,3474785
1993-05-20,1.7708,1.8284,1.766,1.8068,2884283
1993-05-21,1.7948,1.8092,1.766,1.7756,1449301
1993-05-24,1.7708,1.8044,1.766,1.7684,1233377
1993-05-25,1.7612,1.766,1.7276,1.7516,704792
1993-05-26,1.7564,1.8284,1.7516,1.8284,1679320
1993-05-27,1.8236,1.8332,1.7852,1.8068,1824614
1993-05-28,1.7948,1.7996,1.7612,1.778,674467
1993-06-01,1.7853,1.8812,1.7804,1.8476,3322584
1993-06-02,1.838,1.8716,1.8284,1.838,1357339
1993-06-03,1.838,1.8428,1.814,1.8164,459475
1993-06-04,1.8044,1.814,1.7948,1.8044,626795
1993-06-07,1.8092,1.838,1.7852,1.79,1012783
1993-06-08,1.7852,1.79,1.742,1.7708,923914
1993-06-09,1.7803,1.7852,1.7419,1.7468,1199320
1993-06-10,1.7516,1.7756,1.718,1.7492,1085380
1993-06-11,1.7612,1.7756,1.7084,1.7156,1296497
1993-06-14,1.7468,1.7708,1.7324,1.7708,777228
1993-06-15,1.7852,1.7852,1.7564,1.7756,812859
1993-06-16,1.7803,1.79,1.7132,1.7516,1285444
1993-06-17,1.7564,1.7612,1.7372,1.7444,539082
1993-06-18,1.7372,1.7516,1.67,1.6796,1457119
1993-06-21,1.7036,1.7132,1.6701,1.7012,1307273
1993-06-22,1.7132,1.7228,1.6748,1.6892,788211
1993-06-23,1.6892,1.7132,1.6844,1.7012,635946
1993-06-24,1.694,1.718,1.6748,1.6988,686867
1993-06-25,1.6988,1.7132,1.6652,1.6988,873110
1993-06-28,1.7036,1.7324,1.6988,1.7324,1002474
1993-06-29,1.7324,1.7612,1.6988,1.7084,813138
1993-06-30,1.7132,1.7324,1.6748,1.6892,1083054
1993-07-01,1.694,1.6988,1.6604,1.6724,1111535
1993-07-02,1.6748,1.6796,1.6604,1.6748,487649
1993-07-06,1.6652,1.6844,1.6364,1.6508,916033
1993-07-07,1.5765,1.6173,1.5597,1.6005,3504637
1993-07-08,1.6124,1.6412,1.6124,1.6292,1345719
1993-07-09,1.6316,1.6316,1.6028,1.6244,959775
1993-07-12,1.6268,1.6268,1.6028,1.6076,509454
1993-07-13,1.6124,1.6124,1.5836,1.5884,700188
1993-07-14,1.5932,1.6412,1.5836,1.6172,834829
1993-07-15,1.6172,1.6172,1.5884,1.6028,660923
1993-07-16,1.5981,1.5981,1.5501,1.5573,1655031
1993-07-19,1.526,1.5404,1.4972,1.5116,2350170
1993-07-20,1.5212,1.5452,1.4972,1.5452,1436233
1993-07-21,1.5069,1.5165,1.4733,1.5165,3435344
1993-07-22,1.5501,1.5693,1.4733,1.4901,2833021
1993-07-23,1.4781,1.5021,1.4733,1.4901,1781203
1993-07-26,1.502,1.5212,1.4924,1.502,1263061
1993-07-27,1.5069,1.5116,1.4493,1.4493,2154171
1993-07-28,1.4588,1.526,1.4348,1.502,2177848
1993-07-29,1.4973,1.55,1.4877,1.5165,1853056
1993-07-30,1.4013,1.4253,1.3821,1.4205,5527204
1993-08-02,1.4349,1.4541,1.3869,1.3965,2845029
1993-08-03,1.4013,1.4061,1.3821,1.4013,1634226
1993-08-04,1.4061,1.4157,1.3773,1.4013,1812359
1993-08-05,1.4108,1.4397,1.4061,1.4348,1303537
1993-08-06,1.4348,1.4565,1.3965,1.4061,1377476
1993-08-09,1.4061,1.4205,1.3869,1.4013,1360513
1993-08-10,1.4013,1.4061,1.3509,1.3629,3686059
1993-08-11,1.3677,1.4013,1.3653,1.3893,1842326
1993-08-12,1.3917,1.4301,1.3869,1.4205,1485121
1993-08-13,1.4205,1.4541,1.4013,1.4445,1188230
1993-08-16,1.4541,1.5021,1.4493,1.4925,1505953
1993-08-17,1.4973,1.5069,1.4589,1.4829,1041795
1993-08-18,1.4925,1.5213,1.4685,1.4829,1267170
1993-08-19,1.4829,1.4949,1.4157,1.4253,2202602
1993-08-20,1.4109,1.4733,1.4061,1.4637,1414435
1993-08-23,1.4493,1.5021,1.4493,1.4781,1141607
1993-08-24,1.4685,1.4781,1.4541,1.4565,756660
1993-08-25,1.4397,1.4589,1.3989,1.4253,1320689
1993-08-26,1.4109,1.4157,1.3725,1.3845,2615556
1993-08-27,1.3869,1.3917,1.3677,1.3797,1300767
1993-08-30,1.3917,1.4061,1.3773,1.3941,1036837
1993-08-31,1.4157,1.4493,1.4109,1.4421,1785595
1993-09-01,1.4445,1.4828,1.4397,1.4732,1651453
1993-09-02,1.4828,1.5068,1.4612,1.4708,1065278
1993-09-03,1.4685,1.4733,1.4445,1.4541,514451
1993-09-07,1.454,1.4636,1.4252,1.4348,742062
1993-09-08,1.4205,1.4349,1.4061,1.4301,1051521
1993-09-09,1.4397,1.4685,1.4301,1.4637,573121
1993-09-10,1.4781,1.5021,1.4637,1.4973,1085366
1993-09-13,1.5069,1.5069,1.4637,1.4661,642720
1993-09-14,1.4589,1.4637,1.4253,1.4445,1108683
1993-09-15,1.454,1.4732,1.4276,1.4684,1159929
1993-09-16,1.4733,1.4829,1.4541,1.4589,492218
1993-09-17,1.4493,1.4685,1.4445,1.4589,485399
1993-09-20,1.4637,1.4925,1.4397,1.4517,665928
1993-09-21,1.4493,1.4853,1.4349,1.4589,1110423
1993-09-22,1.4589,1.4973,1.4445,1.4829,1383082
1993-09-23,1.4829,1.5212,1.4732,1.5116,1386171
1993-09-24,1.5068,1.55,1.5068,1.5356,1755989
1993-09-27,1.5692,1.5836,1.5596,1.5788,1410312
1993-09-28,1.5788,1.6172,1.5788,1.6124,1612646
1993-09-29,1.6077,1.6125,1.5501,1.5933,1680220
1993-09-30,1.5884,1.598,1.5788,1.5836,737101
1993-10-01,1.5836,1.598,1.574,1.574,883897
1993-10-04,1.5836,1.6124,1.5836,1.586,777521
1993-10-05,1.5885,1.6268,1.5837,1.5981,1668742
1993-10-06,1.5981,1.6412,1.5933,1.6292,1484235
1993-10-07,1.6316,1.646,1.6076,1.6148,798463
1993-10-08,1.6172,1.6268,1.5788,1.622,731086
1993-10-11,1.622,1.6268,1.5788,1.6124,699812
1993-10-12,1.6172,1.6364,1.5788,1.6172,1522114
1993-10-13,1.6077,1.6173,1.5597,1.5981,1198022
1993-10-14,1.6076,1.6124,1.574,1.5764,1214241
1993-10-15,1.5788,1.5932,1.5404,1.55,2426781
1993-10-18,1.5549,1.5981,1.5501,1.5933,1300538
1993-10-19,1.574,1.6124,1.526,1.5404,1754280
1993-10-20,1.5453,1.5693,1.5213,1.5549,1566203
1993-10-21,1.5117,1.5357,1.4973,1.5261,2440630
1993-10-22,1.5212,1.55,1.5212,1.5428,914181
1993-10-25,1.5452,1.5596,1.5165,1.5452,931997
1993-10-26,1.5453,1.5501,1.5213,1.5261,1285059
1993-10-27,1.5261,1.5453,1.5261,1.5333,874671
1993-10-28,1.5309,1.5452,1.5116,1.5165,1075150
1993-10-29,1.526,1.5404,1.5212,1.538,764792
1993-11-01,1.5404,1.5644,1.5308,1.5524,578994
1993-11-02,1.5596,1.5644,1.526,1.5404,814303
1993-11-03,1.5356,1.5452,1.4924,1.5068,1090220
1993-11-04,1.5116,1.5164,1.4684,1.4684,1212692
1993-11-05,1.4636,1.5165,1.4588,1.5116,1083224
1993-11-08,1.5164,1.526,1.4924,1.5068,553187
1993-11-09,1.5164,1.5356,1.4972,1.502,697162
1993-11-10,1.5357,1.5669,1.5165,1.5621,1097586
1993-11-11,1.5597,1.5837,1.5549,1.5669,598122
1993-11-12,1.5692,1.5836,1.5692,1.5716,659143
1993-11-15,1.574,1.574,1.5452,1.5452,561360
1993-11-16,1.5548,1.5884,1.5452,1.5788,914921
1993-11-17,1.5884,1.5932,1.55,1.55,1386241
1993-11-18,1.55,1.5644,1.5356,1.5404,929780
1993-11-19,1.5308,1.5404,1.526,1.538,737152
1993-11-22,1.5309,1.5309,1.4685,1.4781,1542475
1993-11-23,1.4925,1.5069,1.4829,1.4853,1886110
1993-11-24,1.4876,1.5308,1.4876,1.5116,623215
1993-11-26,1.5165,1.5213,1.5116,1.5165,122915
1993-11-29,1.5165,1.5357,1.5165,1.5261,616300
1993-11-30,1.5068,1.5452,1.502,1.5356,847528
1993-12-01,1.5453,1.5789,1.5453,1.5645,1130391
1993-12-02,1.574,1.5933,1.5692,1.5908,996937
1993-12-03,1.6076,1.6604,1.6028,1.646,2197902
1993-12-06,1.6317,1.6412,1.6124,1.6292,1139021
1993-12-07,1.6316,1.6508,1.6316,1.6412,629232
1993-12-08,1.5932,1.6076,1.5788,1.6028,2032769
1993-12-09,1.6029,1.6029,1.5453,1.5573,1179892
1993-12-10,1.5596,1.5788,1.55,1.5716,382304
1993-12-13,1.5645,1.5741,1.5501,1.5621,386072
1993-12-14,1.5548,1.5644,1.5212,1.5356,910119
1993-12-15,1.5357,1.5549,1.5309,1.5309,676073
1993-12-16,1.5356,1.5548,1.5308,1.5356,558836
1993-12-17,1.5452,1.5452,1.5308,1.5452,501226
1993-12-20,1.5548,1.574,1.5452,1.574,680705
1993-12-21,1.574,1.5836,1.5644,1.5836,595209
1993-12-22,1.5789,1.5837,1.5549,1.5573,463959
1993-12-23,1.5549,1.5788,1.55,1.5524,610813
1993-12-27,1.55,1.5596,1.5308,1.5452,471005
1993-12-28,1.5452,1.5933,1.5452,1.5884,533173
1993-12-29,1.5885,1.6029,1.5453,1.5645,940395
1993-12-30,1.5693,1.5789,1.5501,1.5597,486197
1993-12-31,1.5548,1.5644,1.5404,1.5476,441399
1994-01-03,1.5452,1.55,1.5212,1.538,703430
1994-01-04,1.5404,1.55,1.5212,1.5452,869590
1994-01-05,1.5404,1.5836,1.5356,1.5788,1036051
1994-01-06,1.586,1.6268,1.5836,1.6244,1574154
1994-01-07,1.6172,1.646,1.598,1.6364,1359623
1994-01-10,1.6316,1.6604,1.6316,1.646,1424011
1994-01-11,1.6316,1.6508,1.6196,1.6364,678737
1994-01-12,1.6316,1.646,1.6076,1.6412,757978
1994-01-13,1.6268,1.6412,1.6124,1.6388,782300
1994-01-14,1.6412,1.6508,1.6268,1.6436,867930
1994-01-17,1.6364,1.6508,1.622,1.6268,590363
1994-01-18,1.6364,1.6412,1.6124,1.6244,838582
1994-01-19,1.6077,1.6173,1.5837,1.5981,1469716
1994-01-20,1.598,1.658,1.598,1.6556,2783433
1994-01-21,1.6556,1.67,1.6316,1.6556,1901855
1994-01-24,1.6508,1.67,1.6316,1.6364,736598
1994-01-25,1.6365,1.6389,1.6125,1.6341,1350673
1994-01-26,1.6316,1.6316,1.6124,1.6172,969165
1994-01-27,1.6124,1.6268,1.598,1.6172,981450
1994-01-28,1.622,1.6412,1.6172,1.6292,803820
1994-01-31,1.6365,1.6485,1.6269,1.6341,1201035
1994-02-01,1.6317,1.6461,1.6221,1.6341,844692
1994-02-02,1.6268,1.6412,1.6124,1.6124,785561
1994-02-03,1.6172,1.622,1.6028,1.622,610262
1994-02-04,1.6125,1.622,1.5597,1.5597,1501467
1994-02-07,1.5308,1.5596,1.526,1.55,2281388
1994-02-08,1.5452,1.5452,1.4972,1.5116,2876886
1994-02-09,1.5069,1.5405,1.4973,1.5285,1892458
1994-02-10,1.5309,1.5501,1.5165,1.5237,1278851
1994-02-11,1.5212,1.526,1.4972,1.5116,1031689
1994-02-14,1.5165,1.5261,1.5117,1.5189,1060963
1994-02-15,1.5309,1.5405,1.5213,1.5309,554323
1994-02-16,1.5404,1.5404,1.5116,1.5116,839430
1994-02-17,1.5164,1.526,1.4972,1.5092,1631926
1994-02-18,1.5068,1.55,1.5068,1.5356,1525342
1994-02-22,1.5357,1.5405,1.5069,1.5261,1213865
1994-02-23,1.5309,1.5741,1.5021,1.5549,2677109
1994-02-24,1.5357,1.5501,1.5213,1.5333,1584715
1994-02-25,1.5405,1.5597,1.5309,1.5549,1017291
1994-02-28,1.5596,1.5932,1.5549,1.5836,1065234
1994-03-01,1.5933,1.5981,1.5789,1.5981,922765
1994-03-02,1.5692,1.5933,1.5549,1.5884,1314873
1994-03-03,1.5933,1.5981,1.5453,1.5549,605915
1994-03-04,1.5549,1.5645,1.5453,1.5549,493443
1994-03-07,1.5597,1.5789,1.5501,1.5597,586262
1994-03-08,1.5597,1.5597,1.5309,1.5549,474584
1994-03-09,1.5596,1.5692,1.5356,1.5524,710690
1994-03-10,1.5644,1.5788,1.5452,1.5524,894290
1994-03-11,1.5548,1.5788,1.55,1.5692,669092
1994-03-14,1.5836,1.6172,1.5788,1.61,1328368
1994-03-15,1.6124,1.6364,1.6028,1.6292,1208064
1994-03-16,1.6317,1.6364,1.622,1.6268,792515
1994-03-17,1.6268,1.6364,1.622,1.622,594905
1994-03-18,1.622,1.6317,1.6028,1.6268,707502
1994-03-21,1.6317,1.6389,1.5933,1.5981,1249253
1994-03-22,1.5788,1.646,1.5788,1.6268,1708865
1994-03-23,1.6364,1.6796,1.6316,1.6556,2235149
1994-03-24,1.646,1.6748,1.6316,1.6748,1154903
1994-03-25,1.67,1.7132,1.67,1.6796,1958899
1994-03-28,1.6796,1.6892,1.6076,1.658,2272809
1994-03-29,1.6604,1.6604,1.5836,1.5836,1503747
1994-03-30,1.5884,1.6316,1.5836,1.6052,1667300
1994-03-31,1.6028,1.646,1.5836,1.6268,1387792
1994-04-04,1.5836,1.646,1.574,1.622,1420402
1994-04-05,1.6364,1.6844,1.6316,1.6844,1955592
1994-04-06,1.6796,1.7132,1.6748,1.7084,1550600
1994-04-07,1.7132,1.73,1.7036,1.7228,1470956
1994-04-08,1.7228,1.7276,1.6651,1.67,2278652
1994-04-11,1.67,1.6748,1.6508,1.67,775480
1994-04-12,1.6652,1.6652,1.6124,1.6268,1631038
1994-04-13,1.6268,1.6412,1.5933,1.6292,1336874
1994-04-14,1.622,1.6364,1.6076,1.6148,1019040
1994-04-15,1.6028,1.6364,1.6028,1.6292,676484
1994-04-18,1.6268,1.6461,1.5789,1.5933,1497412
1994-04-19,1.67,1.718,1.646,1.6916,5591144
1994-04-20,1.6988,1.7204,1.67,1.718,2010384
1994-04-21,1.718,1.7612,1.7132,1.7564,2725387
1994-04-22,1.766,1.7804,1.742,1.7612,1268074
1994-04-25,1.766,1.8092,1.7564,1.7996,2740095
1994-04-26,1.814,1.8284,1.8044,1.8224,2172838
1994-04-28,1.8284,1.8284,1.7612,1.7684,2713934
1994-04-29,1.766,1.7948,1.7516,1.7756,1090385
1994-05-02,1.7804,1.8344,1.766,1.8332,1521463
1994-05-03,1.8284,1.8332,1.79,1.7948,804862
1994-05-04,1.7996,1.8284,1.7804,1.826,1322371
1994-05-05,1.8284,1.8476,1.8044,1.8116,1082156
1994-05-06,1.79,1.8092,1.7444,1.7756,1850541
1994-05-09,1.7612,1.7972,1.7588,1.7708,913718
1994-05-10,1.7852,1.814,1.7804,1.8044,1253590
1994-05-11,1.8044,1.8092,1.7804,1.7948,1102470
1994-05-12,1.7948,1.8293,1.79,1.814,1132529
1994-05-13,1.8716,1.8716,1.814,1.8524,3453747
1994-05-16,1.8476,1.8571,1.8187,1.8236,1087108
1994-05-17,1.8236,1.8284,1.7948,1.8164,2350816
1994-05-18,1.8284,1.8716,1.8188,1.8632,1861111
1994-05-19,1.8668,1.9004,1.862,1.8884,1720949
1994-05-20,1.8812,1.9052,1.8668,1.8764,1499977
1994-05-23,1.8812,1.958,1.862,1.9412,2877340
1994-05-24,1.9675,1.9915,1.9291,1.9627,3268710
1994-05-25,1.958,2.0252,1.9292,2.0156,3301817
1994-05-26,2.0251,2.0251,1.9675,1.9963,2468348
1994-05-27,1.9867,2.0251,1.9675,2.0107,1825257
1994-05-31,2.0059,2.0641,1.9915,2.0635,2917671
1994-06-01,2.0539,2.0539,2.0107,2.0347,3868418
1994-06-02,2.0443,2.0491,1.9963,2.0059,2314623
1994-06-03,2.0155,2.0539,2.0059,2.0299,3333884
1994-06-06,2.0203,2.0971,1.9867,2.0923,29349509
1994-06-07,2.0731,2.0827,2.0539,2.0587,6379353
1994-06-08,2.0587,2.0587,1.9819,1.9963,7825312
1994-06-09,1.9915,2.0179,1.9867,2.0059,3046565
1994-06-10,2.006,2.0348,1.9916,2.018,2062657
1994-06-13,2.0203,2.0491,1.9915,2.0299,2174002
1994-06-14,2.0396,2.078,2.0348,2.0564,2274712
1994-06-15,2.0587,2.0971,2.0443,2.0827,2259729
1994-06-16,2.0828,2.0828,2.054,2.0564,1861184
1994-06-17,2.0539,2.0587,2.0299,2.0347,1828251
1994-06-20,2.0156,2.054,2.0108,2.054,1753314
1994-06-21,2.0012,2.0491,1.9964,2.0204,3339916
1994-06-22,2.0252,2.0348,1.9676,1.9772,3183619
1994-06-23,1.9771,2.0059,1.9195,1.9243,3300757
1994-06-24,1.9196,1.9339,1.8908,1.9004,3127140
1994-06-27,1.9099,2.0011,1.8955,1.9915,2923860
1994-06-28,1.9963,2.0251,1.9267,1.9699,3816704
1994-06-29,1.9723,1.9915,1.9531,1.9723,2051416
1994-06-30,1.9868,2.0012,1.958,1.982,1567430
1994-07-01,1.9819,1.9867,1.9141,1.9291,2557658
1994-07-05,1.934,1.958,1.8812,1.886,1552204
1994-07-06,1.8644,1.8812,1.8332,1.8548,3426665
1994-07-07,1.862,1.9388,1.8403,1.9339,3442371
1994-07-08,1.9148,1.9532,1.886,1.9004,1879085
1994-07-11,1.9051,1.9051,1.8331,1.8571,3278764
1994-07-12,1.8524,1.8524,1.7996,1.8428,3215379
1994-07-13,1.8524,1.9004,1.838,1.9004,3184819
1994-07-14,1.8956,1.9052,1.8572,1.8716,3126848
1994-07-15,1.8716,1.8955,1.8428,1.8668,1747572
1994-07-18,1.9772,1.9868,1.9004,1.9388,5777886
1994-07-19,1.9435,1.9435,1.9051,1.9243,2692165
1994-07-20,1.9195,1.9195,1.8379,1.8571,4322914
1994-07-21,1.8668,1.8764,1.8236,1.8332,3291701
1994-07-22,1.862,1.9484,1.814,1.9412,5870714
1994-07-25,1.9435,1.9819,1.9291,1.9651,1977631
1994-07-26,1.9627,1.9675,1.9099,1.9339,2084944
1994-07-27,1.9339,1.9339,1.9004,1.9004,1124527
1994-07-28,1.9004,1.9291,1.8908,1.9004,1531782
1994-07-29,1.9148,1.982,1.9052,1.9772,2574697
1994-08-01,1.982,2.0587,1.9772,2.0491,3222331
1994-08-02,2.0635,2.0971,2.0203,2.0275,3656662
1994-08-03,2.0635,2.0731,2.0395,2.0491,2256289
1994-08-04,2.0539,2.0587,2.0251,2.0251,1542980
1994-08-05,2.0204,2.03,2.006,2.0156,1198008
1994-08-08,2.0107,2.0347,1.9963,2.0347,1325918
1994-08-09,2.0348,2.0684,2.0252,2.054,1543295
1994-08-10,2.0539,2.0875,2.0443,2.0779,1867579
1994-08-11,2.0683,2.1499,2.0683,2.1211,3126152
1994-08-12,2.1259,2.1355,2.1067,2.1211,1462245
1994-08-15,2.1307,2.1307,2.0875,2.0899,1386448
1994-08-16,2.1067,2.1163,2.0731,2.1067,2179796
1994-08-17,2.1259,2.1595,2.1163,2.1451,3063226
1994-08-18,2.1451,2.1642,2.1258,2.1307,2352443
1994-08-19,2.1451,2.1499,2.1019,2.1067,2870154
1994-08-22,2.1115,2.1115,2.0923,2.0971,2412270
1994-08-23,2.0971,2.1642,2.0923,2.1307,2240589
1994-08-24,2.1307,2.1499,2.1307,2.1403,1353136
1994-08-25,2.1451,2.1787,2.1403,2.1571,2118217
1994-08-26,2.1643,2.2171,2.1595,2.1835,2340381
1994-08-29,2.2027,2.2315,2.1883,2.1907,2173931
1994-08-30,2.1883,2.246,2.174,2.2411,1529960
1994-08-31,2.2411,2.2747,2.2171,2.2315,2340655
1994-09-01,2.1883,2.1883,2.1403,2.1547,4436797
1994-09-02,2.1691,2.1691,2.1403,2.1499,1803029
1994-09-06,2.1451,2.1595,2.1379,2.1499,1105847
1994-09-07,2.1595,2.2195,2.1547,2.1835,1673421
1994-09-08,2.1883,2.2267,2.1883,2.2243,1089453
1994-09-09,2.1547,2.2219,2.1451,2.1835,2334177
1994-09-12,2.1931,2.1931,2.1451,2.1547,1391237
1994-09-13,2.1643,2.2219,2.1643,2.2099,1579184
1994-09-14,2.2171,2.2315,2.2075,2.2123,1150499
1994-09-15,2.2123,2.2363,2.2027,2.2363,1560238
1994-09-16,2.2267,2.2315,2.1787,2.1835,2031717
1994-09-19,2.1931,2.1979,2.1739,2.1835,1856224
1994-09-20,2.1835,2.1931,2.1475,2.1499,1546270
1994-09-21,2.1619,2.2027,2.1115,2.1979,3184532
1994-09-22,2.1979,2.2075,2.1739,2.1883,1701499
1994-09-23,2.1835,2.2075,2.1499,2.1499,1857022
1994-09-26,2.1499,2.1499,2.1211,2.1331,1148706
1994-09-27,2.1307,2.1691,2.1067,2.1691,1942012
1994-09-28,2.1739,2.2075,2.1691,2.1883,1280547
1994-09-29,2.1835,2.1978,2.1642,2.1691,1040600
1994-09-30,2.1691,2.2075,2.1547,2.1547,1328644
1994-10-03,2.1547,2.1643,2.1307,2.1451,1106948
1994-10-04,2.1499,2.1547,2.1067,2.1115,1636313
1994-10-05,2.1067,2.1451,2.0779,2.1307,1957359
1994-10-06,2.1307,2.1451,2.0827,2.0923,1565954
1994-10-07,2.0971,2.1067,2.0683,2.0875,1977855
1994-10-10,2.0875,2.1259,2.0875,2.1019,1515660
1994-10-11,2.1163,2.1739,2.1163,2.1427,2138093
1994-10-12,2.1451,2.1691,2.1403,2.1595,1071580
1994-10-13,2.1739,2.2171,2.1739,2.1979,2419957
1994-10-14,2.1979,2.2027,2.1187,2.1475,3834431
1994-10-17,2.1499,2.1595,2.1115,2.1163,1196266
1994-10-18,2.1211,2.1787,2.1139,2.1739,2022671
1994-10-19,2.1739,2.2267,2.1595,2.2123,2283799
1994-10-20,2.2363,2.2987,2.2219,2.2891,5242645
1994-10-21,2.2747,2.2891,2.2411,2.2795,2576070
1994-10-24,2.2843,2.2843,2.2411,2.2603,2193898
1994-10-25,2.2555,2.2939,2.2411,2.2915,1719193
1994-10-26,2.2987,2.3467,2.2939,2.3419,3758711
1994-10-27,2.3467,2.3659,2.3323,2.3659,1583205
1994-10-28,2.3658,2.3946,2.3562,2.385,2242556
1994-10-31,2.3898,2.4474,2.3802,2.4186,2300849
1994-11-01,2.4091,2.4139,2.3851,2.4091,1521236
1994-11-02,2.409,2.4618,2.3994,2.4186,2357482
1994-11-03,2.4187,2.4283,2.3947,2.4043,2435628
1994-11-04,2.4043,2.4234,2.3539,2.3611,1802367
1994-11-07,2.3611,2.3803,2.3371,2.3755,1808039
1994-11-08,2.3755,2.4523,2.3683,2.4427,1663439
1994-11-09,2.4667,2.4811,2.4235,2.4475,2311439
1994-11-10,2.4379,2.4715,2.4379,2.4451,947879
1994-11-11,2.3898,2.4066,2.3322,2.3898,5102081
1994-11-14,2.4091,2.4763,2.4091,2.4763,1878678
1994-11-15,2.4763,2.5003,2.4667,2.4787,2017261
1994-11-16,2.4859,2.4907,2.4763,2.4811,1159313
1994-11-17,2.481,2.4858,2.4522,2.4666,1275806
1994-11-18,2.4618,2.4858,2.457,2.4618,986428
1994-11-21,2.4763,2.4859,2.433,2.4379,1365207
1994-11-22,2.4283,2.4523,2.3755,2.3803,2163708
1994-11-23,2.3659,2.3827,2.3443,2.3611,3359521
1994-11-25,2.3706,2.3946,2.3658,2.3898,482309
1994-11-28,2.3995,2.4379,2.3898,2.433,1668069
1994-11-29,2.4426,2.4714,2.4378,2.4618,1446318
1994-11-30,2.4667,2.4667,2.4091,2.4139,1571550
1994-12-01,2.4043,2.4343,2.3995,2.4019,1654523
1994-12-02,2.409,2.4282,2.3802,2.4282,1447915
1994-12-05,2.433,2.4666,2.4234,2.4306,1465240
1994-12-06,2.4282,2.4618,2.4186,2.433,1490734
1994-12-07,2.4378,2.4522,2.4186,2.4186,1410620
1994-12-08,2.4235,2.4475,2.3899,2.3995,1609925
1994-12-09,2.3994,2.4282,2.3898,2.4234,3069591
1994-12-12,2.4234,2.4378,2.3658,2.4234,2507429
1994-12-13,2.4331,2.4379,2.3899,2.4091,1160169
1994-12-14,2.3995,2.4426,2.3995,2.4282,1291526
1994-12-15,2.433,2.4619,2.4187,2.4379,1107768
1994-12-16,2.4426,2.4666,2.4264,2.433,2073907
1994-12-19,2.433,2.4427,2.3995,2.4043,1209613
1994-12-20,2.4043,2.4091,2.2555,2.2987,9730561
1994-12-21,2.3131,2.3659,2.3083,2.3611,2664177
1994-12-22,2.3611,2.3803,2.3131,2.3275,2201945
1994-12-23,2.3275,2.3563,2.3179,2.3371,748115
1994-12-27,2.3419,2.3659,2.3275,2.3323,789575
1994-12-28,2.3323,2.3419,2.3035,2.3419,1342239
1994-12-29,2.3371,2.3755,2.3275,2.3731,900148
1994-12-30,2.3755,2.3755,2.3467,2.3467,794191
1995-01-03,2.3611,2.3611,2.3083,2.3107,1518230
1995-01-04,2.3131,2.3323,2.2843,2.3275,1981425
1995-01-05,2.3371,2.3419,2.2795,2.2891,1528892
1995-01-06,2.2987,2.3515,2.2939,2.3275,1792171
1995-01-09,2.3371,2.3419,2.2939,2.3131,1766030
1995-01-10,2.3275,2.3611,2.3227,2.3419,1619520
1995-01-11,2.3466,2.3706,2.3322,2.3562,1209765
1995-01-12,2.3514,2.385,2.3418,2.3514,1036419
1995-01-13,2.3803,2.4187,2.3755,2.4091,1585857
1995-01-16,2.4282,2.4762,2.4186,2.4618,2865794
1995-01-17,2.4859,2.5003,2.4715,2.4811,2838421
1995-01-18,2.4906,2.505,2.4666,2.4978,1938891
1995-01-19,2.4763,2.4955,2.4354,2.4379,2576417
1995-01-20,2.4139,2.4379,2.3515,2.3659,3163031
1995-01-23,2.3419,2.4187,2.3227,2.4115,2067140
1995-01-24,2.4187,2.4235,2.3803,2.3809,1410481
1995-01-25,2.3659,2.3899,2.3419,2.3707,2013995
1995-01-26,2.3371,2.3419,2.2939,2.2987,3103448
1995-01-27,2.3083,2.3131,2.2939,2.2987,2241143
1995-01-30,2.3083,2.3083,2.2603,2.2651,2117861
1995-01-31,2.2699,2.2939,2.2363,2.2795,2301429
1995-02-01,2.2795,2.3323,2.2645,2.2699,2560940
1995-02-02,2.2555,2.2795,2.2411,2.2651,1777988
1995-02-03,2.2843,2.3227,2.2747,2.3083,2316285
1995-02-06,2.3083,2.3467,2.3083,2.3371,1856068
1995-02-07,2.3323,2.3467,2.3275,2.3419,1272765
1995-02-08,2.3515,2.3803,2.3419,2.3755,1886972
1995-02-09,2.3851,2.3995,2.3707,2.3755,1627751
1995-02-10,2.3803,2.4043,2.3611,2.3803,1914314
1995-02-13,2.3803,2.4091,2.3659,2.3803,1465036
1995-02-14,2.3851,2.3899,2.3611,2.3755,1194814
1995-02-15,2.3083,2.3563,2.2891,2.3323,5643614
1995-02-16,2.3371,2.3467,2.3131,2.3371,2178496
1995-02-17,2.3322,2.337,2.313,2.3178,1452080
1995-02-21,2.3227,2.3323,2.2843,2.2939,2126575
1995-02-22,2.2939,2.3803,2.2891,2.3611,2338127
1995-02-23,2.3515,2.3851,2.3419,2.3659,2301157
1995-02-24,2.3562,2.3754,2.3514,2.3514,1312094
1995-02-27,2.3563,2.3803,2.3467,2.3707,1097694
1995-02-28,2.3754,2.4282,2.3706,2.4186,2017189
1995-03-01,2.4234,2.457,2.409,2.4282,1997548
1995-03-02,2.4283,2.4475,2.4235,2.4475,999664
1995-03-03,2.4427,2.4523,2.4235,2.4427,1219937
1995-03-06,2.4282,2.4714,2.4138,2.469,1733613
1995-03-07,2.4714,2.5344,2.4666,2.5086,3522359
1995-03-08,2.5242,2.6346,2.5242,2.6298,5378396
1995-03-09,2.6298,2.6394,2.5674,2.6058,2235833
1995-03-10,2.6058,2.6394,2.553,2.6322,1701667
1995-03-13,2.6346,2.6754,2.6202,2.649,1326435
1995-03-14,2.6634,2.7642,2.6586,2.7546,3019224
1995-03-15,2.7546,2.7594,2.7017,2.7066,2199592
1995-03-16,2.6874,2.7066,2.673,2.6922,1823998
1995-03-17,2.7066,2.7546,2.6826,2.685,2298445
1995-03-20,2.6922,2.745,2.6874,2.7306,1450161
1995-03-21,2.7354,2.745,2.7018,2.7042,2870667
1995-03-22,2.7066,2.7258,2.6826,2.7234,2014171
1995-03-23,2.7402,2.8122,2.7354,2.793,4042107
1995-03-24,2.8122,2.8458,2.8074,2.8362,2521695
1995-03-27,2.793,2.8362,2.7882,2.8026,2342206
1995-03-28,2.7978,2.841,2.7978,2.8266,1827560
1995-03-29,2.8265,2.8409,2.7665,2.7737,2524684
1995-03-30,2.7834,2.793,2.7018,2.769,2879814
1995-03-31,2.7546,2.769,2.7066,2.7306,2421747
1995-04-03,2.7258,2.7402,2.6682,2.6874,2519153
1995-04-04,2.697,2.745,2.6778,2.6826,2560301
1995-04-05,2.6826,2.7114,2.6394,2.7114,2525832
1995-04-06,2.7114,2.721,2.6658,2.6874,1359609
1995-04-07,2.697,2.7162,2.6682,2.673,1656528
1995-04-10,2.6682,2.7354,2.6634,2.7234,1657345
1995-04-11,2.7498,2.7696,2.7306,2.769,1674803
1995-04-12,2.769,2.8121,2.7162,2.7498,1552176
1995-04-13,2.7546,2.7834,2.7306,2.7834,1259787
1995-04-17,2.8986,2.9993,2.8986,2.9705,7214238
1995-04-18,2.9705,2.9753,2.9177,2.9465,2902704
1995-04-19,2.9417,2.9561,2.8985,2.9225,2271329
1995-04-20,2.9369,2.9513,2.8409,2.8889,3221519
1995-04-21,2.9033,2.9129,2.8745,2.8793,2056020
1995-04-24,2.8937,2.9855,2.8841,2.9849,2614014
1995-04-25,2.9801,3.0761,2.9801,3.0713,2663247
1995-04-26,3.0617,3.0809,3.0377,3.0569,1700933
1995-04-27,3.0569,3.0905,2.9321,3.0185,4946455
1995-04-28,3.0281,3.1529,3.0185,3.1385,3535988
1995-05-01,3.1433,3.2153,3.1385,3.1529,2516583
1995-05-02,3.1528,3.1576,3.0521,3.0545,2998296
1995-05-03,3.0809,3.1097,3.0809,3.1049,2363611
1995-05-04,3.1289,3.196,3.1097,3.1289,2553956
1995-05-05,3.1241,3.1337,3.0665,3.0713,1677974
1995-05-08,3.0665,3.0857,3.0377,3.0665,1688780
1995-05-09,3.0713,3.0857,3.0377,3.0641,1410826
1995-05-10,3.0761,3.0857,3.0281,3.0425,1485285
1995-05-11,3.0377,3.129,3.0329,3.1241,1484745
1995-05-12,3.1241,3.1577,3.0857,3.1001,1389452
1995-05-15,3.0953,3.1481,3.0665,3.1217,1352614
1995-05-16,3.129,3.2639,3.129,3.2585,3328895
1995-05-17,3.2728,3.3352,3.268,3.3016,2553565
1995-05-18,3.2873,3.3305,3.2489,3.2489,2239235
1995-05-19,3.2344,3.2825,3.2248,3.2776,1734900
1995-05-22,3.2776,3.3592,3.2248,3.3496,3508262
1995-05-23,3.3592,3.3976,3.3028,3.3976,2131324
1995-05-24,3.4216,3.4361,3.3401,3.3593,2636923
1995-05-25,3.3736,3.4312,3.3448,3.4264,1667714
1995-05-26,3.424,3.4264,3.3401,3.3593,2032239
1995-05-30,3.3785,3.3928,3.1721,3.1865,3824291
1995-05-31,3.1961,3.2537,3.1097,3.2513,4597644
1995-06-01,3.2632,3.2872,3.22,3.2296,2347722
1995-06-02,3.2153,3.2297,3.1721,3.1913,2132918
1995-06-05,3.1721,3.2777,3.1385,3.2537,2144276
1995-06-06,3.2585,3.3023,3.1913,3.1913,1882605
1995-06-07,3.1817,3.2537,3.1529,3.2249,2479733
1995-06-08,3.2296,3.2488,3.2104,3.2296,1125612
1995-06-09,3.2153,3.2969,3.1721,3.2585,3117956
1995-06-12,3.2489,3.2537,3.1961,3.2153,1759557
1995-06-13,3.2297,3.2537,3.2009,3.2201,1447024
1995-06-14,3.2009,3.2297,3.1769,3.2177,1654521
1995-06-15,3.2249,3.2633,3.2201,3.2585,1685855
1995-06-16,3.2632,3.3592,3.2584,3.34,3542642
1995-06-19,3.3496,3.451,3.3352,3.448,3032211
1995-06-20,3.4696,3.508,3.4457,3.508,2175661
1995-06-21,3.5272,3.5463,3.4552,3.4744,2196876
1995-06-22,3.4792,3.532,3.4792,3.5272,1777359
1995-06-23,3.484,3.5392,3.4648,3.4984,1779698
1995-06-26,3.4936,3.4984,3.436,3.4456,1575870
1995-06-27,3.436,3.4744,3.3304,3.3352,2533971
1995-06-28,3.3304,3.4168,3.2584,3.3736,4118812
1995-06-29,3.3784,3.4456,3.3784,3.4312,2212998
1995-06-30,3.4409,3.4936,3.4409,3.4696,2047890
1995-07-03,3.4888,3.4984,3.4696,3.4912,643559
1995-07-05,3.5176,3.532,3.4696,3.4816,1863774
1995-07-06,3.4792,3.5704,3.4696,3.5608,1807090
1995-07-07,3.5656,3.6712,3.5608,3.6712,2560675
1995-07-10,3.6855,3.8295,3.6759,3.7959,4299096
1995-07-11,3.8007,3.8055,3.7048,3.7048,3003251
1995-07-12,3.7143,3.8391,3.7143,3.8343,3634667
1995-07-13,3.8439,3.8967,3.7671,3.8439,3255994
1995-07-14,3.7719,3.9783,3.7623,3.9783,3451574
1995-07-17,4.1366,4.1942,4.0887,4.1846,5982458
1995-07-18,4.1078,4.1126,3.8871,3.9111,11118981
1995-07-19,3.7239,3.7911,3.3977,3.628,11712882
1995-07-20,3.6567,3.7383,3.6087,3.6903,6827712
1995-07-21,3.6088,3.6856,3.5224,3.532,6498020
1995-07-24,3.556,3.5992,3.5368,3.5944,3639917
1995-07-25,3.6664,3.7479,3.6471,3.6999,4200824
1995-07-26,3.748,3.7672,3.6424,3.6856,2974218
1995-07-27,3.7048,3.748,3.6952,3.7048,2031550
1995-07-28,3.6855,3.6855,3.532,3.556,6083794
1995-07-31,3.5751,3.5896,3.4552,3.4744,3894181
1995-08-01,3.484,3.4894,3.3736,3.436,6378388
1995-08-02,3.4936,3.556,3.3784,3.4168,4983338
1995-08-03,3.3784,3.508,3.3593,3.4984,4358795
1995-08-04,3.508,3.604,3.5032,3.604,2983226
1995-08-07,3.628,3.6664,3.5224,3.5944,2467541
1995-08-08,3.6136,3.6424,3.5847,3.5896,1685892
1995-08-09,3.7528,3.7671,3.6856,3.7048,5543103
1995-08-10,3.724,3.7288,3.604,3.6136,2759710
1995-08-11,3.6376,3.7096,3.5368,3.7048,3731459
1995-08-14,3.7191,3.8103,3.6759,3.7911,3411861
1995-08-15,3.8103,3.8151,3.7191,3.7767,2428896
1995-08-16,3.7767,3.7959,3.7287,3.7911,1463393
1995-08-17,3.7959,3.8679,3.7869,3.8055,2862617
1995-08-18,3.8271,3.8295,3.7239,3.7287,2975380
1995-08-21,3.7432,3.7719,3.6231,3.628,4241891
1995-08-22,3.6519,3.8151,3.6231,3.8127,3621051
1995-08-23,3.8391,3.8583,3.7431,3.7575,4268619
1995-08-24,3.7671,3.7671,3.6663,3.6903,3657683
1995-08-25,3.6999,3.7143,3.6231,3.6231,2821318
1995-08-28,3.6231,3.6231,3.4504,3.4576,4323705
1995-08-29,3.46,3.5272,3.34,3.5272,6293456
1995-08-30,3.5656,3.5992,3.5129,3.58,3052100
1995-08-31,3.5847,3.6088,3.5128,3.5512,1488220
1995-09-01,3.5224,3.532,3.4312,3.4456,3081347
1995-09-05,3.4888,3.652,3.4648,3.6472,3534052
1995-09-06,3.6567,3.7048,3.5704,3.5896,3849308
1995-09-07,3.6184,3.7096,3.58,3.6328,3606203
1995-09-08,3.5992,3.6712,3.58,3.6664,2473075
1995-09-11,3.6616,3.7576,3.6472,3.748,2971815
1995-09-12,3.7527,3.7527,3.6711,3.6951,2731706
1995-09-13,3.6903,3.7239,3.6519,3.6903,2349819
1995-09-14,3.6904,3.7048,3.6376,3.6424,2081986
1995-09-15,3.6375,3.6615,3.5512,3.5871,3390540
1995-09-18,3.58,3.5848,3.4888,3.532,2949496
1995-09-19,3.532,3.628,3.5129,3.5824,2227145
1995-09-20,3.5896,3.6328,3.556,3.5752,1714288
1995-09-21,3.5032,3.5728,3.4744,3.4792,3218572
1995-09-22,3.4504,3.484,3.4168,3.4456,3835222
1995-09-25,3.4745,3.4792,3.3977,3.4642,2222037
1995-09-26,3.4696,3.5272,3.3832,3.388,2938793
1995-09-27,3.3784,3.4072,3.2008,3.4024,5403754
1995-09-28,3.4168,3.5128,3.412,3.5128,4050641
1995-09-29,3.5176,3.5608,3.4576,3.4744,3653209
1995-10-02,3.4744,3.4888,3.3832,3.388,2600276
1995-10-03,3.3832,3.4264,3.3496,3.412,3099529
1995-10-04,3.3832,3.3832,3.2824,3.3064,2820710
1995-10-05,3.3017,3.3593,3.2633,3.3593,3888675
1995-10-06,3.3592,3.4168,3.2824,3.2968,2941334
1995-10-09,3.2585,3.2921,3.1769,3.1913,4169888
1995-10-10,3.1193,3.2297,3.0857,3.2153,6052214
1995-10-11,3.2969,3.3544,3.2633,3.3257,4108275
1995-10-12,3.34,3.3832,3.3256,3.364,3021372
1995-10-13,3.3976,3.4072,3.3016,3.3112,2635336
1995-10-16,3.292,3.3544,3.2824,3.3304,2344407
1995-10-17,3.3496,3.5128,3.3305,3.4984,4727536
1995-10-18,3.7719,3.7864,3.6424,3.6712,11299723
1995-10-19,3.6568,3.724,3.6376,3.7144,3679448
1995-10-20,3.7048,3.7192,3.6424,3.6664,3070690
1995-10-23,3.6471,3.7287,3.628,3.6999,3588536
1995-10-24,3.7,3.7672,3.7,3.7432,2636788
1995-10-25,3.748,3.7528,3.6808,3.6808,2311603
1995-10-26,3.6759,3.7671,3.6615,3.7623,3180357
1995-10-27,3.7432,3.8445,3.7383,3.8391,5017059
1995-10-30,3.8103,3.9687,3.7816,3.9447,4816700
1995-10-31,3.9543,3.9686,3.8295,3.8391,3530375
1995-11-01,3.8439,3.8775,3.7719,3.7767,2795608
1995-11-02,3.7863,3.8535,3.7719,3.8391,2437982
1995-11-03,3.8392,3.844,3.7912,3.82,1560052
1995-11-06,3.7239,3.7959,3.7191,3.7383,3368027
1995-11-07,3.7048,3.7383,3.5656,3.5704,4450392
1995-11-08,3.6039,3.6663,3.5847,3.6567,2736490
1995-11-09,3.7048,3.8013,3.6855,3.8007,3831966
1995-11-10,3.7816,3.8008,3.709,3.7192,2334950
1995-11-13,3.7095,3.7335,3.6879,3.6975,2265183
1995-11-14,3.6808,3.6856,3.604,3.6088,2904608
1995-11-15,3.6232,3.6328,3.5272,3.6088,4172633
1995-11-16,3.4744,3.526,3.4408,3.4504,7491100
1995-11-17,3.4552,3.4792,3.3544,3.3544,5520764
1995-11-20,3.3928,3.4311,3.292,3.3016,4426294
1995-11-21,3.2968,3.4072,3.2344,3.3784,4997084
1995-11-22,3.3928,3.436,3.3496,3.3544,2511884
1995-11-24,3.364,3.388,3.3544,3.3784,576416
1995-11-27,3.4024,3.436,3.3454,3.3496,3036759
1995-11-28,3.34,3.5128,3.3208,3.5128,3322258
1995-11-29,3.5272,3.5512,3.4264,3.4456,3496153
1995-11-30,3.436,3.4456,3.3352,3.3448,3590010
1995-12-01,3.3448,3.3736,3.2968,3.3112,3690318
1995-12-04,3.3064,3.4408,3.2728,3.3736,5007574
1995-12-05,3.3736,3.3832,3.268,3.3016,4012903
1995-12-06,3.3064,3.4936,3.3016,3.4792,5577125
1995-12-07,3.4984,3.532,3.4114,3.4744,5101249
1995-12-08,3.556,3.6328,3.541,3.628,5645105
1995-12-11,3.628,3.6376,3.5704,3.5752,2377385
1995-12-12,3.5704,3.5752,3.4984,3.508,1717605
1995-12-13,3.4984,3.5368,3.4744,3.5224,1519428
1995-12-14,3.5415,3.5896,3.4024,3.4072,3563527
1995-12-15,3.4216,3.4456,3.3496,3.3928,4433048
1995-12-18,3.3928,3.4168,3.2776,3.34,3818380
1995-12-19,3.3544,3.4942,3.3544,3.4888,3237937
1995-12-20,3.4984,3.5079,3.34,3.3448,3262490
1995-12-21,3.3688,3.4552,3.3544,3.4552,2326256
1995-12-22,3.46,3.4888,3.4216,3.4744,1384281
1995-12-26,3.4648,3.5032,3.4504,3.4648,1332455
1995-12-27,3.4696,3.4792,3.3928,3.412,1556337
1995-12-28,3.388,3.3976,3.3496,3.3544,1911017
1995-12-29,3.3496,3.4072,3.3112,3.3688,2009462
1996-01-02,3.3736,3.4456,3.3544,3.4456,2218196
1996-01-03,3.4216,3.46,3.3304,3.3352,2413147
1996-01-04,3.3496,3.3593,3.2585,3.3544,3929468
1996-01-05,3.3112,3.364,3.3064,3.316,2383436
1996-01-08,3.3208,3.364,3.3064,3.3112,436796
1996-01-09,3.3017,3.3017,3.0665,3.0785,6811558
1996-01-10,3.0905,3.196,3.0899,3.1624,6970621
1996-01-11,3.2057,3.3353,3.1913,3.3257,4477142
1996-01-12,3.3209,3.3353,3.2201,3.2921,3092218
1996-01-15,3.2968,3.2968,3.1433,3.1673,3246846
1996-01-16,3.2105,3.3202,3.196,3.316,4683948
1996-01-17,3.2537,3.3593,3.2489,3.2585,5493018
1996-01-18,3.2824,3.412,3.2632,3.364,4657978
1996-01-19,3.4648,3.58,3.4408,3.5272,8731697
1996-01-22,3.5176,3.5608,3.4888,3.532,3172780
1996-01-23,3.5079,3.5224,3.4264,3.436,2551969
1996-01-24,3.4504,3.5512,3.4361,3.5032,3540363
1996-01-25,3.508,3.5176,3.4168,3.4312,2298933
1996-01-26,3.4216,3.4888,3.4168,3.4744,1953386
1996-01-29,3.484,3.5032,3.4307,3.4696,1519808
1996-01-30,3.4888,3.508,3.4792,3.4864,1732205
1996-01-31,3.484,3.556,3.46,3.5512,2640319
1996-02-01,3.5416,3.6184,3.532,3.6136,3017087
1996-02-02,3.6088,3.6136,3.5368,3.5704,1715573
1996-02-05,3.5608,3.7335,3.5608,3.7287,4855670
1996-02-06,3.7048,3.7432,3.6712,3.7048,3768438
1996-02-07,3.6856,3.7288,3.6658,3.7192,2516773
1996-02-08,3.7095,3.8199,3.6664,3.7959,3989758
1996-02-09,3.7911,3.8487,3.7816,3.8439,4715654
1996-02-12,3.8296,3.8823,3.8056,3.82,3369988
1996-02-13,3.7527,3.8487,3.7431,3.8247,4396261
1996-02-14,3.8439,3.8439,3.7767,3.7911,3079428
1996-02-15,3.7816,3.8056,3.7528,3.7816,2003855
1996-02-16,3.7911,3.8103,3.7575,3.7575,2388149
1996-02-20,3.7336,3.7816,3.7192,3.7528,2464069
1996-02-21,3.7527,3.8439,3.7431,3.8343,3073054
1996-02-22,3.8391,3.9399,3.8391,3.9351,4088664
1996-02-23,3.9399,3.9783,3.9111,3.9735,3940453
1996-02-26,3.9543,3.9638,3.8583,3.8631,2445342
1996-02-27,3.8679,3.8703,3.8289,3.8439,2340259
1996-02-28,3.8679,3.9159,3.8343,3.8439,2305431
1996-02-29,3.8007,3.8439,3.7839,3.7887,2369596
1996-03-01,3.7767,3.7864,3.6328,3.6664,6052496
1996-03-04,3.6855,3.7383,3.6664,3.6951,2785821
1996-03-05,3.6855,3.7725,3.6759,3.7671,2202471
1996-03-06,3.7719,3.7959,3.7239,3.7239,1699020
1996-03-07,3.7287,3.7479,3.7095,3.7359,1700381
1996-03-08,3.6664,3.7432,3.6376,3.652,4166448
1996-03-11,3.652,3.7096,3.652,3.7048,2863691
1996-03-12,3.6952,3.7096,3.6376,3.676,2951844
1996-03-13,3.7713,3.8775,3.7527,3.8727,6016269
1996-03-14,3.8823,3.9111,3.8247,3.8247,2328014
1996-03-15,3.8391,3.9591,3.8248,3.9303,4673067
1996-03-18,3.9303,4.0647,3.9303,4.0407,4586721
1996-03-19,4.0839,4.1103,4.0215,4.1031,3550877
1996-03-20,4.079,4.0935,3.9825,4.0167,3568230
1996-03-21,4.0022,4.007,3.8583,3.8679,2545840
1996-03-22,3.8823,3.8943,3.8295,3.8823,1844558
1996-03-25,3.8967,3.9302,3.7935,3.8343,2433185
1996-03-26,3.8151,3.9495,3.7911,3.9447,3067417
1996-03-27,3.9638,3.9927,3.8823,3.9351,2024338
1996-03-28,3.9111,3.9735,3.8823,3.9255,2109804
1996-03-29,3.9303,3.9975,3.9207,3.9591,2054275
1996-04-01,3.9597,3.9735,3.9207,3.9447,1216721
1996-04-02,3.9447,4.0311,3.9399,4.0167,2088357
1996-04-03,3.9975,4.0359,3.9687,4.0119,1768754
1996-04-04,4.0167,4.0263,3.9736,4.0071,1111882
1996-04-08,3.9351,3.9879,3.9111,3.9831,2831488
1996-04-09,3.9927,3.9927,3.8967,3.9015,2569980
1996-04-10,3.8967,3.9543,3.8871,3.9015,1992888
1996-04-11,3.8967,3.9303,3.8247,3.8823,2398128
1996-04-12,3.8823,3.9015,3.8583,3.8823,1295226
1996-04-15,3.8775,3.9783,3.8775,3.9741,1923504
1996-04-16,4.0023,4.0503,3.9927,4.0407,3075812
1996-04-17,4.0407,4.0695,4.0047,4.0671,2404473
1996-04-18,4.0694,4.1942,4.0503,4.1846,5142774
1996-04-19,4.2854,4.3046,4.2038,4.2134,6506955
1996-04-22,4.2422,4.3526,4.2326,4.3286,3561087
1996-04-23,4.3286,4.3478,4.2758,4.3238,2193626
1996-04-24,4.3382,4.3429,4.271,4.2806,2658606
1996-04-25,4.2806,4.367,4.2326,4.3286,2453031
1996-04-26,4.3286,4.3718,4.3142,4.3574,2084473
1996-04-29,4.3525,4.3574,4.2998,4.3238,1315549
1996-04-30,4.3238,4.3478,4.295,4.3478,1091910
1996-05-01,4.3334,4.4246,4.3239,4.4198,2495993
1996-05-02,4.4197,4.4245,4.2662,4.2854,3353086
1996-05-03,4.319,4.3958,4.2278,4.2566,2890866
1996-05-06,4.2614,4.3142,4.2086,4.2902,2912058
1996-05-07,4.2854,4.3574,4.2854,4.343,1818454
1996-05-08,4.3334,4.391,4.2519,4.3862,2988815
1996-05-09,4.3861,4.4197,4.3478,4.3574,1834165
1996-05-10,4.391,4.4204,4.3814,4.4102,1685897
1996-05-13,4.415,4.5638,4.415,4.5542,3670461
1996-05-14,4.5781,4.6069,4.5391,4.5685,2949639
1996-05-15,4.5686,4.5974,4.5062,4.5158,2162321
1996-05-16,4.4534,4.5062,4.439,4.4966,2575795
1996-05-17,4.5254,4.5302,4.4678,4.4918,1358750
1996-05-20,4.5062,4.5254,4.4774,4.4822,1476437
1996-05-21,4.4822,4.487,4.4198,4.4198,1616799
1996-05-22,4.415,4.5014,4.4006,4.487,1752428
1996-05-23,4.487,4.5734,4.487,4.5494,1995426
1996-05-24,4.5494,4.5686,4.5398,4.5494,1015189
1996-05-28,4.5589,4.5739,4.4965,4.5013,1665237
1996-05-29,4.5062,4.5398,4.4774,4.4966,1288788
1996-05-30,4.5013,4.5397,4.4774,4.5397,1298531
1996-05-31,4.5518,4.583,4.5302,4.559,1545609
1996-06-03,4.5589,4.5877,4.5349,4.5445,1216408
1996-06-04,4.5542,4.5638,4.463,4.5254,2528185
1996-06-05,4.5301,4.6549,4.5253,4.6405,1956704
1996-06-06,4.6742,4.7222,4.5974,4.5998,3383678
1996-06-07,4.5158,4.6549,4.5158,4.6549,2694991
1996-06-10,4.6454,4.655,4.6064,4.631,1759069
1996-06-11,4.6357,4.7317,4.6309,4.6885,2505370
1996-06-12,4.7173,4.8133,4.7125,4.7989,3410858
1996-06-13,4.8037,4.8325,4.7509,4.7845,2402416
1996-06-14,4.7893,4.7989,4.7173,4.7221,2147749
1996-06-17,4.7269,4.7989,4.6981,4.7845,2207451
1996-06-18,4.7797,4.7797,4.6837,4.6981,2863431
1996-06-19,4.7029,4.7269,4.6597,4.6741,2818256
1996-06-20,4.6837,4.7023,4.5685,4.6741,3924649
1996-06-21,4.6981,4.7653,4.6645,4.7557,2180858
1996-06-24,4.7605,4.8037,4.7221,4.7653,1846709
1996-06-25,4.7701,4.7701,4.6597,4.6837,1579620
1996-06-26,4.679,4.6838,4.5686,4.6262,2743361
1996-06-27,4.6261,4.6453,4.5685,4.6045,2978450
1996-06-28,4.6261,4.6453,4.5733,4.6117,1996327
1996-07-01,4.6165,4.7029,4.6117,4.6957,1837493
1996-07-02,4.698,4.7077,4.6549,4.6693,1479918
1996-07-03,4.6693,4.7173,4.6309,4.6501,1698540
1996-07-05,4.6117,4.6117,4.5445,4.5445,1356397
1996-07-08,4.5494,4.6357,4.5349,4.6189,2473610
1996-07-09,4.6405,4.6597,4.6069,4.6069,1365608
1996-07-10,4.607,4.607,4.535,4.5878,2993790
1996-07-11,4.5397,4.5445,4.367,4.3958,5409875
1996-07-12,4.4222,4.4222,4.2417,4.3142,5354758
1996-07-15,4.3141,4.367,4.2182,4.247,4293315
1996-07-16,4.2327,4.439,4.1271,4.4294,6991129
1996-07-17,4.5206,4.535,4.439,4.4966,4845318
1996-07-18,4.5013,4.6069,4.4485,4.6021,3782933
1996-07-19,4.5206,4.6693,4.5206,4.6447,3808697
1996-07-22,4.646,4.6646,4.5254,4.5974,5546623
1996-07-23,4.6069,4.6069,4.2326,4.3046,9892570
1996-07-24,4.2039,4.4438,4.2039,4.4054,7379762
1996-07-25,4.4534,4.559,4.4198,4.5494,3874450
1996-07-26,4.5877,4.5877,4.5397,4.5733,2276730
1996-07-29,4.5782,4.6022,4.4822,4.487,2178665
1996-07-30,4.5254,4.559,4.4582,4.5542,2571301
1996-07-31,4.5686,4.5926,4.5158,4.5254,2162207
1996-08-01,4.5254,4.6406,4.5062,4.631,3686569
1996-08-02,4.6885,4.7557,4.631,4.7365,4195767
1996-08-05,4.7413,4.7509,4.6549,4.6741,2114260
1996-08-06,4.6693,4.7653,4.6405,4.7605,2587132
1996-08-07,4.7749,4.8037,4.7173,4.7893,2948065
1996-08-08,4.7653,4.8325,4.7509,4.8085,2087690
1996-08-09,4.7893,4.8181,4.7557,4.7797,1701240
1996-08-12,4.7701,4.8421,4.7605,4.8085,2541015
1996-08-13,4.7989,4.8325,4.7364,4.7413,2783674
1996-08-14,4.7557,4.8037,4.7509,4.7941,1997567
1996-08-15,4.7893,4.8277,4.7749,4.8037,1365071
1996-08-16,4.8037,4.8085,4.7509,4.7701,1827363
1996-08-19,4.7557,4.7653,4.6933,4.7413,1655843
1996-08-20,4.7509,4.7653,4.7317,4.7365,985826
1996-08-21,4.7029,4.7413,4.6741,4.7413,1894419
1996-08-22,4.7653,4.8037,4.7413,4.7989,1928651
1996-08-23,4.7941,4.7989,4.7317,4.7317,1689458
1996-08-26,4.7365,4.7509,4.7125,4.7173,1226362
1996-08-27,4.7269,4.7893,4.7221,4.7893,1076424
1996-08-28,4.7989,4.8277,4.7941,4.8229,1231217
1996-08-29,4.8085,4.8085,4.7461,4.7653,1312303
1996-08-30,4.77,4.77,4.7029,4.7029,1078320
1996-09-03,4.6837,4.7365,4.631,4.7365,1862929
1996-09-04,4.7365,4.7461,4.7197,4.7365,1041417
1996-09-05,4.7126,4.7126,4.6646,4.6646,1549973
1996-09-06,4.6837,4.7125,4.6693,4.7029,1609402
1996-09-09,4.7029,4.7989,4.6933,4.7941,1602722
1996-09-10,4.7893,4.8037,4.7462,4.7749,1493577
1996-09-11,4.7581,4.8181,4.7461,4.8037,1396951
1996-09-12,4.8181,4.9717,4.8061,4.9381,3683412
1996-09-13,4.9764,5.0436,4.9476,5.0292,3076550
1996-09-16,5.0341,5.1108,5.0293,5.0485,2395992
1996-09-17,5.1012,5.1684,5.0772,5.1396,2903279
1996-09-18,5.1444,5.2932,5.1156,5.2404,3303529
1996-09-19,5.2404,5.3076,5.2116,5.2884,2914351
1996-09-20,5.2596,5.322,5.2164,5.3028,4025320
1996-09-23,5.2836,5.3028,5.2308,5.2884,1780798
1996-09-24,5.2788,5.3124,5.226,5.2548,2784128
1996-09-25,5.2788,5.2932,5.1972,5.2068,1691783
1996-09-26,5.2116,5.226,5.058,5.0676,3555182
1996-09-27,5.0869,5.1924,5.0388,5.1588,3776654
1996-09-30,5.1252,5.178,5.058,5.0628,3438837
1996-10-01,5.058,5.1396,5.0244,5.0724,2653769
1996-10-02,5.1012,5.2116,5.082,5.1732,2639764
1996-10-03,5.1732,5.1876,5.13,5.1444,2237983
1996-10-04,5.1685,5.2452,5.154,5.2356,1734000
1996-10-07,5.2356,5.3028,5.2164,5.2788,1629009
1996-10-08,5.2884,5.2884,5.1828,5.1972,1860658
1996-10-09,5.2212,5.2259,5.1156,5.1636,2493685
1996-10-10,5.1348,5.226,5.1204,5.1348,1986315
1996-10-11,5.1685,5.2692,5.154,5.2644,1402173
1996-10-14,5.2739,5.3028,5.2356,5.2452,1385579
1996-10-15,5.3268,5.3412,5.274,5.3316,2349793
1996-10-16,5.3268,5.334,5.2596,5.298,1398488
1996-10-17,5.3075,5.3363,5.202,5.202,1884902
1996-10-18,5.1444,5.1828,5.1276,5.1732,2673794
1996-10-21,5.1732,5.2212,5.1252,5.1444,2741182
1996-10-22,5.1109,5.1204,5.0389,5.0869,4369195
1996-10-23,5.0916,5.1732,5.058,5.1636,2589202
1996-10-24,5.178,5.2739,5.1396,5.2452,3125707
1996-10-25,5.2452,5.2932,5.226,5.238,2038000
1996-10-28,5.2476,5.2836,5.2308,5.2452,1967157
1996-10-29,5.2548,5.274,5.178,5.1972,2562881
1996-10-30,5.1972,5.2596,5.178,5.2308,2323688
1996-10-31,5.2356,5.274,5.226,5.2692,1421586
1996-11-01,5.2692,5.3268,5.2405,5.274,2170314
1996-11-04,5.2692,5.3124,5.25,5.298,1382333
1996-11-05,5.3172,5.4324,5.31,5.4324,3317684
1996-11-06,5.4276,5.5476,5.4132,5.5476,2742626
1996-11-07,5.5572,5.6099,5.4948,5.5092,2946250
1996-11-08,5.5043,5.5092,5.4324,5.5092,2586415
1996-11-11,5.5044,5.5572,5.49,5.514,1481666
1996-11-12,5.5284,5.6004,5.4324,5.442,3115725
1996-11-13,5.5139,5.5955,5.4947,5.5667,3470918
1996-11-14,5.5763,5.7443,5.5763,5.7443,4413816
1996-11-15,5.7875,5.7923,5.6579,5.7203,3994290
1996-11-18,5.7346,5.8258,5.7059,5.773,3784784
1996-11-19,5.7779,5.9842,5.7682,5.9842,4021039
1996-11-20,5.989,6.0658,5.8834,5.8834,4755013
1996-11-21,5.9314,5.9362,5.7586,5.773,5018390
1996-11-22,5.7875,5.8547,5.7347,5.7779,3625047
1996-11-25,5.8019,5.8979,5.7779,5.8931,2884325
1996-11-26,5.9123,5.965,5.8499,5.9027,4155429
1996-11-27,5.9171,5.9795,5.9027,5.9699,1706361
1996-11-29,5.9698,6.0322,5.9698,6.0226,658483
1996-12-02,6.0466,6.0562,5.9602,6.0562,2476313
1996-12-03,6.0802,6.1235,5.9363,5.9387,2977765
1996-12-04,5.9554,5.9602,5.8402,5.8834,3936702
1996-12-05,5.8882,5.965,5.8306,5.8738,2877410
1996-12-06,5.7203,5.9315,5.6921,5.8691,4232212
1996-12-09,6.0178,6.2866,5.989,6.277,7272715
1996-12-10,6.4786,6.4929,6.277,6.2866,9653553
1996-12-11,6.2193,6.4209,6.1521,6.4017,8719221
1996-12-12,6.5265,6.5458,6.2194,6.2194,6009998
1996-12-13,6.229,6.2962,6.0838,6.1426,5722753
1996-12-16,6.1618,6.2002,5.8739,5.8931,4981905
1996-12-17,5.8834,6.1522,5.8643,6.133,5293739
1996-12-18,6.2482,6.3537,6.1426,6.3441,4744884
1996-12-19,6.4497,6.5361,6.3729,6.5169,7264328
1996-12-20,6.5649,6.5745,6.4017,6.4209,6942221
1996-12-23,6.4592,6.5073,6.3633,6.4305,2832693
1996-12-24,6.4593,6.5361,6.3825,6.5169,1247433
1996-12-26,6.5457,6.6129,6.5361,6.5649,2142661
1996-12-27,6.5648,6.5841,6.4509,6.4689,1464936
1996-12-30,6.5553,6.5744,6.4113,6.4113,2094553
1996-12-31,6.4497,6.4689,6.3345,6.3441,2638783
1997-01-02,6.3825,6.3825,6.2002,6.2673,4183135
1997-01-03,6.3154,6.5073,6.2962,6.4977,3388502
1997-01-06,6.4977,6.5457,6.3825,6.4785,4295802
1997-01-07,6.4881,6.5361,6.4017,6.5265,2831795
1997-01-08,6.5265,6.5445,6.3825,6.4017,3884669
1997-01-09,6.4306,6.4306,6.3154,6.325,3667393
1997-01-10,6.2961,6.4785,6.2673,6.4689,5110353
1997-01-13,6.536,6.5648,6.4113,6.4305,3866850
1997-01-14,6.4689,6.6512,6.4689,6.5553,4893179
1997-01-15,6.5745,6.6225,6.4785,6.4977,4073954
1997-01-16,6.5265,6.6897,6.5265,6.6033,4506215
1997-01-17,6.5744,6.7376,6.5648,6.6896,5019135
1997-01-20,6.68,7.1311,6.6512,6.968,11227130
1997-01-21,6.9584,7.2991,6.8816,7.2943,8798615
1997-01-22,7.3039,7.5631,7.2655,7.4767,9923110
1997-01-23,7.5343,7.6591,7.256,7.2752,8065878
1997-01-24,7.3039,7.5055,7.2463,7.3663,6896393
1997-01-27,7.4095,7.4779,7.3327,7.3807,4089680
1997-01-28,7.5535,7.5823,7.2752,7.3423,4964503
1997-01-29,7.4287,7.4767,7.3519,7.4671,3757230
1997-01-30,7.5439,7.7742,7.5247,7.7646,6137797
1997-01-31,7.8222,7.9278,7.7454,7.8318,6642902
1997-02-03,7.8798,7.9385,7.7646,7.8606,4668730
1997-02-04,7.8606,7.9278,7.7167,7.9182,4335458
1997-02-05,7.9182,7.947,7.4383,7.5535,8453699
1997-02-06,7.5439,7.5535,7.3711,7.4575,7841229
1997-02-07,7.5534,7.7166,7.4862,7.707,4794877
1997-02-10,7.7358,7.7934,7.4959,7.5055,5129426
1997-02-11,7.5439,7.5727,7.3039,7.5631,6820949
1997-02-12,7.5534,7.6782,7.4862,7.6686,5528414
1997-02-13,7.7166,7.7646,7.6302,7.6782,4475776
1997-02-14,7.6303,7.7166,7.4959,7.5151,4406945
1997-02-18,7.4959,7.5151,7.3903,7.4767,4034576
1997-02-19,7.4767,7.5343,7.4095,7.4863,4329247
1997-02-20,7.4383,7.4862,7.3039,7.3135,5788981
1997-02-21,7.2847,7.3231,7.2175,7.2943,4693782
1997-02-24,7.2368,7.6974,7.2175,7.6878,5267196
1997-02-25,7.6782,7.7562,7.5918,7.6398,4909558
1997-02-26,7.6399,7.7071,7.5535,7.6975,3750806
1997-02-27,7.6975,7.6975,7.3711,7.3807,4348099
1997-02-28,7.3807,7.5535,7.3279,7.4863,6020674
1997-03-03,7.4478,7.6878,7.419,7.6398,4136579
1997-03-04,7.6206,7.6878,7.5726,7.611,4907967
1997-03-05,7.6398,7.755,7.6206,7.7454,3562194
1997-03-06,7.7358,7.7454,7.5043,7.5055,4378004
1997-03-07,7.5535,7.6398,7.4095,7.4287,3534434
1997-03-10,7.4574,7.6878,7.3663,7.6782,3531788
1997-03-11,7.6494,7.7214,7.5535,7.5535,3653130
1997-03-12,7.5055,7.6399,7.5055,7.5823,3319644
1997-03-13,7.5439,7.6878,7.5246,7.6494,3494015
1997-03-14,7.659,7.6974,7.5918,7.6014,4708814
1997-03-17,7.563,7.7358,7.5246,7.7166,6446501
1997-03-18,7.7262,7.7406,7.5918,7.6494,4531064
1997-03-19,7.5055,7.5439,7.2895,7.4287,8565812
1997-03-20,7.4191,7.5055,7.3231,7.3711,6250877
1997-03-21,7.4095,7.4574,7.1311,7.2175,6590161
1997-03-24,7.1503,7.1792,6.728,6.92,14302230
1997-03-25,6.9584,7.016,6.824,6.9344,6887471
1997-03-26,6.9681,7.2655,6.9584,7.2368,6240161
1997-03-27,7.3039,7.3807,6.9872,7.1984,7211361
1997-03-31,7.1504,7.256,7.0065,7.04,7204192
1997-04-01,6.92,7.1984,6.8913,7.16,6655570
1997-04-02,7.1312,7.1888,6.9872,7.064,4862735
1997-04-03,6.9872,7.3231,6.9584,7.3039,7083381
1997-04-04,7.1984,7.4287,7.1984,7.2319,7291544
1997-04-07,7.3423,7.4958,7.2943,7.3615,5874691
1997-04-08,7.4191,7.5439,7.3327,7.5439,4095511
1997-04-09,7.6111,7.6207,7.5055,7.5247,5663673
1997-04-10,7.5055,7.5055,7.3327,7.4287,5214550
1997-04-11,7.3327,7.4671,7.2895,7.2943,4609506
1997-04-14,7.2752,7.4767,7.1696,7.4767,4538392
1997-04-15,7.5151,7.6015,7.3616,7.4575,6483527
1997-04-16,7.4191,7.5631,7.3903,7.5439,3279406
1997-04-17,7.563,7.6782,7.4862,7.5342,5506853
1997-04-18,7.9854,8.2637,7.9086,8.2637,17795417
1997-04-21,8.2157,8.5901,8.1485,8.2637,11954665
1997-04-22,8.2637,8.5084,8.2541,8.494,6319164
1997-04-23,8.494,8.8875,8.4748,8.8395,7894284
1997-04-24,8.9548,9.0508,8.6573,8.7628,9072879
1997-04-25,8.7148,8.8588,8.6957,8.7244,4496877
1997-04-28,8.734,8.8348,8.5708,8.8204,5161624
1997-04-29,9.0123,9.1467,8.9451,9.1371,5678331
1997-04-30,9.1083,9.4155,9.0892,9.3291,6926108
1997-05-01,9.3675,9.4635,9.1564,9.2907,5553351
1997-05-02,9.3674,9.4826,9.1323,9.2715,7385848
1997-05-05,9.1851,9.2715,8.8684,9.2283,8527734
1997-05-06,9.1659,9.1947,8.9355,9.0075,5741014
1997-05-07,8.9356,9.1371,8.8396,8.8684,5415698
1997-05-08,8.8492,9.0699,8.8396,8.9356,4133550
1997-05-09,9.0603,9.0987,8.8876,8.9644,4483490
1997-05-12,9.0219,9.0987,8.9835,9.0699,3299798
1997-05-13,9.0891,9.1563,8.9739,9.0411,3824783
1997-05-14,9.0892,9.1083,8.878,8.8972,4664144
1997-05-15,8.9067,9.0507,8.8972,8.9931,3214226
1997-05-16,8.9356,8.9836,8.8204,8.8636,4600322
1997-05-19,8.9163,8.9931,8.8395,8.8395,3503711
1997-05-20,8.8972,9.1563,8.8492,9.1467,4981403
1997-05-21,9.2619,9.4394,9.1947,9.2427,5883070
1997-05-22,9.2907,9.3387,9.1948,9.2619,2584138
1997-05-23,9.3194,9.4442,9.281,9.4346,2219368
1997-05-27,9.425,9.7801,9.3962,9.7225,5300719
1997-05-28,9.7706,9.7706,9.5882,9.665,4011235
1997-05-29,9.7706,9.9097,9.5978,9.665,3924441
1997-05-30,9.0219,9.6458,9.0219,9.521,6398849
1997-06-02,9.5978,9.6362,9.4538,9.5498,2989837
1997-06-03,9.473,9.4826,9.2619,9.2715,3224490
1997-06-04,9.2619,9.3867,9.0796,9.1515,4195338
1997-06-05,9.2343,9.3291,9.1755,9.2571,2755883
1997-06-06,9.3195,9.545,9.2907,9.5258,2761400
1997-06-09,9.5882,9.6842,9.4059,9.6074,3700918
1997-06-10,9.6074,9.7561,9.5018,9.5834,4079837
1997-06-11,9.5835,9.7802,9.4875,9.7514,3766712
1997-06-12,9.7322,9.8378,9.6266,9.7514,3425613
1997-06-13,9.7322,9.9865,9.7178,9.9529,3848026
1997-06-16,9.9529,10.0873,9.8953,10.0873,3118347
1997-06-17,10.0969,10.3608,10.0489,10.3032,4084142
1997-06-18,10.2313,10.2505,9.9865,9.9961,4273530
1997-06-19,9.8569,10.0393,9.8281,9.9289,5030698
1997-06-20,9.9337,10.0873,9.8665,9.9721,4932487
1997-06-23,9.9721,10.0968,9.8281,9.8329,2743025
1997-06-24,9.9434,10.1449,9.857,10.1401,3019032
1997-06-25,10.2025,10.2313,9.9673,10.0153,3806560
1997-06-26,9.9913,10.0441,9.8186,9.8474,2864913
1997-06-27,9.9145,9.9817,9.7705,9.7897,2932948
1997-06-30,9.8186,9.8858,9.689,9.7034,2939724
1997-07-01,9.7082,9.7418,9.4635,9.593,4559150
1997-07-02,9.6457,9.8665,9.5258,9.8569,4087687
1997-07-03,9.9865,9.9865,9.8665,9.9481,2208566
1997-07-07,10.0297,10.1161,9.9337,9.9433,3019078
1997-07-08,9.9337,10.0825,9.9001,10.0777,2764714
1997-07-09,10.1736,10.1832,9.9433,10.0393,3705999
1997-07-10,10.0201,10.0777,9.8953,9.9721,3361585
1997-07-11,10.0009,10.0632,9.8617,9.9625,2924966
1997-07-14,10.0441,10.4424,10.0201,10.4376,4409146
1997-07-15,10.6008,10.692,10.4904,10.632,5797335
1997-07-16,10.9319,11.479,10.7495,11.3974,8539558
1997-07-17,11.5558,11.575,11.2487,11.479,10109813
1997-07-18,11.1334,11.3158,10.7495,10.7879,12202781
1997-07-21,10.8167,10.8263,10.2697,10.4376,9768488
1997-07-22,10.5096,11.119,10.5,11.0662,7784473
1997-07-23,11.1527,11.2774,10.8263,10.8599,7337007
1997-07-24,10.6248,10.7784,10.4136,10.596,10892012
1997-07-25,10.6344,10.9224,10.5385,10.6344,6934151
1997-07-28,10.692,10.7016,10.4233,10.5192,4330839
1997-07-29,10.5,10.7543,10.4519,10.7447,6070514
1997-07-30,10.8072,10.9031,10.7207,10.8359,6013904
1997-07-31,10.9031,10.9127,10.8167,10.8551,3243342
1997-08-01,10.8551,10.8887,10.6871,10.7975,4523462
1997-08-04,10.7688,10.9031,10.7064,10.8695,3556008
1997-08-05,10.9223,11.0855,10.9031,11.0039,4555776
1997-08-06,11.0039,11.1047,10.9223,11.0135,3333160
1997-08-07,11.0807,11.0855,10.9031,11.0519,3374379
1997-08-08,10.9655,10.9894,10.7495,10.7495,5130214
1997-08-11,10.7495,10.7688,10.4712,10.6152,5581775
1997-08-12,10.7016,10.7304,10.428,10.4424,4675062
1997-08-13,10.6056,10.6152,10.3465,10.4472,5123783
1997-08-14,10.4424,10.5,10.2984,10.4616,3524363
1997-08-15,10.404,10.4424,10.1929,10.2025,3921931
1997-08-18,10.212,10.2792,10.0584,10.2792,5372403
1997-08-19,10.3465,10.6728,10.3368,10.6584,6988256
1997-08-20,10.6727,10.8023,10.5192,10.7927,3949189
1997-08-21,10.8743,10.9319,10.5576,10.5864,4945713
1997-08-22,10.3848,10.5576,10.2984,10.5384,5540733
1997-08-25,10.5864,10.6728,10.4136,10.4808,2983519
1997-08-26,10.4424,10.5096,10.3464,10.3656,2635719
1997-08-27,10.3848,10.3896,10.212,10.332,3790830
1997-08-28,10.2505,10.2697,10.1353,10.1401,3350917
1997-08-29,10.14,10.2792,10.1161,10.1496,2906783
1997-09-02,10.2217,10.5576,10.2121,10.5336,3847795
1997-09-03,10.5672,10.6632,10.4568,10.4856,3291880
1997-09-04,10.4424,10.6343,10.4232,10.6103,3414960
1997-09-05,10.6775,10.7255,10.4616,10.5432,3716143
1997-09-08,10.5768,10.7352,10.5768,10.6968,3256811
1997-09-09,10.6919,10.7687,10.6247,10.7111,3030251
1997-09-10,10.6632,10.6823,10.3704,10.3752,4092069
1997-09-11,10.3656,10.548,10.2025,10.5048,4743548
1997-09-12,10.5096,10.6248,10.4136,10.5912,3729789
1997-09-15,10.4136,10.5384,10.0297,10.0345,9905198
1997-09-16,10.1161,10.5192,10.0585,10.4712,7873133
1997-09-17,10.4903,10.5,10.1832,10.2264,4730518
1997-09-18,10.3081,10.3752,10.0921,10.1545,4689683
1997-09-19,10.1545,10.3849,10.1353,10.38,5945662
1997-09-22,10.3656,10.4328,10.2265,10.2361,3320938
1997-09-23,10.2552,10.404,10.2216,10.404,3067176
1997-09-24,10.4136,10.4472,10.1449,10.1689,4610026
1997-09-25,10.2025,10.2984,10.1401,10.1929,3015400
1997-09-26,10.2601,10.2697,10.1065,10.2409,2814237
1997-09-29,10.2504,10.3464,10.2024,10.3272,2111939
1997-09-30,10.3224,10.4232,10.1545,10.1593,3370196
1997-10-01,10.1736,10.3272,10.0872,10.2792,4719511
1997-10-02,10.2696,10.3368,10.1929,10.2264,2213722
1997-10-03,10.3608,10.4616,10.2408,10.3608,4628797
1997-10-06,10.4328,10.4616,10.3081,10.3752,3207721
1997-10-07,10.3656,10.572,10.3368,10.4856,4188392
1997-10-08,10.4903,10.6775,10.4616,10.6727,5466634
1997-10-09,10.6344,10.7208,10.6056,10.668,2662270
1997-10-10,10.62,10.6536,10.4616,10.4808,1911391
1997-10-13,10.5192,10.5864,10.4856,10.5,1462794
1997-10-14,10.5288,10.548,10.3945,10.4952,2561591
1997-10-15,10.4232,10.4424,10.356,10.4232,3455440
1997-10-16,10.4519,10.4903,10.1544,10.2816,3633877
1997-10-17,10.2216,10.3368,10.0105,10.1545,6735350
1997-10-20,10.212,10.3848,9.7897,10.1832,11828485
1997-10-21,10.452,10.6908,10.3897,10.6344,8882404
1997-10-22,10.6248,10.6344,10.3944,10.4184,4282558
1997-10-23,10.1353,10.5384,10.1353,10.4136,5099397
1997-10-24,10.5096,10.5384,10.2313,10.3944,5377085
1997-10-27,10.356,10.4616,9.8761,9.8953,7432132
1997-10-28,10.1545,10.3657,9.4827,10.2409,12289645
1997-10-29,10.2697,10.3704,9.9913,10.0489,6567406
1997-10-30,9.9433,10.0873,9.8665,9.8761,5535815
1997-10-31,10.0585,10.0969,9.9529,9.9817,3594088
1997-11-03,10.1064,10.308,10.0825,10.2984,5199262
1997-11-04,10.2889,10.3609,10.2265,10.3081,3772669
1997-11-05,10.3272,10.3368,10.1736,10.2552,3264222
1997-11-06,10.2313,10.2505,10.1161,10.1401,3091761
1997-11-07,9.9865,10.1353,9.9722,10.1017,4885583
1997-11-10,10.1065,10.1737,9.9626,9.9961,2822894
1997-11-11,10.0153,10.0921,9.9338,10.0297,2841997
1997-11-12,9.9913,10.0585,9.9049,9.9193,3515404
1997-11-13,9.9865,10.1065,9.9193,10.1017,4614203
1997-11-14,10.1065,10.2793,10.0873,10.2361,3582921
1997-11-17,10.3272,10.428,10.2456,10.356,4614174
1997-11-18,10.3608,10.404,10.2696,10.2888,2816613
1997-11-19,10.26,10.3752,10.2409,10.3704,2435596
1997-11-20,10.3848,10.5288,10.356,10.5096,4121738
1997-11-21,10.5816,10.596,10.4712,10.5864,5238162
1997-11-24,10.5288,10.6055,10.404,10.404,3000959
1997-11-25,10.4328,10.6919,10.4232,10.6727,4335358
1997-11-26,10.6728,10.8935,10.6152,10.8695,4841406
1997-11-28,10.8455,10.9223,10.8359,10.8647,1335460
1997-12-01,10.8983,11.0567,10.8743,11.0423,3762832
1997-12-02,11.023,11.1238,10.9031,10.9223,3851948
1997-12-03,10.8791,11.1382,10.8263,11.1094,4431254
1997-12-04,11.1143,11.2007,10.9223,10.9463,4808920
1997-12-05,10.9127,11.1143,10.9127,10.9895,3696009
1997-12-08,11.0183,11.2582,10.9895,11.2198,3835491
1997-12-09,11.1335,11.1623,11.0183,11.0807,3975983
1997-12-10,10.9223,10.9991,10.8263,10.9223,5100980
1997-12-11,10.7783,10.8263,10.6631,10.6775,5389303
1997-12-12,10.5768,10.6343,10.4424,10.5,4169889
1997-12-15,10.476,10.5192,10.2121,10.452,6473193
1997-12-16,10.4328,10.7783,10.3656,10.6775,5021671
1997-12-17,10.74,10.7783,10.404,10.4136,3952145
1997-12-18,10.3272,10.3464,10.0105,10.0489,7584126
1997-12-19,9.8858,9.9961,9.6938,9.8809,10600995
1997-12-22,9.9145,9.9817,9.665,9.7514,4535031
1997-12-23,9.7561,9.8473,9.4442,9.4682,5159380
1997-12-24,9.5018,9.5114,9.0603,9.1323,6788413
1997-12-26,9.1275,9.2715,9.1179,9.2715,2486888
1997-12-29,9.3963,9.7322,9.377,9.6986,5207014
1997-12-30,9.7081,10.0585,9.6938,10.0009,5978623
1997-12-31,10.0584,10.0968,9.9049,9.9241,3543273
1998-01-02,9.9529,10.0969,9.9433,10.0681,3051954
1998-01-05,10.0777,10.26,9.8185,10.0105,6171572
1998-01-06,9.9626,10.2121,9.9242,10.0681,5208500
1998-01-07,9.9721,10.0729,9.7897,9.9481,4721559
1998-01-08,9.8761,10.1449,9.7898,10.0201,5959787
1998-01-09,9.9865,10.0969,9.665,9.7514,6721126
1998-01-12,9.569,9.9817,9.5498,9.9433,6019236
1998-01-13,9.9433,10.1544,9.8377,10.1448,5140214
1998-01-14,10.1449,10.1737,9.9242,10.0681,4205720
1998-01-15,10.0105,10.2121,9.9721,10.1593,3886912
1998-01-16,10.164,10.3944,10.1592,10.3848,5600727
1998-01-20,10.2984,10.596,10.2888,10.5816,4987479
1998-01-21,10.5384,10.6296,10.4136,10.5192,6570062
1998-01-22,10.4088,10.7399,10.3896,10.6439,12219038
1998-01-23,10.6536,10.7064,10.4964,10.6152,4861248
1998-01-26,10.7399,10.8935,10.6307,10.8839,5703194
1998-01-27,10.9319,11.2006,10.8695,11.1478,7489402
1998-01-28,11.2295,11.479,11.1719,11.4406,6095552
1998-01-29,11.4358,11.5269,11.3254,11.383,5648963
1998-01-30,11.4117,11.5173,11.3349,11.4549,3844570
1998-02-02,11.6518,11.9109,11.5558,11.8917,7555211
1998-02-03,11.9109,11.9877,11.8101,11.9685,4712485
1998-02-04,11.9685,12.1317,11.9061,12.0405,4755978
1998-02-05,12.1412,12.1893,11.8821,11.9349,5145539
1998-02-06,11.9301,12.1508,11.9109,12.1412,3844525
1998-02-09,12.1892,12.1988,11.9492,12.0692,4198581
1998-02-10,12.074,12.2468,12.0356,12.2276,3693164
1998-02-11,12.2372,12.29,12.0596,12.2036,5870777
1998-02-12,12.1364,12.2036,12.0116,12.1892,5885998
1998-02-13,12.1796,12.1892,12.0836,12.0932,3240455
1998-02-17,12.17,12.17,11.8149,11.8533,6578226
1998-02-18,11.8725,11.9781,11.8054,11.8725,5882226
1998-02-19,11.9397,11.9829,11.8437,11.8917,5664519
1998-02-20,11.9396,11.9588,11.7381,11.9108,6610320
1998-02-23,12.4291,12.5443,12.1892,12.5347,18551096
1998-02-24,12.8035,13.0434,12.5731,12.6115,18166965
1998-02-25,12.8131,13.053,12.7554,13.0434,14580089
1998-02-26,13.1298,13.1586,12.9667,13.1298,9427043
1998-02-27,13.1394,13.2066,12.9858,13.0146,7299294
1998-03-02,13.1874,13.1874,12.7554,12.7938,7692582
1998-03-03,12.6883,12.9858,12.6787,12.9762,7793951
1998-03-04,12.6595,12.8706,12.5251,12.6403,10981983
1998-03-05,12.17,12.506,12.17,12.2948,14167251
1998-03-06,12.3332,12.7075,12.3236,12.7075,7893976
1998-03-09,12.6691,12.6691,12.2084,12.2228,8024698
1998-03-10,12.4675,12.5155,12.2756,12.5155,7279936
1998-03-11,12.5923,12.5923,12.2468,12.3908,6117850
1998-03-12,12.669,12.6883,12.4099,12.5731,7365246
1998-03-13,12.6595,12.7458,12.5251,12.6499,4997355
1998-03-16,12.6595,12.7075,12.4964,12.5923,4296677
1998-03-17,12.5443,12.5443,12.2372,12.3428,8268296
1998-03-18,12.2947,12.5635,12.266,12.5539,5203933
1998-03-19,12.5155,12.6403,12.4771,12.5923,4652886
1998-03-20,12.6115,12.7459,12.362,12.5635,8647231
1998-03-23,12.4676,12.9955,12.4484,12.8803,8453756
1998-03-24,12.9282,13.0626,12.8131,13.0434,4957308
1998-03-25,13.8976,13.9648,13.3985,13.6384,19079546
1998-03-26,13.5905,13.7536,13.4369,13.5521,6978172
1998-03-27,13.7249,13.7249,13.4465,13.4849,5977359
1998-03-30,13.5233,13.6097,13.3793,13.5041,4217375
1998-03-31,13.6097,13.7824,13.5904,13.744,5862653
1998-04-01,13.792,13.9168,13.5904,13.8784,5656631
1998-04-02,13.9265,14.1184,13.8017,14.0224,6359869
1998-04-03,14.1279,14.2911,14.0512,14.2815,6294241
1998-04-06,14.2239,14.2239,13.6768,13.8112,11399381
1998-04-07,13.7152,13.9168,13.3217,13.3985,9617866
1998-04-08,13.3218,13.6673,13.3026,13.6577,5650147
1998-04-09,13.5042,13.7633,13.437,13.6673,5162738
1998-04-13,13.6384,13.6673,13.3217,13.6097,5091652
1998-04-14,13.6193,13.7536,13.4369,13.5809,4373033
1998-04-15,13.7056,14.032,13.6481,14.032,6219122
1998-04-16,13.8785,14.1376,13.8497,14.08,6095852
1998-04-17,14.0512,14.1664,13.8688,14.1472,5743758
1998-04-20,14.1856,14.5887,14.1568,14.5311,6992604
1998-04-21,14.5407,14.5887,14.3008,14.5695,7975915
1998-04-22,14.7422,15.2221,14.6846,15.1837,12308792
1998-04-23,14.9342,14.9534,14.4567,14.5119,9861212
1998-04-24,14.3583,14.5503,14.1088,14.1472,7898766
1998-04-27,13.744,13.9024,13.5905,13.8688,9022235
1998-04-28,14.1472,14.1664,13.6697,13.8017,8702231
1998-04-29,13.8304,14.0512,13.7633,13.8976,7687692
1998-04-30,14.0511,14.0703,13.7728,13.84,8365192
1998-05-01,13.8497,13.8976,13.533,13.7633,5527728
1998-05-04,13.6961,13.8017,13.5041,13.5233,5820051
1998-05-05,13.4561,13.7536,13.3601,13.4753,7805385
1998-05-06,13.4369,13.4369,13.2066,13.2642,7388131
1998-05-07,13.2354,13.245,12.7747,12.8035,11981437
1998-05-08,12.5732,13.2258,12.5732,13.1682,14784441
1998-05-11,13.2258,13.2353,12.909,12.9378,7904635
1998-05-12,12.7843,13.1682,12.7843,13.1586,9850753
1998-05-13,13.6192,13.6288,13.2833,13.3505,12389618
1998-05-14,13.1874,13.9744,13.1778,13.6577,14554028
1998-05-15,13.8401,13.8497,13.6289,13.7345,7394286
1998-05-18,12.9762,13.2833,12.9762,13.2161,12345883
1998-05-19,13.1777,13.3505,13.1393,13.2833,8021332
1998-05-20,13.2258,13.341,13.1106,13.1682,5482087
1998-05-21,13.1778,13.4178,13.1298,13.2642,5632761
1998-05-22,13.3026,13.3218,13.1202,13.1394,5548185
1998-05-26,13.101,13.2354,12.8227,12.8419,6829586
1998-05-27,12.7267,13.2258,12.7267,13.2066,8994985
1998-05-28,13.1681,13.2641,13.0625,13.2545,4721610
1998-05-29,13.2642,13.2834,13.0146,13.0242,5235209
1998-06-01,12.8802,12.9929,12.7651,12.861,6516772
1998-06-02,12.909,13.197,12.8803,13.1298,5923122
1998-06-03,13.1874,13.2738,12.9187,12.9474,5529984
1998-06-04,13.005,13.2257,12.8418,13.2161,5177815
1998-06-05,13.1873,13.2833,13.0146,13.2449,5287456
1998-06-08,13.149,13.2545,13.053,13.1586,2900286
1998-06-09,13.101,13.4465,13.0914,13.3697,5480781
1998-06-10,13.3026,13.5713,13.1874,13.2066,5112244
1998-06-11,13.2738,13.3794,13.0723,13.101,6337812
1998-06-12,13.0339,13.2258,12.8995,13.1682,6345859
1998-06-15,13.005,13.4081,12.9858,13.197,6579642
1998-06-16,13.2546,13.8113,13.1298,13.8017,9388729
1998-06-17,13.8113,14.1856,13.7825,13.984,11693608
1998-06-18,13.9456,14.0896,13.8784,14.0032,6024099
1998-06-19,14.2624,14.5503,14.2048,14.5407,14009242
1998-06-22,14.5503,14.7326,14.3871,14.7134,7520001
1998-06-23,14.7134,15.4908,14.627,15.4716,19145656
1998-06-24,15.6156,16.1435,15.3469,16.1147,16235586
1998-06-25,16.2587,16.4123,15.5677,15.5964,13662590
1998-06-26,15.702,16.0667,15.6636,16.0379,8550529
1998-06-29,16.2011,16.537,16.1627,16.4986,10120821
1998-06-30,16.1627,16.6713,16.0667,16.6426,11826014
1998-07-01,16.7578,16.9114,16.4603,16.7962,8211181
1998-07-02,16.7097,16.7578,16.4506,16.4698,4195568
1998-07-06,16.4123,16.5946,16.1819,16.5562,5422008
1998-07-07,16.5562,16.6713,16.3546,16.5754,4978996
1998-07-08,16.6042,16.9113,16.393,16.8729,6381146
1998-07-09,16.8921,17.1993,16.8537,17.0457,6709249
1998-07-10,17.0649,17.3912,16.8729,17.3816,6971338
1998-07-13,17.5256,18.159,17.4488,18.0534,10630220
1998-07-14,18.159,18.2358,17.7367,17.8903,8748956
1998-07-15,17.8135,18.1206,17.756,18.0247,7477070
1998-07-16,18.1302,18.255,17.9095,18.0247,10000939
1998-07-17,18.0438,18.3702,17.8039,18.111,12762480
1998-07-20,18.1495,18.351,17.9383,17.9671,7032477
1998-07-21,17.9479,18.2742,17.276,17.324,11456724
1998-07-22,17.1993,18.0055,17.1801,17.9287,11003599
1998-07-23,17.8615,18.0438,17.3528,17.3528,7836340
1998-07-24,17.468,17.756,17.2761,17.4776,9270166
1998-07-27,17.3721,17.9287,16.9977,17.9287,9060021
1998-07-28,17.8135,17.9479,17.1992,17.2376,12036129
1998-07-29,17.3912,17.5448,16.9017,16.9977,9173644
1998-07-30,17.1897,17.4488,17.0073,17.42,11171272
1998-07-31,17.3432,17.432,16.8825,16.8825,8247206
1998-08-03,16.7578,17.0265,16.4891,16.6522,11297211
1998-08-04,16.681,16.8345,15.9995,16.0475,14037647
1998-08-05,15.99,16.3162,15.5868,16.0187,18459826
1998-08-06,15.9324,16.4219,15.9132,16.4123,10489724
1998-08-07,16.4986,16.5082,16.1339,16.2587,8441824
1998-08-10,16.249,16.3258,16.0379,16.0379,7181164
1998-08-11,15.798,16.0284,15.6636,15.8844,9363844
1998-08-12,16.0187,16.1531,15.8172,16.1339,8255651
1998-08-13,15.9899,16.2778,15.9323,15.9611,7861446
1998-08-14,16.0763,16.1339,15.8939,16.0091,4540350
1998-08-17,15.8939,16.489,15.8172,16.4794,8303736
1998-08-18,16.5658,17.1705,16.4891,17.0841,10840334
1998-08-19,17.2377,17.3144,16.9305,16.9785,8555037
1998-08-20,16.9113,17.3144,16.8441,17.2856,7673685
1998-08-21,17.0649,17.1801,16.7001,16.9881,9140710
1998-08-24,16.9401,17.1992,16.8921,16.9497,4041692
1998-08-25,17.1033,17.4584,17.0649,17.324,8910867
1998-08-26,17.0841,17.468,17.0265,17.2856,6880370
1998-08-27,16.9784,17.3144,16.6617,16.7769,11497974
1998-08-28,16.6234,16.8346,16.0859,16.1627,11168771
1998-08-31,16.1051,16.3546,14.7038,14.7326,20376522
1998-09-01,14.627,15.6252,14.5118,15.5484,21516283
1998-09-02,15.6348,16.0091,15.3948,15.4428,9741877
1998-09-03,15.1645,15.4716,15.107,15.2413,10366664
1998-09-04,15.3085,15.3948,14.7614,14.8382,7814959
1998-09-08,15.3565,15.6732,15.2125,15.6588,9309947
1998-09-09,15.702,16.0379,15.6061,15.702,10055545
1998-09-10,15.3564,15.5292,15.1549,15.4716,9330258
1998-09-11,15.5292,16.0667,15.3757,16.0091,9058647
1998-09-14,16.1148,16.441,16.1052,16.2779,6923759
1998-09-15,16.2587,16.6522,16.1436,16.633,7581138
1998-09-16,16.5658,16.6618,16.2971,16.6138,6585900
1998-09-17,16.1723,16.3546,16.0955,16.1147,6937803
1998-09-18,16.2395,16.3162,16.0187,16.1819,7273065
1998-09-21,15.7404,16.5945,15.7212,16.5658,7044310
1998-09-22,16.6522,16.873,16.3931,16.7674,6615890
1998-09-23,16.8345,17.4872,16.6618,17.4488,10022174
1998-09-24,17.372,17.6023,16.7385,16.9113,9754650
1998-09-25,16.7578,17.372,16.681,17.3624,7352435
1998-09-28,17.3528,17.5639,16.8537,17.0936,6358357
1998-09-29,17.1704,17.5063,17.1033,17.3336,7485215
1998-09-30,17.2472,17.4392,16.8969,16.9017,5969920
1998-10-01,16.5946,16.8153,15.9707,15.9803,10049635
1998-10-02,15.8747,16.153,15.51,15.9899,10118282
1998-10-05,15.7403,15.798,14.819,15.5388,17650309
1998-10-06,15.7404,15.9132,14.9534,14.9918,11755390
1998-10-07,14.9534,15.3181,14.3391,14.4543,13929908
1998-10-08,13.9072,14.1088,13.4753,14.0032,22223766
1998-10-09,14.3103,14.8958,14.1663,14.8766,11158249
1998-10-12,15.2413,15.5101,15.1261,15.3181,7909023
1998-10-13,15.2797,15.3181,14.7038,14.8094,7370424
1998-10-14,14.7231,15.5677,14.7231,15.3853,9582942
1998-10-15,15.3757,16.2203,15.2989,16.1915,10174218
1998-10-16,16.2779,16.3547,15.9708,16.1339,10537625
1998-10-19,15.99,15.9996,15.5293,15.8076,9241166
1998-10-20,15.8556,15.8748,15.299,15.3949,14491692
1998-10-21,16.1052,16.4123,15.8268,16.3451,19253561
1998-10-22,16.2778,16.9113,16.1627,16.8921,12578595
1998-10-23,16.7386,16.8921,16.3067,16.3355,9195775
1998-10-26,16.4026,16.585,16.2299,16.441,9164493
1998-10-27,16.5466,16.5658,16.1243,16.1915,10048480
1998-10-28,16.1051,16.3739,16.1051,16.2299,8723773
1998-10-29,16.1915,16.5082,16.1915,16.3739,8047237
1998-10-30,16.4698,16.6138,16.1435,16.2587,9109892
1998-11-02,16.3354,16.4122,16.1242,16.249,7430728
1998-11-03,16.2011,16.3642,16.0859,16.1531,5612298
1998-11-04,16.2491,16.4794,16.1052,16.2011,10359429
1998-11-05,16.1723,16.5275,16.1627,16.3355,11782607
1998-11-06,16.2874,16.8537,16.2683,16.7865,11434594
1998-11-09,16.7674,17.1033,16.7097,16.9977,10589325
1998-11-10,16.9113,17.42,16.9017,17.2088,11068249
1998-11-11,17.42,17.6216,17.0266,17.0553,9812682
1998-11-12,16.9305,17.0649,16.6618,16.7002,5916370
1998-11-13,16.6522,16.9689,16.6426,16.8921,4356442
1998-11-16,17.0936,17.1608,16.5082,16.7097,6544972
1998-11-17,16.7386,17.2569,16.729,17.1801,9021014
1998-11-18,16.8249,17.0552,16.7578,16.8537,6402287
1998-11-19,16.7481,17.276,16.7481,17.1608,6944296
1998-11-20,17.3144,17.468,17.0841,17.4488,7433322
1998-11-23,17.276,18.4566,17.276,18.303,17025772
1998-11-24,18.2262,19.2051,18.2166,18.6869,15527647
1998-11-25,18.8405,19.0996,18.5429,19.0804,6356653
1998-11-27,19.2148,19.6755,19.09,19.6659,4044226
1998-11-30,19.8675,20.0042,18.7253,18.7349,10887741
1998-12-01,18.4661,19.925,18.447,19.8866,13257344
1998-12-02,19.8386,19.925,19.2723,19.4643,10098340
1998-12-03,19.4835,19.8002,18.7349,18.7541,7897333
1998-12-04,19.186,19.5603,19.042,19.5603,6810890
1998-12-07,19.6083,20.5393,19.4644,20.5105,13791543
1998-12-08,20.405,20.6161,19.925,20.1458,11914357
1998-12-09,20.2898,20.5488,19.9634,20.5201,6876868
1998-12-10,20.4433,20.6736,20.1746,20.2033,8755566
1998-12-11,20.117,20.6833,20.0786,20.5777,7943729
1998-12-14,20.3857,20.5393,19.6083,19.6467,9840058
1998-12-15,19.8578,20.2706,19.8483,20.2514,7942314
1998-12-16,20.3473,20.7505,19.8291,20.5393,9217577
1998-12-17,20.6065,20.7121,20.3089,20.6353,7211956
1998-12-18,20.7312,21.2303,20.5969,21.1631,9159819
1998-12-21,21.2879,21.8349,21.1535,21.5662,7388285
1998-12-22,21.5758,21.5758,21.096,21.2591,6349892
1998-12-23,21.5567,22.0845,21.4031,22.0461,5365547
1998-12-24,22.0558,22.1133,21.7294,21.7678,2124169
1998-12-28,21.9597,22.0558,21.7294,21.8638,3629716
1998-12-29,21.8925,21.8925,21.4415,21.5758,4553431
1998-12-30,21.6335,22.0149,21.3263,21.3455,5365982
1998-12-31,21.3743,21.499,21.1919,21.2975,3660119
1999-01-04,21.439,22.3052,21.4031,21.6526,10642821
1999-01-05,21.787,22.7275,21.7198,22.4972,9871372
1999-01-06,22.958,23.2651,22.5357,23.2267,10605933
1999-01-07,22.9963,23.1307,22.766,23.1115,7854900
1999-01-08,23.3706,23.4186,22.574,23.0155,7715814
1999-01-11,23.1691,23.1787,22.1517,22.6508,7135109
1999-01-12,22.7468,22.7468,21.6526,21.835,8892503
1999-01-13,20.8848,22.6892,20.8848,22.0845,11570482
1999-01-14,22.3053,22.3533,21.7294,21.7678,9093182
1999-01-15,21.9502,23.0347,21.7102,22.9963,9113138
1999-01-19,23.2459,24.3208,23.1691,23.8985,15777458
1999-01-20,25.6357,25.7605,24.9519,24.9735,19269491
1999-01-21,24.8391,25.079,24.2248,24.3112,12297033
1999-01-22,23.8986,24.6064,23.8409,23.9945,12616884
1999-01-25,24.8295,25.079,24.436,24.8583,15828886
1999-01-26,25.4149,26.3747,25.2614,26.3459,18458948
1999-01-27,26.4899,26.7875,25.8757,25.8949,15056724
1999-01-28,26.3747,26.7298,26.0771,26.7202,12106769
1999-01-29,26.8354,26.893,26.2404,26.8738,12219379
1999-02-01,26.941,27.0178,26.2307,26.5571,12550715
1999-02-02,26.4899,26.4995,25.5301,25.7413,14122662
1999-02-03,25.5494,26.0868,25.4917,25.6165,11325275
1999-02-04,25.8181,25.8565,24.3977,24.4264,13690556
1999-02-05,24.6087,24.8199,23.7833,24.5703,19647825
1999-02-08,24.9639,25.4246,24.82,25.3766,16871684
1999-02-09,25.3286,25.6069,24.5319,24.5799,11869552
1999-02-10,24.5512,25.2423,24.3593,24.6664,11316815
1999-02-11,24.9926,25.1654,24.6279,24.9926,9270066
1999-02-12,24.8295,25.1366,24.1289,24.2248,9663875
1999-02-16,24.532,24.5512,23.7353,23.9945,11312627
1999-02-17,23.4858,23.6682,22.8044,23.0347,15543140
1999-02-18,23.1786,23.2458,22.1109,22.382,17972431
1999-02-19,22.6412,22.9195,22.3821,22.6892,11223376
1999-02-22,22.7659,22.8811,22.2285,22.8523,14206926
1999-02-23,23.4858,23.8985,23.1115,23.8697,14605030
1999-02-24,24.0233,24.4744,23.457,23.4762,10395824
1999-02-25,23.3995,23.6106,22.9772,23.5722,10875031
1999-02-26,23.3994,23.4186,22.9579,23.0539,9102259
1999-03-01,22.9675,23.4282,22.9579,23.3034,8957719
1999-03-02,23.3226,23.6681,22.67,22.8139,8994207
1999-03-03,22.8811,23.1402,22.5835,22.9771,11793498
1999-03-04,23.2075,23.5722,22.7468,23.3802,9474379
1999-03-05,23.7641,23.8601,23.5146,23.7929,7264026
1999-03-08,23.8793,24.4528,23.8025,24.4168,7175468
1999-03-09,24.5512,25.2998,24.532,24.8487,13840740
1999-03-10,24.9254,24.9542,24.4456,24.7815,8156547
1999-03-11,24.7239,25.271,24.4647,24.7911,9666646
1999-03-12,24.9735,24.9927,24.0809,24.5992,11270930
1999-03-15,24.6567,25.4918,24.2441,25.4726,9307504
1999-03-16,25.4149,26.106,25.223,25.962,10527468
1999-03-17,25.962,26.0196,25.6069,25.6645,6898057
1999-03-18,25.5589,26.4995,25.5205,26.4803,8635118
1999-03-19,26.7011,26.7395,26.0869,26.2884,14124957
1999-03-22,26.5571,26.8643,26.4131,26.5379,8556507
1999-03-23,26.5187,26.7395,25.5301,25.5781,10685214
1999-03-24,25.6453,26.3843,25.0502,26.2979,12689700
1999-03-25,26.5763,27.6513,26.4899,27.6321,16807310
1999-03-26,27.4785,27.6992,26.989,27.3537,14540650
1999-03-29,27.6801,28.4479,26.989,28.3711,24501881
1999-03-30,28.6782,28.7166,28.3327,28.563,20731947
1999-03-31,29.0238,29.0621,27.3729,27.5265,18044669
1999-04-01,28.0256,28.5247,27.7232,28.4671,12624867
1999-04-05,28.9661,29.1821,28.7166,29.1581,12238665
1999-04-06,29.2349,29.3693,28.6398,28.8894,12185302
1999-04-07,29.1389,29.1772,28.0255,28.659,14407480
1999-04-08,28.6398,29.0621,27.9487,29.0429,11866536
1999-04-09,28.9469,29.1772,28.563,28.9469,9771859
1999-04-12,28.1407,28.755,28.0639,28.563,11627537
1999-04-13,28.6014,28.6014,27.3921,27.68,14357297
1999-04-14,27.8912,27.9871,26.3747,26.3747,16260636
1999-04-15,26.8162,27.6032,25.7605,27.2961,22295915
1999-04-16,27.3538,27.3729,26.3748,26.6051,13751420
1999-04-19,26.6819,27.0658,24.6855,24.8775,23154196
1999-04-20,25.2614,25.7988,24.5703,25.5301,33311030
1999-04-21,25.223,25.3382,24.5703,25.1846,28480957
1999-04-22,26.106,26.1827,25.6069,26.0868,16921702
1999-04-23,26.106,26.7202,25.4917,26.4131,17381048
1999-04-26,26.7779,27.3154,26.6435,27.0274,14849652
1999-04-27,27.2578,27.2578,25.7797,25.7989,18018013
1999-04-28,26.202,26.5667,25.0982,25.223,17188004
1999-04-29,25.2997,25.7029,24.6951,25.2038,18698195
1999-04-30,25.415,25.7221,24.532,24.9735,17985075
1999-05-03,25.0119,25.0311,24.1289,24.532,20632986
1999-05-04,24.7239,25.127,23.8793,23.9753,20424764
1999-05-05,24.3016,24.5319,23.4762,24.3016,20586319
1999-05-06,24.7815,24.9158,23.8025,23.9369,22733998
1999-05-07,24.4551,24.6855,23.956,24.2824,14745744
1999-05-10,24.532,24.7239,24.0329,24.4744,14194904
1999-05-11,24.8007,24.8823,24.3977,24.532,13140921
1999-05-12,24.8007,24.8775,24.34,24.7239,18471548
1999-05-13,24.9159,25.1078,24.3016,24.3016,15890006
1999-05-14,24.2249,24.5512,23.5338,23.6106,25922059
1999-05-17,23.7641,24.436,23.649,24.3016,20531650
1999-05-18,24.5128,24.6472,23.937,24.1673,19612812
1999-05-19,24.5319,24.5319,23.7257,24.3592,14284816
1999-05-20,24.436,24.5704,24.0713,24.0905,13018052
1999-05-21,24.1096,24.2632,23.6489,23.8217,17373902
1999-05-24,23.9177,23.9177,23.361,23.7257,11974952
1999-05-25,23.5722,24.34,23.3802,23.4186,15599582
1999-05-26,23.7065,24.1096,23.1882,24.1096,15977693
1999-05-27,24.0329,24.3977,23.8026,24.0713,17414937
1999-05-28,24.1864,24.8391,23.9945,24.7815,12760595
1999-06-01,24.7622,24.8006,24.0904,24.1096,11070883
1999-06-02,23.9753,24.1481,23.4186,24.0905,13149012
1999-06-03,24.0713,24.244,23.3802,23.457,10115119
1999-06-04,23.6298,24.4744,23.5722,24.436,10954747
1999-06-07,24.5512,24.8967,24.3208,24.6471,9948583
1999-06-08,24.532,25.223,24.2632,24.3784,12750909
1999-06-09,24.6087,25.3765,24.5703,25.2806,16373301
1999-06-10,25.1463,25.2807,24.2825,24.532,10834744
1999-06-11,24.5704,24.7239,23.8218,23.9945,10609178
1999-06-14,24.1864,24.4743,23.7833,23.8217,8713180
1999-06-15,23.9753,24.2248,23.553,23.8601,11357930
1999-06-16,24.2825,25.0695,24.2441,24.8775,14842101
1999-06-17,24.7815,25.4917,24.7239,25.4533,13659615
1999-06-18,25.2806,26.106,25.223,26.106,21227618
1999-06-21,26.0676,27.3345,26.0676,27.3153,17258920
1999-06-22,27.1618,27.1618,26.4899,26.5667,11901574
1999-06-23,26.3939,26.8354,26.1252,26.4131,10424575
1999-06-24,26.3363,26.4899,25.7988,25.9908,10306945
1999-06-25,26.2211,26.5475,25.914,26.0868,7657647
1999-06-28,26.2596,26.6627,26.0869,26.6435,9736318
1999-06-29,26.6243,27.0466,26.4131,27.0274,11969821
1999-06-30,26.9506,27.7185,26.6435,27.6993,17693809
1999-07-01,27.6033,28.1023,27.1426,28.0064,14661686
1999-07-02,27.9104,28.2943,27.7376,28.2559,9857255
1999-07-06,28.3327,28.5439,27.4113,27.5073,13949629
1999-07-07,27.6609,28.3519,27.6032,28.3519,10391595
1999-07-08,28.1984,28.563,27.8528,28.4287,11606545
1999-07-09,28.3711,28.659,28.3327,28.6398,10406828
1999-07-12,28.6207,29.1005,28.3711,28.9278,13466957
1999-07-13,28.6014,28.8894,28.5055,28.755,9473410
1999-07-14,28.7934,29.1773,28.4094,29.1581,11666360
1999-07-15,29.1773,29.254,28.7933,28.9853,12569623
1999-07-16,29.3308,30.6745,29.1773,30.5402,35433445
1999-07-19,30.7129,30.9432,30.0411,30.2138,24933211
1999-07-20,29.6188,29.7147,28.3519,28.659,28344131
1999-07-21,28.7549,29.2733,28.563,29.0813,16600564
1999-07-22,28.9853,29.0237,27.6416,27.968,18705469
1999-07-23,28.1215,28.1791,27.5457,27.7184,21140678
1999-07-26,27.2961,27.5841,26.9122,26.9122,15628272
1999-07-27,27.2769,27.5648,27.0273,27.2769,20120924
1999-07-28,27.3921,27.7952,27.1425,27.6416,19108085
1999-07-29,27.2386,27.277,26.5091,26.7011,17803743
1999-07-30,26.9122,27.2194,26.2596,26.3556,15702744
1999-08-02,26.3171,26.701,25.914,26.0484,14757728
1999-08-03,26.3747,26.4323,25.914,26.0292,16907831
1999-08-04,26.1444,26.7778,26.0292,26.0868,23210783
1999-08-05,26.2211,26.5283,26.0292,26.3363,23536513
1999-08-06,26.4324,26.5475,26.0868,26.1444,20640885
1999-08-09,26.2979,26.3556,25.7029,25.7413,12080499
1999-08-10,25.6646,25.8181,25.0695,25.4726,19270239
1999-08-11,25.7989,26.0101,25.2806,25.8565,20302861
1999-08-12,25.7797,25.8565,25.0694,25.1078,18753914
1999-08-13,25.4725,26.2979,25.4149,26.01,19994023
1999-08-16,26.1252,26.3796,25.2806,25.8949,17605225
1999-08-17,26.2403,26.2595,25.4725,25.9716,15893602
1999-08-18,25.9333,26.4707,25.8181,26.106,17924441
1999-08-19,25.9716,26.1444,25.5301,25.7413,21953045
1999-08-20,25.7989,26.0388,25.511,25.6069,14150304
1999-08-23,25.8949,26.6051,25.7605,26.5475,18565031
1999-08-24,26.7395,28.7166,26.7395,28.3135,36993707
1999-08-25,28.755,29.4844,28.6207,29.2733,25147017
1999-08-26,29.2924,29.5996,28.7742,29.0621,18810435
1999-08-27,29.1965,29.2157,28.3711,28.6398,12883579
1999-08-30,28.5247,28.6974,28.1216,28.3327,10227659
1999-08-31,28.1984,28.6014,27.68,28.4287,14399088
1999-09-01,28.3519,28.6975,28.1408,28.3711,11243156
1999-09-02,28.1023,28.4286,27.8528,28.1983,10239922
1999-09-03,28.7934,29.6188,28.7166,29.446,16000811
1999-09-07,29.1389,29.6956,28.7933,28.9469,14443658
1999-09-08,28.7742,29.0814,28.2751,28.3327,13073952
1999-09-09,28.3903,28.9134,28.1935,28.8894,11816869
1999-09-10,29.1965,29.2733,28.8702,29.1773,10582146
1999-09-13,29.0238,29.1198,28.6782,28.8318,8559950
1999-09-14,28.7742,29.3501,28.755,29.1965,12348989
1999-09-15,29.3308,29.4076,28.371,28.4478,14869270
1999-09-16,28.5247,28.8894,27.8336,28.8702,14065316
1999-09-17,28.9853,29.638,28.8126,29.6188,24500738
1999-09-20,29.4844,30.0602,29.1773,29.9643,14927020
1999-09-21,29.6572,29.6572,28.9085,29.0621,14460502
1999-09-22,29.1005,29.6763,28.7742,29.5036,14905457
1999-09-23,29.7532,29.7532,27.6464,28.0064,21828798
1999-09-24,27.6993,28.0639,27.2961,27.9296,21584125
1999-09-27,28.2559,28.5439,27.9104,28.0832,10483011
1999-09-28,28.0256,28.4671,27.3537,28.2943,14128139
1999-09-29,28.1216,28.2943,27.3729,27.4881,11512569
1999-09-30,27.6416,28.1599,27.2769,27.8144,14574929
1999-10-01,27.6992,27.8335,27.1233,27.6368,13587071
1999-10-04,27.7952,28.4479,27.7184,28.4287,9213269
1999-10-05,28.4862,28.8317,27.488,28.1983,13328472
1999-10-06,28.3519,28.8701,28.2751,28.7742,10903149
1999-10-07,28.7742,29.1965,28.4671,28.7934,14139141
1999-10-08,28.7166,29.2349,28.2943,29.1581,10963588
1999-10-11,29.0621,29.1773,28.9086,28.9662,6125333
1999-10-12,28.8702,28.9662,28.3711,28.4287,8497842
1999-10-13,28.2559,28.6014,27.7377,27.968,11701138
1999-10-14,27.9104,28.3279,27.5457,27.8528,13126022
1999-10-15,27.4881,27.5841,26.8163,27.0466,22662453
1999-10-18,26.7779,27.0274,26.1252,26.989,23130778
1999-10-19,27.1041,27.4113,26.1827,26.5091,21482320
1999-10-20,28.1216,28.3711,27.7184,28.3327,27055225
1999-10-21,27.8144,28.6014,27.7952,28.5822,18673797
1999-10-22,28.7358,28.8318,28.1791,28.4671,13406389
1999-10-25,28.2559,28.7358,27.9872,28.3903,9365050
1999-10-26,28.9854,29.2541,28.3375,28.3711,16114355
1999-10-27,28.1024,28.1407,27.5457,27.9104,16712947
1999-10-28,27.6416,27.9103,27.4305,27.6032,21674202
1999-10-29,28.0832,28.8702,28.0256,28.4287,24402233
1999-11-01,28.6398,28.9278,28.2943,28.3711,16358093
1999-11-02,28.4863,29.0237,28.2367,28.4287,14235143
1999-11-03,28.5439,28.7166,28.1023,28.2559,13672477
1999-11-04,28.3519,28.4862,27.7376,28.1791,16658501
1999-11-05,28.1984,28.5247,27.7952,28.1216,21550497
1999-11-08,26.0485,27.872,25.9141,27.6225,74884096
1999-11-09,27.5648,27.6032,26.5475,27.2961,33713501
1999-11-10,27.0657,27.3729,26.5475,26.7586,21310257
1999-11-11,27.1042,27.7761,27.1042,27.5265,21276288
1999-11-12,27.5648,27.6416,26.7395,27.3921,15176535
1999-11-15,27.1041,27.1809,26.701,26.7202,14459744
1999-11-16,26.7011,26.9506,26.3748,26.8163,18171395
1999-11-17,26.5475,26.7395,26.106,26.106,20522080
1999-11-18,26.0868,26.3555,25.9524,26.0868,19807732
1999-11-19,25.9332,26.5859,25.914,26.4131,17882897
1999-11-22,27.5265,27.7568,27.1618,27.5841,27824890
1999-11-23,27.4113,28.064,27.1426,27.5265,21740913
1999-11-24,27.5073,28.3326,27.488,28.1599,16514621
1999-11-26,28.1408,28.6782,27.9488,27.9872,8757560
1999-11-29,27.6801,28.2752,27.4881,27.6993,15804961
1999-11-30,27.5648,28.5246,27.5073,27.9631,19700965
1999-12-01,27.968,28.8509,27.9103,28.6206,15007605
1999-12-02,28.5822,29.254,28.5246,29.1197,17037613
1999-12-03,29.4269,29.8299,29.4028,29.5228,19687170
1999-12-06,29.2541,29.8492,29.1005,29.3117,15079504
1999-12-07,29.1005,29.1389,28.5246,28.563,17463111
1999-12-08,28.6014,28.9661,28.1599,28.1791,12578720
1999-12-09,28.2559,28.659,28.0831,28.4862,14207227
1999-12-10,28.6782,28.9086,28.3327,28.8318,11313429
1999-12-13,28.7502,29.7724,28.4863,29.6764,16183151
1999-12-14,29.5421,31.0585,29.2733,30.3099,44262376
1999-12-15,30.2715,33.4003,30.2523,33.3044,47780648
1999-12-16,33.5539,35.3199,33.4579,34.9168,39515325
1999-12-17,35.8189,35.9725,34.8975,35.3966,32524577
1999-12-20,35.2623,35.3198,34.1489,34.6288,12111265
1999-12-21,34.5136,35.8189,33.9762,35.5886,17643346
1999-12-22,35.7181,36.2412,35.3582,36.1069,11844497
1999-12-23,36.0109,36.6251,35.8573,36.0685,9529723
1999-12-27,36.3757,36.6252,35.6654,36.5868,9890245
1999-12-28,36.4716,36.4908,35.9534,36.0877,7552618
1999-12-29,35.915,36.3564,35.8766,36.2221,5359162
1999-12-30,36.2029,36.8364,35.9725,36.1261,6867414
1999-12-31,36.0876,36.1644,35.7037,35.8573,3844517
2000-01-03,36.0493,36.4332,34.3985,35.7998,16348006
2000-01-04,34.8784,35.9725,34.4752,34.5904,16621513
2000-01-05,34.1298,35.7422,33.5923,34.9552,19674589
2000-01-06,34.4561,34.9743,33.2851,33.7842,16884913
2000-01-07,33.3619,34.4752,32.9588,34.2257,19046165
2000-01-10,34.84,34.9168,34.2066,34.4753,13809653
2000-01-11,34.245,35.0896,33.3812,33.5923,14356343
2000-01-12,33.3235,33.4387,32.0758,32.4981,20434018
2000-01-13,32.0566,33.3619,31.1736,33.1124,25535952
2000-01-14,32.9205,34.9936,32.479,34.4753,22548351
2000-01-18,34.3409,35.7806,34.3217,35.4159,25026016
2000-01-19,33.9378,34.2449,32.5557,32.8628,29966021
2000-01-20,32.8821,33.6883,32.5173,32.5557,17306672
2000-01-21,32.8629,32.9397,31.7111,31.8647,21012643
2000-01-24,31.879,32.4597,30.9625,31.0968,19532660
2000-01-25,31.0201,31.9031,30.5786,31.5768,18373480
2000-01-26,31.4616,31.7879,30.4442,30.521,15161451
2000-01-27,30.6793,31.0777,29.8683,30.329,19550242
2000-01-28,30.1371,30.7898,29.8684,30.1755,17882754
2000-01-31,29.9835,30.1563,29.1389,30.0603,22480098
2000-02-01,30.2522,31.711,30.0027,31.6151,21559396
2000-02-02,31.4616,31.9223,30.8665,30.9625,15330542
2000-02-03,31.3464,31.9991,30.7513,31.8263,15106474
2000-02-04,32.0566,33.17,31.9846,32.7285,17004338
2000-02-07,32.8053,32.8245,32.0183,32.7477,12286968
2000-02-08,32.6901,33.7843,32.6901,33.7651,17269595
2000-02-09,33.6114,33.6114,31.903,31.9414,16919728
2000-02-10,31.9078,32.7285,31.4807,32.5557,16747082
2000-02-11,32.2102,32.2102,30.4442,30.6938,35491595
2000-02-14,31.0921,31.2505,30.4251,30.5978,24886293
2000-02-15,30.6362,30.713,30.1371,30.2715,21814684
2000-02-16,30.4826,30.7705,29.8299,29.9835,20025630
2000-02-17,30.2523,30.617,29.8348,30.5978,24675847
2000-02-18,30.7129,30.7321,29.1389,29.1965,24282556
2000-02-22,29.2157,29.8299,28.5055,28.8126,20361507
2000-02-23,28.7166,29.4076,28.2751,28.9469,23294868
2000-02-24,28.9469,29.446,28.2559,29.1005,21417108
2000-02-25,29.0814,29.0862,27.7952,28.0448,20055991
2000-02-28,27.7185,28.2943,27.0658,28.1216,23382342
2000-02-29,28.1791,28.1791,27.2961,27.4497,17947850
2000-03-01,27.5265,28.899,27.3153,27.8912,32828977
2000-03-02,28.1983,29.2925,27.9872,28.6782,32842136
2000-03-03,29.1005,30.3674,28.8318,29.5228,31153718
2000-03-06,29.4844,29.9067,27.68,27.8336,28750197
2000-03-07,29.5228,29.9451,28.2367,28.5246,41481141
2000-03-08,28.8126,29.5421,27.9488,29.3501,28959247
2000-03-09,29.2733,30.7129,29.1773,30.7129,27088409
2000-03-10,30.5786,31.4808,30.5594,31.0201,26286924
2000-03-13,29.9835,30.7897,29.9451,30.0987,18990375
2000-03-14,30.2907,30.4826,29.2157,29.2157,22570706
2000-03-15,29.043,29.6764,28.7742,29.2925,16341760
2000-03-16,29.4653,29.6956,28.6398,29.2925,23741375
2000-03-17,29.2541,30.5594,29.0237,30.521,24927126
2000-03-20,30.329,30.6361,29.638,29.9067,14672480
2000-03-21,29.7147,31.6727,29.6379,31.5575,25076711
2000-03-22,31.5768,32.4405,31.0585,31.7111,28862721
2000-03-23,32.8053,34.6672,32.7477,34.3601,45523946
2000-03-24,34.5904,35.3198,33.6499,34.3025,34458890
2000-03-27,33.098,33.2468,31.9223,31.9607,34224675
2000-03-28,31.8263,32.9973,31.4424,32.0375,24912643
2000-03-29,32.3061,33.4579,32.2869,32.9204,19767977
2000-03-30,32.6133,33.3619,31.4808,31.7495,19711072
2000-03-31,32.5557,33.2468,31.9799,32.6325,19742709
2000-04-03,29.0046,29.638,27.6417,27.9104,79889992
2000-04-04,28.1216,28.2559,26.0869,27.2002,55665528
2000-04-05,27.1042,27.1809,26.3747,26.5283,25457217
2000-04-06,26.989,27.0274,26.1875,26.4131,20399943
2000-04-07,26.7202,27.4496,26.106,27.3537,25373026
2000-04-10,27.2193,27.2193,26.4131,26.4323,18638232
2000-04-11,26.1444,26.4324,25.6453,25.7605,22101603
2000-04-12,25.223,25.2614,24.1864,24.3784,46991973
2000-04-13,24.8391,25.2614,24.2632,24.34,28967272
2000-04-14,24.3016,24.4168,22.4973,22.766,46443500
2000-04-17,22.8043,23.3418,22.4204,23.3034,36785496
2000-04-18,23.4954,25.1654,23.3034,24.7431,28192771
2000-04-19,25.0119,25.0311,23.9945,24.1673,16497595
2000-04-20,24.148,24.5319,23.8025,24.244,16089672
2000-04-24,20.6545,20.8848,19.9634,20.4625,96329864
2000-04-25,21.1151,21.3455,20.7696,21.3071,48992478
2000-04-26,21.4991,21.8446,20.6928,20.8848,32890857
2000-04-27,20.7121,21.4799,20.6928,21.4415,23854677
2000-04-28,21.7294,21.8062,20.9616,21.4223,23981489
2000-05-01,22.382,22.7275,22.0173,22.5548,33111860
2000-05-02,22.3629,22.574,21.3455,21.4607,30011564
2000-05-03,21.6142,21.7486,21.1343,21.6718,17001048
2000-05-04,21.595,21.8829,21.2879,21.6334,13303950
2000-05-05,21.5759,22.0558,21.4607,21.8446,11180197
2000-05-08,21.787,21.9214,21.4031,21.4415,11114275
2000-05-09,21.5566,21.6334,20.7312,20.8272,18666795
2000-05-10,20.808,20.8463,20.1937,20.3281,20804886
2000-05-11,20.4625,20.9232,20.1938,20.8464,17933524
2000-05-12,21.0192,21.4223,20.9616,21.1344,11635920
2000-05-15,21.1919,21.3263,20.8848,21.3071,10411563
2000-05-16,21.3647,21.691,21.2112,21.3455,14868323
2000-05-17,21.1535,21.2303,20.6544,20.7888,16352143
2000-05-18,20.904,20.904,20.2321,20.3281,16474497
2000-05-19,20.0785,20.2513,19.8098,19.9826,20448023
2000-05-22,20.0018,20.0402,19.1764,19.7139,21485238
2000-05-23,19.6179,20.1362,19.3684,19.4068,17802231
2000-05-24,19.3875,20.4433,19.3492,20.1362,26254156
2000-05-25,19.8291,19.8867,18.7733,18.8885,28977355
2000-05-26,19.0613,19.234,18.5429,18.8693,17144584
2000-05-30,19.1764,19.6946,19.042,19.4643,21049516
2000-05-31,19.5459,19.5651,19.0612,19.2148,16882338
2000-06-01,19.7715,20.2706,19.5988,19.8291,29025980
2000-06-02,20.2705,20.5008,19.9634,20.3665,24712555
2000-06-05,20.2754,21,20.2706,20.5393,19779154
2000-06-06,20.9424,21.4607,20.8273,21.3839,30411668
2000-06-07,21.2687,21.7294,20.616,21.6526,23437204
2000-06-08,21.979,22.1517,20.9616,21.1344,29105340
2000-06-09,21.3839,21.4031,20.9808,21.1344,10967667
2000-06-12,21.192,21.192,20.3857,20.5393,15129394
2000-06-13,20.5009,20.8848,20.3089,20.8464,13602510
2000-06-14,21.4415,21.8062,21.3455,21.6526,24567992
2000-06-15,21.7486,22.3245,21.691,22.2285,20145425
2000-06-16,22.3053,22.4588,21.9597,22.2861,21103038
2000-06-19,22.2861,22.67,22.1133,22.6316,14313686
2000-06-20,22.6891,23.1114,22.6508,23.0155,19126450
2000-06-21,23.6489,25.2422,23.6298,24.7815,49263365
2000-06-22,24.9927,25.1847,24.3593,24.532,26817108
2000-06-23,24.5511,24.5895,23.6489,23.8601,15298577
2000-06-26,23.8025,24.6088,23.8025,24.4168,14830365
2000-06-27,24.34,24.6088,24.0713,24.2057,9542892
2000-06-28,24.2632,24.5895,24.148,24.244,11504794
2000-06-29,24.0329,24.2441,23.6682,23.7066,11808828
2000-06-30,23.6681,24.5703,23.553,24.5703,16080156
2000-07-03,24.4744,24.5895,24.3783,24.5703,4832609
2000-07-05,24.5319,24.5319,24.0328,24.1096,10695571
2000-07-06,24.2248,25.0886,24.1096,24.8583,14703257
2000-07-07,24.959,25.4533,24.7431,25.1846,16632033
2000-07-10,24.7815,24.9735,24.3784,24.3976,16182572
2000-07-11,24.2057,24.7239,24.1096,24.3016,11414396
2000-07-12,24.0329,24.8775,23.7066,24.6664,17927233
2000-07-13,24.2057,24.5704,23.7641,24.5512,24829337
2000-07-14,24.4167,24.4935,24.0904,24.244,15719030
2000-07-17,24.0329,24.436,23.8025,24.0137,16582769
2000-07-18,23.8409,24.4167,23.7833,24.1096,21688566
2000-07-19,23.361,23.8025,22.3629,22.4588,42974887
2000-07-20,22.5548,23.1114,22.4588,22.9771,16797055
2000-07-21,22.9579,23.0347,22.0749,22.2093,17230124
2000-07-24,22.1325,22.1517,21.499,21.6718,17250068
2000-07-25,21.7486,21.8062,20.9999,21.1919,19714180
2000-07-26,21.2111,21.3454,20.6544,20.8272,26230209
2000-07-27,20.8464,21.5374,20.7312,21.3071,22831260
2000-07-28,21.787,22.0557,21.3839,21.4031,23232976
2000-07-31,21.5567,21.8446,21.2687,21.4415,21586219
2000-08-01,21.4799,21.5183,20.9424,21.096,14485341
2000-08-02,21.0576,21.6335,21.0384,21.3071,14824889
2000-08-03,20.9424,21.6142,20.9232,21.5758,16751850
2000-08-04,21.3263,21.4606,20.9424,21.2303,11703892
2000-08-07,21.5566,21.8445,21.4222,21.499,16198514
2000-08-08,21.5183,22.9388,21.4991,22.766,42395836
2000-08-09,22.6507,22.9963,22.4588,22.8043,19639524
2000-08-10,22.67,22.7468,22.0366,22.3053,15045059
2000-08-11,22.2477,22.3245,21.9981,22.2477,10942889
2000-08-14,22.2093,22.5356,21.9213,22.1709,16408977
2000-08-15,22.1133,22.4204,21.9597,21.9981,12504503
2000-08-16,22.0749,22.1901,21.6719,21.8062,13813521
2000-08-17,21.8446,22.1133,21.6719,21.979,11091313
2000-08-18,21.8446,21.9406,21.4991,21.8062,16719766
2000-08-21,21.7102,21.7486,21.5183,21.691,10479126
2000-08-22,21.7487,22.2477,21.5663,21.883,16716524
2000-08-23,21.7486,21.8446,21.6142,21.7294,11279877
2000-08-24,21.691,21.8638,21.4799,21.8446,13023958
2000-08-25,21.7102,22.0174,21.6718,21.691,16194739
2000-08-28,21.5567,22.1517,21.5375,21.9022,17328735
2000-08-29,21.8638,22.3436,21.7678,21.787,18243529
2000-08-30,21.7102,21.787,21.4031,21.499,16431010
2000-08-31,21.7678,22.1133,21.4031,21.4415,22290037
2000-09-01,21.4991,21.691,21.4031,21.5567,11557231
2000-09-05,21.499,21.7102,21.4415,21.5374,15588379
2000-09-06,21.5183,21.7102,21.2879,21.3263,19337087
2000-09-07,21.4991,22.1326,21.3263,21.5183,34309819
2000-09-08,21.6142,21.7678,21.2495,21.2879,17417155
2000-09-11,21.2303,21.4031,20.9041,21.1344,14894321
2000-09-12,21.1152,21.2879,20.7696,20.9232,14367888
2000-09-13,20.7505,21.1152,20.6353,20.9616,12513937
2000-09-14,21.096,21.1152,20.1746,20.213,24110598
2000-09-15,20.0978,20.1554,19.4452,19.7139,30686897
2000-09-18,19.733,19.8482,19.0996,19.3491,21203481
2000-09-19,19.5411,20.1937,19.4643,19.9634,24358788
2000-09-20,19.9251,19.9634,19.4068,19.7331,20820770
2000-09-21,19.6563,20.0018,19.5219,19.7139,15034661
2000-09-22,18.7733,19.5027,18.7349,19.4259,25945201
2000-09-25,19.426,19.5027,18.5622,18.8117,16426591
2000-09-26,18.7157,20.2321,18.5622,19.2532,47821509
2000-09-27,19.4835,19.5219,18.3702,18.6197,32603471
2000-09-28,18.6773,19.0036,18.6197,18.8309,16081416
2000-09-29,18.7349,18.8309,18.0055,18.5238,22744071
2000-10-02,18.5813,18.6773,17.8903,18.159,17986209
2000-10-03,18.2934,18.3702,17.3528,17.372,26220809
2000-10-04,17.3144,17.372,16.7385,17.0265,41908809
2000-10-05,17.0457,17.5832,16.9689,17.0073,24908024
2000-10-06,17.1417,17.4296,16.8153,17.0649,18978745
2000-10-09,17.0841,17.1225,16.2779,16.6426,17912887
2000-10-10,16.5658,17.0649,16.5275,16.7578,19062379
2000-10-11,16.585,17.4872,16.585,17.1225,31083342
2000-10-12,17.2953,17.468,16.5275,16.7002,27709156
2000-10-13,16.5466,16.8537,16.0091,16.5082,32101523
2000-10-16,16.4314,16.5274,15.2221,15.4716,36781406
2000-10-17,15.9324,16.1052,15.4333,15.4909,24962482
2000-10-18,15.2413,16.3546,14.8766,15.8939,33948879
2000-10-19,17.9479,19.0996,17.8135,19.0036,78930036
2000-10-20,18.8309,20.3089,18.7733,20.021,49256913
2000-10-23,19.8482,20.3473,18.6389,19.0804,56871232
2000-10-24,19.234,19.33,18.4854,18.8885,29001495
2000-10-25,19.0229,19.4836,18.5622,18.8117,51476121
2000-10-26,18.7349,19.9827,18.6774,19.7907,35266658
2000-10-27,19.8674,21.2495,19.8482,20.7888,38173755
2000-10-30,20.7312,21.5374,20.6928,21.2111,33801837
2000-10-31,21.1919,21.3455,20.8848,21.1535,32086980
2000-11-01,21.0384,21.5183,21.0192,21.3839,24972525
2000-11-02,21.6143,21.7582,21.3839,21.5951,23951585
2000-11-03,21.2687,21.3839,20.904,20.9616,21103187
2000-11-06,21.096,21.5375,20.9616,21.3455,22989073
2000-11-07,21.4223,22.0749,21.3455,21.6526,32043145
2000-11-08,21.8445,22.2285,20.8848,21.3263,63314457
2000-11-09,21.0384,21.9022,21.0192,21.7678,27966778
2000-11-10,21.4798,21.595,20.5201,20.6928,28791601
2000-11-13,20.4817,20.9231,19.781,20.4049,25603731
2000-11-14,20.8848,21.4415,20.6737,21.1344,25866042
2000-11-15,21.2112,21.7678,21.096,21.5183,18557448
2000-11-16,21.3264,21.9598,21.1728,21.1728,28295450
2000-11-17,21.3263,21.499,20.8223,21.2111,32717059
2000-11-20,20.9232,21.0384,20.1362,20.6353,24618648
2000-11-21,20.6928,21.2687,20.6928,20.808,18270376
2000-11-22,20.2898,21.3455,20.2706,20.9616,23447262
2000-11-24,21.1919,21.6335,21.0384,21.4799,10577294
2000-11-27,21.9405,22.1901,21.691,21.7102,26200424
2000-11-28,21.3071,21.4223,20.5201,20.5777,39142532
2000-11-29,20.5201,20.616,19.4259,19.9826,30184744
2000-11-30,19.042,19.0612,17.5063,17.6215,60565994
2000-12-01,17.8327,18.6197,17.2185,17.3912,33725814
2000-12-04,17.5831,18.1206,16.9497,17.3336,24695349
2000-12-05,18.1783,18.5814,17.8903,18.3894,31245671
2000-12-06,18.4277,18.447,17.2184,17.4104,27813839
2000-12-07,16.4122,16.5849,16.0475,16.3162,44628347
2000-12-08,16.777,17.1609,16.4123,16.7194,37144196
2000-12-11,17.0457,18.0438,16.8921,17.8327,29354209
2000-12-12,17.756,18.4278,17.4296,17.9287,19381731
2000-12-13,18.5814,18.5814,17.4489,17.5832,30209443
2000-12-14,17.7944,18.0391,17.0073,17.0457,21868067
2000-12-15,15.678,15.9708,14.6655,15.107,35903465
2000-12-18,15.0493,15.3564,14.435,14.6846,32920278
2000-12-19,14.5695,14.7422,13.6673,13.7633,36939094
2000-12-20,13.149,13.5137,12.7075,12.7459,45773997
2000-12-21,12.5156,13.8593,12.3812,13.341,50115361
2000-12-22,13.744,14.4734,13.744,14.2623,33646455
2000-12-26,14.3967,14.915,14.0896,14.3967,20559747
2000-12-27,14.1663,14.3775,13.8208,14.2623,21193018
2000-12-28,13.8592,14.2048,13.4753,13.6865,23839165
2000-12-29,13.4945,14.0704,13.2065,13.3217,30705973
2001-01-02,13.552,13.8208,13.1681,13.3217,25311445
2001-01-03,13.2641,15.0109,13.2449,14.723,41757858
2001-01-04,14.6846,15.51,14.3967,14.8766,34520398
2001-01-05,14.8957,15.318,14.6078,15.0877,28690310
2001-01-08,15.0302,15.2797,14.3392,15.0302,24514371
2001-01-09,15.3565,16.1627,15.2797,15.9132,35309315
2001-01-10,15.6636,16.5275,15.5868,16.2395,27712403
2001-01-11,16.2778,17.1224,16.0667,16.8921,31282572
2001-01-12,16.8537,16.8921,16.1243,16.4314,22639091
2001-01-16,16.393,16.4314,15.702,16.1435,21026790
2001-01-17,16.4698,16.8537,16.1435,16.2587,22372605
2001-01-18,16.4891,17.2569,16.1627,17.0457,33719404
2001-01-19,18.4278,18.8693,18.0822,18.7349,64297194
2001-01-22,18.6581,18.7348,18.1206,18.4661,23548462
2001-01-23,18.3509,18.7157,18.1014,18.6005,21589659
2001-01-24,18.7349,19.4836,18.6581,19.33,33924000
2001-01-25,19.2724,19.6563,18.9077,18.9845,26307952
2001-01-26,18.7349,19.7523,18.7349,19.6563,28587631
2001-01-29,19.5219,19.8482,19.5027,19.8098,26100962
2001-01-30,19.8098,19.8866,19.3107,19.4643,17591366
2001-01-31,19.3491,19.5795,18.7349,18.7541,25153503
2001-02-01,18.6773,19.234,18.5429,19.1572,22049684
2001-02-02,19.1955,19.4643,18.6581,18.6773,21836857
2001-02-05,18.6581,19.0612,18.5045,19.0228,15786157
2001-02-06,19.0612,19.5987,18.9461,19.2148,29620152
2001-02-07,19.0421,19.9827,18.9845,19.8675,38717356
2001-02-08,19.5795,19.8098,19.042,19.1188,27040034
2001-02-09,18.8309,18.9077,17.967,18.159,30889557
2001-02-12,18.063,18.255,17.5639,18.0438,21895007
2001-02-13,18.3126,18.7541,17.8519,17.8711,23363488
2001-02-14,17.6984,18.1207,17.3144,17.9287,18958629
2001-02-15,18.1207,18.4854,17.7751,18.0631,20156251
2001-02-16,17.5064,17.8903,17.2377,17.6024,20564911
2001-02-20,17.6215,17.8902,17.0072,17.1608,18652154
2001-02-21,16.9689,17.8327,16.9497,17.276,19640032
2001-02-22,17.2952,17.4488,16.5466,16.9497,30963617
2001-02-23,16.7194,17.6599,16.681,17.4296,28446520
2001-02-26,17.6983,18.4086,17.6215,18.2934,27007939
2001-02-27,18.2358,18.7925,18.0198,18.2358,30451436
2001-02-28,18.2934,18.4517,17.8711,18.1206,25985678
2001-03-01,17.9863,18.2742,17.276,18.231,25117510
2001-03-02,17.6599,17.8519,17.3336,17.4104,24509132
2001-03-05,17.5832,18.0055,17.3721,17.6408,15167176
2001-03-06,18.0054,18.4277,17.9286,18.255,20510615
2001-03-07,18.3893,18.7732,18.2166,18.6389,18348971
2001-03-08,18.5238,18.6101,17.9479,18.1974,16777235
2001-03-09,17.7943,17.8711,16.8537,17.4104,31878259
2001-03-12,16.7962,16.8922,15.8556,15.9516,35128312
2001-03-13,16.0283,16.8153,15.9707,16.6426,27959701
2001-03-14,16.1243,16.9689,16.0284,16.585,27852419
2001-03-15,16.9881,17.2232,16.4314,16.489,22002205
2001-03-16,16.1243,16.9305,16.1195,16.7578,34659228
2001-03-19,16.7386,17.0457,16.3163,16.681,18746077
2001-03-20,16.7578,17.2376,16.1627,16.1819,28201462
2001-03-21,16.0475,16.3546,15.2797,15.3757,38387683
2001-03-22,15.5293,16.6042,15.51,16.585,38809883
2001-03-23,16.8729,17.5063,16.7001,17.372,30565329
2001-03-26,17.5448,17.66,17.0649,17.2185,19385608
2001-03-27,17.2185,17.9863,17.1609,17.8903,29218960
2001-03-28,17.6215,17.7943,17.0073,17.0649,24165421
2001-03-29,17.0073,17.564,16.7578,17.0073,26715666
2001-03-30,17.1225,17.2569,16.5466,16.7962,28010743
2001-04-02,16.8346,17.4872,16.777,17.1417,23318506
2001-04-03,16.9881,16.9881,16.201,16.393,28927725
2001-04-04,16.3931,16.8922,15.6829,15.9516,31955842
2001-04-05,16.5082,17.6216,16.4314,17.4296,34817430
2001-04-06,17.3145,17.564,16.9114,17.2569,28446999
2001-04-09,17.3743,17.6353,17.0948,17.5524,17289989
2001-04-10,17.7982,18.4554,17.746,18.3295,33538378
2001-04-11,18.6273,18.8884,18.3356,18.44,33747166
2001-04-12,18.2926,19.1372,18.2281,19.0973,26879957
2001-04-16,18.8577,18.913,18.4646,18.6704,20226748
2001-04-17,18.5875,19.0758,18.44,18.8823,26151801
2001-04-18,19.469,20.3658,19.3492,20.0955,48126127
2001-04-19,20.2122,21.1919,20.1938,20.8971,48948969
2001-04-20,21.5912,21.8369,21.0383,21.1919,59251201
2001-04-23,20.9186,21.0292,20.547,20.9616,28308510
2001-04-24,20.9462,21.4776,20.6207,20.7466,27388768
2001-04-25,20.7527,21.4345,20.6544,21.4038,23570286
2001-04-26,21.5205,21.8061,20.9615,21.2318,36467713
2001-04-27,21.3547,21.4008,20.335,20.6145,37338412
2001-04-30,21.0476,21.2103,20.7865,20.808,22840642
2001-05-01,20.7804,21.5912,20.762,21.5513,25707627
2001-05-02,21.8061,21.8522,21.2994,21.4253,28521325
2001-05-03,21.2687,21.5544,20.9278,21.0476,20354531
2001-05-04,20.8848,21.8215,20.8725,21.7294,36713749
2001-05-07,21.754,22.1594,21.7141,21.9229,33586509
2001-05-08,22.0365,22.144,21.7294,22.1317,23060457
2001-05-09,21.8799,21.8983,21.4561,21.6219,23549628
2001-05-10,21.8461,21.8798,21.4867,21.499,19758994
2001-05-11,21.4868,21.4991,21.0845,21.3148,15703172
2001-05-14,21.2318,21.2533,20.9769,21.1059,13810974
2001-05-15,21.1121,21.284,20.8848,20.9677,18853301
2001-05-16,20.7927,21.4622,20.6791,21.2411,28223328
2001-05-17,21.2226,21.542,20.7466,20.937,32858160
2001-05-18,20.7895,21.2533,20.6544,20.9124,27827528
2001-05-21,20.9001,21.496,20.808,21.1274,31785266
2001-05-22,21.3302,21.6066,21.2472,21.5943,25631706
2001-05-23,21.6188,21.9904,21.3485,21.4069,28758773
2001-05-24,21.4806,22.0457,21.2748,22.0273,24810381
2001-05-25,22.0088,22.0826,21.6096,21.7785,16200305
2001-05-29,21.7448,22.0366,21.5144,21.6035,21870949
2001-05-30,21.3639,21.6772,21.0844,21.2503,26567267
2001-05-31,21.3424,21.6158,21.0076,21.2472,21708692
2001-06-01,21.3762,21.7141,21.0998,21.6035,17686860
2001-06-04,21.668,21.8123,21.4376,21.7386,13432784
2001-06-05,21.7325,22.445,21.6526,22.2976,27474022
2001-06-06,22.3867,22.5679,21.9751,22.2239,24577373
2001-06-07,22.1502,22.6447,22.1379,22.6293,20565390
2001-06-08,22.6354,22.6508,22.1287,22.4788,15929880
2001-06-11,22.3744,22.3744,21.9629,22.1502,14541244
2001-06-12,21.8123,22.2393,21.7478,22.1379,20490027
2001-06-13,22.1287,22.2055,21.6956,21.711,16985011
2001-06-14,21.5666,21.668,21.0076,21.1612,22104824
2001-06-15,20.7343,20.9769,20.3934,20.8909,33278755
2001-06-18,20.8694,20.8725,20.2736,20.5408,17459311
2001-06-19,20.9492,21.1458,20.5315,20.6759,19489585
2001-06-20,20.6206,21.3731,20.6083,21.3178,19689527
2001-06-21,21.238,21.668,21.1673,21.4499,21377356
2001-06-22,21.499,21.6864,21.0629,21.1397,15691843
2001-06-25,21.2227,21.4407,20.8142,21.1459,15115587
2001-06-26,20.8295,21.5635,20.7926,21.542,19372751
2001-06-27,21.4561,21.969,21.3025,21.8492,21253307
2001-06-28,21.9751,23.3879,21.6618,22.3406,39612212
2001-06-29,22.2975,22.5463,21.929,22.4204,28957267
2001-07-02,22.1286,22.4665,21.5451,21.6833,22362116
2001-07-03,21.5912,21.7448,21.4776,21.6434,8611106
2001-07-05,21.5666,21.7202,21.0199,21.0414,15123825
2001-07-06,20.977,21.0077,20.1692,20.289,20721377
2001-07-09,20.3319,20.55,19.9757,20.1753,20416888
2001-07-10,20.2398,20.3473,19.7638,19.8037,20443328
2001-07-11,19.7208,20.5009,19.7177,20.4241,22673085
2001-07-12,21.7141,22.1287,21.6004,21.9905,39336582
2001-07-13,21.929,22.1133,21.7877,21.9106,18100539
2001-07-16,21.9444,22.1625,21.5452,21.8615,17196444
2001-07-17,21.7017,22.1164,21.542,22.058,19423141
2001-07-18,21.6833,21.9597,21.4591,21.6741,17687810
2001-07-19,21.8738,22.4205,21.8738,22.2884,23510592
2001-07-20,20.894,21.3148,20.8664,21.2472,38146556
2001-07-23,21.2656,21.2656,20.378,20.6053,24570154
2001-07-24,20.5776,20.8817,20.1784,20.3688,20740488
2001-07-25,20.3504,20.7374,20.1508,20.7251,22747671
2001-07-26,20.6145,20.6759,20.1169,20.4517,23948053
2001-07-27,20.2859,20.3474,19.9788,20.1078,20085072
2001-07-30,20.163,20.5408,20.1292,20.2091,12959746
2001-07-31,20.2736,20.6975,20.2245,20.3289,18130344
2001-08-01,20.5163,20.5193,20.1968,20.4149,17100665
2001-08-02,20.6422,20.7435,20.3504,20.7159,16645940
2001-08-03,20.6698,20.6883,20.2706,20.5439,13286550
2001-08-06,20.4334,20.6146,20.1723,20.3105,8547916
2001-08-07,20.2828,20.593,20.2674,20.378,9627814
2001-08-08,20.4272,20.6514,19.8068,19.9204,16891000
2001-08-09,19.9573,20.1324,19.7484,19.9665,13985518
2001-08-10,19.8928,20.2275,19.3184,20.1231,15895898
2001-08-13,20.0371,20.2674,19.8866,20.2183,10035562
2001-08-14,20.1938,20.2982,19.7945,19.8682,11204449
2001-08-15,19.8744,19.9788,19.4106,19.4106,12132546
2001-08-16,19.3,19.8743,19.257,19.8467,13484699
2001-08-17,19.5887,19.6962,18.8885,19.0052,16042686
2001-08-20,18.9376,19.2724,18.7656,19.257,14856207
2001-08-21,19.257,19.4106,18.6458,18.6673,14469400
2001-08-22,18.7749,18.781,18.1452,18.6305,23989057
2001-08-23,18.6336,18.8977,18.1206,18.1575,15913366
2001-08-24,18.3049,19.128,18.1913,19.0574,19471718
2001-08-27,19.0113,19.4597,18.9099,19.1372,13686522
2001-08-28,19.1464,19.3338,18.6059,18.655,14564905
2001-08-29,18.7502,18.827,18.2864,18.5045,14794386
2001-08-30,18.1329,18.3233,17.3589,17.4879,29985575
2001-08-31,17.4603,17.8319,17.2914,17.5217,17783005
2001-09-04,17.5648,18.1452,17.2208,17.23,20635827
2001-09-05,17.2545,17.9332,17.0118,17.7336,27478972
2001-09-06,17.3712,17.9333,17.1685,17.2054,34508099
2001-09-07,17.2331,17.617,16.9874,17.015,27599866
2001-09-10,16.8675,17.7981,16.8,17.6845,25943757
2001-09-17,16.5911,16.9228,16.2164,16.2502,39159573
2001-09-18,16.4038,16.8921,16.3301,16.6833,25547869
2001-09-19,16.7263,16.8,15.5408,16.5451,38990231
2001-09-20,16.0782,16.1581,15.5623,15.5899,36236137
2001-09-21,14.7176,15.5407,14.5886,15.2674,56811743
2001-09-24,15.5561,16.1089,15.3165,15.9738,26284195
2001-09-25,16.0536,16.2778,15.4056,15.7557,26087692
2001-09-26,15.8202,15.9093,15.2183,15.4394,17974570
2001-09-27,15.3872,15.5653,14.7422,15.3442,24936229
2001-09-28,15.2397,15.8448,15.0432,15.7158,35823916
2001-10-01,15.6451,16.1243,15.4824,15.9062,21498892
2001-10-02,15.8571,16.4468,15.8356,16.2932,24834707
2001-10-03,16.1182,17.4849,16.0936,17.2699,29852756
2001-10-04,17.4818,17.9364,17.2638,17.3344,31259046
2001-10-05,17.2484,17.8135,16.8737,17.7275,24829680
2001-10-08,17.445,18.0131,17.4265,17.8258,18613833
2001-10-09,17.66,17.6815,16.6434,16.757,30552532
2001-10-10,16.4621,17.1224,16.2778,17.0487,26520296
2001-10-11,17.1255,17.4572,16.7662,17.2975,25719773
2001-10-12,17.1071,17.3958,16.7539,17.3159,19443379
2001-10-15,17.1685,17.967,17.1531,17.8319,21018976
2001-10-16,17.7736,18.093,17.5709,17.9517,20322430
2001-10-17,18.1575,18.2128,17.1931,17.2085,22638745
2001-10-18,17.3037,17.6845,17.0457,17.4296,24062983
2001-10-19,17.6292,17.8166,17.0856,17.7828,28016233
2001-10-22,17.7828,18.483,17.6507,18.4769,22212698
2001-10-23,18.5721,18.87,18.2435,18.5598,24670130
2001-10-24,18.5814,18.9253,18.3111,18.8332,24306683
2001-10-25,18.6151,19.2263,18.2957,19.214,23132415
2001-10-26,19.1403,19.5426,19.0665,19.1034,19812683
2001-10-29,19.0727,19.1035,18.2865,18.3172,16931862
2001-10-30,18.0961,18.2865,17.8719,18.0838,17627897
2001-10-31,18.2128,18.652,17.8442,17.8596,19871300
2001-11-01,18.4524,19.1188,18.3049,18.9929,33683282
2001-11-02,19.0205,19.3552,18.5844,18.8577,25602245
2001-11-05,18.999,19.6655,18.9653,19.4321,20393908
2001-11-06,19.257,19.9449,19.0911,19.8958,21072717
2001-11-07,19.7239,19.9788,19.6655,19.7331,18089648
2001-11-08,19.7976,20.289,19.5519,19.7853,22797567
2001-11-09,19.7607,20.163,19.6286,20.0279,14746382
2001-11-12,19.8712,20.4056,19.5487,20.206,17737545
2001-11-13,20.5163,20.8695,20.4548,20.8541,18476794
2001-11-14,20.9555,20.9892,20.2061,20.2552,27219549
2001-11-15,20.3013,20.593,20.1016,20.3074,23932142
2001-11-16,20.381,20.4578,19.948,20.1937,18197058
2001-11-19,20.3473,20.5685,20.1784,20.4364,17200790
2001-11-20,20.4088,20.8234,19.9727,20.0863,20246560
2001-11-21,19.7668,19.8405,19.4965,19.6716,15597598
2001-11-23,19.7729,19.905,19.5395,19.8743,4838690
2001-11-26,19.9603,20.1815,19.7791,20.0064,12894392
2001-11-27,19.8989,19.9849,19.2723,19.5764,27893145
2001-11-28,19.4013,19.6931,19.2662,19.2877,16749770
2001-11-29,19.386,19.9327,19.3338,19.9143,16595578
2001-11-30,19.859,19.988,19.6348,19.7208,14814157
2001-12-03,19.6041,20.0341,19.5949,19.8928,14500153
2001-12-04,19.9634,20.2951,19.687,20.2705,15665350
2001-12-05,20.421,20.937,20.0248,20.9155,22802195
2001-12-06,20.8786,21.1919,20.7466,21.0844,17207266
2001-12-07,20.9616,21.1428,20.4395,20.8326,13002270
2001-12-10,20.7374,21.023,20.5347,20.5961,11783758
2001-12-11,20.7803,20.9247,20.5991,20.6759,16687527
2001-12-12,20.6268,20.8786,20.3473,20.8694,14706616
2001-12-13,20.6176,20.9585,20.2921,20.3535,16347850
2001-12-14,20.2767,20.8694,20.249,20.7128,13206744
2001-12-17,20.6299,21.2257,20.6268,21.1858,17530896
2001-12-18,21.1673,21.3147,21.069,21.2748,14513425
2001-12-19,21.0752,21.4653,21.023,21.3424,17505191
2001-12-20,21.238,21.2688,20.461,20.504,24135812
2001-12-21,20.8879,20.8909,20.5777,20.7435,25893318
2001-12-24,20.7988,20.894,20.6391,20.6606,3593906
2001-12-26,20.7066,21.2134,20.6974,20.7865,9007483
2001-12-27,20.8786,21.1028,20.6575,20.8387,9953005
2001-12-28,20.9555,21.1459,20.7927,20.8449,8841407
2001-12-31,20.8356,21.0322,20.3473,20.3473,13208454
2002-01-02,20.4701,20.6114,20.12,20.5899,14780256
2002-01-03,20.6115,21.2687,20.6053,21.2626,20759153
2002-01-04,21.2687,21.4714,21.0906,21.1612,16195351
2002-01-07,21.4223,21.5052,20.9923,21.0568,17969780
2002-01-08,21.0967,21.456,20.8848,21.3086,14661226
2002-01-09,21.4131,21.6895,21.0538,21.1029,23435245
2002-01-10,21.0322,21.4376,20.9247,21.2779,15447547
2002-01-11,21.3516,21.5973,20.9155,21.0721,22418307
2002-01-14,20.9769,21.2042,20.8049,21.0291,15662886
2002-01-15,21.0875,21.3823,21.0383,21.3608,18648055
2002-01-16,21.1459,21.4499,20.8388,20.8449,19028350
2002-01-17,21.0476,21.4991,21.0077,21.4561,24250369
2002-01-18,20.6083,20.8387,20.0924,20.3012,32905880
2002-01-22,20.4579,20.4641,19.7331,19.7976,23599009
2002-01-23,19.6716,19.8743,19.4228,19.5764,24694090
2002-01-24,19.687,20.0187,19.5949,19.8406,25763910
2002-01-25,19.7146,19.9173,19.5057,19.5948,15043524
2002-01-28,19.7269,19.7791,19.3215,19.601,12783341
2002-01-29,19.6256,19.8098,19.0389,19.1403,18018049
2002-01-30,19.1802,19.3185,18.8363,19.3031,20301271
2002-01-31,19.3676,19.5979,19.0789,19.5672,21365810
2002-02-01,19.7023,19.8098,19.1863,19.2447,19491079
2002-02-04,19.1648,19.2539,18.6581,18.7717,21593720
2002-02-05,18.6735,19.1127,18.5814,18.781,20507869
2002-02-06,18.9222,19.0082,18.5045,18.5506,20302157
2002-02-07,18.5199,18.9222,18.3509,18.3663,19445550
2002-02-08,18.4646,18.6305,18.0684,18.6274,18821813
2002-02-11,18.4308,18.8086,18.3018,18.7748,15632747
2002-02-12,18.5783,18.6889,18.4339,18.4708,13812805
2002-02-13,18.5076,19.0051,18.4124,18.9867,16636735
2002-02-14,19.042,19.346,18.8331,18.9437,17588341
2002-02-15,18.9499,19.0604,18.4892,18.4984,15411689
2002-02-19,18.4001,18.4707,17.9977,18.0991,16051349
2002-02-20,18.2434,18.5383,18.0592,18.397,15507535
2002-02-21,18.3418,18.5107,17.8166,17.8289,18243034
2002-02-22,17.8288,18.0438,17.5524,17.8104,21912965
2002-02-25,17.7951,18.394,17.7797,18.1452,15919188
2002-02-26,18.1513,18.4277,17.7828,17.9824,19433953
2002-02-27,18.1421,18.4738,17.8104,17.9333,20193774
2002-02-28,18.053,18.3356,17.8565,17.9179,20905650
2002-03-01,18.136,18.8639,18.0745,18.8485,19077495
2002-03-04,18.8086,19.5027,18.695,19.4413,22870156
2002-03-05,19.3491,19.6194,19.1464,19.3737,17176622
2002-03-06,19.3215,19.5641,19.1003,19.5426,15305882
2002-03-07,19.5549,19.6194,18.999,19.2631,17837778
2002-03-08,19.5426,19.8712,19.4013,19.6409,17721897
2002-03-11,19.5058,19.9634,19.3491,19.7607,13427141
2002-03-12,19.2018,19.2878,18.9407,19.2079,20395633
2002-03-13,19.0666,19.3553,19.0266,19.0727,13632650
2002-03-14,19.0851,19.1158,18.7503,18.8025,15915355
2002-03-15,18.7349,19.1986,18.7257,19.1925,21218570
2002-03-18,19.2693,19.3461,18.7963,19.085,16061867
2002-03-19,19.0973,19.3492,18.8885,19.1127,11172284
2002-03-20,18.8578,19.0482,18.4585,18.4585,16964375
2002-03-21,18.4923,18.9161,18.3756,18.8455,14165882
2002-03-22,18.7503,18.7779,18.4954,18.566,12697178
2002-03-25,18.5752,18.6674,18.1667,18.1913,14666187
2002-03-26,18.1513,18.7103,17.9087,18.1452,21301629
2002-03-27,18.0592,18.3909,17.9947,18.2558,14532894
2002-03-28,18.4124,18.6274,18.3234,18.523,13483368
2002-04-01,18.3756,18.5506,18.1821,18.5445,14438174
2002-04-02,18.09,18.1483,17.5402,17.5924,23498323
2002-04-03,17.6415,17.6937,17.0457,17.3006,23627896
2002-04-04,17.193,17.4971,17.0211,17.3374,18969419
2002-04-05,17.4726,17.5985,17.1501,17.1593,15407436
2002-04-08,16.6771,17.6015,16.6648,17.5739,22540047
2002-04-09,17.6077,17.6385,16.8307,16.8522,19476008
2002-04-10,16.929,17.5402,16.9106,17.2914,23230182
2002-04-11,17.1654,17.3374,16.7385,16.8276,17864406
2002-04-12,16.9381,17.2791,16.8491,17.1777,16062086
2002-04-15,17.1992,17.4296,17.0149,17.104,14554463
2002-04-16,17.322,17.8442,17.3098,17.7551,15946604
2002-04-17,17.7981,17.8995,17.3282,17.3927,16940791
2002-04-18,17.4419,17.6016,16.1796,17.3129,22971703
2002-04-19,17.6415,17.8074,17.4634,17.5678,32023949
2002-04-22,17.3589,17.4142,16.8921,17.0733,15806454
2002-04-23,17.1071,17.1439,16.37,16.5819,20971205
2002-04-24,16.5389,16.7171,16.2779,16.284,18802584
2002-04-25,16.2472,16.7232,16.241,16.5021,17595606
2002-04-26,16.6065,16.7232,15.8049,15.8172,19280583
2002-04-29,15.8079,16.2502,15.7987,16.0444,21574558
2002-04-30,16.0015,16.37,15.9462,16.0506,23766927
2002-05-01,16.0199,16.3362,15.5592,16.2011,23468714
2002-05-02,16.1673,16.6065,15.7097,15.7281,24266053
2002-05-03,15.7434,15.8724,15.2059,15.2213,21999017
2002-05-06,15.1844,15.5223,14.8558,14.9326,20362452
2002-05-07,15.1046,15.4455,14.8497,15.1937,27145770
2002-05-08,15.7465,16.8829,15.7312,16.8829,31094389
2002-05-09,16.7079,16.8921,15.94,16.0076,25580280
2002-05-10,16.1335,16.1765,15.3534,15.3718,19781802
2002-05-13,15.4946,16.2502,15.2796,16.1826,19907761
2002-05-14,16.7079,16.9229,16.5789,16.8553,19911982
2002-05-15,16.7354,17.3343,16.542,16.8153,21625551
2002-05-16,16.8031,17.2085,16.7846,17.1194,16402683
2002-05-17,17.2638,17.3221,16.9751,17.2085,16783493
2002-05-20,17.0457,17.0611,16.4315,16.5881,16006334
2002-05-21,16.5696,16.7693,16.0107,16.0291,19386028
2002-05-22,15.9308,16.499,15.9247,16.4898,16637038
2002-05-23,16.4928,16.8429,16.2809,16.8368,15790351
2002-05-24,16.628,16.7447,16.2901,16.3577,11051122
2002-05-28,16.4591,16.4898,15.8939,16.069,15234223
2002-05-29,15.8632,16.1919,15.8325,15.9861,13941599
2002-05-30,15.8602,16.3884,15.7957,16.1673,19414581
2002-05-31,16.2472,16.4069,15.6268,15.636,20414332
2002-06-03,15.6605,15.8601,15.1015,15.1783,27162154
2002-06-04,15.2029,15.7342,15.123,15.3503,27029919
2002-06-05,15.4885,15.8939,15.4578,15.8663,20568265
2002-06-06,15.8171,16.0137,15.3565,15.94,24172104
2002-06-07,15.3227,16.155,15.3135,15.9646,30047847
2002-06-10,15.8633,16.37,15.8049,16.2226,22059726
2002-06-11,16.3516,16.6403,16.0997,16.1458,22840671
2002-06-12,16.1489,17.1317,16.1243,17.058,41830676
2002-06-13,16.8429,17.0395,16.6464,16.6525,24500121
2002-06-14,16.3239,17.061,16.2779,16.9689,33610277
2002-06-17,17.0949,17.3344,17.0058,17.101,29019672
2002-06-18,17.0549,17.2883,16.9996,17.1962,23808214
2002-06-19,17.0364,17.1808,16.6832,16.6955,24953261
2002-06-20,16.6986,16.9228,16.5543,16.6157,26536348
2002-06-21,16.4007,16.7539,16.0567,16.0567,35878801
2002-06-24,15.9983,16.7815,15.9246,16.6341,32102093
2002-06-25,16.8,16.8921,16.2164,16.2625,25806607
2002-06-26,15.6789,16.7048,15.6789,16.6249,34438820
2002-06-27,16.7692,16.8736,16.2348,16.8675,29426724
2002-06-28,16.7539,17.1348,16.585,16.8,27505193
2002-07-01,16.6218,16.7047,16.1488,16.1734,20416015
2002-07-02,16.0874,16.2533,15.7649,15.7987,25434617
2002-07-03,15.7373,16.1304,15.4947,15.9216,24858028
2002-07-05,16.3055,16.8614,16.2932,16.846,10956380
2002-07-08,16.7109,16.8706,16.1489,16.2533,19410408
2002-07-09,16.373,16.8091,16.2686,16.3423,26191047
2002-07-10,16.4897,16.6464,16.0106,16.0444,27848398
2002-07-11,15.983,16.2993,15.7404,16.2502,39788758
2002-07-12,16.3915,16.502,15.811,15.9277,29402608
2002-07-15,15.7834,15.9277,14.7422,15.9093,42066155
2002-07-16,15.7588,16.2165,15.5531,15.7404,29839069
2002-07-17,16.1304,16.37,15.7158,15.9707,30109315
2002-07-18,15.9892,16.198,15.5592,15.6974,27965267
2002-07-19,15.3165,15.6298,14.991,15.2213,34565312
2002-07-22,15.034,15.3534,14.0972,14.5917,55304662
2002-07-23,14.2784,14.3736,13.1973,13.2096,51616520
2002-07-24,12.8227,14.2385,12.7182,14.1986,62134708
2002-07-25,13.959,14.0388,13.0345,13.1543,50188246
2002-07-26,13.4338,13.9467,13.4154,13.9283,37942102
2002-07-29,14.389,14.8344,14.2969,14.819,34444147
2002-07-30,14.604,14.9971,14.5364,14.7729,37681829
2002-07-31,14.6225,14.7422,14.2385,14.7361,28832018
2002-08-01,14.6132,14.7699,13.9744,14.0512,28256825
2002-08-02,13.9774,14.0819,13.4523,13.6396,26397003
2002-08-05,13.6027,13.873,13.4553,13.5106,24245246
2002-08-06,13.7901,14.5119,13.7717,14.0266,27247231
2002-08-07,14.4351,14.5272,13.8699,14.4627,26520396
2002-08-08,14.4689,15.0493,14.2539,15.0217,27257122
2002-08-09,14.7883,15.0954,14.6378,14.7791,21207149
2002-08-12,14.6225,14.9726,14.6194,14.8866,17465449
2002-08-13,14.7391,15.2643,14.4105,14.4535,30750635
2002-08-14,14.5119,15.2735,14.4996,15.2674,29701251
2002-08-15,15.3442,15.5837,14.9725,15.2858,30327617
2002-08-16,15.1814,15.4271,15.0248,15.3565,21294551
2002-08-19,15.3687,15.9861,15.3104,15.9707,24523686
2002-08-20,15.7803,15.8786,15.5868,15.6759,21596624
2002-08-21,15.8356,16.0874,15.7096,16.0567,24939913
2002-08-22,16.2318,16.4161,16.155,16.3485,22272290
2002-08-23,16.1734,16.2318,15.9216,16.0383,17791763
2002-08-26,16.1243,16.1703,15.7188,16.0014,17092444
2002-08-27,16.0721,16.109,15.5561,15.6145,20107876
2002-08-28,15.5038,15.5591,15.1414,15.166,21153468
2002-08-29,15.0156,15.6636,14.9019,15.5346,28954799
2002-08-30,15.3995,15.5039,15.0493,15.0739,17855999
2002-09-03,14.9019,14.9019,14.4351,14.4412,22866544
2002-09-04,14.5733,14.9265,14.4811,14.8067,24641592
2002-09-05,14.5886,14.5948,14.0911,14.1003,27776393
2002-09-06,14.6654,14.8251,14.5794,14.6869,21473955
2002-09-09,14.5119,15.034,14.3214,14.9572,25078095
2002-09-10,14.9081,15.3012,14.8497,15.292,25783559
2002-09-11,15.4271,15.6943,14.9049,14.9203,23785010
2002-09-12,14.7882,14.8343,14.4412,14.4811,19572305
2002-09-13,14.4044,14.8221,14.389,14.7146,18289348
2002-09-16,14.6193,14.7821,14.4504,14.6746,15407470
2002-09-17,14.9479,15.0186,14.4995,14.5241,22525838
2002-09-18,14.3491,14.8159,14.3306,14.6654,25784015
2002-09-19,14.3368,14.6869,14.3092,14.4965,23887775
2002-09-20,14.6532,14.7423,14.5273,14.5764,40117103
2002-09-23,14.3123,14.3461,13.7625,13.8915,27575319
2002-09-24,13.7686,14.2754,13.7072,14.0174,31985164
2002-09-25,14.2508,14.4228,13.8362,14.2846,32898684
2002-09-26,14.4689,14.5887,14.1126,14.1894,30974723
2002-09-27,14.1402,14.4658,13.8792,13.8976,24881035
2002-09-30,13.7809,13.8331,13.2403,13.4338,35496989
2002-10-01,13.612,14.2047,13.2649,14.1986,33979771
2002-10-02,14.1587,14.3768,13.87,14.0082,31784455
2002-10-03,13.913,14.3092,13.698,13.7594,32316592
2002-10-04,13.9405,13.9958,13.4184,13.443,32899692
2002-10-07,13.4553,13.8392,13.4184,13.529,27577047
2002-10-08,13.744,14.1218,13.5536,13.8177,35524788
2002-10-09,13.5843,13.959,13.4553,13.5106,37820650
2002-10-10,13.5137,14.3184,13.2834,14.2447,36399539
2002-10-11,14.5456,15.0186,14.4381,15.0094,33424493
2002-10-14,14.819,15.1507,14.6931,15.1384,23408223
2002-10-15,15.7435,16.0844,15.5561,16.0598,40963147
2002-10-16,15.4763,15.7435,15.4425,15.4824,29311645
2002-10-17,16.0568,16.1243,15.3719,15.593,56082711
2002-10-18,16.155,16.3393,15.7066,16.3239,46934576
2002-10-21,15.9615,16.2748,15.7742,16.1274,34514847
2002-10-22,15.7957,15.9493,15.6728,15.8694,26769132
2002-10-23,15.7957,16.3577,15.7957,16.3393,34050426
2002-10-24,16.3884,16.3915,15.6328,15.7342,29433181
2002-10-25,15.7404,16.2165,15.7128,16.1796,23165514
2002-10-28,16.4007,16.4315,15.8203,15.9554,24541709
2002-10-29,16.0168,16.1212,15.6175,15.9922,27800445
2002-10-30,16.0321,16.3976,15.857,16.3116,29008665
2002-10-31,16.3362,16.6065,16.2318,16.4222,32547652
2002-11-01,16.1028,16.3516,15.9401,16.2779,32278707
2002-11-04,17.4296,17.5832,17.0519,17.23,42987222
2002-11-05,17.1317,17.445,17.0703,17.4081,23543995
2002-11-06,17.5033,17.5371,17.0549,17.5156,35444904
2002-11-07,17.2607,17.3896,17.0457,17.2023,22635291
2002-11-08,17.1992,17.3681,16.8952,16.9228,19816630
2002-11-11,16.9136,16.9228,16.5297,16.542,17918309
2002-11-12,16.6157,17.0242,16.5543,16.7416,24999868
2002-11-13,16.6587,17.1778,16.6188,17.0027,32976577
2002-11-14,17.1962,17.5064,17.1593,17.5033,24059590
2002-11-15,17.3836,17.4818,17.0979,17.4112,23812895
2002-11-18,17.491,17.5156,17.1194,17.1532,17840065
2002-11-19,17.061,17.1378,16.6802,16.8491,23465704
2002-11-20,16.8952,17.4757,16.8707,17.3897,23475604
2002-11-21,17.5003,17.8135,17.4388,17.7644,25467896
2002-11-22,17.6446,17.9057,17.5218,17.8811,21499704
2002-11-25,17.8319,18.01,17.6814,17.8841,18913902
2002-11-26,17.703,17.8903,17.4388,17.4757,21084601
2002-11-27,17.6907,18.0009,17.6293,17.8381,16951048
2002-11-29,17.9455,18.007,17.7152,17.7152,8720313
2002-12-02,18.0131,18.1084,17.5095,17.7183,19574898
2002-12-03,17.5924,17.6139,17.3252,17.4173,17953978
2002-12-04,17.2392,17.6415,17.144,17.3651,25765705
2002-12-05,17.491,17.534,16.9842,16.9965,21018595
2002-12-06,16.8522,17.1194,16.6526,17.0365,22012067
2002-12-09,16.8921,16.9596,16.4345,16.4406,19614100
2002-12-10,16.4499,16.7325,16.4253,16.5881,19573467
2002-12-11,16.5389,16.8952,16.456,16.7877,21249125
2002-12-12,16.8921,16.9105,16.4898,16.6372,16966443
2002-12-13,16.4867,16.5082,16.1212,16.1243,20038789
2002-12-16,16.2778,16.7539,16.1765,16.7324,18470874
2002-12-17,16.7139,16.889,16.5174,16.6955,15218151
2002-12-18,16.5358,16.7078,16.2133,16.4406,19259857
2002-12-19,16.3546,16.8153,16.241,16.3116,25395420
2002-12-20,16.4283,16.4989,16.2625,16.2901,30189081
2002-12-23,16.2932,16.671,16.2472,16.585,14987435
2002-12-24,16.4437,16.6556,16.4376,16.5297,5646880
2002-12-26,16.5942,16.7969,16.33,16.3976,11433786
2002-12-27,16.3638,16.5849,16.2471,16.2686,12558978
2002-12-30,16.281,16.3516,16.0537,16.2011,14748253
2002-12-31,16.198,16.2748,15.7435,15.8786,17877645
2003-01-02,16.0629,16.5082,15.8817,16.499,20585420
2003-01-03,16.4591,16.5236,16.241,16.5205,17060065
2003-01-06,16.5912,16.9628,16.5236,16.8215,18260772
2003-01-07,16.8675,17.2023,16.7938,17.1378,24729231
2003-01-08,17.0058,17.061,16.6188,16.6587,19830118
2003-01-09,16.8061,17.1747,16.7478,17.1409,18983063
2003-01-10,16.9229,17.2914,16.8614,17.1747,20801965
2003-01-13,17.3589,17.4296,17.1286,17.319,18678905
2003-01-14,17.3006,17.5064,17.2576,17.4972,16648415
2003-01-15,17.5064,17.6047,17.2576,17.2822,18311884
2003-01-16,17.2975,17.3989,16.9259,16.9996,24991408
2003-01-17,16.2595,16.2779,15.7588,15.8049,47874166
2003-01-21,15.9307,16.0167,15.7526,15.7649,26461936
2003-01-22,15.8448,16.0936,15.636,15.6636,26704288
2003-01-23,15.9553,16.1366,15.8049,16.0567,21921265
2003-01-24,15.9799,15.9861,15.2643,15.3104,31642619
2003-01-27,15.1476,15.5407,14.8681,15.1015,35270187
2003-01-28,15.2613,15.2644,14.9142,14.9941,26459642
2003-01-29,14.9664,15.3687,14.7207,15.3288,32827158
2003-01-30,15.4056,15.4087,14.8005,14.8159,26989693
2003-01-31,14.5733,14.8497,14.4443,14.5764,32819443
2003-02-03,14.7207,15.08,14.5764,14.9142,24610211
2003-02-04,14.6808,14.7238,14.3983,14.5334,25140079
2003-02-05,14.69,14.905,14.3522,14.4228,31042190
2003-02-06,14.3921,14.6255,14.3,14.5641,25587606
2003-02-07,14.7054,14.7269,14.2539,14.3061,23098608
2003-02-10,14.3737,14.5948,14.2938,14.5518,22752590
2003-02-11,14.5272,14.6409,14.128,14.2631,25888571
2003-02-12,14.2969,14.4658,14.2078,14.2631,21903011
2003-02-13,14.2539,14.4719,14.1679,14.432,22591869
2003-02-14,14.5118,14.8957,14.3644,14.8343,27778655
2003-02-18,15.1231,15.3503,14.9879,15.3319,35267977
2003-02-19,15.2949,15.3319,14.8944,15.1162,28903000
2003-02-20,15.2641,15.3258,14.8513,14.8759,31364609
2003-02-21,14.9683,15.2826,14.6047,15.1778,35034775
2003-02-24,15.0607,15.0977,14.691,14.8327,38455146
2003-02-25,14.5061,14.956,14.4076,14.9067,41973545
2003-02-26,14.8328,15.0793,14.5308,14.5493,35184533
2003-02-27,14.728,14.919,14.3583,14.5308,46485188
2003-02-28,14.6293,14.8327,14.5123,14.6047,34869738
2003-03-03,14.8019,14.8635,14.4198,14.5061,31214305
2003-03-04,14.5308,14.5801,14.2103,14.2165,34882312
2003-03-05,14.2165,14.5123,14.2042,14.4445,34149103
2003-03-06,14.2782,14.4815,14.2535,14.3398,33651141
2003-03-07,14.1426,14.6602,14.1118,14.5185,40774801
2003-03-10,14.3644,14.4569,14.1056,14.1426,29834169
2003-03-11,14.2103,14.3336,14.0255,14.0501,33270822
2003-03-12,14.0563,14.4445,13.8961,14.4137,44602668
2003-03-13,14.6171,15.2456,14.4445,15.2025,49730909
2003-03-14,15.2087,15.3812,14.9499,15.3196,46495787
2003-03-17,15.11,15.9912,14.9929,15.9789,62229466
2003-03-18,15.9543,16.0467,15.7139,16.0467,48133198
2003-03-19,16.0098,16.2871,15.8619,16.2193,45386987
2003-03-20,16.0344,16.3425,15.8187,16.1761,44244561
2003-03-21,16.4842,16.515,16.0405,16.3733,52741376
2003-03-24,15.7447,15.9789,15.5167,15.5845,37654962
2003-03-25,15.7756,15.868,15.4243,15.7078,39189451
2003-03-26,15.6893,15.7879,15.5537,15.5599,31843012
2003-03-27,15.3689,15.5661,15.1532,15.4305,37000724
2003-03-28,15.2025,15.4675,15.1594,15.2025,24393388
2003-03-31,14.9436,15.2271,14.7958,14.919,43989174
2003-04-01,15.0731,15.221,14.9437,15.0053,30690429
2003-04-02,15.4674,16.022,15.4674,15.8495,42077896
2003-04-03,16.0159,16.0775,15.7756,15.8557,35368317
2003-04-04,15.8742,15.8988,15.3627,15.4613,34349228
2003-04-07,16.1638,16.2871,15.5106,15.5106,40441625
2003-04-08,15.5969,15.9174,15.5291,15.7633,33358113
2003-04-09,15.7818,15.8188,15.1224,15.1409,47373578
2003-04-10,15.2271,15.2764,14.9622,15.1532,31803171
2003-04-11,15.3381,15.5168,14.7588,14.9129,44101204
2003-04-14,14.9559,15.3318,14.7896,15.2579,31797316
2003-04-15,15.2086,15.2764,14.8512,15.1593,39068474
2003-04-16,15.7755,15.8618,15.1593,15.3565,53106068
2003-04-17,15.2641,15.7386,15.2457,15.714,35961397
2003-04-21,15.7818,15.7818,15.4552,15.5353,25609397
2003-04-22,15.4428,15.8988,15.4243,15.8742,36261701
2003-04-23,15.868,16.0159,15.6954,15.8495,34237447
2003-04-24,15.7016,15.8495,15.603,15.7078,31861507
2003-04-25,15.6092,15.8002,15.5106,15.5414,33065469
2003-04-28,15.6462,15.9851,15.6031,15.8619,34686413
2003-04-29,15.9912,16.1761,15.8249,15.8988,40595737
2003-04-30,15.8557,15.9481,15.5599,15.7571,34242144
2003-05-01,15.7386,15.9912,15.6153,15.8495,25934638
2003-05-02,15.8064,16.2008,15.7509,16.0837,32472682
2003-05-05,16.1761,16.2624,15.9235,15.9358,31052934
2003-05-06,15.9358,16.3302,15.9112,16.2501,33461217
2003-05-07,16.0898,16.2377,15.9235,16.0159,30269373
2003-05-08,15.8681,16.1084,15.8434,15.8619,28594187
2003-05-09,15.9604,16.3302,15.9543,16.2439,36304500
2003-05-12,16.1145,16.3117,16.059,16.1453,33215442
2003-05-13,16.0467,16.1453,15.9543,16.0159,27423547
2003-05-14,16.0714,16.133,15.7386,15.7879,27743444
2003-05-15,15.9297,16.0283,15.7571,15.8927,28008003
2003-05-16,15.9481,16.0529,15.6585,15.7571,37356652
2003-05-19,15.6523,15.7386,15.2456,15.2579,34099989
2003-05-20,15.3195,15.4058,15.0977,15.1778,32461635
2003-05-21,15.1778,15.2271,14.7218,14.8081,67145398
2003-05-22,14.9128,14.956,14.8143,14.8882,57406521
2003-05-23,14.9129,15.1224,14.8081,14.9252,47430338
2003-05-27,14.9436,15.338,14.9251,15.2764,42203782
2003-05-28,15.2703,15.3258,14.9745,15.0423,56365180
2003-05-29,15.0792,15.2025,14.9313,15.0361,46495627
2003-05-30,15.2394,15.3504,15.1039,15.1655,52439415
2003-06-02,15.3935,15.4243,15.1409,15.184,40862954
2003-06-03,15.2518,15.3565,15.1409,15.3319,37626134
2003-06-04,15.3996,15.5414,15.2456,15.3257,51445916
2003-06-05,15.0793,15.1101,14.7958,14.8451,71408012
2003-06-06,15.0608,15.1347,14.574,14.5863,73719912
2003-06-09,14.617,14.7772,14.5431,14.6355,45360807
2003-06-10,14.7526,15.2517,14.6971,15.2086,49702358
2003-06-11,15.2025,15.3812,15.0484,15.3319,46691182
2003-06-12,15.3874,15.4921,15.2456,15.3997,40780981
2003-06-13,15.5291,15.5599,15.0916,15.1902,33989998
2003-06-16,15.2826,15.6647,15.2025,15.6462,42926049
2003-06-17,15.8002,16.1083,15.7324,15.9974,75312197
2003-06-18,16.0097,16.287,15.8434,16.0652,55434923
2003-06-19,16.0775,16.2624,16.0282,16.0652,39209009
2003-06-20,16.2316,16.2562,16.0282,16.2254,53026123
2003-06-23,16.1083,16.17,15.7078,15.8865,32404331
2003-06-24,15.8064,16.0467,15.7263,15.8372,31933403
2003-06-25,15.8003,16.016,15.4922,15.5661,37272059
2003-06-26,15.6462,16.3363,15.5352,15.868,31895050
2003-06-27,15.9913,16.2316,15.7325,15.7941,46858685
2003-06-30,15.9851,16.096,15.7139,15.8002,29624204
2003-07-01,15.7694,16.1453,15.6462,16.1145,37544628
2003-07-02,16.3302,16.5952,16.2994,16.5644,57968806
2003-07-03,16.4473,16.6075,16.2747,16.3302,24304822
2003-07-07,16.6506,16.9772,16.6075,16.8971,54820552
2003-07-08,16.7986,17.1313,16.7924,17.0697,38142953
2003-07-09,16.9834,17.0696,16.7923,16.9279,38391701
2003-07-10,16.7923,16.8971,16.3856,16.5828,34108928
2003-07-11,16.6075,16.9156,16.5705,16.8293,31044112
2003-07-14,17.0265,17.1375,16.6691,16.8848,37260193
2003-07-15,16.9279,16.9649,16.6999,16.8047,33010174
2003-07-16,16.9834,17.0204,16.7616,16.9588,30712498
2003-07-17,16.7246,16.8047,16.3549,16.4473,44864956
2003-07-18,16.7061,16.78,16.4842,16.5705,39062011
2003-07-21,16.5582,16.5828,16.0221,16.0467,29875455
2003-07-22,16.1946,16.3671,16.1021,16.2562,31915271
2003-07-23,16.2809,16.4226,16.1084,16.2994,30705851
2003-07-24,16.5028,16.589,16.0098,16.0221,33003431
2003-07-25,16.1946,16.6075,16.0652,16.5705,33383179
2003-07-28,16.6014,16.6383,16.3241,16.398,32449861
2003-07-29,16.5644,16.5767,16.17,16.3117,38447484
2003-07-30,16.3055,16.3733,16.1268,16.1638,25413647
2003-07-31,16.3918,16.6321,16.2131,16.2747,39749953
2003-08-01,16.2254,16.3363,16.096,16.1268,26282124
2003-08-04,16.1145,16.2747,15.868,16.133,31936685
2003-08-05,16.2132,16.3549,15.7756,15.8126,36250540
2003-08-06,15.7386,16.1392,15.6708,15.8064,34690827
2003-08-07,15.8496,15.905,15.6832,15.8434,27273634
2003-08-08,15.9482,16.0098,15.714,15.7633,20484525
2003-08-11,15.7817,16.0159,15.7386,15.7817,22451733
2003-08-12,15.8434,15.8803,15.6832,15.8557,23545314
2003-08-13,15.8927,15.9543,15.714,15.7756,24425620
2003-08-14,15.8126,15.8434,15.7263,15.7941,23009163
2003-08-15,15.7817,15.8125,15.6708,15.7386,17012909
2003-08-18,15.7509,15.9173,15.6893,15.8372,28234215
2003-08-19,15.9296,16.4226,15.8803,16.4041,44955923
2003-08-20,16.207,16.3487,16.0221,16.2994,34964709
2003-08-21,16.4227,16.472,16.1022,16.17,39317441
2003-08-22,16.5027,16.6074,16.1514,16.1576,40576590
2003-08-25,16.2131,16.3548,16.1638,16.3302,22266320
2003-08-26,16.2131,16.4349,15.9974,16.3733,29299395
2003-08-27,16.3364,16.3795,16.207,16.2809,18877648
2003-08-28,16.3302,16.3795,16.17,16.3364,28476977
2003-08-29,16.3055,16.361,16.2377,16.3425,21261888
2003-09-02,16.4534,16.8231,16.3117,16.7985,45705292
2003-09-03,16.8971,17.501,16.8725,17.4394,67439207
2003-09-04,17.3161,17.5441,17.2484,17.5195,36875867
2003-09-05,17.3963,17.7167,17.3593,17.4887,39454027
2003-09-08,17.4949,17.8215,17.4641,17.7722,28411672
2003-09-09,17.655,17.692,17.4455,17.4825,27308441
2003-09-10,17.273,17.3654,16.9341,16.9772,33747038
2003-09-11,17.045,17.3223,17.0018,17.1559,23301767
2003-09-12,16.9341,17.5011,16.9157,17.4641,34371863
2003-09-15,17.4826,17.6305,17.4579,17.4764,25531997
2003-09-16,17.5072,17.84,17.4518,17.8092,32081579
2003-09-17,17.7229,17.84,17.5442,17.5627,29099607
2003-09-18,17.5565,18.1851,17.5134,18.1789,41452883
2003-09-19,18.3392,18.4686,18.1913,18.4624,56960941
2003-09-22,18.1111,18.487,17.7537,17.9139,40473397
2003-09-23,17.9447,18.3083,17.7968,18.2405,35635405
2003-09-24,18.2467,18.3021,17.5134,17.538,40878761
2003-09-25,17.5441,17.8461,17.3901,17.4024,34647353
2003-09-26,17.4209,17.7352,17.3408,17.3716,30728259
2003-09-29,17.5072,17.8153,17.3161,17.766,29197309
2003-09-30,17.6181,17.6304,17.1005,17.1313,39028367
2003-10-01,17.273,17.6428,17.1375,17.575,35973227
2003-10-02,17.5319,17.7168,17.3717,17.5627,23505425
2003-10-03,17.9694,18.1543,17.8277,17.9201,35312087
2003-10-06,17.9633,18.0557,17.8154,17.9879,20981323
2003-10-07,17.8769,18.0987,17.8214,17.957,32263935
2003-10-08,18.0927,18.0927,17.6736,17.7599,28956340
2003-10-09,18.0063,18.0865,17.7475,17.8338,38609068
2003-10-10,17.8153,17.994,17.6674,17.8153,23173262
2003-10-13,17.8584,17.9324,17.5627,17.7352,24230486
2003-10-14,17.6613,17.7291,17.5504,17.6736,21476567
2003-10-15,18.095,18.1321,17.7851,18.0144,35472380
2003-10-16,17.9153,18.1632,17.8471,18.1136,26171146
2003-10-17,18.1446,18.1508,17.8471,17.9277,30959830
2003-10-20,17.94,18.2003,17.8471,18.1879,24040562
2003-10-21,18.1879,18.2375,18.0764,18.1879,27369722
2003-10-22,17.9897,18.1012,17.8471,17.9029,30240037
2003-10-23,17.7976,18.0206,17.4133,17.9153,41741162
2003-10-24,16.899,16.9796,16.3723,16.49,130481261
2003-10-27,16.6759,16.7936,16.6201,16.6759,40663603
2003-10-28,16.7874,16.868,16.6573,16.8556,44464453
2003-10-29,16.8308,16.8865,16.5209,16.5705,45579100
2003-10-30,16.7378,16.7564,16.0562,16.1863,61181611
2003-10-31,16.3412,16.3846,16.1801,16.1987,43145120
2003-11-03,16.3289,16.5768,16.2917,16.5334,35801070
2003-11-04,16.4775,16.4961,16.1181,16.1553,52070075
2003-11-05,16.2049,16.3102,16.1119,16.1739,38119837
2003-11-06,16.2731,16.2979,16.112,16.2545,42256619
2003-11-07,16.3474,16.4156,16.1305,16.1739,35831757
2003-11-10,16.1864,16.2545,16.112,16.112,33822248
2003-11-11,16.1181,16.1615,15.9074,15.988,40274082
2003-11-12,16.019,16.1988,15.8641,16.0996,47020561
2003-11-13,16.0252,16.0686,15.7712,15.9199,48924412
2003-11-14,15.926,16.1243,15.7649,15.8021,51525009
2003-11-17,15.7339,15.7649,15.3931,15.5852,64385900
2003-11-18,15.6967,16.0128,15.5666,15.5852,66225202
2003-11-19,15.672,15.8269,15.5977,15.7092,48864783
2003-11-20,15.5976,15.8826,15.5418,15.5542,66211131
2003-11-21,15.6967,15.7277,15.5418,15.5604,43820032
2003-11-24,15.6967,15.9942,15.6657,15.9446,61636631
2003-11-25,16.0314,16.0809,15.7277,15.7401,53084913
2003-11-26,15.8703,15.8826,15.6905,15.7711,43228554
2003-11-28,15.8021,15.957,15.7401,15.9322,20699218
2003-12-01,16.05,16.2421,15.8021,16.0128,63155499
2003-12-02,16.081,16.1678,15.8703,15.9013,52749247
2003-12-03,16.0005,16.1554,15.8765,15.9075,57706734
2003-12-04,15.9384,16.2545,15.9013,16.2359,54038528
2003-12-05,16.0872,16.4094,16.0624,16.0996,59869009
2003-12-08,16.1863,16.3227,15.9942,16.2607,56084542
2003-12-09,16.3846,16.4899,16.2668,16.3474,64167015
2003-12-10,16.3908,16.5024,16.3475,16.4776,51343743
2003-12-11,16.4776,16.5892,16.2855,16.49,49147141
2003-12-12,16.5396,16.614,16.4218,16.5148,42854264
2003-12-15,16.7626,16.7936,16.5333,16.5705,55065990
2003-12-16,16.6263,16.8308,16.5891,16.7688,45843396
2003-12-17,16.7564,16.7812,16.6387,16.7564,33284940
2003-12-18,16.7936,17.0105,16.7626,16.9795,37911257
2003-12-19,17.0353,17.0724,16.8494,16.9547,47627091
2003-12-22,16.8308,16.9981,16.7131,16.8432,27201210
2003-12-23,16.837,16.9423,16.7378,16.8246,24545325
2003-12-24,16.8184,16.8308,16.7316,16.7564,12346815
2003-12-26,16.7626,16.8866,16.7317,16.8618,7483950
2003-12-29,16.8618,17.0601,16.8308,17.0167,25052040
2003-12-30,16.9857,17.0725,16.9795,17.0539,21321465
2003-12-31,16.9919,17.0724,16.8741,16.9609,26150213
2004-01-02,17.0911,17.2088,16.9361,17.0105,27568598
2004-01-05,17.184,17.4629,17.1778,17.4381,41726077
2004-01-06,17.4691,17.5249,17.3948,17.5001,29095032
2004-01-07,17.4567,17.5435,17.3576,17.4815,33648138
2004-01-08,17.593,17.6488,17.3513,17.4505,36444526
2004-01-09,17.3699,17.3885,17.0972,17.1406,41568682
2004-01-12,17.1469,17.1841,16.9486,17.0849,34606807
2004-01-13,17.0725,17.1282,16.8928,16.9981,31948682
2004-01-14,17.0539,17.184,17.0229,17.1654,27208708
2004-01-15,17.0725,17.1778,16.9919,17.0663,36254485
2004-01-16,17.1716,17.277,17.0601,17.2336,39649922
2004-01-20,17.3389,17.4753,17.308,17.4133,39082943
2004-01-21,17.4319,17.5372,17.2583,17.5372,33197114
2004-01-22,17.5744,17.624,17.3141,17.3575,48599265
2004-01-23,17.5249,17.8223,17.4877,17.6488,78861320
2004-01-26,17.655,17.8657,17.5496,17.8471,36127736
2004-01-27,17.748,17.7976,17.4877,17.5063,39162182
2004-01-28,17.5372,17.624,17.0229,17.1716,44206180
2004-01-29,17.2336,17.3204,17.0849,17.2956,39504365
2004-01-30,17.2522,17.2894,17.0725,17.1345,25115335
2004-02-02,17.1096,17.2274,16.8803,16.9795,38973406
2004-02-03,16.9796,17.0725,16.8432,16.9114,29741383
2004-02-04,16.8679,16.9981,16.7378,16.7378,37582899
2004-02-05,16.7689,16.837,16.6263,16.7069,34409955
2004-02-06,16.7502,16.8494,16.6882,16.7812,29255308
2004-02-09,16.8494,16.8742,16.6387,16.6697,29812426
2004-02-10,16.651,16.8246,16.6201,16.744,23418424
2004-02-11,16.7131,16.8742,16.6387,16.8246,31923548
2004-02-12,16.7875,16.8246,16.6883,16.7007,27599224
2004-02-13,16.7193,16.7689,16.4218,16.4776,41854653
2004-02-17,16.5582,16.7937,16.4776,16.7255,26942370
2004-02-18,16.6697,16.7998,16.5705,16.5891,31191908
2004-02-19,16.6821,16.7192,16.3784,16.397,38322007
2004-02-20,16.521,16.6077,16.4218,16.4652,35831733
2004-02-23,16.5644,16.583,16.4094,16.49,31143729
2004-02-24,16.49,16.7007,16.4528,16.6573,34347315
2004-02-25,16.6696,16.7254,16.4899,16.5457,39830953
2004-02-26,16.4776,16.5148,16.366,16.4218,41273065
2004-02-27,16.4032,16.4962,16.3289,16.4404,36107221
2004-03-01,16.5023,16.5581,16.4218,16.5457,32169488
2004-03-02,16.4899,16.5395,16.3288,16.3536,41104609
2004-03-03,16.3288,16.4527,16.2482,16.3412,34082092
2004-03-04,16.3164,16.3722,16.242,16.3412,27280695
2004-03-05,16.2545,16.4838,16.2359,16.3289,37088478
2004-03-08,16.3041,16.3288,15.9942,16.0066,42986552
2004-03-09,15.988,16.0933,15.8269,15.9384,50264025
2004-03-10,15.8951,15.9881,15.7092,15.7216,46573489
2004-03-11,15.6038,15.9756,15.5356,15.548,56104360
2004-03-12,15.7278,15.8084,15.6348,15.7278,39745291
2004-03-15,15.6782,15.7587,15.5294,15.5914,42656546
2004-03-16,15.6534,15.7215,15.5542,15.6038,40561080
2004-03-17,15.6472,15.7773,15.5604,15.5728,34852211
2004-03-18,15.4675,15.5109,15.232,15.4241,76365097
2004-03-19,15.3498,15.4551,15.2196,15.263,53467968
2004-03-22,15.17,15.3931,14.8788,15.1824,79075640
2004-03-23,15.2753,15.2815,14.9407,14.9655,56823229
2004-03-24,15.1081,15.232,14.9842,15.1267,60472531
2004-03-25,15.2444,15.641,15.232,15.61,53093768
2004-03-26,15.5605,15.8084,15.4923,15.5109,38163693
2004-03-29,15.6472,15.7402,15.4923,15.6844,32150603
2004-03-30,15.6224,15.6968,15.5109,15.6162,36568183
2004-03-31,15.6162,15.6162,15.4117,15.4489,43708799
2004-04-01,15.4612,15.5604,15.3993,15.5418,42790703
2004-04-02,15.7897,16.05,15.7649,16.019,60756814
2004-04-05,15.9942,16.0996,15.9447,16.081,33339600
2004-04-06,15.9694,16.05,15.9012,15.988,30359849
2004-04-07,15.9509,15.9756,15.7092,15.8579,39207186
2004-04-08,16.0004,16.019,15.7153,15.7897,28068609
2004-04-12,15.7897,15.9509,15.7588,15.8703,24035851
2004-04-13,15.9136,15.9694,15.7463,15.7711,35304645
2004-04-14,15.7339,15.9136,15.7277,15.8083,37850437
2004-04-15,15.8207,15.9446,15.5542,15.6286,45706467
2004-04-16,15.6967,15.7401,15.5604,15.5914,32080483
2004-04-19,15.5418,15.8641,15.5294,15.8207,27633303
2004-04-20,15.8951,16.0376,15.6658,15.6968,37121166
2004-04-21,15.7153,15.7959,15.6162,15.7711,30520952
2004-04-22,15.8083,16.1058,15.7835,16.081,61478190
2004-04-23,16.9795,17.1778,16.9424,17.0663,160047067
2004-04-26,17.0105,17.0725,16.7936,16.8804,55394854
2004-04-27,16.8308,16.961,16.8122,16.868,50019507
2004-04-28,16.7379,16.7626,16.4032,16.459,45139675
2004-04-29,16.428,16.6945,16.3041,16.4094,48204038
2004-04-30,16.4776,16.5767,16.0872,16.1925,41006251
2004-05-03,16.2297,16.4342,16.2297,16.3289,40847781
2004-05-04,16.3289,16.4466,16.1244,16.3165,34390695
2004-05-05,16.3103,16.4838,16.2669,16.2979,32125888
2004-05-06,16.2111,16.3226,16.1305,16.1863,38850776
2004-05-07,16.1305,16.3474,15.957,15.9756,42318732
2004-05-10,15.8827,16.143,15.8765,16.0686,40045331
2004-05-11,16.1678,16.1801,15.9818,16.0748,35890802
2004-05-12,16.0314,16.112,15.7588,16.0748,39750489
2004-05-13,16.0004,16.2297,15.9818,16.1739,39574311
2004-05-14,16.112,16.2173,15.8889,16.0252,27127144
2004-05-17,15.7835,15.9818,15.7525,15.8269,34175693
2004-05-18,15.926,16.0934,15.8889,16.0066,36040319
2004-05-19,16.1306,16.2793,15.8765,15.8765,37214219
2004-05-20,15.957,16.0314,15.8578,15.9446,32279542
2004-05-21,16.0934,16.2359,15.9756,16.0438,35823903
2004-05-24,16.1429,16.2173,15.9508,15.9632,34857841
2004-05-25,15.9322,16.2297,15.8641,16.1739,41280626
2004-05-26,16.1057,16.2049,16.019,16.1987,31174689
2004-05-27,16.2111,16.2297,16.0624,16.2297,30409401
2004-05-28,16.1987,16.3289,16.1244,16.2545,23172113
2004-06-01,16.1925,16.2793,16.0314,16.1801,29974085
2004-06-02,16.1863,16.2855,16.1181,16.1925,33475654
2004-06-03,16.143,16.1925,16.0252,16.0438,28464329
2004-06-04,16.1306,16.2607,16.0748,16.081,30250437
2004-06-07,16.1243,16.3784,16.0933,16.3784,40415298
2004-06-08,16.2855,16.5148,16.2607,16.4838,36219556
2004-06-09,16.3598,16.5147,16.3598,16.4032,31223401
2004-06-10,16.3474,16.6015,16.3474,16.5891,29812788
2004-06-14,16.4528,16.6697,16.4404,16.6697,41753261
2004-06-15,16.7254,17.1034,16.713,16.9857,70758299
2004-06-16,16.9424,17.0415,16.8247,16.93,41786549
2004-06-17,16.9237,17.3018,16.9113,17.2088,65332401
2004-06-18,17.2088,17.6612,17.1654,17.5682,83173932
2004-06-21,17.4876,17.7603,17.4257,17.5682,72430373
2004-06-22,17.4443,17.5683,17.2336,17.5311,61307416
2004-06-23,17.4752,17.5868,17.3513,17.5372,36287999
2004-06-24,17.6488,17.7541,17.5744,17.593,40592052
2004-06-25,17.6488,17.7418,17.5063,17.7046,44082719
2004-06-28,17.7232,17.8162,17.4567,17.5249,47731246
2004-06-29,17.4629,17.7108,17.4629,17.6612,34313357
2004-06-30,17.7046,17.8471,17.5931,17.6984,51771786
2004-07-01,17.7851,17.8718,17.5124,17.7417,48609283
2004-07-02,17.7356,17.7728,17.5993,17.7046,22736561
2004-07-06,17.5496,17.5558,17.3141,17.3637,42857045
2004-07-07,17.1468,17.5496,17.0725,17.4133,41058021
2004-07-08,17.277,17.4443,17.0725,17.1283,36639380
2004-07-09,17.215,17.3514,17.1283,17.2646,31139055
2004-07-12,17.1469,17.3514,17.0973,17.2832,28355417
2004-07-13,17.2956,17.3204,17.1035,17.1035,26816615
2004-07-14,16.9795,17.5744,16.9423,17.4319,54319796
2004-07-15,17.3823,17.4753,17.2274,17.2708,28976585
2004-07-16,17.4629,17.4753,16.8866,17.0291,41151365
2004-07-19,17.1159,17.5125,17.1035,17.3204,37401219
2004-07-20,17.3513,17.6488,17.2583,17.5496,55158975
2004-07-21,18.5226,18.5226,17.8533,17.8843,124879015
2004-07-22,18.0144,18.1569,17.8657,17.971,77238552
2004-07-23,17.5868,17.5992,17.3637,17.3699,60340851
2004-07-26,17.5744,17.7913,17.4752,17.7603,44857833
2004-07-27,17.7851,17.8223,17.4319,17.624,45217830
2004-07-28,17.5621,17.8409,17.5249,17.7108,38866344
2004-07-29,17.8347,17.8471,17.5063,17.6488,37273423
2004-07-30,17.6302,17.8533,17.5558,17.655,36904403
2004-08-02,17.5187,17.6922,17.4505,17.6736,32389413
2004-08-03,17.5868,17.6116,17.3513,17.3947,33457624
2004-08-04,17.3575,17.4753,17.3451,17.3885,28640768
2004-08-05,17.4505,17.4815,17.0539,17.0601,34449690
2004-08-06,16.9671,17.2646,16.7688,16.8184,46865953
2004-08-09,16.8928,16.9052,16.7936,16.8432,32148017
2004-08-10,16.9175,17.1964,16.8865,17.1778,35714394
2004-08-11,16.9733,17.0477,16.8556,16.9857,32903860
2004-08-12,16.8742,16.9238,16.6449,16.6573,31157889
2004-08-13,16.7378,16.8865,16.7192,16.744,26853113
2004-08-16,16.7502,16.8556,16.7068,16.7874,33678412
2004-08-17,16.8679,16.9671,16.7192,16.7626,35247751
2004-08-18,16.6883,17.0415,16.6635,17.0167,36465065
2004-08-19,16.9485,17.0105,16.7378,16.806,28687321
2004-08-20,16.8122,16.9609,16.7564,16.8556,28812417
2004-08-23,16.9488,16.9861,16.8556,16.9302,24594907
2004-08-24,17.0296,17.0669,16.837,16.9302,25379948
2004-08-25,16.9115,17.1974,16.8928,17.1228,33259066
2004-08-26,17.0669,17.1539,17.0234,17.0545,22042506
2004-08-27,17.0918,17.185,17.0607,17.0669,20664685
2004-08-30,16.9675,17.0234,16.6878,16.9675,22797110
2004-08-31,16.9613,16.9799,16.8121,16.9675,32385364
2004-09-01,16.924,17.1042,16.868,17.0234,30148323
2004-09-02,17.0296,17.2036,16.9985,17.1663,26204214
2004-09-03,17.0669,17.1664,16.8432,16.8494,28698301
2004-09-07,16.9613,17.0172,16.8805,17.0048,27902167
2004-09-08,16.9675,17.0731,16.868,16.9426,33113336
2004-09-09,16.9674,17.0731,16.8928,16.955,35367272
2004-09-10,16.9924,17.098,16.8929,17.0856,32732069
2004-09-13,17.1104,17.1353,16.6194,16.9364,29981592
2004-09-14,17.011,17.098,16.9488,17.0545,34755380
2004-09-15,17.0048,17.0296,16.868,16.8991,32695439
2004-09-16,16.9177,16.9985,16.8867,16.9426,22344530
2004-09-17,17.0234,17.1104,16.9426,17.098,40574654
2004-09-20,17.0545,17.185,16.9861,17.098,32016704
2004-09-21,17.0607,17.1104,16.9364,16.9426,45914322
2004-09-22,16.955,17.2409,16.8245,16.8556,42517505
2004-09-23,16.8991,17.0234,16.8866,16.9985,32415736
2004-09-24,17.0234,17.0669,16.899,16.9612,30988715
2004-09-27,16.8867,16.9799,16.8618,16.8991,29717058
2004-09-28,16.9115,17.0047,16.8059,16.9488,38568371
2004-09-29,16.9426,17.2099,16.924,17.1415,38241642
2004-09-30,17.1477,17.272,17.1042,17.185,44263339
2004-10-01,17.2906,17.6014,17.2658,17.5579,41208422
2004-10-04,17.676,17.6884,17.446,17.4771,38544215
2004-10-05,17.4958,17.6822,17.4647,17.6387,36059084
2004-10-06,17.6449,17.7443,17.5454,17.7319,35426260
2004-10-07,17.7382,17.7692,17.502,17.5082,23867275
2004-10-08,17.4647,17.6076,17.3839,17.3963,30800339
2004-10-11,17.5268,17.5392,17.359,17.4398,27776269
2004-10-12,17.2969,17.502,17.2845,17.4212,35061734
2004-10-13,17.5206,17.5704,17.3653,17.4212,30765665
2004-10-14,17.4274,17.5019,17.2782,17.2782,25823264
2004-10-15,17.3839,17.5517,17.2906,17.3963,30969330
2004-10-18,17.446,17.6822,17.39,17.6573,31293820
2004-10-19,17.7319,17.7692,17.5082,17.5144,35443042
2004-10-20,17.5393,17.8687,17.4771,17.8376,42933363
2004-10-21,17.906,17.9557,17.6947,17.7506,59037215
2004-10-22,17.5889,17.6138,17.1415,17.2409,63340605
2004-10-25,17.1975,17.2596,17.1229,17.1726,38241820
2004-10-26,17.2223,17.3404,17.1726,17.3404,47836259
2004-10-27,17.3156,17.6201,17.1415,17.4958,44993480
2004-10-28,17.4709,17.7381,17.3403,17.4087,39192633
2004-10-29,17.4771,17.4958,17.2782,17.3839,49727836
2004-11-01,17.5019,17.5765,17.3776,17.4522,45327801
2004-11-02,17.5641,17.6946,17.4212,17.5517,55574437
2004-11-03,17.8065,17.8065,17.5952,17.6946,49514239
2004-11-04,17.6387,18.024,17.6387,18.024,54611291
2004-11-05,18.1545,18.2478,18.0427,18.2167,59254121
2004-11-08,18.1359,18.3224,18.1049,18.1981,70108740
2004-11-09,18.2913,18.5772,18.2416,18.5026,62401060
2004-11-10,18.5959,18.6456,18.4529,18.4778,52268432
2004-11-11,18.5772,18.6953,18.5337,18.6331,54295101
2004-11-12,18.745,18.7698,18.5212,18.6269,100853134
2004-11-15,18.9387,19.0495,18.8417,18.9733,72365926
2004-11-16,18.9317,18.9386,18.7377,18.7862,44695224
2004-11-17,18.8763,18.9456,18.7447,18.8209,40752548
2004-11-18,18.7932,18.8209,18.7031,18.7516,43813699
2004-11-19,18.7239,18.7516,18.5922,18.6061,59440186
2004-11-22,18.53,18.5785,18.0797,18.4607,64013811
2004-11-23,18.3706,18.4953,18.2874,18.3775,48807883
2004-11-24,18.4398,18.516,18.2875,18.4537,41610323
2004-11-26,18.3983,18.5784,18.3914,18.426,16901145
2004-11-29,18.4537,18.6685,18.433,18.5438,46466801
2004-11-30,18.5299,18.71,18.4953,18.5715,52618373
2004-12-01,18.6685,18.8971,18.5715,18.8763,69193935
2004-12-02,18.8902,18.9802,18.6477,18.7655,66561277
2004-12-03,18.8139,19.0079,18.8001,18.8624,52990945
2004-12-06,18.7724,19.0079,18.7516,18.9317,38304932
2004-12-07,18.8832,18.9663,18.7031,18.7516,77344982
2004-12-08,18.7101,18.9525,18.6408,18.9525,66261016
2004-12-09,18.7931,18.9525,18.6615,18.8624,57498802
2004-12-10,18.7585,18.8278,18.7308,18.7585,49146993
2004-12-13,18.7724,18.8971,18.6408,18.8763,64984693
2004-12-14,18.7377,18.9317,18.7308,18.8624,88557825
2004-12-15,18.8555,18.9802,18.7516,18.7793,73637508
2004-12-16,18.807,18.897,18.71,18.8139,61649119
2004-12-17,18.7031,18.9248,18.5646,18.6754,87408907
2004-12-20,18.7101,18.807,18.6269,18.6685,59263171
2004-12-21,18.7031,18.8209,18.6615,18.7516,65562091
2004-12-22,18.5922,18.807,18.5507,18.6823,44092098
2004-12-23,18.613,18.807,18.5853,18.71,45581398
2004-12-27,18.71,18.7724,18.5784,18.5992,38762880
2004-12-28,18.5992,18.7239,18.5646,18.6685,38151556
2004-12-29,18.5992,18.7031,18.5784,18.6338,32969288
2004-12-30,18.627,18.6616,18.53,18.5369,33496234
2004-12-31,18.53,18.6339,18.4815,18.5092,38070972
2005-01-03,18.5646,18.6685,18.4607,18.523,45028000
2005-01-04,18.6131,18.7724,18.4676,18.5923,75811489
2005-01-05,18.5923,18.7724,18.5368,18.5507,50195991
2005-01-06,18.5992,18.7446,18.4537,18.5299,53262552
2005-01-07,18.5784,18.6269,18.4399,18.4745,47605122
2005-01-10,18.4261,18.6062,18.3845,18.5646,48750501
2005-01-11,18.4884,18.5784,18.433,18.5161,44826557
2005-01-12,18.5438,18.5992,18.4399,18.5507,50526482
2005-01-13,18.4814,18.5645,18.1212,18.1974,62247715
2005-01-14,18.2875,18.3221,18.0381,18.0935,63854261
2005-01-18,18.0312,18.2529,17.8996,18.2321,47898331
2005-01-19,18.1559,18.1906,17.955,17.9966,40256205
2005-01-20,17.8995,18.0796,17.8303,17.9134,40440297
2005-01-21,17.9758,18.1005,17.7611,17.768,52992973
2005-01-24,17.8441,18.0104,17.761,17.7818,47804364
2005-01-25,17.8442,18.1421,17.8373,18.0243,46813790
2005-01-26,18.0589,18.1281,17.9411,18.0173,45008268
2005-01-27,17.9758,18.1212,17.9065,18.0866,64563205
2005-01-28,18.3845,18.4607,17.9827,18.1351,76521048
2005-01-31,18.2529,18.3707,18.1213,18.2044,49488606
2005-02-01,18.1836,18.3083,18.1628,18.2806,40164466
2005-02-02,18.3014,18.3568,18.2044,18.3291,54952318
2005-02-03,18.2667,18.2875,18.0797,18.1351,43325710
2005-02-04,18.1282,18.2667,18.1074,18.2321,42426000
2005-02-07,18.1974,18.2182,18.0519,18.1212,40013078
2005-02-08,18.1421,18.246,18.1213,18.1767,42493370
2005-02-09,18.1836,18.2251,18.0381,18.0589,53944504
2005-02-10,18.0797,18.1005,18.0104,18.052,49734022
2005-02-11,18.0312,18.0935,17.8788,17.9896,58073712
2005-02-14,17.9619,18.0935,17.948,18.0173,40657724
2005-02-15,18.0659,18.1215,17.9687,18.0173,53191405
2005-02-16,17.9757,18.0174,17.8367,17.9201,39958279
2005-02-17,17.8645,17.9687,17.7881,17.8228,46571914
2005-02-18,17.8159,17.8228,17.6491,17.7047,53566515
2005-02-22,17.5448,17.7116,17.5101,17.5309,66996249
2005-02-23,17.5379,17.6143,17.4893,17.5101,58151181
2005-02-24,17.4962,17.6768,17.4753,17.6282,59225958
2005-02-25,17.6004,17.6351,17.4753,17.5448,43405279
2005-02-28,17.524,17.6282,17.4615,17.4823,57483137
2005-03-01,17.5032,17.656,17.4615,17.5657,39185686
2005-03-02,17.5032,17.7047,17.4823,17.5518,47068146
2005-03-03,17.5796,17.5866,17.4685,17.4893,36259620
2005-03-04,17.5171,17.5796,17.4615,17.4893,43815804
2005-03-07,17.4892,17.9201,17.4823,17.6977,55870673
2005-03-08,17.6491,17.802,17.6074,17.6491,36737783
2005-03-09,17.6421,17.7672,17.5657,17.5865,43769470
2005-03-10,17.6699,17.7046,17.5448,17.6699,41088180
2005-03-11,17.6838,17.7047,17.4129,17.4337,42120139
2005-03-14,17.4268,17.4754,17.3434,17.4476,45547547
2005-03-15,17.4406,17.5379,17.2947,17.3086,49660187
2005-03-16,17.246,17.3502,17.0654,17.114,52003074
2005-03-17,17.121,17.1488,17.0446,17.0515,42088994
2005-03-18,17.0446,17.3086,16.8709,16.8917,94432316
2005-03-21,16.9195,16.9265,16.7806,16.8153,49644185
2005-03-22,16.8083,16.8639,16.6485,16.6693,70952782
2005-03-23,16.6694,16.9473,16.6485,16.8014,55096710
2005-03-24,16.843,17.0028,16.8152,16.8708,54768189
2005-03-28,16.9543,17.0029,16.8014,16.8153,34604776
2005-03-29,16.7736,16.8431,16.5512,16.6207,51579549
2005-03-30,16.7041,16.8083,16.6763,16.7875,41402936
2005-03-31,16.85,16.8917,16.7597,16.7944,43346020
2005-04-01,16.8431,16.9195,16.7458,16.7597,44900709
2005-04-04,16.7527,16.8569,16.6346,16.8361,43216872
2005-04-05,16.8292,17.0237,16.7597,17.0029,51105701
2005-04-06,17.0028,17.3294,16.9889,17.1418,54211863
2005-04-07,17.1349,17.4614,17.114,17.4406,53816758
2005-04-08,17.4197,17.5448,17.3086,17.3294,33322129
2005-04-11,17.392,17.4476,17.2739,17.3503,33207932
2005-04-12,17.3156,17.6143,17.2322,17.5935,46914471
2005-04-13,17.5309,17.6838,17.3642,17.3989,42336374
2005-04-14,17.3781,17.4685,17.2531,17.26,46384096
2005-04-15,17.0793,17.3016,16.9612,16.9959,69659287
2005-04-18,16.9889,17.2599,16.9542,17.1279,52645814
2005-04-19,17.1696,17.2321,16.9889,17.114,45829249
2005-04-20,17.1348,17.1626,16.8847,16.8986,63872469
2005-04-21,17.0098,17.6421,17.0029,17.5657,65011364
2005-04-22,17.4058,17.5448,17.2182,17.3572,55648309
2005-04-25,17.4198,17.5657,17.2739,17.3642,52431615
2005-04-26,17.3364,17.5449,17.1905,17.2044,42013409
2005-04-27,17.1349,17.4754,17.1141,17.3642,33166942
2005-04-28,17.2461,17.3156,16.9821,16.989,58105229
2005-04-29,17.2878,17.5796,17.2252,17.5796,68540428
2005-05-02,17.5309,17.6212,17.3363,17.5309,37783293
2005-05-03,17.4615,17.6491,17.4337,17.6213,47157684
2005-05-04,17.6073,17.649,17.4475,17.517,60357009
2005-05-05,17.5101,17.6004,17.4267,17.5309,41247505
2005-05-06,17.6004,17.7047,17.5032,17.524,44694260
2005-05-09,17.531,17.6005,17.4059,17.4476,42991831
2005-05-10,17.3989,17.4267,17.246,17.3016,43243647
2005-05-11,17.2947,17.3503,17.121,17.3086,41317803
2005-05-12,17.2599,17.4475,17.253,17.3711,51794158
2005-05-13,17.392,17.6352,17.3642,17.5796,53645087
2005-05-16,17.5866,17.7748,17.5587,17.7678,35254898
2005-05-17,17.6423,17.7748,17.6005,17.7469,27870301
2005-05-18,17.7748,18.0118,17.719,17.9142,49617733
2005-05-19,17.949,18.1581,17.9141,18.0675,36330731
2005-05-20,18.0396,18.0675,17.935,17.942,44920871
2005-05-23,17.942,18.1721,17.942,18.0187,52572154
2005-05-24,17.9839,18.0396,17.9281,17.949,42720502
2005-05-25,17.9002,17.9629,17.7747,17.9211,24918763
2005-05-26,17.949,18.1233,17.9351,18.0536,35256241
2005-05-27,18.0048,18.186,17.9909,18.1721,38322429
2005-05-31,18.1163,18.1442,17.949,17.9839,32155701
2005-06-01,17.935,18.1232,17.8514,17.9908,38073440
2005-06-02,17.9211,18.0257,17.8723,17.9769,18968453
2005-06-03,17.9142,17.9909,17.6633,17.726,55526712
2005-06-06,17.6911,17.7747,17.6423,17.6841,28409503
2005-06-07,17.6562,18.0048,17.6423,17.7817,37997074
2005-06-08,17.8097,17.8585,17.6633,17.7051,31625003
2005-06-09,17.705,17.8514,17.6702,17.7817,36781771
2005-06-10,17.7678,17.7887,17.6633,17.726,27505482
2005-06-13,17.6772,17.7678,17.6074,17.6423,34227944
2005-06-14,17.6423,17.733,17.5936,17.6772,30839813
2005-06-15,17.7051,17.7121,17.5029,17.6075,35385638
2005-06-16,17.5796,17.5865,17.3914,17.4541,45948615
2005-06-17,17.6144,17.6284,17.3705,17.4541,63306871
2005-06-20,17.4123,17.6214,17.3774,17.5029,35228089
2005-06-21,17.482,17.5587,17.4541,17.5308,56519578
2005-06-22,17.5029,17.6074,17.4471,17.475,42166332
2005-06-23,17.5447,17.8584,17.5308,17.6423,73301491
2005-06-24,17.5796,17.705,17.4541,17.4541,40408402
2005-06-27,17.475,17.6005,17.4472,17.4611,42963507
2005-06-28,17.4889,17.5656,17.4471,17.475,36984057
2005-06-29,17.5796,17.6493,17.4263,17.489,38937178
2005-06-30,17.4681,17.5238,17.3008,17.3147,57170714
2005-07-01,17.3217,17.4193,17.1962,17.2241,48597195
2005-07-05,17.1892,17.5587,17.1614,17.4123,43135871
2005-07-06,17.4053,17.482,17.2101,17.2171,44760696
2005-07-07,17.1335,17.2241,17.0777,17.1823,55821842
2005-07-08,17.1753,17.5099,17.1684,17.489,39107328
2005-07-11,17.5308,17.6911,17.5029,17.6284,42886293
2005-07-12,17.5935,17.8584,17.5656,17.8514,44182250
2005-07-13,17.7957,17.949,17.7608,17.8863,31192425
2005-07-14,17.9769,18.193,17.9769,18.1024,48449746
2005-07-15,18.1512,18.193,17.949,17.9769,39364323
2005-07-18,17.9211,17.9769,17.8096,17.8096,27650537
2005-07-19,17.9769,18.2975,17.949,18.2348,78968743
2005-07-20,18.1233,18.2836,18.0396,18.2557,49786549
2005-07-21,18.3324,18.4579,18.1233,18.43,78719312
2005-07-22,18.1163,18.3603,17.8653,17.9002,68003264
2005-07-25,17.9072,18.0536,17.8793,17.9072,31488929
2005-07-26,17.9281,17.942,17.7956,17.8026,35881510
2005-07-27,17.8514,17.9839,17.7957,17.9281,40413018
2005-07-28,17.949,18.0187,17.8863,17.949,31185046
2005-07-29,17.9699,18.1232,17.8375,17.8514,41491366
2005-08-01,17.9908,18.1581,17.956,18.0675,42761702
2005-08-02,18.0536,18.7506,18.0327,18.6879,95851361
2005-08-03,18.653,19.1201,18.6321,18.9946,97184320
2005-08-04,18.9319,19.1689,18.8552,19.0434,63753149
2005-08-05,19.0225,19.4756,18.9946,19.3501,57306130
2005-08-08,19.3779,19.4058,18.876,18.9109,53817090
2005-08-09,18.9737,19.1758,18.8273,19.0643,45142171
2005-08-10,19.1061,19.1689,18.7158,18.7855,43787850
2005-08-11,18.8064,19.0294,18.7436,19.0085,33909157
2005-08-12,18.8761,18.9179,18.7506,18.8552,36251126
2005-08-15,18.8621,19.0858,18.6594,18.967,32142948
2005-08-16,18.8971,18.974,18.6664,18.6944,32784832
2005-08-17,18.7503,18.981,18.6385,18.8412,36642883
2005-08-18,18.7992,18.9321,18.7363,18.7503,28567222
2005-08-19,18.7713,18.8132,18.6664,18.6804,25198615
2005-08-22,18.7293,18.995,18.7153,18.8132,29147317
2005-08-23,18.7643,18.9251,18.6944,18.7853,33765091
2005-08-24,18.7643,18.988,18.7223,18.7433,44495238
2005-08-25,18.8062,18.939,18.7713,18.8971,27479655
2005-08-26,18.9181,18.9321,18.7853,18.8552,25709768
2005-08-29,18.7433,19.0369,18.7433,18.981,36569151
2005-08-30,18.9181,19.037,18.8482,19.002,38565531
2005-08-31,18.995,19.1837,18.9041,19.1418,45589504
2005-09-01,19.1418,19.1488,18.981,19.016,53115114
2005-09-02,19.0229,19.0649,18.8551,18.8901,36387212
2005-09-06,18.9181,19.0789,18.8622,18.8762,32221673
2005-09-07,18.8342,18.9531,18.7503,18.7713,31219853
2005-09-08,18.7363,18.7923,18.5406,18.6035,36740200
2005-09-09,18.6105,18.7503,18.5475,18.5825,29024355
2005-09-12,18.6105,18.7014,18.5406,18.6035,28349539
2005-09-13,18.5545,18.7084,18.4357,18.5126,44339984
2005-09-14,18.5406,18.6245,18.3868,18.3938,38430248
2005-09-15,18.4357,18.4777,18.3308,18.3658,42196736
2005-09-16,18.4148,18.4567,18.1561,18.226,131003692
2005-09-19,18.2399,18.3658,18.0791,18.177,43227912
2005-09-20,18.226,18.3309,17.9603,18.0652,42676518
2005-09-21,18.0372,18.1071,17.7786,17.8205,47736988
2005-09-22,17.8205,17.8974,17.5828,17.7156,49857389
2005-09-23,17.6947,17.8555,17.5618,17.6667,46419167
2005-09-26,17.7576,17.8205,17.6248,17.6667,39292992
2005-09-27,17.7366,17.7925,17.6876,17.7156,34115394
2005-09-28,17.7505,18.0861,17.7436,17.9463,49650777
2005-09-29,17.9044,18.177,17.8275,18.1351,46705992
2005-09-30,18.1141,18.1421,17.9044,17.9883,40300294
2005-10-03,17.9743,17.9883,17.7856,17.8275,38690079
2005-10-04,17.7296,17.7505,17.3031,17.4639,106032230
2005-10-05,17.5059,17.5129,17.2472,17.2472,51514177
2005-10-06,17.2403,17.443,17.1494,17.2892,57135178
2005-10-07,17.3171,17.3661,17.1424,17.1913,35493288
2005-10-10,17.2472,17.2542,17.0235,17.1004,34173465
2005-10-11,17.1353,17.1633,16.9535,17.0654,53529357
2005-10-12,17.1213,17.2681,16.9675,16.9885,49843001
2005-10-13,16.9955,17.2892,16.9676,17.1913,49072457
2005-10-14,17.2752,17.2891,17.1284,17.2472,37645108
2005-10-17,17.2542,17.2612,17.0864,17.1493,32805569
2005-10-18,17.1214,17.3591,17.0934,17.1773,48468510
2005-10-19,17.1703,17.5408,17.1283,17.5408,46543244
2005-10-20,17.5129,17.5688,17.2961,17.3311,41129448
2005-10-21,17.415,17.4779,17.1773,17.3241,48540478
2005-10-24,17.401,17.5478,17.2542,17.5478,36261725
2005-10-25,17.443,17.5688,17.3591,17.4989,28880875
2005-10-26,17.4569,17.7086,17.429,17.5548,40673234
2005-10-27,17.6318,17.6667,17.3731,17.3731,43042013
2005-10-28,17.5479,17.8974,17.5479,17.8485,74497598
2005-10-31,17.9044,18.0372,17.8275,17.9673,52519117
2005-11-01,17.9044,18.247,17.9044,18.1491,49896322
2005-11-02,18.1281,18.5266,18.1281,18.4986,52480584
2005-11-03,18.5966,18.6245,18.3519,18.4847,51330418
2005-11-04,18.5476,18.6735,18.4917,18.6385,40174147
2005-11-07,18.6804,18.932,18.6664,18.8831,53905133
2005-11-08,18.8342,19.002,18.7153,18.9111,42011096
2005-11-09,18.8622,18.981,18.8342,18.8482,41640889
2005-11-10,18.8342,18.981,18.6245,18.9391,51255678
2005-11-11,18.981,19.1488,18.967,19.0719,36316030
2005-11-14,19.1278,19.1837,19.016,19.1348,46947165
2005-11-15,19.1629,19.3101,19.1068,19.2821,45632667
2005-11-16,19.2681,19.5486,19.24,19.4504,60494671
2005-11-17,19.5275,19.6326,19.4644,19.6116,64052173
2005-11-18,19.7168,19.8079,19.5625,19.6817,52889713
2005-11-21,19.6817,19.8009,19.5204,19.7448,46132716
2005-11-22,19.6748,19.6888,19.5345,19.5696,73099082
2005-11-23,19.5766,19.6958,19.4504,19.5766,49461276
2005-11-25,19.4924,19.5906,19.2611,19.4644,30909201
2005-11-28,19.4854,19.5275,19.3031,19.4574,40329195
2005-11-29,19.4854,19.4854,19.3522,19.4083,43626885
2005-11-30,19.4083,19.4714,19.3732,19.4083,39198526
2005-12-01,19.4433,19.7027,19.4433,19.5555,42775360
2005-12-02,19.5065,19.7028,19.4854,19.6397,29673126
2005-12-05,19.5836,19.6467,19.4293,19.5275,33317561
2005-12-06,19.5625,19.5766,19.4083,19.4153,46262965
2005-12-07,19.4013,19.4574,19.3172,19.4574,38973137
2005-12-08,19.4293,19.4994,19.3522,19.4153,44826695
2005-12-09,19.4293,19.5134,19.3802,19.4293,33983395
2005-12-12,19.4223,19.4573,19.1629,19.247,44704365
2005-12-13,19.1348,19.2329,18.9314,19.0226,73121318
2005-12-14,18.9315,19.0998,18.8263,18.9946,45629250
2005-12-15,18.9876,19.0086,18.7983,18.8754,55404838
2005-12-16,18.8474,18.9876,18.7983,18.8614,62083104
2005-12-19,18.8053,18.8403,18.6861,18.8123,48156193
2005-12-20,18.7632,18.8473,18.7001,18.8333,44145788
2005-12-21,18.8404,18.8684,18.7282,18.7422,53149107
2005-12-22,18.7281,18.7772,18.5248,18.644,64000245
2005-12-23,18.595,18.7001,18.5389,18.6791,21518267
2005-12-27,18.7072,18.8264,18.5459,18.5529,26517465
2005-12-28,18.5879,18.6931,18.4758,18.5038,24852447
2005-12-29,18.5178,18.5809,18.4126,18.4196,24187031
2005-12-30,18.3355,18.4477,18.3004,18.3355,34388423
2006-01-03,18.4056,18.9315,18.3004,18.8193,56074362
2006-01-04,18.7703,18.9876,18.7703,18.9105,40650633
2006-01-05,18.9035,19.0227,18.8684,18.9245,33828157
2006-01-06,18.8544,18.9315,18.5739,18.8684,70791909
2006-01-09,18.8824,18.9805,18.7632,18.8333,39002320
2006-01-10,18.6861,18.9455,18.644,18.9315,45521072
2006-01-11,18.9385,19.2049,18.8613,19.1348,49166199
2006-01-12,19.1068,19.1138,18.9105,19.0297,32250083
2006-01-13,18.9525,19.1068,18.9385,19.0647,29040888
2006-01-17,18.8614,19.0647,18.8614,18.9245,41064973
2006-01-18,18.7492,18.9175,18.7211,18.8123,36724442
2006-01-19,18.8403,19.0998,18.8263,18.9455,42327697
2006-01-20,18.9385,18.9385,18.4126,18.5178,55508455
2006-01-23,18.5178,18.6019,18.4406,18.4757,33603757
2006-01-24,18.4688,18.5459,18.3846,18.4267,44202133
2006-01-25,18.5178,18.63,18.3916,18.5108,41419387
2006-01-26,18.623,18.7352,18.4477,18.5809,48737560
2006-01-27,19.0927,19.5976,19.0647,19.4854,94321326
2006-01-30,19.5065,19.7589,19.4784,19.6327,72920896
2006-01-31,19.5695,19.8991,19.5415,19.7378,66499418
2006-02-01,19.6046,19.6817,19.4644,19.6607,47993984
2006-02-02,19.6116,19.6257,19.3171,19.4083,38615646
2006-02-03,19.268,19.4223,19.1699,19.3101,52603335
2006-02-06,19.2891,19.3101,18.9946,19.0507,42189553
2006-02-07,18.8964,19.0366,18.7982,18.8894,50595756
2006-02-08,18.9385,18.9876,18.7282,18.8684,36317077
2006-02-09,18.9034,18.9525,18.6861,18.6931,37064855
2006-02-10,18.665,18.8543,18.5879,18.7141,36549640
2006-02-13,18.6721,18.7212,18.4687,18.5038,32749412
2006-02-14,18.5178,18.7071,18.4757,18.6861,40971220
2006-02-15,18.7142,18.9464,18.6439,18.9112,44188678
2006-02-16,18.8901,18.9253,18.6931,18.862,34381113
2006-02-17,18.7635,18.862,18.6861,18.7846,29206324
2006-02-21,18.7986,18.7986,18.5313,18.672,35329127
2006-02-22,18.6649,18.8971,18.6227,18.7986,30282561
2006-02-23,18.8056,18.9182,18.672,18.7564,33319063
2006-02-24,18.7072,18.8127,18.6579,18.7353,31486139
2006-02-27,18.8197,19.1785,18.7635,19.0308,36092739
2006-02-28,18.9605,19.2067,18.9042,18.9042,45755692
2006-03-01,18.9815,19.1363,18.9604,19.0941,37330724
2006-03-02,19.0097,19.066,18.9253,18.9745,29443401
2006-03-03,18.862,19.1082,18.8127,18.9464,31813348
2006-03-06,18.9393,19.1011,18.876,18.9323,37325758
2006-03-07,18.9253,19.066,18.862,19.0379,36312648
2006-03-08,18.9886,19.3474,18.9745,19.1715,40486972
2006-03-09,19.1856,19.2911,18.9956,18.9956,31913100
2006-03-10,19.0378,19.1504,18.9112,19.1152,29054260
2006-03-13,19.1222,19.1996,18.9534,19.073,28382678
2006-03-14,19.0238,19.263,18.9886,19.1575,28016384
2006-03-15,19.1363,19.3122,19.0027,19.2489,40208813
2006-03-16,19.2348,19.3333,19.1504,19.1856,51916993
2006-03-17,19.2419,19.46,19.1856,19.3474,84857696
2006-03-20,19.4881,19.6922,19.467,19.6218,47203550
2006-03-21,19.5163,19.854,19.4741,19.5163,51499112
2006-03-22,19.052,19.3474,18.855,19.1012,102503512
2006-03-23,19.0519,19.066,18.7564,18.8901,51839007
2006-03-24,18.7916,19.1434,18.7283,19.0027,48655355
2006-03-27,19.0027,19.2067,18.9957,19.0027,42148284
2006-03-28,19.0027,19.1434,18.862,18.9253,41171674
2006-03-29,18.9605,19.1363,18.9393,19.0097,37393459
2006-03-30,19.0168,19.2701,18.9957,19.1575,38421939
2006-03-31,19.2067,19.3756,19.1434,19.1434,43753679
2006-04-03,19.467,19.5092,19.3052,19.3896,40527711
2006-04-04,19.4178,19.5585,19.3263,19.4459,31990053
2006-04-05,19.6148,19.657,19.4459,19.5163,29224709
2006-04-06,19.46,19.5022,19.2559,19.3896,36503595
2006-04-07,19.4248,19.5022,19.1574,19.1715,33241904
2006-04-10,19.1575,19.3052,19.1364,19.1997,27742124
2006-04-11,19.1997,19.2208,18.9956,19.0871,30219530
2006-04-12,19.0659,19.1363,18.9745,19.1363,22642042
2006-04-13,19.0519,19.1364,18.9957,19.0449,19811762
2006-04-17,19.0168,19.0308,18.8057,18.8831,25184174
2006-04-18,18.9534,19.3474,18.869,19.1504,39590181
2006-04-19,19.073,19.1293,18.9675,19.0167,31737486
2006-04-20,19.0308,19.1293,18.7845,19.0167,32115428
2006-04-21,19.0308,19.2701,18.9957,19.1012,41176981
2006-04-24,19.0449,19.1715,18.9815,19.073,29772735
2006-04-25,19.0589,19.1434,19.0097,19.073,34630053
2006-04-26,19.0519,19.1575,18.9956,19.066,27571828
2006-04-27,18.9745,19.4388,18.9534,19.1715,67898488
2006-04-28,17.0468,17.2367,16.885,16.9905,415829085
2006-05-01,17.1101,17.5885,16.9483,17.089,122979522
2006-05-02,17.2297,17.5885,16.8146,16.892,134047975
2006-05-03,16.878,16.8991,16.287,16.3011,148818490
2006-05-04,16.4277,16.6528,16.2799,16.491,120486595
2006-05-05,16.6458,16.8498,16.5473,16.7443,92589155
2006-05-08,16.7795,17.5886,16.5403,16.6951,56771431
2006-05-09,16.7092,16.885,16.5262,16.6177,53009126
2006-05-10,16.6528,16.7373,16.5966,16.7232,53865519
2006-05-11,16.681,16.7373,16.2871,16.3363,65371020
2006-05-12,16.28,16.4418,16.2167,16.3011,58475641
2006-05-15,16.3152,16.407,16.2657,16.3505,47543440
2006-05-16,16.3575,16.9508,16.181,16.2516,57982474
2006-05-17,16.1669,16.3011,16.0539,16.0539,69638682
2006-05-18,16.1316,16.3434,16.0751,16.1245,67433605
2006-05-19,16.0962,16.1739,15.9055,15.9338,70678834
2006-05-22,15.8773,16.2587,15.8561,16.1598,61674428
2006-05-23,16.3223,16.513,16.0822,16.0963,56493352
2006-05-24,16.2375,16.626,16.2304,16.5977,75824438
2006-05-25,16.6471,16.8943,16.6259,16.7672,58658856
2006-05-26,16.7884,16.8661,16.6401,16.7531,33097684
2006-05-30,16.633,16.7813,16.3434,16.3505,37078202
2006-05-31,16.4282,16.4918,15.9974,15.9974,84897107
2006-06-01,16.0609,16.1315,15.9761,16.1174,56665727
2006-06-02,16.1528,16.2375,16.0115,16.0751,52219779
2006-06-05,16.0468,16.0538,15.8843,15.8914,45141535
2006-06-06,15.9267,15.9338,15.5242,15.6301,89416673
2006-06-07,15.6442,15.8137,15.5453,15.5665,52143184
2006-06-08,15.5595,15.6866,15.5171,15.616,73543450
2006-06-09,15.6442,15.6725,15.4606,15.4818,37132165
2006-06-12,15.5101,15.609,15.3264,15.3335,52484007
2006-06-13,15.3476,15.5595,15.1569,15.1922,79934068
2006-06-14,15.2487,15.4959,15.2204,15.4535,60798010
2006-06-15,15.5453,15.6301,15.397,15.5877,85868169
2006-06-16,15.5171,15.736,15.39,15.6089,104181638
2006-06-19,15.6371,15.962,15.623,15.9267,91563269
2006-06-20,15.9197,16.0751,15.8914,15.9338,63988403
2006-06-21,15.9691,16.3505,15.9126,16.3011,64738463
2006-06-22,16.2869,16.3646,16.0892,16.1598,54094789
2006-06-23,16.1386,16.1527,15.8914,15.8914,42753234
2006-06-26,15.9973,16.1668,15.9832,16.1174,37887967
2006-06-27,16.1669,16.3576,16.1316,16.1457,59864173
2006-06-28,16.2163,16.4212,16.181,16.3576,50786605
2006-06-29,16.4706,16.6895,16.3999,16.5765,85739774
2006-06-30,16.626,16.7037,16.4565,16.4565,51593458
2006-07-03,16.6189,16.7531,16.5624,16.739,18159626
2006-07-05,16.5836,16.6119,16.4565,16.4918,37499246
2006-07-06,16.5624,16.6754,16.5412,16.5836,31624106
2006-07-07,16.5201,16.6331,16.4565,16.4565,44615337
2006-07-10,16.5483,16.7107,16.5129,16.5977,35713377
2006-07-11,16.5059,16.5059,16.0609,16.3152,62630804
2006-07-12,16.0962,16.1598,15.9762,15.9903,54651865
2006-07-13,15.7996,15.9691,15.7148,15.7219,51629067
2006-07-14,15.736,15.9267,15.7007,15.7431,47673836
2006-07-17,15.7431,15.9691,15.7219,15.8773,26170353
2006-07-18,15.955,16.075,15.8773,16.0609,45941872
2006-07-19,16.1175,16.5695,16.0468,16.5271,58048402
2006-07-20,16.5553,16.5624,16.0892,16.1386,54105063
2006-07-21,17.0073,17.0568,16.2445,16.859,123941407
2006-07-24,16.958,17.0286,16.8026,16.9509,42085341
2006-07-25,16.9508,17.1556,16.8802,17.1062,42430580
2006-07-26,17.0356,17.3252,17.0215,17.2122,38804859
2006-07-27,17.3605,17.3746,16.7884,16.859,60307334
2006-07-28,17.0073,17.1486,16.9932,17.1274,36519007
2006-07-31,17.0003,17.2475,16.9579,16.9932,28431050
2006-08-01,16.965,17.0921,16.8449,16.9438,34727162
2006-08-02,17.0356,17.2333,16.972,17.1627,32815365
2006-08-03,17.0851,17.2899,17.0568,17.0992,30480013
2006-08-04,17.2334,17.297,17.0568,17.1557,32270514
2006-08-07,17.1486,17.2898,17.085,17.1062,26035326
2006-08-08,17.2263,17.3181,17.0921,17.191,41085572
2006-08-09,17.2969,17.4029,17.191,17.2616,31363070
2006-08-10,17.2121,17.3746,17.1909,17.2757,22426910
2006-08-11,17.2546,17.2687,17.0922,17.2546,21369077
2006-08-14,17.3181,17.3746,17.1981,17.3252,33783010
2006-08-15,17.4032,17.4741,17.3252,17.4528,34731568
2006-08-16,17.4457,17.5308,17.3465,17.5095,37126945
2006-08-17,17.5095,17.5449,17.4457,17.5095,32378255
2006-08-18,17.7576,18.2893,17.708,18.2822,91031604
2006-08-21,18.19,18.5232,18.1191,18.5161,62664309
2006-08-22,18.4382,18.6083,18.1617,18.1617,63312452
2006-08-23,18.1829,18.3956,18.0908,18.1971,31650690
2006-08-24,18.3034,18.3318,18.0766,18.2467,25472578
2006-08-25,18.2255,18.431,18.2113,18.3247,23475394
2006-08-28,18.3176,18.431,18.2113,18.3956,24237461
2006-08-29,18.3743,18.4168,18.1687,18.3176,30277348
2006-08-30,18.3247,18.3531,18.1759,18.2893,21467314
2006-08-31,18.3389,18.4169,18.2042,18.2184,18700798
2006-09-01,18.353,18.4098,18.1758,18.3176,22396952
2006-09-05,18.2113,18.4027,18.1192,18.1546,31348691
2006-09-06,18.0837,18.2326,18.0837,18.1546,35558063
2006-09-07,18.0624,18.2184,17.9986,18.027,36342446
2006-09-08,18.0979,18.2822,18.0483,18.1475,26134385
2006-09-11,18.027,18.3957,18.0199,18.3673,39420011
2006-09-12,18.3601,18.4168,18.2325,18.3814,37038415
2006-09-13,18.3035,18.502,18.3035,18.4169,26729812
2006-09-14,18.424,18.7855,18.4169,18.665,52687687
2006-09-15,18.8422,19.0974,18.7784,19.0336,89360590
2006-09-18,18.9557,19.1683,18.906,18.9911,34831194
2006-09-19,18.9556,19.0974,18.9415,19.0407,30509851
2006-09-20,19.147,19.3029,19.1328,19.2675,50810340
2006-09-21,19.31,19.3171,19.0336,19.069,41466285
2006-09-22,19.0194,19.0336,18.7713,18.8989,33822722
2006-09-25,19.0053,19.2746,18.9911,19.1045,48136180
2006-09-26,19.0761,19.3668,19.0549,19.2817,38823207
2006-09-27,19.2675,19.4731,19.225,19.4518,46952208
2006-09-28,19.4731,19.5086,19.3243,19.4235,31318409
2006-09-29,19.388,19.4376,19.2888,19.388,24303053
2006-10-02,19.3667,19.4873,19.2462,19.3951,37505771
2006-10-03,19.4022,19.4802,19.2888,19.4022,27920312
2006-10-04,19.4164,19.8205,19.4022,19.8063,58264265
2006-10-05,19.7921,19.9268,19.6929,19.7921,58105409
2006-10-06,19.6787,19.8489,19.6007,19.7567,25840516
2006-10-09,19.707,19.7992,19.5794,19.6503,23652879
2006-10-10,19.6291,19.6716,19.4519,19.6291,24526451
2006-10-11,19.466,19.6149,19.4376,19.5227,26384426
2006-10-12,19.5511,20.0544,19.5228,20.0048,85190462
2006-10-13,20.0898,20.3379,20.0686,20.1111,91979325
2006-10-16,20.1891,20.2741,20.0827,20.1678,35263381
2006-10-17,20.0189,20.2103,19.9693,20.1607,28442324
2006-10-18,20.2032,20.345,20.0331,20.2174,28802564
2006-10-19,20.0969,20.1678,19.9339,20.0544,31709062
2006-10-20,20.189,20.1961,19.9693,20.1536,34655827
2006-10-23,20.0615,20.3379,19.9764,20.1678,34398682
2006-10-24,20.1536,20.1536,19.941,20.0473,43532414
2006-10-25,20.0473,20.1749,19.9481,20.0686,28863836
2006-10-26,20.0827,20.1394,19.8771,20.0969,49596597
2006-10-27,20.1961,20.4088,20.026,20.0898,63133366
2006-10-30,20.0969,20.4443,20.0756,20.2245,33528010
2006-10-31,20.3167,20.4513,20.2458,20.3521,43852856
2006-11-01,20.4017,20.5506,20.345,20.423,53801526
2006-11-02,20.3522,20.4585,20.26,20.3947,41593562
2006-11-03,20.4514,20.5081,20.2812,20.3663,29152590
2006-11-06,20.3947,20.5932,20.3876,20.4443,42849523
2006-11-07,20.4585,20.6074,20.416,20.5223,40060097
2006-11-08,20.4017,20.7207,20.3167,20.5435,54870072
2006-11-09,20.6357,20.8412,20.5577,20.742,63379712
2006-11-10,20.6782,20.7632,20.664,20.7278,26834916
2006-11-13,20.6924,20.8838,20.6711,20.8058,33510311
2006-11-14,20.8272,20.9267,20.6778,20.7916,44821440
2006-11-15,20.7205,20.8841,20.7063,20.7134,45483554
2006-11-16,20.7276,21.0832,20.7205,20.9623,45757493
2006-11-17,20.8485,21.0121,20.8271,20.9125,35107891
2006-11-20,20.9979,21.3393,20.9837,21.2611,60962096
2006-11-21,21.2753,21.3393,21.1899,21.2824,47264142
2006-11-22,21.318,21.3393,21.2113,21.2824,31231637
2006-11-24,21.0975,21.2255,21.0832,21.1686,14551065
2006-11-27,21.1188,21.1543,20.8627,20.9694,51727911
2006-11-28,20.8698,20.9267,20.7205,20.9054,37416540
2006-11-29,20.9409,21.1828,20.9338,21.0334,41807243
2006-11-30,20.9268,21.0335,20.8628,20.8841,37911043
2006-12-01,20.7916,20.8414,20.5569,20.7134,51397258
2006-12-04,20.7916,20.9978,20.7489,20.8627,39209784
2006-12-05,20.8841,20.9126,20.6494,20.7205,32440066
2006-12-06,20.6991,20.7205,20.5355,20.6209,34544169
2006-12-07,20.5995,20.6778,20.4928,20.5213,33311440
2006-12-08,20.4999,20.9125,20.4857,20.9125,77429527
2006-12-11,20.7631,21.1615,20.7062,21.0121,76616632
2006-12-12,21.0264,21.0762,20.7845,20.9339,48745756
2006-12-13,21.0548,21.0548,20.8556,21.0192,32722022
2006-12-14,21.0121,21.3962,20.9979,21.3891,61077724
2006-12-15,21.4389,21.503,21.3607,21.4745,73111248
2006-12-18,21.4745,21.5243,21.1829,21.2611,40535365
2006-12-19,21.133,21.4602,21.005,21.3322,38284221
2006-12-20,21.3322,21.51,21.3179,21.4033,22194347
2006-12-21,21.4318,21.4389,21.2611,21.3251,22954358
2006-12-22,21.2183,21.2397,21.069,21.0832,27009614
2006-12-26,21.005,21.3393,20.9125,21.3322,26388408
2006-12-27,21.3322,21.4317,21.2753,21.3535,22227272
2006-12-28,21.2397,21.3607,21.2042,21.3251,18985314
2006-12-29,21.2397,21.446,21.2184,21.2397,29689914
2007-01-03,21.2753,21.5171,20.9125,21.2397,54724663
2007-01-04,21.126,21.318,20.941,21.2042,32559935
2007-01-05,21.0761,21.1614,20.9481,21.0832,31729505
2007-01-08,21.0903,21.4104,21.005,21.2895,35722117
2007-01-09,21.3394,21.4674,21.1473,21.3109,31750538
2007-01-10,21.1971,21.2611,20.9339,21.0975,39134511
2007-01-11,21.1686,21.8728,21.0903,21.8372,70749896
2007-01-12,21.8017,22.328,21.7946,22.2,73956729
2007-01-16,22.2355,22.3707,22.0719,22.1644,44371194
2007-01-17,22.2355,22.3635,22.0577,22.1217,41625500
2007-01-18,22.1573,22.3138,21.9083,22.0506,40092472
2007-01-19,21.8586,22.1289,21.8301,22.1289,53936544
2007-01-22,22.0932,22.1359,21.702,21.8514,39935639
2007-01-23,21.7875,22.0222,21.7092,21.8657,34976015
2007-01-24,21.8941,22.264,21.8016,22.1146,41631357
2007-01-25,22.1075,22.392,21.6594,21.6594,69266477
2007-01-26,22.2071,22.2142,21.7661,21.7661,68359567
2007-01-29,21.8017,21.8941,21.5812,21.7163,40975663
2007-01-30,21.7447,21.7945,21.4389,21.6807,44030315
2007-01-31,21.6309,22.1217,21.5882,21.951,52614399
2007-02-01,21.9368,22.0079,21.6025,21.7376,39375073
2007-02-02,21.9226,21.9369,21.4318,21.4745,42964435
2007-02-05,21.318,21.3535,20.9196,21.0619,70492351
2007-02-06,21.0477,21.1615,20.7845,20.9908,56393552
2007-02-07,21.0833,21.1259,20.8058,20.8912,46338702
2007-02-08,20.7987,21.197,20.7702,20.8129,34675600
2007-02-09,20.877,20.9126,20.5782,20.6138,49665956
2007-02-12,20.5497,20.692,20.5071,20.5853,37538938
2007-02-13,20.7281,20.8423,20.671,20.7067,35937367
2007-02-14,20.8208,21.192,20.8066,20.985,39677781
2007-02-15,21.1136,21.1635,20.8566,21.0279,45580507
2007-02-16,20.6352,20.6567,20.4497,20.5139,78044397
2007-02-20,20.4354,20.5996,20.3212,20.5782,38528415
2007-02-21,20.521,20.9779,20.5139,20.9493,48968471
2007-02-22,20.9208,21.085,20.8137,20.9779,41223751
2007-02-23,20.8565,20.8993,20.621,20.6281,45529643
2007-02-26,20.671,20.7638,20.5711,20.7495,45311926
2007-02-27,20.4926,20.6782,19.8359,19.893,62200993
2007-02-28,19.9501,20.1642,19.9287,20.1071,61622730
2007-03-01,19.8573,20.2213,19.793,20.05,57227582
2007-03-02,20,20.0999,19.8144,19.8144,45149637
2007-03-05,19.6217,19.9215,19.5646,19.6645,40295665
2007-03-06,19.843,19.9429,19.7359,19.8644,35233293
2007-03-07,19.8145,19.9144,19.6646,19.7074,37148342
2007-03-08,19.7859,19.8787,18.9865,19.5004,51517030
2007-03-09,19.5718,19.6146,19.2934,19.479,57191457
2007-03-12,19.4004,19.6146,19.3647,19.586,26064512
2007-03-13,19.4504,19.5575,19.065,19.0721,53654200
2007-03-14,19.1435,19.5575,19.0793,19.5575,54054575
2007-03-15,19.5004,19.6074,19.4147,19.4718,36942958
2007-03-16,19.5218,19.6146,19.4147,19.5075,46434916
2007-03-19,19.5146,19.8644,19.4147,19.8644,35269124
2007-03-20,19.9357,20.0999,19.8144,19.8715,34191542
2007-03-21,19.9144,20.3569,19.6717,20.3569,51968767
2007-03-22,20.3569,20.3784,19.9929,20.1785,34214870
2007-03-23,20.1428,20.1784,19.843,20,36059814
2007-03-26,19.9429,20.1428,19.7716,20.1428,33898362
2007-03-27,20.0143,20.1,19.7359,19.7859,42098428
2007-03-28,19.686,19.9858,19.5575,19.7288,33509695
2007-03-29,19.8715,19.8787,19.6217,19.8073,30428224
2007-03-30,19.8073,19.9501,19.6289,19.893,33591119
2007-04-02,19.9073,19.9358,19.6717,19.8002,29962685
2007-04-03,19.8859,20.0286,19.8073,19.893,28423578
2007-04-04,19.9929,20.5425,19.9143,20.3426,45142157
2007-04-05,20.2141,20.4497,20.1999,20.3783,21506922
2007-04-09,20.3997,20.4997,20.2641,20.3926,22401596
2007-04-10,20.3427,20.4426,20.1428,20.2713,27582601
2007-04-11,20.1999,20.3926,19.9786,20.0643,31442064
2007-04-12,20.0286,20.4283,20.0143,20.3712,31236387
2007-04-13,20.2926,20.4853,20.0571,20.4211,25697966
2007-04-16,20.414,20.5211,20.1356,20.5068,21941562
2007-04-17,20.4355,20.6211,20.3855,20.5925,23676164
2007-04-18,20.4211,20.464,20.2427,20.414,29820429
2007-04-19,20.2284,20.621,20.1713,20.4782,31155415
2007-04-20,20.6852,20.7709,20.4854,20.7138,43048944
2007-04-23,20.671,20.6924,20.464,20.5425,29792407
2007-04-24,20.5496,20.6709,20.4068,20.5496,24437322
2007-04-25,20.5996,20.6995,20.4783,20.6924,28176354
2007-04-26,20.7638,20.9493,20.6353,20.7709,49079495
2007-04-27,21.5346,21.9414,21.4132,21.4989,91576463
2007-04-30,21.5061,21.6774,21.3705,21.3705,48386124
2007-05-01,21.3705,21.7131,21.3419,21.6988,52490611
2007-05-02,21.6917,21.9058,21.6274,21.8487,57592274
2007-05-03,21.8416,22.1271,21.7916,22.1057,58556051
2007-05-04,21.8987,21.9129,21.6203,21.813,74508169
2007-05-07,21.7845,21.9558,21.7559,21.9201,42747478
2007-05-08,21.8986,22.0842,21.8273,21.9486,43220327
2007-05-09,21.9129,22.0771,21.8201,21.97,36927159
2007-05-10,21.8987,22.0771,21.7916,21.8273,39542245
2007-05-11,21.8202,22.1128,21.8059,22.0486,30996020
2007-05-14,22.0129,22.12,21.9915,22.1057,50098997
2007-05-15,22.1271,22.2632,22.0841,22.1271,53716507
2007-05-16,22.1988,22.2632,22.0627,22.2489,32820959
2007-05-17,22.2202,22.299,22.1701,22.1844,29392253
2007-05-18,22.1773,22.1916,21.898,22.077,41857505
2007-05-21,22.0055,22.3134,22.0055,22.2346,29958635
2007-05-22,22.1272,22.1487,21.9553,21.9768,28643239
2007-05-23,22.0842,22.0842,21.8908,21.898,33171030
2007-05-24,21.8694,22.0555,21.454,21.6044,45862912
2007-05-25,21.6832,21.9553,21.6116,21.8264,34176433
2007-05-29,21.8336,22.077,21.762,22.0484,30342938
2007-05-30,21.8765,22.2918,21.8478,22.2775,41086842
2007-05-31,22.2847,22.3134,21.9195,21.9768,61075668
2007-06-01,22.0484,22.1272,21.8766,21.9052,28263652
2007-06-04,21.7834,22.0268,21.7691,21.9982,29670717
2007-06-05,21.9266,21.9338,21.719,21.898,31697677
2007-06-06,21.7476,21.8622,21.6617,21.6903,27367086
2007-06-07,21.4969,21.6903,21.189,21.2105,51537791
2007-06-08,21.1819,21.5257,21.0602,21.5185,43929391
2007-06-11,21.4397,21.6617,21.4326,21.497,34706985
2007-06-12,21.454,21.6545,21.3179,21.3752,40803932
2007-06-13,21.4611,21.7762,21.3752,21.7619,46141530
2007-06-14,21.7333,21.9911,21.6975,21.855,42296228
2007-06-15,22.0985,22.1128,21.7905,21.8335,72276834
2007-06-18,21.9768,21.9983,21.7835,21.8479,32519500
2007-06-19,21.8264,21.9553,21.7548,21.8121,33514872
2007-06-20,21.7977,21.8478,21.454,21.4898,33557028
2007-06-21,21.4683,21.6975,21.4182,21.6402,40505413
2007-06-22,21.4827,21.5543,21.0889,21.1175,61741225
2007-06-25,21.1032,21.318,21.0387,21.1175,38601415
2007-06-26,21.1604,21.3394,21.1246,21.1389,34615880
2007-06-27,21.0244,21.4469,21.0244,21.3896,38288315
2007-06-28,21.3824,21.4612,21.2535,21.3609,32979568
2007-06-29,21.3895,21.4325,20.7952,21.1031,50981065
2007-07-02,21.2464,21.3395,21.1175,21.2965,33882488
2007-07-03,21.3323,21.6402,21.3251,21.497,25208204
2007-07-05,21.5185,21.6402,21.3609,21.4755,34256609
2007-07-06,21.4182,21.5113,21.2392,21.4612,41204501
2007-07-09,21.3824,21.4469,21.3466,21.3896,24226318
2007-07-10,21.2679,21.4755,20.8955,21.0029,47271563
2007-07-11,20.9385,21.2321,20.917,21.1175,34384503
2007-07-12,21.1676,21.5614,21.0817,21.5328,38885358
2007-07-13,21.4397,21.497,21.2392,21.3538,30199658
2007-07-16,21.3108,21.6545,21.2821,21.5041,34388801
2007-07-17,21.497,22.1128,21.4898,22.0412,55525206
2007-07-18,21.8479,22.1773,21.8407,22.1415,46126502
2007-07-19,22.2346,22.8003,22.1487,22.564,86760979
2007-07-20,22.3061,22.3419,22.0483,22.3133,70386145
2007-07-23,22.4565,22.5711,22.2847,22.3348,35024318
2007-07-24,22.2059,22.5424,21.9911,22.0555,42771415
2007-07-25,22.1916,22.4136,21.7476,21.9911,39349174
2007-07-26,21.6545,21.8621,21.1317,21.4683,62317720
2007-07-27,21.4325,21.4826,21.0243,21.0458,49563683
2007-07-30,21.0602,21.1174,20.7308,21.053,48335683
2007-07-31,21.275,21.2821,20.7522,20.7594,47658541
2007-08-01,20.7308,21.1604,20.6377,20.9814,57291610
2007-08-02,20.9026,21.3322,20.7809,21.1389,34328013
2007-08-03,21.0888,21.3251,20.6949,20.7379,44064815
2007-08-06,20.8024,21.1533,20.5876,21.1533,42629199
2007-08-07,21.0029,21.3323,20.8024,21.1604,35205034
2007-08-08,21.2822,21.4899,20.917,21.4827,37880158
2007-08-09,21.2249,21.5543,20.7093,20.9814,52249057
2007-08-10,20.695,20.8024,20.2367,20.5589,54835334
2007-08-13,20.7236,20.7594,20.3655,20.5016,39737371
2007-08-14,20.6741,20.7603,20.2645,20.3148,30859597
2007-08-15,20.2932,20.8322,20.1567,20.1926,34577276
2007-08-16,20.0345,20.3722,19.7686,19.9842,58527908
2007-08-17,20.1854,20.3004,19.9914,20.3004,55150761
2007-08-20,20.2501,20.4729,20.1783,20.3076,35895444
2007-08-21,20.1927,20.3507,20.0274,20.1711,36494960
2007-08-22,20.3148,20.3508,20.128,20.2789,32167064
2007-08-23,20.3219,20.3579,20.1926,20.3363,24350815
2007-08-24,20.2716,20.7244,20.171,20.7028,32451082
2007-08-27,20.5591,20.6741,20.4082,20.4729,23562519
2007-08-28,20.3364,20.4729,20.0561,20.0705,31564077
2007-08-29,20.2141,20.5591,19.9914,20.5447,32878490
2007-08-30,20.4225,20.789,20.3507,20.4441,24210054
2007-08-31,20.6237,20.7818,20.3794,20.6453,30548936
2007-09-04,20.48,20.9112,20.4657,20.7028,32832442
2007-09-05,20.5879,20.6453,20.4226,20.4657,34255471
2007-09-06,20.5232,20.8466,20.516,20.7747,32646532
2007-09-07,20.5662,20.7172,20.3507,20.4369,37482669
2007-09-10,20.6022,20.6597,20.4154,20.4657,26766089
2007-09-11,20.5735,20.8035,20.5376,20.7891,24706045
2007-09-12,20.7029,20.9616,20.6957,20.7891,30443276
2007-09-13,20.9256,21.0262,20.8106,20.9543,25358296
2007-09-14,20.825,20.9184,20.7531,20.8681,24070606
2007-09-17,20.6884,20.7531,20.5663,20.6453,28410822
2007-09-18,20.6238,20.8178,20.3148,20.7891,55664486
2007-09-19,20.7459,20.7747,20.3363,20.6022,67722241
2007-09-20,20.4657,20.5376,20.3651,20.4226,48267543
2007-09-21,20.6166,20.7029,20.437,20.5879,97468149
2007-09-24,20.7029,21.2778,20.6957,20.8969,75064855
2007-09-25,20.94,21.2418,20.9184,21.2418,54341210
2007-09-26,21.328,21.4502,21.1843,21.1987,43358168
2007-09-27,21.3424,21.3568,21.1556,21.1915,31192321
2007-09-28,21.1915,21.3352,21.0046,21.1699,32925518
2007-10-01,21.1699,21.4071,21.134,21.3927,31528614
2007-10-02,21.3424,21.4502,21.249,21.3424,24217444
2007-10-03,21.3495,21.4501,21.0477,21.1627,27043631
2007-10-04,21.2418,21.3927,21.1556,21.3496,27211937
2007-10-05,21.4789,21.5508,21.364,21.443,32345803
2007-10-08,21.3137,21.4502,21.2705,21.443,21748692
2007-10-09,21.5795,21.8382,21.5579,21.6298,45705061
2007-10-10,21.5867,21.8238,21.5795,21.7232,23175845
2007-10-11,21.7736,22.0107,21.4071,21.4933,36496500
2007-10-12,21.5795,21.8454,21.522,21.6801,22363559
2007-10-15,21.6298,21.7951,21.558,21.5867,33882280
2007-10-16,21.7304,21.9747,21.7232,21.7879,40447167
2007-10-17,22.0969,22.4418,22.025,22.334,61865755
2007-10-18,22.4346,22.4418,22.0106,22.3915,35361180
2007-10-19,22.3412,22.3412,21.637,21.6801,54038709
2007-10-22,21.6441,22.0609,21.6441,21.9244,42242807
2007-10-23,22.0682,22.3628,22.0682,22.2047,35898461
2007-10-24,22.1688,22.4921,21.9173,22.4562,56035728
2007-10-25,22.6862,23.1533,22.6287,22.988,121866366
2007-10-26,25.8767,25.8911,24.8348,25.1725,207043417
2007-10-29,25.0432,25.3594,24.7558,24.842,82391508
2007-10-30,24.6983,25.575,24.6839,25.5606,77103834
2007-10-31,25.5246,26.5881,25.5174,26.4516,133397553
2007-11-01,26.2504,26.9403,26.1283,26.6313,109283760
2007-11-02,26.7463,26.9475,26.1714,26.6313,69265669
2007-11-05,26.4157,26.66,26.3222,26.3941,54243648
2007-11-06,26.2935,26.3438,25.7762,26.1642,72554599
2007-11-07,25.8983,25.9845,25.4743,25.5246,53821407
2007-11-08,25.5821,25.7977,24.7198,24.9641,96107042
2007-11-09,24.5617,24.8204,24.1808,24.2383,89923087
2007-11-12,23.9437,24.2239,23.7281,23.9868,60983960
2007-11-13,24.1806,24.9953,24.0653,24.8439,75203264
2007-11-14,24.9593,25.053,24.332,24.4618,60605209
2007-11-15,24.3393,24.5844,24.1879,24.3393,46151018
2007-11-16,24.4114,24.6998,24.3032,24.5772,51269524
2007-11-19,24.4835,24.6854,24.4186,24.4835,45438809
2007-11-20,24.6781,25.2116,24.5843,24.9304,72101629
2007-11-21,24.8007,25.0386,24.6421,24.6781,64538458
2007-11-23,24.7718,24.8295,24.3032,24.5916,24128173
2007-11-26,24.5772,24.779,23.7409,23.7697,57917466
2007-11-27,23.986,24.2239,23.5606,23.8346,60688400
2007-11-28,24.0653,24.433,23.7192,24.296,63865316
2007-11-29,24.2095,24.4618,24.0148,24.2167,38667127
2007-11-30,24.4546,24.5988,23.9283,24.2239,51207450
2007-12-03,24.1519,24.2528,23.5607,23.7337,44533563
2007-12-04,23.6039,23.9643,23.5246,23.6255,39509089
2007-12-05,23.8922,24.8872,23.8129,24.6204,61204728
2007-12-06,24.6997,24.9521,24.4186,24.9088,35477701
2007-12-07,24.9521,25.017,24.6709,24.8944,29393848
2007-12-10,24.9737,25.1972,24.8511,25.0602,26014376
2007-12-11,25.0386,25.226,24.4618,24.5844,39703229
2007-12-12,24.952,25.2981,24.4618,24.8511,45668781
2007-12-13,24.8584,25.5577,24.7142,25.3919,53287808
2007-12-14,25.2693,25.8388,25.2404,25.4567,51278344
2007-12-17,25.2549,25.327,24.7719,24.7935,41902529
2007-12-18,24.9737,25.2332,24.6637,25.0458,38060244
2007-12-19,25.0097,25.3341,24.7862,25.0818,42153213
2007-12-20,25.4423,25.8028,25.2909,25.6081,42784704
2007-12-21,25.8821,25.9975,25.774,25.9975,60012338
2007-12-24,26.0479,26.4732,25.9902,26.3723,21356372
2007-12-26,26.2498,26.4156,26.1417,26.394,21810485
2007-12-27,26.2066,26.3508,25.911,25.9326,24015664
2007-12-28,26.0263,26.12,25.7163,26.0407,24113746
2007-12-31,25.8821,25.947,25.6081,25.6658,25398832
2008-01-02,25.8028,25.9254,25.2333,25.3919,45422951
2008-01-03,25.3919,25.7019,25.1323,25.5,35758830
2008-01-04,25.3703,25.3775,24.5772,24.7863,51973944
2008-01-07,24.9088,25.0891,24.6926,24.9521,57794500
2008-01-08,25.0242,25.0242,24.0798,24.1158,57062020
2008-01-09,24.0509,24.9016,24.0437,24.8295,53570511
2008-01-10,24.7646,24.8728,24.3537,24.7502,52229915
2008-01-11,24.6132,24.6853,24.3104,24.4474,39787693
2008-01-14,24.844,24.9233,24.57,24.7935,38060582
2008-01-15,24.5339,24.7863,24.5123,24.5123,44414990
2008-01-16,24.0942,24.26,23.4381,23.9572,87075374
2008-01-17,24.1806,24.3681,23.7697,23.8706,67947796
2008-01-18,23.9067,24.5123,23.7698,23.7986,84395993
2008-01-22,22.7388,23.4525,22.71,23.0416,78238632
2008-01-23,22.6955,23.1064,22.3783,23.0199,99200701
2008-01-24,23.3227,24.0509,23.1569,23.9716,112209005
2008-01-25,25.1612,25.2333,23.6976,23.7481,142021641
2008-01-28,23.8058,23.8635,23.3732,23.5895,58410688
2008-01-29,23.6832,23.7121,23.3228,23.503,49041244
2008-01-30,23.4741,23.6472,23.1065,23.2146,76732616
2008-01-31,23.0055,23.6039,22.8686,23.503,74720939
2008-02-01,22.3927,23.9716,21.8087,21.9529,209896327
2008-02-04,21.9818,22.1476,21.7078,21.7655,86513068
2008-02-05,21.5636,21.5852,20.8282,20.958,99155131
2008-02-06,21.1094,21.1599,20.3957,20.5615,99718661
2008-02-07,20.4317,20.7489,20.1145,20.2731,118931363
2008-02-08,20.3956,20.9652,20.3596,20.5903,90026328
2008-02-11,20.5615,20.6264,20.1217,20.338,113055128
2008-02-12,20.4966,20.6336,20.2659,20.4317,60823527
2008-02-13,20.6336,20.9436,20.5687,20.8787,64154564
2008-02-14,20.8211,20.9364,20.5183,20.5471,49827438
2008-02-15,20.4101,20.648,20.3668,20.4894,49144352
2008-02-19,20.8441,20.873,20.3157,20.3881,49404195
2008-02-20,20.3736,20.4533,20.2072,20.4243,67349672
2008-02-21,20.7138,20.9598,20.2361,20.3374,71489580
2008-02-22,20.4387,20.5473,19.686,20.0334,90979283
2008-02-25,20.0117,20.4387,19.8887,20.1492,79593900
2008-02-26,20.0769,20.8875,20.0262,20.5401,78833671
2008-02-27,20.4025,20.7572,20.3374,20.4532,54425705
2008-02-28,20.2795,20.4605,20.1203,20.2144,60073535
2008-02-29,20.0406,20.142,19.5557,19.686,84976501
2008-03-03,19.7149,19.8235,19.4472,19.534,55398902
2008-03-04,19.5558,19.9973,19.5123,19.9683,62912521
2008-03-05,20.0841,20.5618,20.0479,20.3519,77072182
2008-03-06,20.3084,20.3881,19.9031,19.9538,65953714
2008-03-07,19.7873,20.3156,19.7728,20.1709,56161228
2008-03-10,20.142,20.4532,20.0841,20.3012,52236761
2008-03-11,20.5545,21.2348,20.54,21.1914,71463582
2008-03-12,21.3,21.3434,20.6559,20.721,55000612
2008-03-13,20.6559,20.9816,20.3809,20.7138,61194876
2008-03-14,20.7862,20.996,20.0045,20.2361,76149472
2008-03-17,19.7584,20.7934,19.744,20.4822,61149934
2008-03-18,20.75,21.3362,20.75,21.2928,60574687
2008-03-19,21.2639,21.4158,20.7138,20.7138,44468881
2008-03-20,20.8006,21.1481,20.6921,21.1191,43548337
2008-03-24,21.2276,21.2783,21.0322,21.1118,34953310
2008-03-25,21.2276,21.2566,20.9453,21.0901,35571631
2008-03-26,21.0105,21.0394,20.54,20.6703,33197037
2008-03-27,20.6124,20.6197,20.265,20.3012,34663593
2008-03-28,20.4315,20.5763,20.142,20.1999,35640411
2008-03-31,20.1782,20.6921,20.1493,20.5401,33857583
2008-04-01,20.8658,21.3797,20.721,21.3507,47620167
2008-04-02,21.4013,21.4086,20.9888,21.1046,35825276
2008-04-03,20.9888,21.2204,20.844,20.9888,28198380
2008-04-04,21.0829,21.177,20.8006,21.1046,31744329
2008-04-07,21.3869,21.4158,21.0105,21.1046,32155275
2008-04-08,20.9453,20.9887,20.6558,20.8078,32375851
2008-04-09,20.7862,21.0178,20.6559,20.9092,33176293
2008-04-10,20.8657,21.2783,20.844,21.0684,47472005
2008-04-11,20.8947,20.996,20.417,20.4677,39353062
2008-04-14,20.4388,20.4894,20.2144,20.3085,31423966
2008-04-15,20.3519,20.6125,20.2868,20.446,24831938
2008-04-16,20.6776,21.025,20.5401,20.9526,39160301
2008-04-17,21.0756,21.2349,20.9164,21.148,35278005
2008-04-18,21.7197,21.7849,21.4302,21.7125,53310629
2008-04-21,21.85,22.1468,21.7994,22.0165,39380513
2008-04-22,22.1758,22.2192,21.6908,21.8935,48771842
2008-04-23,22.0382,22.7692,21.9297,22.762,71182094
2008-04-24,22.8923,23.2324,22.5521,23.0153,83533018
2008-04-25,21.7487,21.9948,21.423,21.5895,105084991
2008-04-28,21.5677,21.5967,20.8585,20.9815,70546042
2008-04-29,20.844,20.9164,20.5907,20.7282,61105416
2008-04-30,20.8006,21.1408,20.6342,20.6414,54088574
2008-05-01,20.6269,21.3434,20.6124,21.2783,51892563
2008-05-02,21.4158,21.4375,20.8875,21.1625,47785128
2008-05-05,21.6619,21.879,20.9816,21.0467,86624179
2008-05-06,20.9888,21.6112,20.9381,21.4954,67730051
2008-05-07,21.4882,21.8139,21.0467,21.1408,64251096
2008-05-08,21.1914,21.2711,20.9888,21.1842,50365779
2008-05-09,21.1407,21.3868,20.9526,21.271,37360822
2008-05-12,21.2783,21.756,21.2421,21.7053,46521862
2008-05-13,21.7925,21.8869,21.4511,21.6327,51528176
2008-05-14,21.7125,21.9813,21.5963,21.7416,48473961
2008-05-15,21.778,22.1775,21.7489,22.1194,38758564
2008-05-16,22.1339,22.1411,21.7344,21.7852,59230610
2008-05-19,21.698,21.7126,21.2912,21.4002,43305259
2008-05-20,21.284,21.2912,20.7973,20.8917,55038733
2008-05-21,20.928,21.1023,20.4776,20.5212,43675724
2008-05-22,20.5431,20.8482,20.4704,20.6811,37921234
2008-05-23,20.5285,20.5794,20.3034,20.376,35515041
2008-05-27,20.4196,20.7029,20.376,20.6593,34384586
2008-05-28,20.7464,20.7537,20.3687,20.4704,38004990
2008-05-29,20.4922,20.8336,20.4413,20.5648,34649400
2008-05-30,20.6157,20.8481,20.4849,20.5721,46054191
2008-06-02,20.514,20.6012,20.0128,20.1944,55954760
2008-06-03,20.2742,20.5648,19.8093,19.8384,62919690
2008-06-04,19.8166,20.0781,19.7585,20.0055,57799042
2008-06-05,20.1363,20.5576,20.0491,20.5576,55253744
2008-06-06,20.3324,20.4632,19.9692,19.9692,57024306
2008-06-09,20.0854,20.2743,19.8312,20.129,48515248
2008-06-10,19.8747,20.5503,19.8456,20.2597,56249107
2008-06-11,20.2307,20.2961,19.6931,19.7004,43098838
2008-06-12,19.9038,20.7392,19.7513,20.514,82808785
2008-06-13,20.7973,21.4801,20.7028,21.1169,95864406
2008-06-16,21.0806,21.146,20.8045,21.0152,54276966
2008-06-17,21.0951,21.1533,20.9135,20.9208,32148804
2008-06-18,20.7392,20.9644,20.6738,20.6738,36086750
2008-06-19,20.7392,21.2041,20.5794,21.0152,45065219
2008-06-20,20.9934,21.0079,20.4123,20.5067,70811240
2008-06-23,20.5575,20.6374,20.187,20.3178,41511147
2008-06-24,20.2815,20.3469,19.9837,20.1435,47375580
2008-06-25,20.2016,20.8264,20.1653,20.5939,46694180
2008-06-26,20.3614,20.4849,20.158,20.158,48705433
2008-06-27,20.1072,20.2743,19.9474,20.0709,53355469
2008-06-30,20.1435,20.3251,19.9692,19.9837,42008992
2008-07-01,19.8094,19.8893,19.2064,19.5188,72879727
2008-07-02,19.5405,19.6132,18.7996,18.7996,61504766
2008-07-03,18.865,18.9595,18.5963,18.8723,26931528
2008-07-07,18.9667,19.1701,18.4873,18.9086,51958770
2008-07-08,18.8359,19.032,18.5308,18.7778,47618757
2008-07-09,18.7343,18.7779,18.2912,18.3275,39412334
2008-07-10,18.3057,18.6471,18.1459,18.4873,42009102
2008-07-11,18.2766,18.6253,18.066,18.342,50509582
2008-07-14,18.5091,18.7488,18.2113,18.2694,37204344
2008-07-15,18.1096,19.3517,18.1096,18.9958,67352860
2008-07-16,18.9812,19.8239,18.8287,19.8021,59609987
2008-07-17,20.0346,20.2743,19.6932,19.991,70118215
2008-07-18,19.1483,19.2282,18.2403,18.7851,109163514
2008-07-21,18.6398,19.0103,18.5454,18.6253,56352138
2008-07-22,18.5526,18.8432,18.509,18.7415,64401896
2008-07-23,18.7851,19.497,18.7779,19.1992,57683898
2008-07-24,18.9522,19.0103,18.48,18.48,58906889
2008-07-25,18.6253,19.0466,18.5236,19.003,42627666
2008-07-28,18.9304,18.9667,18.4074,18.5236,43372683
2008-07-29,18.5381,19.0248,18.4509,18.9667,48210867
2008-07-30,19.0321,19.2428,18.8142,19.0539,37757449
2008-07-31,18.7778,19.0902,18.6761,18.6834,43919792
2008-08-01,18.8287,18.8505,18.2112,18.48,60089202
2008-08-04,18.4437,18.5599,18.2403,18.3638,44012319
2008-08-05,18.6253,19.0902,18.5236,19.0394,61235243
2008-08-06,19.417,19.7294,19.1628,19.6277,69408835
2008-08-07,19.5406,20.158,19.4171,19.8965,59977015
2008-08-08,19.8675,20.5067,19.7513,20.4341,58704707
2008-08-11,20.2379,20.6302,20.0927,20.267,49936580
2008-08-12,20.1798,20.6011,20.0345,20.4268,45628328
2008-08-13,20.3905,20.7029,20.1653,20.2743,37167274
2008-08-14,20.2089,20.5431,20.0201,20.2743,36126391
2008-08-15,20.3251,20.4486,20.0345,20.2016,34335746
2008-08-18,20.1798,20.3759,20.0127,20.1144,27660533
2008-08-19,20.0852,20.2384,19.8883,19.9248,29415262
2008-08-20,20.0852,20.1144,19.8154,19.9029,30264369
2008-08-21,19.7644,19.8592,19.5893,19.8227,31808359
2008-08-22,19.8592,20.3333,19.8519,20.3041,34956309
2008-08-25,20.1363,20.3041,20.0269,20.1728,37473055
2008-08-26,20.1145,20.2166,19.8155,19.8884,32654609
2008-08-27,19.9395,20.2676,19.7863,20.0999,24778670
2008-08-28,20.1363,20.4281,20.129,20.377,35278757
2008-08-29,20.1873,20.2603,19.9029,19.9029,37001963
2008-09-02,20.1801,20.2457,19.7352,19.7644,48192463
2008-09-03,19.6914,19.8227,19.5747,19.6185,41663932
2008-09-04,19.5018,19.6112,19.2174,19.2174,48238154
2008-09-05,18.984,19.1226,18.6923,18.7069,60026321
2008-09-08,19.1153,19.2029,18.7215,19.0497,45298320
2008-09-09,19.108,19.3998,18.9986,19.0351,62528261
2008-09-10,19.3413,19.5893,19.1444,19.283,54745706
2008-09-11,19.0351,20.0269,18.984,19.9394,53176571
2008-09-12,19.7935,20.2311,19.6477,20.1436,55156780
2008-09-15,19.6331,20.0488,19.4946,19.5602,60058566
2008-09-16,19.0277,19.3195,18.612,18.9548,81485730
2008-09-17,18.7652,18.8673,17.8681,17.9192,78016054
2008-09-18,18.0869,18.488,17.5108,18.4224,96481522
2008-09-19,19.232,19.2538,17.1388,18.3495,98403278
2008-09-22,19.1225,19.1955,18.4662,18.5245,76729135
2008-09-23,18.7141,19.0861,18.4808,18.5537,67228938
2008-09-24,18.6558,19.0277,18.5683,18.7579,58527492
2008-09-25,18.8308,19.6039,18.7725,19.407,70162395
2008-09-26,19.0861,20.0999,19.0643,19.9832,73474215
2008-09-29,19.6477,20.1728,18.2401,18.2401,98007244
2008-09-30,18.7944,19.4654,18.6267,19.4654,78177174
2008-10-01,19.2393,19.6841,19.1663,19.3122,64877469
2008-10-02,19.0934,19.3487,18.7434,19.1445,68424120
2008-10-03,19.232,20.0342,19.1372,19.1955,83352666
2008-10-06,18.6923,18.9549,17.6056,18.1672,106752976
2008-10-07,18.2182,18.3859,16.8763,16.9419,106436557
2008-10-08,16.7013,17.7223,16.4096,16.7815,125149148
2008-10-09,17.3358,17.4379,16.096,16.2637,96232021
2008-10-10,15.8917,16.3001,15.0603,15.6802,166624004
2008-10-13,16.6721,18.5975,16.5044,18.5975,105703377
2008-10-14,18.6995,18.7652,17.2117,17.5764,120828561
2008-10-15,17.343,17.6858,16.3949,16.5262,82616560
2008-10-16,16.7305,17.6421,15.5417,17.6421,117527309
2008-10-17,17.1899,18.3131,17.0003,17.4525,97489753
2008-10-20,17.6494,18.0505,16.7815,18.0286,68179250
2008-10-21,17.7223,18.2401,16.9711,17.0367,73212301
2008-10-22,16.8034,16.8179,15.2426,15.7021,109436854
2008-10-23,15.7167,16.4752,15.2354,16.2783,112878998
2008-10-24,15.3593,16.6721,15.2791,16.0157,112255544
2008-10-27,15.8042,16.0157,15.3301,15.4468,85828124
2008-10-28,15.7823,16.9273,15.5635,16.8471,97792529
2008-10-29,16.869,17.4816,16.5554,16.7742,81465580
2008-10-30,17.2774,17.4159,16.3293,16.5043,69520079
2008-10-31,16.4315,16.7086,16.1324,16.2856,67866537
2008-11-03,16.395,16.7086,16.1981,16.4971,45161723
2008-11-04,16.869,17.2555,16.6794,17.1607,52600135
2008-11-05,17.0148,17.0221,16.0813,16.1032,59205296
2008-11-06,15.9501,16.1033,15.2135,15.2281,69656670
2008-11-07,15.5489,15.7094,15.3155,15.6802,51968048
2008-11-10,15.9355,16.023,15.4542,15.5344,48941966
2008-11-11,15.527,15.5343,15.1624,15.4614,56896858
2008-11-12,15.2353,15.3155,14.7904,14.805,65756298
2008-11-13,14.6957,15.4979,13.6673,15.4979,108240032
2008-11-14,14.9947,15.5635,14.331,14.63,70469414
2008-11-17,14.3966,14.7613,13.9663,14.0903,70953996
2008-11-18,14.318,14.4355,13.7673,14.4061,80009291
2008-11-19,14.4134,14.6484,13.4001,13.4295,75635840
2008-11-20,13.3047,13.8334,12.8495,12.8715,102452734
2008-11-21,13.2312,14.4648,13.2019,14.4501,115448002
2008-11-24,14.6043,15.3753,14.5896,15.1917,91994518
2008-11-25,15.3165,15.3679,14.3546,14.6777,68247340
2008-11-26,14.4869,15.1844,14.4869,15.0449,58504249
2008-11-28,14.8539,14.9127,14.6997,14.8466,21036942
2008-12-01,14.597,14.6484,13.6572,13.6645,58476057
2008-12-02,13.9435,14.1785,13.6278,14.061,58512704
2008-12-03,13.6938,14.6116,13.6571,14.5896,59446195
2008-12-04,14.2445,14.6263,13.7966,14.0316,57799912
2008-12-05,13.8847,14.6704,13.5616,14.5896,67548453
2008-12-08,14.9421,15.6029,14.7879,15.4267,78730505
2008-12-09,15.1403,15.6029,15.0228,15.1256,59096233
2008-12-10,15.2872,15.39,14.9054,15.133,45155962
2008-12-11,14.7658,14.7731,14.1784,14.2812,61357248
2008-12-12,14.0609,14.5749,13.7305,14.2151,57354257
2008-12-15,14.2005,14.2739,13.8701,13.9802,44000844
2008-12-16,14.105,14.8172,13.9508,14.7658,71728086
2008-12-17,14.5455,14.7218,14.3179,14.4354,57949173
2008-12-18,14.5823,14.6998,13.9435,14.1711,59297756
2008-12-19,14.2592,14.5382,14.0316,14.0389,83359934
2008-12-22,14.1271,14.1638,13.8701,14.083,43009247
2008-12-23,14.1564,14.3693,13.9582,14.1564,34885393
2008-12-24,14.1417,14.2812,14.0242,14.0756,12394458
2008-12-26,14.0977,14.1932,14.0169,14.0463,16962027
2008-12-29,14.0609,14.105,13.6864,13.9214,42963085
2008-12-30,13.9582,14.3106,13.9509,14.2005,31737530
2008-12-31,14.1784,14.4501,14.1491,14.2739,34083342
2009-01-02,14.34,14.9788,14.2225,14.9274,36774417
2009-01-05,14.8319,15.177,14.7291,15.0669,45138435
2009-01-06,15.2358,15.4193,15.133,15.2431,42647932
2009-01-07,14.8246,14.898,14.3033,14.3253,53387552
2009-01-08,14.4134,14.8246,14.3547,14.7732,51585342
2009-01-09,14.8099,14.9053,14.2518,14.3326,36576986
2009-01-12,14.4721,14.5309,14.1711,14.2959,38301191
2009-01-13,14.3326,14.6777,14.3326,14.5529,48345806
2009-01-14,14.34,14.4501,13.9582,14.0169,58929353
2009-01-15,14.0022,14.1711,13.5983,14.127,70612826
2009-01-16,14.4134,14.619,14.0609,14.4721,58471469
2009-01-20,14.2886,14.406,13.4882,13.569,65989542
2009-01-21,13.8553,14.2812,13.5543,14.2298,50179429
2009-01-22,13.2533,13.3488,12.5337,12.5631,163325146
2009-01-23,12.4603,12.8421,12.2988,12.6292,85923056
2009-01-26,12.6953,13.0771,12.6512,12.9449,67901250
2009-01-27,13.055,13.1945,12.798,12.9669,45299711
2009-01-28,13.0697,13.4441,13.0403,13.2459,47098940
2009-01-29,13.055,13.1872,12.8935,12.9155,36119932
2009-01-30,13.0256,13.0623,12.5557,12.5557,45795925
2009-02-02,12.5043,13.312,12.4823,13.0917,65254158
2009-02-03,13.1064,13.6645,12.9229,13.5837,63781052
2009-02-04,13.613,13.9508,13.5836,13.6791,55522608
2009-02-05,13.591,14.0536,13.4001,13.9802,55212392
2009-02-06,14.0683,14.6336,13.9948,14.4354,63693449
2009-02-09,14.4208,14.5162,14.1417,14.2739,38325422
2009-02-10,14.1344,14.5383,13.7306,13.804,61643084
2009-02-11,13.9068,14.3106,13.8921,14.105,43026491
2009-02-12,13.9288,14.1858,13.613,14.1417,55306236
2009-02-13,14.1491,14.2959,13.9802,14.0169,34815366
2009-02-17,13.6694,13.6768,13.2258,13.3737,56077351
2009-02-18,13.4698,13.6399,13.3072,13.3959,40621588
2009-02-19,13.5289,13.5881,13.1667,13.2406,36369585
2009-02-20,13.1372,13.4477,13.0558,13.3072,51316851
2009-02-23,13.3219,13.418,12.6861,12.7231,52343913
2009-02-24,12.5901,12.8267,12.0948,12.6936,90691965
2009-02-25,12.5753,12.7453,12.1687,12.5383,78286454
2009-02-26,12.6049,12.627,12.1391,12.1391,61523132
2009-02-27,12.043,12.213,11.9025,11.9395,69070192
2009-03-02,11.7991,12.0135,11.6216,11.6734,59588382
2009-03-03,11.8508,12.006,11.5625,11.7399,59495418
2009-03-04,11.9173,12.1243,11.7473,11.9173,51221546
2009-03-05,11.7251,11.7399,11.2889,11.2889,66320254
2009-03-06,11.3481,11.5477,10.9932,11.2963,68621622
2009-03-09,11.2372,11.6364,11.1632,11.2002,49147143
2009-03-10,11.3629,12.287,11.2742,12.1835,70368732
2009-03-11,12.2943,12.7157,12.1465,12.6492,62486161
2009-03-12,12.5753,12.5975,12.1835,12.5753,69266985
2009-03-13,12.5531,12.6048,11.9616,12.3091,61335395
2009-03-16,12.4348,12.5383,12.006,12.0134,49553538
2009-03-17,12.0652,12.494,12.0209,12.494,46191575
2009-03-18,12.5901,12.7305,12.2722,12.5383,52275470
2009-03-19,12.8414,12.9006,12.5088,12.6714,43614013
2009-03-20,12.8045,13.0485,12.4792,12.6123,60418905
2009-03-23,12.8414,13.7433,12.797,13.5511,52932829
2009-03-24,13.3367,13.4624,13.1889,13.2554,36996908
2009-03-25,13.2924,13.5364,12.9524,13.2185,54653544
2009-03-26,13.4329,13.9578,13.3959,13.9208,47148190
2009-03-27,13.7064,13.7656,13.3442,13.4033,35242177
2009-03-30,13.115,13.1298,12.7675,12.9228,36693211
2009-03-31,13.1815,13.8912,13.1445,13.5807,68327333
2009-04-01,13.4772,14.3126,13.4402,14.2756,71295865
2009-04-02,14.4162,14.7045,14.0465,14.2609,73250533
2009-04-03,14.1425,14.1573,13.625,13.8616,60516715
2009-04-06,13.7064,13.869,13.5068,13.869,35098403
2009-04-07,13.869,14.1499,13.7729,13.869,48656237
2009-04-08,14.0243,14.5048,14.0169,14.1869,41702315
2009-04-09,14.3792,14.564,14.2091,14.5418,41222417
2009-04-13,14.5565,14.6748,14.32,14.4826,32857316
2009-04-14,14.3717,14.4531,14.0464,14.3052,47163764
2009-04-15,14.2017,14.2313,13.6842,13.9208,53765116
2009-04-16,14.1647,14.6231,14.039,14.6083,50041338
2009-04-17,14.5566,14.5566,14.0464,14.1943,45391080
2009-04-20,13.9651,14.0095,13.7285,13.7581,46528549
2009-04-21,13.7434,14.1056,13.7286,14.0243,45043582
2009-04-22,13.869,14.1869,13.8247,13.8838,43914356
2009-04-23,13.9873,14.0021,13.6546,13.9873,63664615
2009-04-24,14.6527,15.6729,14.4161,15.4585,124554036
2009-04-27,15.1924,15.392,14.9928,15.0815,50434015
2009-04-28,14.9706,14.9854,14.6305,14.734,56692410
2009-04-29,14.8671,15.4437,14.8301,14.9706,58626792
2009-04-30,15.2294,15.599,14.7932,14.978,64643377
2009-05-01,14.9262,15.0445,14.6823,14.9632,46741148
2009-05-04,15.0593,15.0815,14.7709,14.9262,40153178
2009-05-05,14.8893,14.9632,14.5196,14.6305,49410651
2009-05-06,14.8301,14.8375,14.4974,14.6305,44090442
2009-05-07,14.7561,14.7783,14.1499,14.283,50809037
2009-05-08,14.3866,14.5196,14.15,14.357,49974189
2009-05-11,14.1943,14.5861,14.0538,14.283,47138779
2009-05-12,14.4235,14.8301,14.3939,14.7044,53204053
2009-05-13,14.7266,14.7857,14.5418,14.6009,36433275
2009-05-14,14.6601,14.9558,14.6379,14.8301,40320351
2009-05-15,14.8819,15.1554,14.771,14.9484,45310877
2009-05-18,15.0519,15.2293,14.9632,15.2293,34061734
2009-05-19,15.2591,15.4302,15.0657,15.1103,38217155
2009-05-20,15.1847,15.393,15.0434,15.1624,35302576
2009-05-21,14.9838,15.0507,14.5151,14.7457,43324087
2009-05-22,14.8276,15.0062,14.4854,14.6937,27764546
2009-05-26,14.5374,15.2144,14.4705,15.1326,33473028
2009-05-27,15.0657,15.3261,14.9318,14.9764,31911636
2009-05-28,15.1178,15.3484,14.9169,15.2145,33837048
2009-05-29,15.2963,15.579,15.1029,15.5418,34323571
2009-06-01,15.6236,15.9956,15.5195,15.9212,42642851
2009-06-02,15.8914,16.3527,15.7724,15.9212,36407246
2009-06-03,15.8542,16.189,15.8393,16.1667,41692379
2009-06-04,16.1965,16.2932,16.0551,16.2411,31492706
2009-06-05,16.3379,16.5983,16.2263,16.4718,44325956
2009-06-08,16.3527,16.6057,16.0923,16.4048,36455558
2009-06-09,16.4122,16.6057,16.2783,16.4271,37859481
2009-06-10,16.4941,16.8289,16.4569,16.7768,45604029
2009-06-11,16.8065,17.305,16.7917,16.9851,48451504
2009-06-12,17.0372,17.3943,16.9182,17.3571,37915927
2009-06-15,17.2827,17.5134,17.1265,17.4241,51401541
2009-06-16,17.4613,17.9374,17.439,17.4464,78338130
2009-06-17,17.4836,17.7217,17.2381,17.6175,64341892
2009-06-18,17.5729,17.625,17.3348,17.4836,43785035
2009-06-19,17.8854,18.1086,17.6696,17.9077,85899673
2009-06-22,17.8184,17.8184,17.2976,17.3199,53039664
2009-06-23,17.3944,17.6027,17.2679,17.3646,42223133
2009-06-24,17.4464,17.6696,17.3795,17.4613,40389170
2009-06-25,17.4316,17.7961,17.2604,17.6994,42946006
2009-06-26,17.5357,17.625,17.3497,17.372,48452926
2009-06-29,17.558,17.8779,17.5208,17.7514,46762886
2009-06-30,17.8333,18.0342,17.5803,17.6845,49439523
2009-07-01,17.8927,18.0787,17.8258,17.8853,40850799
2009-07-02,17.6771,17.8854,17.2679,17.3869,48673053
2009-07-06,17.2678,17.3199,17.0149,17.2604,36609680
2009-07-07,17.1711,17.2157,16.7098,16.7619,39313835
2009-07-08,16.5983,16.881,16.3677,16.7843,54328309
2009-07-09,16.8512,16.9703,16.6429,16.695,34953259
2009-07-10,16.509,16.7694,16.4792,16.6578,32161830
2009-07-13,16.6801,17.3273,16.4718,17.2827,50281274
2009-07-14,17.2604,17.2752,17.0074,17.1934,33812967
2009-07-15,17.6696,17.9449,17.5283,17.9449,50024533
2009-07-16,17.8035,18.1829,17.7514,18.1829,48027779
2009-07-17,18.1531,18.1903,17.9299,18.0713,39326913
2009-07-20,18.1829,18.2499,17.9672,18.2499,35560894
2009-07-21,18.3689,18.4731,18.1309,18.4731,38708250
2009-07-22,18.3764,18.5252,18.235,18.4508,49246152
2009-07-23,18.5475,19.1352,18.4805,19.0162,78907186
2009-07-24,17.5654,17.7738,16.9703,17.4464,160057291
2009-07-27,17.4389,17.4464,17.0372,17.1934,60225259
2009-07-28,17.1042,17.5208,17.0372,17.4613,52293432
2009-07-29,17.6547,17.7886,17.3646,17.7068,54777176
2009-07-30,18.0044,18.1755,17.6398,17.7142,50456827
2009-07-31,17.6845,17.9077,17.4836,17.4985,40367224
2009-08-03,17.7217,17.7514,17.4836,17.7291,34894931
2009-08-04,17.6175,17.6994,17.5059,17.6845,36617628
2009-08-05,17.7365,18.0416,17.6993,17.7142,39661878
2009-08-06,17.8035,17.8407,17.3124,17.4538,44405265
2009-08-07,17.6696,17.7216,17.4836,17.5282,34349395
2009-08-10,17.4539,17.5208,17.3348,17.4241,26234281
2009-08-11,17.3497,17.4092,17.1488,17.2083,25009545
2009-08-12,17.2083,17.7812,17.1339,17.5059,46106285
2009-08-13,17.5803,17.744,17.4092,17.5729,28981521
2009-08-14,17.5729,17.7068,17.4911,17.625,34468965
2009-08-17,17.3497,17.558,17.2827,17.2976,31600223
2009-08-18,17.4248,17.6942,17.4099,17.6418,29087946
2009-08-19,17.3948,17.7465,17.3948,17.6941,31289229
2009-08-20,17.6567,17.8587,17.6118,17.7091,29556989
2009-08-21,17.9036,18.2702,17.7839,18.2627,51631892
2009-08-24,18.2627,18.5021,18.1655,18.4348,40536285
2009-08-25,18.4049,18.5695,18.3001,18.4348,32904547
2009-08-26,18.3974,18.5171,18.2702,18.3675,30733952
2009-08-27,18.2627,18.5395,18.1804,18.4722,34038227
2009-08-28,18.7565,19.0707,18.4123,18.4647,41753565
2009-08-31,18.3824,18.5919,18.173,18.4423,37103663
2009-09-01,18.2179,18.5096,17.8812,17.956,46841593
2009-09-02,17.8213,18.0607,17.7913,17.8512,30503631
2009-09-03,17.8887,18.0607,17.7764,18.0383,25527449
2009-09-04,18.0234,18.5546,18.0159,18.4199,33667343
2009-09-08,18.4199,18.5845,18.2628,18.5695,40204314
2009-09-09,18.5097,18.6668,18.4573,18.5396,37333802
2009-09-10,18.5546,18.7416,18.4423,18.7042,34607259
2009-09-11,18.6518,18.8313,18.562,18.5994,40628018
2009-09-14,18.4423,18.7715,18.4349,18.7042,32026678
2009-09-15,18.6817,18.9062,18.5994,18.8538,33455470
2009-09-16,18.8912,18.966,18.6668,18.8538,37450081
2009-09-17,18.749,18.9885,18.749,18.9286,31743786
2009-09-18,19.0483,19.0633,18.779,18.8987,50887705
2009-09-21,18.7864,18.981,18.779,18.9286,21606062
2009-09-22,19.0034,19.3176,18.9211,19.2802,45919870
2009-09-23,19.3925,19.6394,19.183,19.2354,45338908
2009-09-24,19.3924,19.5346,19.1979,19.4074,42123859
2009-09-25,19.2203,19.3176,19.0932,19.1156,37527102
2009-09-28,19.153,19.572,19.153,19.3251,33187100
2009-09-29,19.385,19.4224,19.2204,19.2653,29216145
2009-09-30,19.2727,19.4448,18.9884,19.2428,47533457
2009-10-01,19.0109,19.0558,18.5545,18.6144,56829359
2009-10-02,18.3001,18.7715,18.2777,18.6742,38320790
2009-10-05,18.6892,18.749,18.345,18.4348,45492134
2009-10-06,18.4648,18.8613,18.4498,18.7865,36507085
2009-10-07,18.6967,18.8389,18.6144,18.779,28784017
2009-10-08,19.0333,19.3775,18.8687,19.2054,45279929
2009-10-09,19.1306,19.2952,19.0483,19.1156,29567456
2009-10-12,19.1979,19.37,19.1156,19.2428,21805863
2009-10-13,19.1456,19.4075,19.0932,19.3102,28242570
2009-10-14,19.5571,19.602,19.3177,19.4224,33940943
2009-10-15,19.3775,19.9835,19.3775,19.9835,49094694
2009-10-16,19.789,19.9237,19.5271,19.8264,42272054
2009-10-19,19.819,19.8863,19.6394,19.7217,36019186
2009-10-20,19.7665,19.8338,19.4074,19.7291,40853302
2009-10-21,19.7965,20.0135,19.7441,19.8863,46141528
2009-10-22,19.8713,19.991,19.5495,19.8937,46086947
2009-10-23,21.8464,21.9587,20.8589,20.9636,210803886
2009-10-26,21.0459,21.7118,21.0309,21.4574,92884581
2009-10-27,21.4948,21.6071,21.2779,21.3901,52136629
2009-10-28,21.1282,21.5247,20.9112,20.9636,55021894
2009-10-29,21.001,21.2554,20.8364,21.1132,48799399
2009-10-30,20.971,21.2479,20.6942,20.7466,54894172
2009-11-02,20.7242,20.9861,20.5073,20.8589,46707252
2009-11-03,20.6793,20.7541,20.5222,20.597,37628841
2009-11-04,20.7167,21.2404,20.6643,20.9935,47806524
2009-11-05,21.3377,21.5023,21.1581,21.3003,39414683
2009-11-06,21.233,21.42,21.0983,21.3377,29110025
2009-11-09,21.4125,21.6968,21.3451,21.6893,43032948
2009-11-10,21.622,21.9063,21.5547,21.7043,49290009
2009-11-11,21.7567,21.9213,21.7118,21.7866,37178923
2009-11-12,21.7043,22.0635,21.6969,21.9662,41412871
2009-11-13,22.0485,22.2879,21.9737,22.1682,39681003
2009-11-16,22.1532,22.2953,21.9736,22.1008,40497808
2009-11-17,22.1685,22.5442,22.1459,22.5442,56848131
2009-11-18,22.5442,22.6494,22.4015,22.6269,44661037
2009-11-19,22.5367,22.5442,22.3188,22.3789,39052383
2009-11-20,22.2887,22.3713,22.1158,22.2586,32048101
2009-11-23,22.424,22.5517,22.3187,22.4991,31436142
2009-11-24,22.5067,22.5367,22.3564,22.4766,28061107
2009-11-25,22.4014,22.439,22.2286,22.3864,24072331
2009-11-27,21.8753,22.0858,21.6048,21.958,22061628
2009-11-30,21.9054,22.1309,21.7927,22.1008,33194034
2009-12-01,22.1835,22.5818,22.1008,22.5517,37501651
2009-12-02,22.4691,22.5367,22.2812,22.3789,27284974
2009-12-03,22.4239,22.6944,22.3638,22.4164,32384822
2009-12-04,22.5818,22.8223,22.4165,22.5292,44194731
2009-12-07,22.3789,22.6043,22.3037,22.3864,28618146
2009-12-08,22.1835,22.3489,22.0783,22.2211,28106798
2009-12-09,22.1459,22.4014,21.9806,22.3263,33600894
2009-12-10,22.3263,22.5141,22.2887,22.4465,34522822
2009-12-11,22.5217,22.5442,22.3864,22.4315,32872631
2009-12-14,22.4766,22.6645,22.4691,22.6269,26039496
2009-12-15,22.4615,22.702,22.454,22.5592,37177742
2009-12-16,22.5968,22.8523,22.5742,22.6193,41885383
2009-12-17,22.5066,22.5141,22.2211,22.2436,32832756
2009-12-18,22.4239,22.8823,22.3939,22.8147,70727073
2009-12-21,22.8448,23.1755,22.8223,22.935,30155993
2009-12-22,22.9951,23.2431,22.95,23.1604,27294253
2009-12-23,23.0778,23.2581,23.0628,23.2356,21313854
2009-12-24,23.2055,23.2957,23.1153,23.2957,8329265
2009-12-28,23.2956,23.4309,23.213,23.4234,19075380
2009-12-29,23.5586,23.6714,23.4685,23.5887,22330886
2009-12-30,23.4084,23.5136,23.1454,23.2656,31566520
2009-12-31,23.2806,23.2882,22.9049,22.9049,23994311
2010-01-04,23.0101,23.3708,22.9876,23.2581,28863415
2010-01-05,23.1829,23.3708,23.0251,23.2656,37385475
2010-01-06,23.2055,23.3558,22.9349,23.1228,43722457
2010-01-07,23.0177,23.0703,22.687,22.8824,37994328
2010-01-08,22.7546,23.2055,22.7246,23.0402,38473527
2010-01-11,23.0777,23.1153,22.6344,22.7471,51667329
2010-01-12,22.6569,22.8448,22.4766,22.5968,49531179
2010-01-13,22.7396,22.935,22.5517,22.8072,38974010
2010-01-14,22.7771,23.3708,22.7396,23.2656,47514202
2010-01-15,23.3558,23.4761,23.0778,23.1905,60052724
2010-01-19,23.1078,23.476,23.0552,23.3708,35000366
2010-01-20,23.1529,23.2506,22.7772,22.9876,41217992
2010-01-21,23.0026,23.0852,22.5442,22.5517,54922670
2010-01-22,22.5442,22.6945,21.6725,21.7627,76653850
2010-01-25,21.9731,22.2887,21.8679,22.0332,47623124
2010-01-26,21.9431,22.4315,21.8604,22.1685,50078191
2010-01-27,22.0557,22.4089,21.8077,22.2962,48056314
2010-01-28,22.424,22.4465,21.7101,21.913,88308563
2010-01-29,22.469,22.4841,20.7857,21.1765,145701910
2010-02-01,21.3344,21.402,20.9812,21.3494,64575059
2010-02-02,21.3193,21.417,21.1464,21.3869,40890385
2010-02-03,21.2367,21.6349,21.1314,21.5147,46138924
2010-02-04,21.3268,21.417,20.8985,20.921,58502150
2010-02-05,21.0413,21.2517,20.7181,21.0563,60839406
2010-02-08,21.0487,21.1013,20.7181,20.8308,39693195
2010-02-09,21.0187,21.2968,20.8534,21.0488,44484133
2010-02-10,21.0638,21.2216,20.921,21.0337,36514999
2010-02-11,20.9886,21.3418,20.8158,21.1314,49592435
2010-02-12,20.8984,21.0863,20.7256,20.9886,60957267
2010-02-16,21.2378,21.419,21.1548,21.4039,39210737
2010-02-17,21.5398,21.6304,21.4115,21.5851,34641028
2010-02-18,21.5851,21.9173,21.5247,21.872,32356140
2010-02-19,21.7361,21.8342,21.6606,21.721,33560568
2010-02-22,21.7738,21.8493,21.6304,21.6908,27713413
2010-02-23,21.653,21.7663,21.2076,21.3888,39460335
2010-02-24,21.5323,21.7361,21.4266,21.6153,32589727
2010-02-25,21.3435,21.6303,21.1547,21.5926,36794470
2010-02-26,21.6304,21.7814,21.5247,21.6455,30479310
2010-03-01,21.721,21.9323,21.5398,21.9097,33072473
2010-03-02,21.955,22.1211,21.3208,21.4869,70307236
2010-03-03,21.5246,21.6001,21.4039,21.4869,36573105
2010-03-04,21.487,21.6304,21.3435,21.6153,32381879
2010-03-05,21.6379,21.653,21.4568,21.5851,42280673
2010-03-08,21.5323,21.8418,21.5172,21.6153,29757466
2010-03-09,21.5624,21.9776,21.5549,21.7436,37954360
2010-03-10,21.789,21.9777,21.7437,21.872,33892465
2010-03-11,21.8116,22.038,21.7814,22.0305,26688539
2010-03-12,22.1362,22.1815,21.9249,22.0985,23933272
2010-03-15,22.0306,22.174,21.9022,22.1136,28321112
2010-03-16,22.2117,22.2646,22.0457,22.174,27725805
2010-03-17,22.2722,22.5515,22.1967,22.3703,38040608
2010-03-18,22.3703,22.4382,22.2722,22.3552,33102608
2010-03-19,22.4684,22.5741,22.1589,22.3401,61404773
2010-03-22,22.2721,22.4231,22.1891,22.3476,28476731
2010-03-23,22.3401,22.5741,22.2042,22.559,31729520
2010-03-24,22.4382,22.5364,22.3477,22.3854,25660312
2010-03-25,22.5213,23.08,22.4987,22.6572,55241515
2010-03-26,22.7175,22.8006,22.3401,22.3929,41973853
2010-03-29,22.4307,22.5137,22.3099,22.3401,25168286
2010-03-30,22.3703,22.5439,22.2722,22.476,26390463
2010-03-31,22.3778,22.4382,22.023,22.1136,48138038
2010-04-01,22.1588,22.3023,21.6077,22.0154,56448890
2010-04-05,21.9928,22.2193,21.9173,22.0985,25919645
2010-04-06,22.0079,22.3325,21.8795,22.1362,35761288
2010-04-07,22.0155,22.3174,22.0004,22.1589,44029999
2010-04-08,22.1362,22.6345,22.1211,22.5892,48103067
2010-04-09,22.6119,22.9591,22.5741,22.9063,41337416
2010-04-12,22.8384,23.0195,22.8082,22.8912,27986455
2010-04-13,22.7629,23.0271,22.7478,22.9894,31237347
2010-04-14,23.2461,23.4046,23.1479,23.2687,52049711
2010-04-15,23.2688,23.3669,23.1857,23.3065,39822179
2010-04-16,23.2461,23.3895,23.1027,23.1555,66969828
2010-04-19,23.231,23.5933,23.2234,23.4348,49051739
2010-04-20,23.5707,23.7368,23.5028,23.6764,39409957
2010-04-21,23.6538,23.7821,23.5783,23.6538,41783422
2010-04-22,23.4349,23.8048,23.3292,23.6991,64058992
2010-04-23,23.4952,23.8425,23.1404,23.3744,95707145
2010-04-26,23.4047,23.616,23.299,23.4877,48054505
2010-04-27,23.3669,23.5934,23.2159,23.2914,51891050
2010-04-28,23.3442,23.4046,23.1178,23.3367,48740483
2010-04-29,23.3518,23.7292,23.1555,23.4046,39761546
2010-04-30,23.4574,23.465,23.0422,23.0573,47726346
2010-05-03,23.1555,23.4499,23.0875,23.2989,33211502
2010-05-04,23.0422,23.0649,22.4609,22.7478,61973674
2010-05-05,22.476,22.7176,22.4156,22.5364,50458735
2010-05-06,22.34,22.559,21.0717,21.8795,97101040
2010-05-07,21.8418,21.8569,20.6263,21.2982,131155010
2010-05-10,21.9021,22.257,21.6757,21.8493,65422044
2010-05-11,21.653,22.3853,21.57,21.804,48160113
2010-05-12,21.8795,22.3325,21.8342,22.2268,35595193
2010-05-13,22.0909,22.4457,22.0305,22.0758,34116926
2010-05-14,22.0456,22.0532,21.6229,21.8418,47816404
2010-05-17,21.9852,22.0682,21.4794,21.8493,34769605
2010-05-18,21.8949,21.9935,21.5384,21.6901,39960293
2010-05-19,21.6293,21.7583,21.0757,21.417,46828225
2010-05-20,20.9696,21.1137,20.507,20.5601,66732048
2010-05-21,20.196,20.5601,20.0519,20.3553,89184350
2010-05-24,20.3629,20.3705,19.9154,19.923,55902482
2010-05-25,19.4528,19.9685,19.248,19.7713,74605829
2010-05-26,19.8926,20.1808,18.6261,18.9674,133995922
2010-05-27,19.5134,19.9912,19.5134,19.7182,103470193
2010-05-28,19.5969,19.8093,19.4604,19.5666,51189335
2010-06-01,19.3618,19.9533,19.3542,19.6348,57753462
2010-06-02,19.7637,20.0823,19.5135,20.0671,49840731
2010-06-03,20.1354,20.4236,20.0292,20.3705,51447268
2010-06-04,19.7941,20.1505,19.4301,19.559,68128267
2010-06-07,19.5817,19.5893,19.1419,19.1798,61017549
2010-06-08,19.1495,19.1571,18.6944,19.0433,66249601
2010-06-09,19.1267,19.3542,18.7703,18.8006,66582488
2010-06-10,19.0585,19.0737,18.7931,18.9599,59860879
2010-06-11,18.9902,19.5059,18.7854,19.4604,51614578
2010-06-14,19.612,19.6879,19.3162,19.339,38657068
2010-06-15,19.5286,20.2112,19.521,20.1581,61916385
2010-06-16,20.0747,20.1581,19.8926,19.9609,36932215
2010-06-17,20.143,20.2264,19.7486,19.9989,36399591
2010-06-18,19.9988,20.1202,19.8471,20.0519,39493749
2010-06-21,20.3098,20.3932,19.6348,19.6803,41427449
2010-06-22,19.8396,20.0595,19.5362,19.5438,42458962
2010-06-23,19.5514,19.5514,19.1267,19.195,46615714
2010-06-24,19.3088,19.5059,18.9068,18.9599,64648254
2010-06-25,18.9978,19.0433,18.4366,18.6034,118504113
2010-06-28,18.5883,18.6641,18.2925,18.4366,55958077
2010-06-29,18.3001,18.3532,17.5265,17.6782,90918050
2010-06-30,17.6705,17.9587,17.4051,17.4506,61468051
2010-07-01,17.5113,17.6857,17.2383,17.5644,69953787
2010-07-02,17.7161,17.8071,17.481,17.6478,47388249
2010-07-06,17.9739,18.2697,17.8829,18.0649,55811592
2010-07-07,18.065,18.4442,17.9057,18.429,60645289
2010-07-08,18.6565,18.6717,18.1787,18.5124,38494644
2010-07-09,18.4517,18.5124,18.3152,18.4062,40806174
2010-07-12,18.5275,18.8764,18.52,18.8309,37809080
2010-07-13,19.066,19.1873,18.884,19.0584,46966253
2010-07-14,19.339,19.4224,19.0508,19.2935,55217102
2010-07-15,19.339,19.4073,18.9447,19.3466,43178866
2010-07-16,19.3466,19.4452,18.8688,18.8764,49344684
2010-07-19,18.9295,19.1874,18.8916,19.1343,28956877
2010-07-20,18.8537,19.3239,18.7324,19.3239,34530247
2010-07-21,19.4149,19.4528,18.9447,19.0509,55588357
2010-07-22,19.3466,19.7107,19.3163,19.5969,55375197
2010-07-23,19.597,19.7335,19.1495,19.5742,82301207
2010-07-26,19.6121,19.8699,19.5666,19.7941,51001963
2010-07-27,19.8244,19.9003,19.6879,19.8396,46013387
2010-07-28,19.7713,19.8623,19.5893,19.6803,52863637
2010-07-29,19.8168,20.0292,19.4149,19.741,52667593
2010-07-30,19.5287,19.597,19.2253,19.5742,63352456
2010-08-02,19.7106,20.0064,19.5286,19.9685,41745465
2010-08-03,19.8699,19.9837,19.6955,19.8396,43135735
2010-08-04,19.832,19.9003,19.2936,19.5135,59558190
2010-08-05,19.3315,19.3998,19.1192,19.2405,49236644
2010-08-06,19.0964,19.3846,18.9751,19.377,42456562
2010-08-09,19.377,19.5135,19.2405,19.4225,43301709
2010-08-10,19.2101,19.2177,18.8688,19.0129,66175585
2010-08-11,18.7172,18.884,18.6262,18.8537,58204466
2010-08-12,18.52,18.7172,18.4745,18.5731,53270062
2010-08-13,18.4669,18.7096,18.3835,18.5048,34327542
2010-08-16,18.4745,18.6641,18.429,18.5807,31025750
2010-08-17,18.8399,19.0305,18.756,18.8399,40342699
2010-08-18,18.8171,19.0229,18.6112,18.9238,35696676
2010-08-19,18.7712,18.8627,18.4586,18.634,41220939
2010-08-20,18.5349,18.6035,18.451,18.4739,37786559
2010-08-23,18.634,18.7865,18.4815,18.512,39374597
2010-08-24,18.3672,18.5655,18.2986,18.3291,50719532
2010-08-25,18.2986,18.4663,18.1994,18.3748,36143308
2010-08-26,18.3672,18.4434,18.1384,18.1613,37439802
2010-08-27,18.2071,18.3138,17.925,18.2452,46462664
2010-08-30,18.1003,18.1613,17.9936,18.0241,34655297
2010-08-31,17.9936,18.0927,17.7801,17.8945,50378011
2010-09-01,18.0469,18.2604,17.9478,18.2223,49738416
2010-09-02,18.2071,18.2604,18.0774,18.2528,37235331
2010-09-03,18.4816,18.6417,18.4511,18.5197,48940423
2010-09-07,18.3748,18.5273,18.2376,18.2681,39592600
2010-09-08,18.3519,18.4511,18.1003,18.2452,49949304
2010-09-09,18.4434,18.4587,18.291,18.3062,35094304
2010-09-10,18.2833,18.3214,18.1385,18.1842,44438296
2010-09-13,18.4511,19.2821,18.3672,19.1449,87437068
2010-09-14,19.0915,19.3279,18.9772,19.0839,66454669
2010-09-15,19.1373,19.2287,19,19.1525,42850593
2010-09-16,19.1067,19.3431,19.0991,19.3126,33965397
2010-09-17,19.3659,19.4651,19.122,19.2287,53631147
2010-09-20,19.2744,19.4574,19.1448,19.3888,37998922
2010-09-21,19.3813,19.3813,19.122,19.1754,40162132
2010-09-22,18.9771,19.0381,18.573,18.7636,71897449
2010-09-23,18.6874,18.7484,18.573,18.6264,35226083
2010-09-24,18.7866,18.9085,18.7408,18.8933,39607920
2010-09-27,18.9466,19.0533,18.7484,18.8551,33244827
2010-09-28,18.9085,18.9847,18.5654,18.817,42728009
2010-09-29,18.7789,18.8018,18.6036,18.6798,33790538
2010-09-30,18.7636,18.9313,18.573,18.6721,46708994
2010-10-01,18.8857,18.9238,18.5273,18.5883,47783901
2010-10-04,18.268,18.2909,18.1308,18.2299,74828288
2010-10-05,18.3443,18.6416,18.2299,18.5654,59586852
2010-10-06,18.5425,18.7103,18.3977,18.6264,38495348
2010-10-07,18.7712,18.8703,18.512,18.7026,38195162
2010-10-08,18.7712,18.7941,18.5806,18.7331,31509882
2010-10-11,18.8628,18.8628,18.6798,18.7484,21034043
2010-10-12,18.7942,19.0076,18.6264,18.9314,38229915
2010-10-13,19.0762,19.4727,18.9771,19.3202,57439473
2010-10-14,19.2821,19.3203,19.061,19.2364,39608152
2010-10-15,19.3355,19.4803,19.2363,19.4727,52573850
2010-10-18,19.5108,19.7853,19.4041,19.6862,36849105
2010-10-19,19.2668,19.3431,19.0228,19.1372,50435976
2010-10-20,19.2592,19.3659,19.1372,19.2973,42912743
2010-10-21,19.366,19.4727,19.0991,19.3812,38146654
2010-10-22,19.4574,19.4727,19.2668,19.3507,19699821
2010-10-25,19.244,19.3279,19.1907,19.2059,38817724
2010-10-26,19.1525,19.8006,19.1068,19.7472,52840305
2010-10-27,19.6634,19.9073,19.5338,19.8616,49410400
2010-10-28,19.9835,20.1131,19.7624,20.0369,61551939
2010-10-29,20.7003,20.7384,20.1894,20.3343,87065571
2010-11-01,20.4944,20.7537,20.3572,20.5478,47204358
2010-11-02,20.6316,20.9061,20.6011,20.8832,41478274
2010-11-03,20.9365,20.9594,20.5553,20.6087,84062834
2010-11-04,20.8985,20.9137,20.5935,20.6926,71363776
2010-11-05,20.7155,20.7307,20.2275,20.4715,84595481
2010-11-08,20.3419,22.0116,20.2656,20.441,54644641
2010-11-09,20.4411,20.6698,20.3648,20.5478,44632261
2010-11-10,20.5935,20.6468,20.441,20.5401,39858239
2010-11-11,20.3419,20.3724,20.0369,20.3419,47327016
2010-11-12,20.1818,20.2199,19.8997,20.0293,49529783
2010-11-15,20.075,20.2046,19.953,19.9759,39490219
2010-11-16,19.9759,19.9759,19.6768,19.7995,50123343
2010-11-17,19.8686,19.8762,19.6001,19.6154,44723189
2010-11-18,19.7228,20.0066,19.6461,19.8225,45654654
2010-11-19,19.7918,19.8148,19.6384,19.7074,40215063
2010-11-22,19.6767,19.7458,19.5156,19.7381,40926448
2010-11-23,19.6154,19.6384,19.2472,19.2702,53501271
2010-11-24,19.3315,19.5309,19.3008,19.4619,43592431
2010-11-26,19.3392,19.4926,19.3085,19.3699,16383100
2010-11-29,19.3238,19.5003,19.1244,19.4159,43421961
2010-11-30,19.2165,19.5387,19.1781,19.3776,57750848
2010-12-01,19.6154,20.137,19.6077,19.9759,56861890
2010-12-02,20.1294,20.697,20.0987,20.628,70390806
2010-12-03,20.5666,20.7584,20.5436,20.7277,40367618
2010-12-06,20.6586,20.697,20.5282,20.5896,27819127
2010-12-07,20.7737,20.8121,20.5973,20.6126,44386131
2010-12-08,20.582,20.8965,20.5589,20.8888,31963623
2010-12-09,20.9271,20.9732,20.72,20.7737,36168561
2010-12-10,20.8581,21.0192,20.7968,20.9732,28863695
2010-12-13,20.9194,21.0575,20.8427,20.9041,36778865
2010-12-14,20.9502,21.2877,20.9118,21.188,49150100
2010-12-15,21.1189,21.4718,21.1189,21.3644,53418058
2010-12-16,21.2954,21.4718,21.2186,21.4718,44247864
2010-12-17,21.4181,21.5486,21.2877,21.4028,67090107
2010-12-20,21.4411,21.4718,21.234,21.3337,40512551
2010-12-21,21.3644,21.5869,21.2954,21.5332,29268122
2010-12-22,21.4871,21.7863,21.4641,21.6252,32412715
2010-12-23,21.4564,21.7249,21.4488,21.7096,19103297
2010-12-27,21.5716,21.6329,21.3874,21.5332,16610405
2010-12-28,21.4565,21.6099,21.4488,21.4872,17676271
2010-12-29,21.4335,21.5716,21.3875,21.4565,14960865
2010-12-30,21.4181,21.4795,21.3107,21.3644,15945514
2010-12-31,21.326,21.4181,21.1956,21.4104,18987826
2011-01-03,21.5178,21.6175,21.4181,21.4641,40997965
2011-01-04,21.4334,21.6099,21.3644,21.5485,41735816
2011-01-05,21.4028,21.4872,21.3031,21.4795,45259378
2011-01-06,21.5101,22.1315,21.3721,22.1085,67527046
2011-01-07,21.9705,22.0472,21.6713,21.9398,56584739
2011-01-10,21.679,21.7864,21.5102,21.6483,44166214
2011-01-11,21.6329,21.6713,21.5179,21.5639,38585573
2011-01-12,21.5715,21.9321,21.5332,21.9014,40374598
2011-01-13,21.7326,21.7786,21.4871,21.6252,51456776
2011-01-14,21.5408,21.771,21.4104,21.7096,48089756
2011-01-18,21.6022,22.0472,21.5869,21.9858,40905172
2011-01-19,21.8323,22.0011,21.6866,21.84,38360690
2011-01-20,21.8631,21.9014,21.5792,21.748,44963971
2011-01-21,21.7863,21.8093,21.4948,21.4948,44554762
2011-01-24,21.4948,21.9091,21.4718,21.771,39927155
2011-01-25,21.5869,21.8247,21.5715,21.8247,32554167
2011-01-26,21.8707,22.2389,21.863,22.0778,57249469
2011-01-27,22.0548,22.5995,21.8554,22.1469,112720280
2011-01-28,22.1699,22.1929,21.0576,21.2877,108355851
2011-01-31,21.3031,21.4028,21.0346,21.2724,49885427
2011-02-01,21.326,21.5255,21.1803,21.4718,48183594
2011-02-02,21.4258,21.5639,21.3875,21.4335,35152781
2011-02-03,21.4565,21.4565,21.1266,21.211,46288386
2011-02-04,21.2493,21.3567,21.1035,21.303,31001120
2011-02-07,21.3261,21.7403,21.3184,21.6329,52916912
2011-02-08,21.5562,21.7403,21.5179,21.6943,26775891
2011-02-09,21.6253,21.679,21.4105,21.4565,40584851
2011-02-10,21.4258,21.4334,20.9348,21.0959,58817210
2011-02-11,21.2953,21.3337,20.766,20.9041,64392069
2011-02-14,20.8735,20.9195,20.674,20.8888,43546743
2011-02-15,20.8656,21.0894,20.7962,20.8039,34042851
2011-02-16,20.8733,20.8888,20.5261,20.8502,54647201
2011-02-17,20.8116,21.1203,20.7653,20.9968,44144441
2011-02-18,20.9351,20.9968,20.8271,20.8811,52988145
2011-02-22,20.665,20.9119,20.4644,20.5184,46985516
2011-02-23,20.4721,20.7267,20.3949,20.5184,46480156
2011-02-24,20.557,20.8811,20.449,20.6573,49767502
2011-02-25,20.7653,20.7962,20.4489,20.4875,40902696
2011-02-28,20.5956,20.7268,20.4567,20.5107,39647770
2011-03-01,20.5261,20.665,20.1789,20.1866,46341983
2011-03-02,20.148,20.3487,20.094,20.1249,37547600
2011-03-03,20.2638,20.3718,20.2021,20.2175,52682407
2011-03-04,20.2328,20.2483,19.9088,20.0245,54353361
2011-03-07,20.1635,20.2715,19.7159,19.8471,50142788
2011-03-08,19.8857,20.0786,19.7931,19.9937,39007238
2011-03-09,19.9165,20.0476,19.8007,19.9782,30703538
2011-03-10,19.7698,19.8393,19.5615,19.6078,51353376
2011-03-11,19.6079,19.9474,19.5693,19.8162,38510254
2011-03-14,19.6696,19.8779,19.5615,19.8239,42034848
2011-03-15,19.3532,19.6541,19.2915,19.5924,58697951
2011-03-16,19.4612,19.5075,19.0445,19.1294,77725553
2011-03-17,19.3378,19.4612,19.0986,19.1217,48226347
2011-03-18,19.3377,19.4303,19.1371,19.1371,65966433
2011-03-21,19.4304,19.739,19.4072,19.5461,36173866
2011-03-22,19.523,19.6465,19.469,19.523,23840901
2011-03-23,19.469,19.7622,19.4304,19.7082,33929125
2011-03-24,19.7545,19.9628,19.6773,19.9165,29860629
2011-03-25,20.0091,20.0245,19.7468,19.7699,44007550
2011-03-28,19.8007,19.847,19.5847,19.6078,37790504
2011-03-29,19.5539,19.6927,19.523,19.6696,31455541
2011-03-30,19.7545,19.8471,19.6773,19.7622,32409159
2011-03-31,19.7544,19.8162,19.5538,19.5924,48794799
2011-04-01,19.7005,19.7005,19.5307,19.6619,48702711
2011-04-04,19.6387,19.8008,19.6079,19.7159,27342751
2011-04-05,19.9243,20.2021,19.8625,19.8934,56833623
2011-04-06,20.0477,20.3024,19.9551,20.1789,50606521
2011-04-07,20.2098,20.2638,20.04,20.2175,35600317
2011-04-08,20.1943,20.2791,20.0322,20.1171,30779549
2011-04-11,20.2097,20.256,19.9088,20.0477,26457331
2011-04-12,19.9319,19.9473,19.7159,19.7853,28489906
2011-04-13,19.793,19.9628,19.7236,19.7776,29434671
2011-04-14,19.6156,19.631,19.361,19.6156,42626427
2011-04-15,19.6464,19.7236,19.4304,19.577,50219905
2011-04-18,19.3686,19.5075,19.0754,19.3532,44791006
2011-04-19,19.2915,19.4226,19.1911,19.4072,30011634
2011-04-20,19.7081,20.0631,19.685,19.8779,47540745
2011-04-21,19.901,19.9782,19.5692,19.6927,36184796
2011-04-25,19.7236,19.7699,19.5539,19.7622,25869962
2011-04-26,19.8625,20.4026,19.8084,20.2097,53398673
2011-04-27,20.2947,20.3641,20.1635,20.3564,40658012
2011-04-28,20.4181,20.7345,20.3718,20.611,61887016
2011-04-29,20.4875,20.557,19.5693,20.0014,246404516
2011-05-02,20.0169,20.0632,19.6619,19.8008,69314838
2011-05-03,19.7545,19.9474,19.6696,19.9165,55476751
2011-05-04,19.9474,20.256,19.9011,20.1094,56556569
2011-05-05,20.1017,20.1249,19.8162,19.9011,42904271
2011-05-06,20.1171,20.2329,19.8702,19.9628,43207463
2011-05-09,19.9088,20.0322,19.8084,19.9319,29860347
2011-05-10,19.5847,19.9474,19.4844,19.8085,93215467
2011-05-11,19.7931,19.8008,19.4536,19.5693,60652483
2011-05-12,19.5615,19.5924,19.3686,19.5384,59726389
2011-05-13,19.5075,19.5384,19.2529,19.3146,51556246
2011-05-16,19.2606,19.3455,18.9057,18.9597,70491887
2011-05-17,18.9519,19.1849,18.8509,19.0451,64375933
2011-05-18,19.0528,19.2159,18.8353,19.1771,41889109
2011-05-19,19.3014,19.3247,19.0295,19.2004,29347097
2011-05-20,19.2004,19.317,18.983,19.0218,35302954
2011-05-23,18.8043,18.8353,18.6645,18.7732,40927052
2011-05-24,18.7965,18.8664,18.6723,18.7577,37043001
2011-05-25,18.7733,18.882,18.7655,18.7888,27110708
2011-05-26,18.9131,19.4412,18.8897,19.1616,60596793
2011-05-27,19.1694,19.3402,19.1461,19.2315,39030780
2011-05-31,19.3869,19.4645,19.1849,19.4257,46755508
2011-06-01,19.4102,19.4956,18.9286,18.9752,57503089
2011-06-02,19.0218,19.1461,18.781,18.8121,39991480
2011-06-03,18.68,18.7499,18.5169,18.5713,47144927
2011-06-06,18.5558,18.8354,18.4626,18.649,42547604
2011-06-07,18.7111,18.7732,18.5635,18.6878,31932837
2011-06-08,18.5635,18.6567,18.5325,18.5946,32781332
2011-06-09,18.6489,18.6722,18.5014,18.6101,33304545
2011-06-10,18.6568,18.6568,18.4005,18.416,38313358
2011-06-13,18.4781,18.7888,18.4082,18.6723,36950416
2011-06-14,18.8742,18.9907,18.7888,18.8121,33316913
2011-06-15,18.6412,18.649,18.3849,18.4393,38377822
2011-06-16,18.447,18.7189,18.3693,18.6412,44415844
2011-06-17,18.812,18.8742,18.6256,18.8431,64716184
2011-06-20,18.7733,19.1539,18.7655,19.0063,42205637
2011-06-21,19.0451,19.3092,18.9519,19.2315,38609566
2011-06-22,19.1073,19.2704,19.0995,19.1461,34398745
2011-06-23,18.9829,19.146,18.7965,19.1305,46191575
2011-06-24,19.0373,19.0606,18.7888,18.8742,78749065
2011-06-27,18.8199,19.7752,18.8199,19.5733,71492410
2011-06-28,19.6509,20.1325,19.5422,20.0393,62939014
2011-06-29,19.9694,19.9694,19.6976,19.8995,51302962
2011-06-30,19.9927,20.1946,19.9305,20.1946,40805053
2011-07-01,20.1403,20.3267,20.0704,20.2102,41093193
2011-07-05,20.2723,20.3111,20.1169,20.2179,29363956
2011-07-06,20.1713,20.482,20.1635,20.4509,37860340
2011-07-07,20.5752,20.8781,20.4742,20.7927,40347702
2011-07-08,20.614,20.9558,20.5907,20.9092,45298632
2011-07-11,20.6762,20.816,20.5753,20.684,34175436
2011-07-12,20.6219,20.8083,20.4588,20.6141,36753760
2011-07-13,20.6607,20.9403,20.5908,20.684,31738095
2011-07-14,20.6762,20.9791,20.4743,20.5597,36025923
2011-07-15,20.5597,20.917,20.5597,20.8005,38162005
2011-07-18,20.684,20.8937,20.3966,20.6529,34565374
2011-07-19,20.8238,21.4685,20.8005,21.3908,67365175
2011-07-20,21.1889,21.2432,20.9559,21.018,38677004
2011-07-21,21.0024,21.2121,20.6995,21.049,63486736
2011-07-22,20.8626,21.3985,20.7228,21.383,59326058
2011-07-25,21.1733,21.818,21.119,21.6782,84260235
2011-07-26,21.6083,21.8646,21.5772,21.8102,57971403
2011-07-27,21.6549,21.7403,21.1267,21.2277,55526552
2011-07-28,21.1966,21.8025,21.1345,21.5306,65058918
2011-07-29,21.3752,21.5228,21.1733,21.282,81085041
2011-08-01,21.3675,21.5073,20.7772,21.1811,48030999
2011-08-02,20.9558,21.3209,20.7849,20.816,49619053
2011-08-03,20.8393,20.9713,20.5674,20.9092,50161264
2011-08-04,20.6063,20.8703,20.1402,20.148,72195317
2011-08-05,20.1713,20.2723,19.5966,19.9461,87048027
2011-08-08,19.4334,19.8839,18.9441,19.014,104279673
2011-08-09,19.1927,19.8995,18.6645,19.8684,98075098
2011-08-10,19.379,19.4878,18.7188,18.7965,99279618
2011-08-11,19.0296,19.7131,18.9519,19.5655,70440538
2011-08-12,19.5189,19.682,19.1461,19.4956,50321250
2011-08-15,19.6043,19.8684,19.5344,19.814,43907234
2011-08-16,19.7124,20.0016,19.5795,19.814,42403914
2011-08-17,19.7359,20.0876,19.4858,19.7359,39802972
2011-08-18,19.2043,19.6108,18.7823,19.2825,82628053
2011-08-19,19.0793,19.2434,18.6885,18.7979,60495550
2011-08-22,19.0871,19.1418,18.5947,18.7432,42770919
2011-08-23,18.7823,19.345,18.7823,19.3216,46639622
2011-08-24,19.2669,19.4857,19.0871,19.4623,35430531
2011-08-25,19.603,19.6656,19.1497,19.2044,37667824
2011-08-26,19.1575,19.8062,19.0872,19.7359,56243016
2011-08-29,19.9547,20.2126,19.8296,20.197,30376163
2011-08-30,20.1111,20.6582,20.0876,20.5019,44819201
2011-08-31,20.5488,20.8771,20.5253,20.7911,46350709
2011-09-01,20.6816,20.9943,20.4862,20.4862,47296313
2011-09-02,20.1502,20.3221,20.0564,20.1658,34308748
2011-09-06,19.6968,20.0016,19.6265,19.9391,42933783
2011-09-07,20.0798,20.3221,19.986,20.3221,32797525
2011-09-08,20.322,20.8379,20.283,20.494,51439706
2011-09-09,20.3221,20.4628,19.9313,20.1189,50437316
2011-09-12,19.8844,20.2674,19.7515,20.2361,43025044
2011-09-13,20.2596,20.4706,20.1736,20.3534,38137066
2011-09-14,20.455,20.9474,20.2361,20.7129,52164618
2011-09-15,20.8927,21.1272,20.5644,21.0959,53000264
2011-09-16,21.1428,21.3147,20.9708,21.1975,70096740
2011-09-19,20.9474,21.3461,20.7911,21.2679,40898226
2011-09-20,21.346,21.4945,21.049,21.0881,38464991
2011-09-21,21.1428,21.1506,20.2987,20.3143,56863391
2011-09-22,19.775,20.0486,19.2279,19.5874,75253056
2011-09-23,19.4623,19.6577,19.2982,19.5874,50624050
2011-09-26,19.689,19.9469,19.3295,19.8844,39907616
2011-09-27,20.0564,20.2596,19.8922,20.0642,43474283
2011-09-28,20.2674,20.6113,19.9391,19.9938,47472535
2011-09-29,20.3065,20.455,19.6108,19.8922,49560342
2011-09-30,19.6968,19.9313,19.4467,19.4545,42254721
2011-10-03,19.3216,19.8062,19.1653,19.1731,50486688
2011-10-04,18.9933,19.8453,18.9621,19.8062,65253691
2011-10-05,19.8687,20.4471,19.6655,20.2361,73520041
2011-10-06,20.2439,20.6347,20.0876,20.5878,43076024
2011-10-07,20.5878,20.7207,20.4784,20.5175,41223839
2011-10-10,20.7754,21.0802,20.6894,21.0568,32683608
2011-10-11,20.9943,21.1584,20.8848,21.1037,30347277
2011-10-12,21.2444,21.346,21.0255,21.0724,41026931
2011-10-13,20.9161,21.26,20.8067,21.2444,34253273
2011-10-14,21.346,21.4945,21.1193,21.3147,39821597
2011-10-17,21.1897,21.432,20.9865,21.0881,30837477
2011-10-18,21.0568,21.4163,20.9474,21.346,41025511
2011-10-19,21.3929,21.4711,21.1115,21.2053,33515786
2011-10-20,21.307,21.3695,20.6348,21.135,59637749
2011-10-21,21.221,21.2522,20.9474,21.2288,59888196
2011-10-24,21.1506,21.4163,21.135,21.2522,44472358
2011-10-25,21.1662,21.2835,20.8849,20.9552,41859282
2011-10-26,21.1271,21.1506,20.4002,20.7832,49265251
2011-10-27,21.2053,21.4163,20.8301,21.2991,58240259
2011-10-28,21.2132,21.2522,20.9396,21.0881,45108915
2011-10-31,20.9161,21.1037,20.8067,20.8145,36578963
2011-11-01,20.4706,20.5722,20.2127,20.3143,47821535
2011-11-02,20.4002,20.4784,20.0876,20.3299,41842467
2011-11-03,20.5097,20.7833,20.3065,20.7364,51458866
2011-11-04,20.6191,20.6347,20.3221,20.5175,28567551
2011-11-07,20.4862,20.963,20.4237,20.9474,33288936
2011-11-08,21.1116,21.2601,20.8614,21.2288,37379024
2011-11-09,20.7832,20.9083,20.369,20.4784,49203577
2011-11-10,20.6894,20.7129,20.4158,20.5409,25413814
2011-11-11,20.7755,21.1663,20.7676,21.0334,29625751
2011-11-14,21.0099,21.1037,20.8301,20.9161,26730713
2011-11-15,20.9161,21.2154,20.7901,21.0579,34551179
2011-11-16,20.8452,20.8767,20.5066,20.5302,41944608
2011-11-17,20.483,20.5067,20.0341,20.1129,55895198
2011-11-18,20.0657,20.0814,19.8058,19.9239,37505915
2011-11-21,19.8766,19.8845,19.6088,19.6876,48732716
2011-11-22,19.601,19.6561,19.4119,19.5222,38748693
2011-11-23,19.3805,19.5222,19.2702,19.2702,38666164
2011-11-25,19.1994,19.4278,19.1364,19.1364,20604784
2011-11-28,19.6403,19.664,19.4434,19.5852,36828917
2011-11-29,19.5458,19.7191,19.4907,19.5616,32222381
2011-11-30,19.979,20.1523,19.7979,20.1444,64064311
2011-12-01,20.1286,20.1837,19.8451,19.9081,38229695
2011-12-02,20.1523,20.1759,19.8136,19.8609,41181679
2011-12-05,20.3019,20.3177,20.0814,20.2389,44744822
2011-12-06,20.3255,20.3728,20.168,20.2074,36363319
2011-12-07,20.2152,20.2861,19.9553,20.1601,49350507
2011-12-08,20.0656,20.2546,19.979,20.0026,47661471
2011-12-09,20.0971,20.3728,20.0814,20.2389,42358758
2011-12-12,20.0104,20.1365,19.9159,20.0892,30670011
2011-12-13,20.2782,20.5539,20.1995,20.2861,42982828
2011-12-14,20.2546,20.3648,20.1364,20.1522,37742180
2011-12-15,20.2546,20.3806,20.1128,20.1286,36393627
2011-12-16,20.2152,20.609,20.1837,20.4751,79859269
2011-12-19,20.4909,20.5696,20.0499,20.105,41153667
2011-12-20,20.3648,20.5538,20.3254,20.4987,47854660
2011-12-21,20.483,20.6247,20.0341,20.2861,50504593
2011-12-22,20.3334,20.3649,20.0656,20.3255,28188027
2011-12-23,20.4042,20.5066,20.2624,20.4987,18274634
2011-12-27,20.4436,20.5854,20.42,20.5066,16763752
2011-12-28,20.5618,20.5933,20.2861,20.3334,23485392
2011-12-29,20.4358,20.5145,20.3649,20.4909,17810939
2011-12-30,20.4751,20.5696,20.4042,20.4436,21574219
2012-01-03,20.9082,21.2311,20.7822,21.0815,50976359
2012-01-04,21.1208,21.6327,21.0893,21.5776,63406723
2012-01-05,21.5618,21.8375,21.491,21.7981,44164305
2012-01-06,21.68,22.1998,21.68,22.1368,78321825
2012-01-09,22.0895,22.1289,21.8296,21.8454,47019428
2012-01-10,21.995,22.1682,21.8532,21.9241,47261556
2012-01-11,21.6012,22.0344,21.554,21.8296,51646377
2012-01-12,21.9477,22.0659,21.7745,22.0501,38879681
2012-01-13,21.995,22.247,21.8847,22.247,47404695
2012-01-17,22.3652,22.562,22.184,22.2549,57011683
2012-01-18,22.2943,22.3652,22.0265,22.2313,51078125
2012-01-19,22.1761,22.3966,22.0737,22.1446,58317395
2012-01-20,22.6959,23.4204,22.6408,23.3968,130649511
2012-01-23,23.2707,23.5858,23.1132,23.4125,59911824
2012-01-24,23.2078,23.2865,22.9794,23.1054,40716613
2012-01-25,22.8927,23.3495,22.8927,23.2786,46645164
2012-01-26,23.318,23.3889,23.1526,23.2314,38668705
2012-01-27,23.1921,23.2551,22.9715,23.0188,34798078
2012-01-30,22.814,23.3259,22.7037,23.318,40253121
2012-01-31,23.3574,23.3889,23.0187,23.255,39825979
2012-02-01,23.4597,23.6645,23.4361,23.5385,53085578
2012-02-02,23.5464,23.7591,23.3968,23.5858,41126154
2012-02-03,23.7353,23.9401,23.696,23.8141,32947957
2012-02-06,23.6566,23.7984,23.6015,23.7826,22081357
2012-02-07,23.7433,24.0111,23.6645,23.9008,30903616
2012-02-08,23.8299,24.1528,23.7984,24.1449,39106784
2012-02-09,24.1606,24.2551,24.0031,24.2315,39754465
2012-02-10,24.1292,24.2552,23.9086,24.0189,35126893
2012-02-13,24.1213,24.2315,23.9638,24.0819,26239506
2012-02-14,24.0422,24.1453,23.6617,23.9788,47279059
2012-02-15,24.0423,24.0898,23.8044,23.8203,34332385
2012-02-16,24.0264,25.0093,24.0184,24.8032,75071574
2012-02-17,24.7319,24.827,24.5337,24.7715,55517093
2012-02-21,24.716,25.0569,24.6922,24.9221,40292234
2012-02-22,24.9301,25.1124,24.7161,24.7874,39042493
2012-02-23,24.7319,25.0411,24.5734,24.8667,27771673
2012-02-24,24.9538,24.9697,24.7636,24.9538,28200172
2012-02-27,24.7636,24.9697,24.6526,24.8508,27401990
2012-02-28,24.8984,25.3106,24.8746,25.263,35853801
2012-02-29,25.2788,25.366,25.0569,25.1599,47025074
2012-03-01,25.3105,25.6752,25.2471,25.5959,61309751
2012-03-02,25.6118,25.7149,25.3661,25.4295,37505500
2012-03-05,25.374,25.4057,25.0648,25.2075,35861236
2012-03-06,25.0014,25.3502,24.9618,25.0173,41166696
2012-03-07,25.1044,25.3026,24.9935,25.2392,27221238
2012-03-08,25.3978,25.5325,25.2868,25.374,29129289
2012-03-09,25.4453,25.4929,25.3026,25.3581,27449529
2012-03-12,25.3423,25.5246,25.2234,25.3978,27009815
2012-03-13,25.5562,25.913,25.4849,25.8971,38803400
2012-03-14,25.7862,26.0636,25.7544,25.9764,33282530
2012-03-15,25.9922,26.1111,25.8258,26.0398,38895851
2012-03-16,26.0874,26.1191,25.7624,25.8417,52021403
2012-03-19,25.7941,25.8496,25.485,25.5246,35503926
2012-03-20,25.4453,25.4849,25.1599,25.3581,32949518
2012-03-21,25.3343,25.4849,25.2234,25.2947,30065577
2012-03-22,25.2154,25.4373,25.1995,25.366,25167432
2012-03-23,25.4453,25.4533,25.1441,25.374,28467234
2012-03-26,25.5166,25.8496,25.4849,25.8337,29137861
2012-03-27,25.8812,25.9209,25.6831,25.7782,28754663
2012-03-28,25.7783,25.921,25.3978,25.5167,32773621
2012-03-29,25.4136,25.5167,25.2155,25.4612,29360045
2012-03-30,25.6831,25.691,25.3977,25.5721,25167354
2012-04-02,25.5404,25.7307,25.3264,25.5959,28420723
2012-04-03,25.4929,25.5167,25.0965,25.3185,33889137
2012-04-04,25.0965,25.1203,24.613,24.7398,39203110
2012-04-05,24.6923,25.0728,24.613,24.9856,39926703
2012-04-09,24.7477,24.8904,24.5496,24.6526,24618039
2012-04-10,24.6209,24.7239,24.0184,24.1532,42909226
2012-04-11,24.1215,24.2008,23.963,24.0581,34096709
2012-04-12,24.1612,24.6051,24.1136,24.5575,30363153
2012-04-13,24.4861,24.7001,24.3514,24.4227,31508692
2012-04-16,24.5655,24.724,24.3911,24.6368,30221141
2012-04-17,24.7873,25.0569,24.7319,24.9221,27237937
2012-04-18,24.7953,24.8191,24.605,24.6843,32145792
2012-04-19,24.6764,25.1124,24.5258,24.5813,43424480
2012-04-20,25.485,26.0716,25.4057,25.699,84060779
2012-04-23,25.6118,25.7624,25.3899,25.4612,48669734
2012-04-24,25.5325,25.7782,25.2313,25.3026,32398029
2012-04-25,25.3026,25.6197,25.263,25.5246,49539523
2012-04-26,25.4611,25.5483,25.3026,25.4532,31951733
2012-04-27,25.4612,25.5404,25.2709,25.3502,32832472
2012-04-30,25.3502,25.4532,25.3026,25.3819,28296776
2012-05-01,25.4057,25.6356,25.3264,25.374,34745416
2012-05-02,25.2471,25.3105,25.0807,25.2075,29634904
2012-05-03,25.2709,25.2868,25.0569,25.1758,24970731
2012-05-04,24.9301,25.0252,24.5099,24.5575,45918244
2012-05-07,24.3355,24.4624,24.2325,24.2959,38557474
2012-05-08,24.1611,24.399,23.9154,24.177,36723912
2012-05-09,23.9313,24.4386,23.8599,24.3831,39879606
2012-05-10,24.4624,24.5893,24.1374,24.3673,34750909
2012-05-11,24.3276,25.0014,24.3276,24.7002,34449724
2012-05-14,24.4307,24.6051,24.288,24.3197,32126815
2012-05-15,24.4474,24.5751,24.0564,24.1043,49327882
2012-05-16,24.184,24.192,23.7292,23.8569,47940161
2012-05-17,23.9287,24.1043,23.7053,23.7133,38684914
2012-05-18,23.7692,23.7852,23.2745,23.3543,44845761
2012-05-21,23.2186,23.7691,23.1867,23.7372,30948442
2012-05-22,23.6893,23.8409,23.5377,23.7452,31520556
2012-05-23,23.4181,23.458,22.8516,23.2266,51999339
2012-05-24,23.2665,23.3782,22.9474,23.1947,41949135
2012-05-25,23.2984,23.4261,23.1468,23.1867,23543517
2012-05-29,23.442,23.7133,23.3143,23.5856,30127333
2012-05-30,23.4181,23.5218,23.2346,23.4101,33180665
2012-05-31,23.3782,23.4739,23.0909,23.2904,31224615
2012-06-01,22.9473,23.1069,22.692,22.7,45188000
2012-06-04,22.8357,22.9633,22.5963,22.7798,38239983
2012-06-05,22.7479,22.9394,22.6522,22.7479,36475950
2012-06-06,23.0431,23.4341,22.9872,23.4181,37389570
2012-06-07,23.6494,23.6973,23.2744,23.3223,30154465
2012-06-08,23.3063,23.6813,23.1787,23.6574,33951042
2012-06-11,23.7212,23.7851,22.9952,23.059,36991663
2012-06-12,23.2186,23.3782,23.0111,23.3702,28195759
2012-06-13,23.3143,23.4898,23.1787,23.2425,26318042
2012-06-14,23.4021,23.5058,23.0431,23.4101,31483872
2012-06-15,23.6096,24.0006,23.5298,23.9527,49720124
2012-06-18,23.9287,23.9606,23.7053,23.809,46820031
2012-06-19,24.0883,24.8223,23.9766,24.4952,60420802
2012-06-20,24.6787,24.7744,24.4473,24.6787,28929133
2012-06-21,24.7027,24.8463,23.9846,24.0484,38663029
2012-06-22,24.176,24.5191,23.9606,24.4952,35983289
2012-06-25,24.1761,24.1921,23.6335,23.833,33684718
2012-06-26,23.9367,24.1522,23.8889,23.9527,30656025
2012-06-27,24.0884,24.3357,23.9607,24.0724,26954146
2012-06-28,23.9208,23.9766,23.4739,23.8649,36167092
2012-06-29,24.2958,24.4873,24.0484,24.4075,44065312
2012-07-02,24.4314,24.4314,24.1042,24.3835,24406719
2012-07-03,24.1202,24.5431,24.0723,24.5431,16706303
2012-07-05,24.4074,24.559,24.2399,24.4952,22980726
2012-07-06,24.4234,24.4952,23.8968,24.0883,30555039
2012-07-09,24.0324,24.1202,23.7612,23.9367,24479904
2012-07-10,24.0006,24.1123,23.5458,23.7293,29948148
2012-07-11,23.7053,23.7293,23.2266,23.3782,31265271
2012-07-12,23.2585,23.2824,22.7718,22.8436,50684866
2012-07-13,22.9473,23.5218,22.9154,23.45,31185548
2012-07-16,23.5218,23.5617,23.1707,23.4899,22261627
2012-07-17,23.6494,23.825,23.2984,23.6654,26945763
2012-07-18,23.6176,24.2958,23.5059,24.2958,32785686
2012-07-19,24.3436,24.575,24.2399,24.4713,37232121
2012-07-20,24.7346,24.7745,23.9766,24.0325,51082387
2012-07-23,23.5936,23.6016,23.1468,23.3622,44005113
2012-07-24,23.3303,23.4261,23.059,23.2585,38077954
2012-07-25,23.3303,23.4021,22.9633,23.0032,36367477
2012-07-26,23.3224,23.5378,23.2106,23.2665,36145577
2012-07-27,23.5218,23.817,23.2824,23.7452,35300719
2012-07-30,23.7373,23.7931,23.5059,23.6495,23063050
2012-07-31,23.5218,23.7053,23.4021,23.5138,30017317
2012-08-01,23.6096,23.6575,23.3064,23.466,25310566
2012-08-02,23.3064,23.5617,23.1149,23.2904,31532999
2012-08-03,23.5617,23.8888,23.5218,23.7372,28611824
2012-08-06,23.9367,24.0245,23.7851,23.8968,21919469
2012-08-07,23.9926,24.216,23.833,24.1442,22343279
2012-08-08,24.1043,24.3117,24.0245,24.2,20950673
2012-08-09,24.2479,24.4554,24.1761,24.3357,19884102
2012-08-10,24.3356,24.4314,24.1362,24.2718,22189548
2012-08-13,24.216,24.3038,24.0644,24.2479,18390664
2012-08-14,24.3362,24.4085,24.1033,24.1997,27750863
2012-08-15,24.1836,24.3202,24.1113,24.2559,19558127
2012-08-16,24.3845,24.8503,24.3041,24.7218,28743470
2012-08-17,24.8342,24.8342,24.5691,24.8181,26175385
2012-08-20,24.7539,24.7779,24.5611,24.6896,19065528
2012-08-21,24.7057,24.8663,24.5852,24.7378,23149681
2012-08-22,24.5692,24.7057,24.4728,24.529,26856123
2012-08-23,24.4085,24.4165,24.1595,24.3041,22774532
2012-08-24,24.2961,24.6013,24.2399,24.5451,18427539
2012-08-27,24.8423,24.8664,24.5692,24.6495,27863091
2012-08-28,24.6575,24.7378,24.513,24.6013,19234393
2012-08-29,24.6173,24.6976,24.4486,24.6173,18751556
2012-08-30,24.521,24.5852,24.272,24.3523,19261850
2012-08-31,24.5772,24.8663,24.4005,24.7539,29388309
2012-09-04,24.4567,24.6254,24.2157,24.4085,38999546
2012-09-05,24.272,24.5209,24.2639,24.4085,27026852
2012-09-06,24.4969,25.1876,24.4648,25.1796,38851039
2012-09-07,24.9306,24.9547,24.6816,24.8583,34254737
2012-09-10,24.7619,24.8182,24.5049,24.6736,32547948
2012-09-11,24.6495,24.8262,24.5852,24.7298,20233458
2012-09-12,24.8503,25.0431,24.6816,24.7218,26324781
2012-09-13,24.8101,25.0431,24.4166,24.8503,36180961
2012-09-14,24.9065,25.0992,24.7458,25.0671,41301521
2012-09-17,25.051,25.1073,24.9306,25.0671,29306661
2012-09-18,24.9787,25.0671,24.9225,25.043,27743837
2012-09-19,24.9707,25.051,24.9306,24.9386,39252714
2012-09-20,24.8583,25.284,24.8262,25.2599,36579066
2012-09-21,25.2439,25.3884,24.9708,25.0511,82204313
2012-09-24,24.8985,24.9547,24.6094,24.7218,37609504
2012-09-25,24.8583,24.8984,24.3844,24.4085,43585437
2012-09-26,24.3201,24.5772,24.1274,24.2318,43911202
2012-09-27,24.2318,24.4166,24.0069,24.2238,37853623
2012-09-28,24.2398,24.3041,23.8864,23.9025,43555640
2012-10-01,23.9427,24.0793,23.6295,23.6857,43405872
2012-10-02,23.8383,24.0069,23.6937,23.8222,34808764
2012-10-03,23.8945,24.0872,23.8302,23.9828,37472844
2012-10-04,24.0712,24.1194,23.7499,24.1194,35046540
2012-10-05,24.28,24.2961,23.8865,23.9748,33037756
2012-10-08,23.8062,24.031,23.7339,23.9186,23896111
2012-10-09,23.8383,23.8865,23.4367,23.517,36240195
2012-10-10,23.4125,23.541,23.2519,23.276,37931607
2012-10-11,23.4688,23.4929,23.1876,23.2519,33322503
2012-10-12,23.268,23.5491,23.1314,23.4527,37319270
2012-10-15,23.5893,23.8704,23.4929,23.7017,34086916
2012-10-16,23.6536,23.8865,23.5492,23.6857,38343205
2012-10-17,23.5331,23.8062,23.3644,23.766,35505312
2012-10-18,23.8142,23.8784,23.5009,23.6937,47578958
2012-10-19,23.3323,23.3564,22.8906,23.003,72664100
2012-10-22,23.0752,23.1555,22.3524,22.4889,66963912
2012-10-23,22.3042,22.6496,22.2962,22.5291,51736452
2012-10-24,22.6174,22.6496,22.3845,22.4086,42825646
2012-10-25,22.6416,22.6496,22.3765,22.3926,43439315
2012-10-26,22.3765,22.762,22.3604,22.6576,46415551
2012-10-31,22.9306,23.1957,22.8905,22.9226,55791793
2012-11-01,23.1636,23.7419,23.1476,23.7098,57867253
2012-11-02,23.766,23.9106,23.5572,23.6937,45886745
2012-11-05,23.7901,23.8864,23.5571,23.7981,30577547
2012-11-06,23.9507,24.2559,23.782,23.9828,34858992
2012-11-07,23.7178,23.9588,23.3323,23.3564,46481324
2012-11-08,23.3885,23.5893,23.1315,23.1395,40031737
2012-11-09,23.1958,23.4447,23.1395,23.1556,34770507
2012-11-12,23.2439,23.3001,22.6576,22.6656,49083875
2012-11-13,21.8763,22.103,21.6577,21.933,106620126
2012-11-14,22.0545,22.0949,21.6982,21.7306,61601960
2012-11-15,21.763,21.8359,21.5606,21.5849,41255496
2012-11-16,21.5929,21.6172,21.3258,21.4715,51884034
2012-11-19,21.6983,21.6983,21.4311,21.6416,46294483
2012-11-20,21.6659,21.6983,21.423,21.6254,38109930
2012-11-21,21.6254,21.9978,21.593,21.8197,53727712
2012-11-23,22.0464,22.4836,22.0221,22.4269,46833925
2012-11-26,22.2973,22.3297,21.9978,22.1759,68979841
2012-11-27,22.1516,22.1678,21.8925,21.9249,36448608
2012-11-28,21.8682,22.1759,21.6739,22.1516,42925526
2012-11-29,21.9492,22.1517,21.7468,21.8197,56311343
2012-11-30,21.9006,21.9654,21.4472,21.5525,67758566
2012-12-03,21.6821,21.7145,21.3744,21.3987,43051464
2012-12-04,21.4554,21.5606,21.3258,21.3501,40301653
2012-12-05,21.3582,21.8035,21.261,21.593,55285043
2012-12-06,21.7064,21.844,21.5444,21.6416,31723444
2012-12-07,21.7144,21.7144,21.35,21.4229,37374378
2012-12-10,21.5039,21.8359,21.4716,21.8116,38078082
2012-12-11,21.9006,22.2568,21.9006,22.1192,42329931
2012-12-12,22.2893,22.3622,21.925,22.0545,35596724
2012-12-13,22.1192,22.2812,21.8197,21.9492,36498419
2012-12-14,21.9492,21.9654,21.6172,21.7063,34067394
2012-12-17,21.6901,22.0383,21.6011,21.9411,34041981
2012-12-18,22.0625,22.3702,21.9735,22.3135,40875887
2012-12-19,22.4188,22.4511,22.0625,22.1111,43331522
2012-12-20,22.1516,22.4107,21.9816,22.4107,42592717
2012-12-21,22.2245,22.2569,21.8602,22.2245,79972981
2012-12-24,22.022,22.0625,21.8601,21.9087,16874719
2012-12-26,21.8844,22.0221,21.6173,21.7468,25609650
2012-12-27,21.7711,21.9331,21.512,21.8278,31894820
2012-12-28,21.6253,21.7792,21.4958,21.4958,22864002
2012-12-31,21.5282,21.674,21.3501,21.6254,34611570
2013-01-02,22.0625,22.4512,21.9816,22.3621,42829089
2013-01-03,22.3703,22.3865,21.9897,22.0626,39100919
2013-01-04,22.0787,22.1354,21.6415,21.6496,42522842
2013-01-07,21.674,21.763,21.5687,21.6092,30045937
2013-01-08,21.6577,21.6901,21.4229,21.4958,36193179
2013-01-09,21.6335,21.6578,21.504,21.6173,39710980
2013-01-10,21.5767,21.8439,21.2853,21.4229,57833167
2013-01-11,21.4472,21.8035,21.2772,21.7225,44944524
2013-01-14,21.7792,21.9249,21.6658,21.7711,39125152
2013-01-15,21.7225,22.095,21.7225,22.0302,39060492
2013-01-16,21.9816,22.0463,21.8682,21.8925,33257655
2013-01-17,22.014,22.2407,21.9088,22.0626,41846801
2013-01-18,21.9412,22.095,21.8926,22.0626,42236884
2013-01-22,22.103,22.2245,21.8602,21.9816,47485600
2013-01-23,22.022,22.3783,22.022,22.354,40795605
2013-01-24,22.4269,22.7264,22.2407,22.3702,82371643
2013-01-25,22.3297,22.856,22.1759,22.5726,66266693
2013-01-28,22.6779,22.856,22.4755,22.5969,45385279
2013-01-29,22.5241,22.7751,22.3459,22.6779,39868574
2013-01-30,22.6778,22.8236,22.4754,22.5483,35284244
2013-01-31,22.4998,22.6455,22.184,22.2245,40910892
2013-02-01,22.4026,22.7103,22.3054,22.6131,44988086
2013-02-04,22.5645,22.686,22.2002,22.2164,40918982
2013-02-05,22.3622,22.3945,22.1517,22.265,28669547
2013-02-06,22.1678,22.2973,22.0625,22.1354,33915254
2013-02-07,22.1436,22.176,21.9412,22.0869,30789122
2013-02-08,22.1436,22.435,22.1112,22.3055,26975891
2013-02-11,22.3864,22.605,22.2649,22.5564,26108831
2013-02-12,22.5726,22.6698,22.4673,22.5726,29139462
2013-02-13,22.6131,22.7589,22.5727,22.6941,33774456
2013-02-14,22.605,22.7184,22.5646,22.7022,26445310
2013-02-15,22.7022,22.7993,22.5726,22.6779,40199148
2013-02-19,22.7595,22.931,22.6942,22.8983,31658757
2013-02-20,22.9636,23.0208,22.7187,22.7514,36008927
2013-02-21,22.6452,22.6452,22.2289,22.4411,40064588
2013-02-22,22.5963,22.6616,22.433,22.6616,25654221
2013-02-25,22.833,22.8983,22.3432,22.3432,39193908
2013-02-26,22.3514,22.531,22.3187,22.3432,40754340
2013-02-27,22.384,22.8575,22.3106,22.7024,29710429
2013-02-28,22.7595,22.833,22.6452,22.6942,29257722
2013-03-01,22.6289,22.8412,22.4657,22.8167,28449200
2013-03-04,22.735,22.9799,22.6125,22.9799,31149397
2013-03-05,23.0942,23.2983,22.9881,23.1432,33822705
2013-03-06,23.0289,23.0452,22.6778,22.9309,41999303
2013-03-07,22.9473,23.0861,22.8657,22.9718,23834426
2013-03-08,23.0616,23.1269,22.8248,22.8575,30749705
2013-03-11,22.8085,22.833,22.5881,22.7514,29900499
2013-03-12,22.7269,22.8167,22.5636,22.784,32045520
2013-03-13,22.7514,22.8738,22.6534,22.7922,23750093
2013-03-14,22.8575,22.9881,22.8004,22.9718,45645473
2013-03-15,22.8819,22.9881,22.8411,22.8901,75682883
2013-03-18,22.7595,23.086,22.7024,22.9391,36579619
2013-03-19,22.9554,23.0371,22.8819,23.0044,42369239
2013-03-20,23.135,23.2575,23.0044,23.1187,28937396
2013-03-21,22.9473,23.1514,22.8983,22.9473,27945909
2013-03-22,23.0126,23.1351,22.9391,23.0616,23446014
2013-03-25,23.1024,23.1432,22.8248,22.9881,36044622
2013-03-26,23.0534,23.135,22.9473,22.9881,22714055
2013-03-27,22.9717,23.2248,22.9228,23.1595,29426851
2013-03-28,23.1187,23.3962,23.0697,23.3554,45268986
2013-04-01,23.3799,23.3962,23.1513,23.3554,23837937
2013-04-02,23.3391,23.5513,23.2819,23.5105,23230088
2013-04-03,23.4697,23.633,23.2983,23.3146,28623080
2013-04-04,23.1759,23.3555,23.0779,23.3473,36950123
2013-04-05,23.0371,23.4942,22.9473,23.4289,41573889
2013-04-08,23.4534,23.4534,23.2411,23.3391,28375497
2013-04-09,23.4534,24.3432,23.4126,24.1718,63457138
2013-04-10,24.1391,24.7514,24.0983,24.7187,58055230
2013-04-11,23.7554,23.837,23.4534,23.6248,106877485
2013-04-12,23.5514,23.6902,23.3963,23.5024,51336540
2013-04-15,23.3881,23.6575,23.2739,23.4208,45986810
2013-04-16,23.5922,23.7881,23.4289,23.6493,43100421
2013-04-17,23.5513,23.7064,23.3472,23.535,43135826
2013-04-18,23.633,23.6575,23.2657,23.5024,46455077
2013-04-19,24.1799,24.6861,24.1718,24.3024,81463000
2013-04-22,24.735,25.4534,24.7106,25.1677,112576273
2013-04-23,25.0616,25.2249,24.8004,24.98,48267646
2013-04-24,24.9963,26.0575,24.9799,25.9269,74243180
2013-04-25,25.8861,26.8086,25.7474,26.0739,90369003
2013-04-26,26.0412,26.1065,25.6738,25.9514,39020407
2013-04-29,25.9596,26.6779,25.9351,26.6208,48258996
2013-04-30,26.58,27.029,26.3514,27.0208,61360237
2013-05-01,26.882,27.0045,26.6126,26.7106,44352413
2013-05-02,26.6371,27.078,26.4412,27.0698,37600164
2013-05-03,27.127,27.3637,27.0045,27.3392,38192103
2013-05-06,27.282,27.682,27.1432,27.5514,33452134
2013-05-07,27.4698,27.584,27.1351,27.1922,35166429
2013-05-08,26.9963,27.1351,26.6534,26.931,42119545
2013-05-09,26.8167,26.9392,26.6045,26.6616,37892615
2013-05-10,26.6698,26.7106,26.3841,26.6861,29710552
2013-05-13,26.6208,26.9964,26.5719,26.9637,29410760
2013-05-14,27.013,27.5638,26.9637,27.5638,46750852
2013-05-15,27.498,27.8679,27.4815,27.8268,38064678
2013-05-16,27.6542,28.0734,27.5802,28.0159,48816473
2013-05-17,28.057,28.6653,28.0323,28.6653,49871785
2013-05-20,28.5503,28.8544,28.5092,28.838,44408547
2013-05-21,28.8544,28.9942,28.542,28.6489,40036447
2013-05-22,28.5996,28.6407,28.2461,28.4516,54295205
2013-05-23,28.1392,28.4022,27.8679,28.0734,42009562
2013-05-24,27.8844,28.1803,27.8679,28.1721,27271448
2013-05-28,28.2954,28.9201,28.2871,28.7886,39633320
2013-05-29,28.5585,28.7887,28.4188,28.6736,31577295
2013-05-30,28.6489,28.9778,28.616,28.7969,42032952
2013-05-31,28.6242,29.0024,28.5996,28.69,46171746
2013-06-03,28.7064,29.2901,28.6324,29.2572,42132834
2013-06-04,29.2819,29.3805,28.5831,28.764,53869407
2013-06-05,28.4433,28.6817,28.3036,28.5913,37835464
2013-06-06,28.6407,28.8626,28.3529,28.7393,30924753
2013-06-07,28.9777,29.4134,28.8215,29.323,33505083
2013-06-10,29.1915,29.3066,28.8873,29.1586,29589772
2013-06-11,28.8133,28.9202,28.5092,28.6407,32418823
2013-06-12,28.8873,28.9942,28.6489,28.7722,30722709
2013-06-13,28.764,28.7886,28.4351,28.542,37531168
2013-06-14,28.4023,28.5174,28.1557,28.279,43727719
2013-06-17,28.5174,28.9037,28.468,28.7722,40831944
2013-06-18,28.7476,28.912,28.69,28.7558,23524596
2013-06-19,28.7394,28.8462,28.4352,28.4352,25332894
2013-06-20,28.1639,28.2214,27.4323,27.5309,44797271
2013-06-21,27.6706,27.7281,27.1691,27.35,70153531
2013-06-24,27.0788,28.1146,26.7746,27.72,46125192
2013-06-25,28.0159,28.2626,27.5063,27.6789,36231162
2013-06-26,28.0488,28.3448,27.8598,28.2379,40006487
2013-06-27,28.3776,28.5913,28.3612,28.4598,23834137
2013-06-28,28.2626,28.5996,28.2297,28.3941,53882614
2013-07-01,28.5667,28.764,28.2214,28.2461,25529509
2013-07-02,28.2872,28.3118,27.646,27.9008,30934210
2013-07-03,27.6707,28.2543,27.6214,27.9584,13148422
2013-07-05,28.0242,28.1475,27.6049,28.1228,21444272
2013-07-08,28.2378,28.4351,27.9337,28.2214,26632271
2013-07-09,28.427,28.4434,28.0653,28.2379,20813429
2013-07-10,28.2297,28.616,28.2132,28.5256,24381414
2013-07-11,28.7722,29.4052,28.69,29.3394,44094019
2013-07-12,29.249,29.3723,29.0024,29.323,29184236
2013-07-15,29.3147,29.7751,29.249,29.734,28067351
2013-07-16,29.6025,29.9477,29.5614,29.8162,29905394
2013-07-17,29.8737,29.9148,29.175,29.3805,30650668
2013-07-18,29.3641,29.5038,28.953,29.1339,40730820
2013-07-19,26.6349,26.8568,25.5004,25.8128,204224050
2013-07-22,26.0594,26.3142,25.9772,26.3142,64976345
2013-07-23,26.232,26.3389,26.0676,26.158,54100202
2013-07-24,26.3389,26.4622,26.2156,26.2731,43407419
2013-07-25,25.9937,26.0183,25.6895,25.8046,51965154
2013-07-26,25.6977,25.9936,25.6566,25.9936,31759214
2013-07-29,25.8704,25.9772,25.8128,25.9279,23733564
2013-07-30,26.1252,26.4047,25.9361,26.1827,37650065
2013-07-31,26.2814,26.3471,26.0676,26.1745,36087270
2013-08-01,26.3553,26.38,25.9772,26.0347,34985228
2013-08-02,26.0512,26.2238,25.9525,26.2156,24004167
2013-08-05,26.2238,26.306,26.0101,26.0594,25470803
2013-08-06,25.936,26.0347,25.7963,25.9607,29866725
2013-08-07,25.9278,26.3882,25.6894,26.3553,31302961
2013-08-08,26.5033,27.1856,26.3471,27.0376,48529903
2013-08-09,26.939,27.0459,26.6924,26.8815,22031897
2013-08-12,26.6842,27.1034,26.6842,27.0212,20957419
2013-08-13,26.9136,26.9467,26.6652,26.6818,32670593
2013-08-14,26.6073,27.6172,26.243,26.7811,40167180
2013-08-15,26.4913,26.6404,25.531,26.3175,27599019
2013-08-16,26.3175,26.4831,26.2099,26.3258,27208542
2013-08-19,26.2927,26.4666,25.9781,25.9864,23099252
2013-08-20,26.0278,26.4086,25.9698,26.1768,19023795
2013-08-21,26.1685,26.4996,26.1106,26.1685,30969315
2013-08-22,26.6486,26.897,26.5741,26.8142,25804135
2013-08-23,29.1157,29.1405,28.1471,28.768,186676421
2013-08-26,28.4783,28.7018,28.172,28.2713,60257027
2013-08-27,27.7497,28.2299,27.4434,27.5345,48448054
2013-08-28,27.6421,27.816,27.3192,27.3358,36638747
2013-08-29,27.2613,27.816,27.1537,27.7746,37489253
2013-08-30,27.6256,27.7166,27.3938,27.6504,35424136
2013-09-03,26.2844,26.5493,25.9036,26.392,127909308
2013-09-04,25.9864,26.0526,25.7546,25.8291,117820930
2013-09-05,25.7463,26.0277,25.6221,25.8539,59311562
2013-09-06,25.9202,25.9864,25.7711,25.7877,62449200
2013-09-09,25.8456,26.3175,25.8291,26.2099,41085219
2013-09-10,26.4086,26.8225,26.3175,26.8142,47089345
2013-09-11,26.9633,27.2613,26.9302,27.104,32358815
2013-09-12,27.0874,27.1371,26.9798,27.0626,27203501
2013-09-13,27.1289,27.3772,26.9136,27.3441,33858503
2013-09-16,27.6339,27.7332,27.0958,27.1537,43743700
2013-09-17,27.6669,27.7083,27.2365,27.2613,70133068
2013-09-18,27.3109,27.6503,27.1785,27.5841,53065368
2013-09-19,27.7166,27.8822,27.5842,27.8491,34792003
2013-09-20,27.6587,27.7166,27.0626,27.1454,85190444
2013-09-23,26.9384,27.2944,26.9053,27.104,32970269
2013-09-24,27.2116,27.2116,26.6155,26.8639,33681287
2013-09-25,26.897,27.1537,26.8225,26.9136,23931249
2013-09-26,27.0212,27.3192,26.9798,27.1288,23597172
2013-09-27,27.2199,27.9402,27.2117,27.5428,45820225
2013-09-30,27.3192,27.5758,27.0708,27.551,32981312
2013-10-01,27.609,27.8242,27.5676,27.7994,30397791
2013-10-02,27.6173,28.172,27.5594,28.0809,38865224
2013-10-03,28.0478,28.1471,27.6669,28.0312,32041168
2013-10-04,27.8904,28.1388,27.8325,28.0477,27325894
2013-10-07,27.816,27.907,27.4848,27.5676,29032325
2013-10-08,27.5759,27.5924,27.1537,27.3275,33956633
2013-10-09,27.3772,27.609,27.2861,27.3772,29702317
2013-10-10,27.5759,28.056,27.5345,27.9484,35494385
2013-10-11,27.8822,28.263,27.8822,28.2547,24863225
2013-10-14,28.0643,28.561,27.9649,28.5196,22979512
2013-10-15,28.7017,28.9666,28.5361,28.5527,38990123
2013-10-16,28.6438,28.8921,28.6107,28.6769,29067316
2013-10-17,28.5196,28.9666,28.4534,28.9087,25960874
2013-10-18,28.8259,28.9666,28.4203,28.9418,34614012
2013-10-21,28.9584,29.1405,28.9005,28.9667,22711002
2013-10-22,28.9915,29.0577,28.5775,28.6272,33477184
2013-10-23,28.4368,28.5527,27.8739,27.9484,48512743
2013-10-24,27.9981,28.2299,27.7911,27.9153,44049963
2013-10-25,29.7035,30.0429,29.3641,29.5793,93956705
2013-10-28,29.4799,29.5793,29.1984,29.4468,31776053
2013-10-29,29.4965,29.571,29.1902,29.4054,26244816
2013-10-30,29.4137,29.629,29.3309,29.422,30628766
2013-10-31,29.5214,29.5462,29.2565,29.3144,34506965
2013-11-01,29.5296,29.5462,29.2978,29.4137,33333264
2013-11-04,29.4634,29.7862,29.4302,29.7531,23230184
2013-11-05,29.6289,30.3905,29.6124,30.3326,42785109
2013-11-06,30.8293,31.6406,30.6803,31.6075,73636700
2013-11-07,31.4254,31.4668,30.9867,31.0446,50033464
2013-11-08,31.1853,31.2764,30.9121,31.2764,30413608
2013-11-11,31.2019,31.2764,30.9204,31.1191,22246555
2013-11-12,30.9453,31.1274,30.7962,30.9287,26202967
2013-11-13,30.6141,31.591,30.5479,31.591,37218437
2013-11-14,31.3509,31.5662,31.2267,31.4751,38233471
2013-11-15,31.4172,31.4751,31.2268,31.3261,41890629
2013-11-18,30.9204,31.1108,30.6886,30.7962,44106036
2013-11-19,30.7379,31.0548,30.5877,30.6461,36931303
2013-11-20,30.7962,31.205,30.7462,30.9297,26884065
2013-11-21,31.0882,31.305,31.0798,31.1966,19239043
2013-11-22,31.305,31.4302,31.1382,31.3384,23340727
2013-11-25,31.6387,31.6554,31.3384,31.3968,25563535
2013-11-26,31.3384,31.4051,31.1549,31.1549,28748674
2013-11-27,31.3384,31.4969,31.2716,31.3634,21689209
2013-11-29,31.5469,31.939,31.5469,31.8055,18426337
2013-12-02,31.7722,32.3478,31.7472,32.0725,35826442
2013-12-03,31.8139,32.1058,31.7638,31.9557,43466592
2013-12-04,31.8723,32.5146,31.7972,32.4812,43361318
2013-12-05,32.4061,32.4311,31.0131,31.6971,97013979
2013-12-06,32.0474,32.1559,31.6888,31.9974,30410292
2013-12-09,32.1642,32.4228,32.0057,32.2893,25262561
2013-12-10,32.2059,32.4478,31.7137,31.7888,31554075
2013-12-11,31.7472,31.9474,31.1883,31.3718,33243097
2013-12-12,31.3968,31.3968,31.0131,31.0465,30039532
2013-12-13,31.2133,31.2383,30.546,30.6044,33420522
2013-12-16,30.6377,30.863,30.4793,30.7712,26470572
2013-12-17,30.8129,30.9547,30.3041,30.4626,38109697
2013-12-18,30.3291,30.5293,29.6368,30.5126,52710642
2013-12-19,30.4543,30.4876,30.0956,30.2374,28494141
2013-12-20,30.1956,30.8045,30.1873,30.6961,52257691
2013-12-23,30.7045,30.7712,30.4876,30.546,20960712
2013-12-24,30.6294,31.0048,30.5627,30.9297,11880575
2013-12-26,31.0298,31.2717,31.0048,31.23,14691446
2013-12-27,31.3468,31.3802,31.0048,31.1049,12147510
2013-12-30,31.0465,31.18,30.7796,31.1049,13588479
2013-12-31,31.1967,31.3468,31.0465,31.205,14600286
2014-01-02,31.1549,31.1966,30.9464,30.9964,25551343
2014-01-03,31.0298,31.0465,30.5293,30.7879,25970607
2014-01-06,30.7379,30.7712,30.1206,30.1373,36371375
2014-01-07,30.3041,30.4375,30.204,30.3708,29864314
2014-01-08,30.0288,30.1456,29.6785,29.8286,50024381
2014-01-09,29.9287,29.9538,29.5284,29.6368,30459507
2014-01-10,29.9454,30.154,29.8203,30.0622,33823145
2014-01-13,30.0205,30.0455,29.0529,29.178,38288326
2014-01-14,28.9695,29.9287,28.886,29.8453,34719393
2014-01-15,29.9454,30.6878,29.9037,30.6628,37379755
2014-01-16,30.6044,30.863,30.2874,30.7712,31712687
2014-01-17,30.7212,30.7212,30.1539,30.3458,38593301
2014-01-21,30.7128,30.7128,30.0788,30.1706,26331335
2014-01-22,30.2457,30.2957,29.8203,29.9704,18271100
2014-01-23,30.1039,30.1373,29.6285,30.0789,36663560
2014-01-24,31.2383,31.3218,30.4709,30.7045,63724141
2014-01-27,30.7545,30.7712,30.0121,30.0538,37052840
2014-01-28,30.1289,30.3541,29.8203,30.254,30200198
2014-01-29,30.0122,30.7629,29.9455,30.5794,43997217
2014-01-30,30.6878,30.7629,30.2207,30.7462,29224989
2014-01-31,30.8212,31.6053,30.4959,31.5636,77709767
2014-02-03,31.4802,31.6887,30.3875,30.4292,53437195
2014-02-04,30.838,31.0215,30.2374,30.3208,45625422
2014-02-05,30.2707,30.4209,29.862,29.8787,46556720
2014-02-06,29.862,30.2374,29.7703,30.179,29488169
2014-02-07,30.2957,30.5209,30.0371,30.4959,27743678
2014-02-10,30.5543,30.6961,30.2707,30.6961,22327242
2014-02-11,30.7629,31.0799,30.7462,31.0048,26810268
2014-02-12,31.1549,31.3634,31.1132,31.255,22564825
2014-02-13,31.1382,31.5803,31.1382,31.3718,31393070
2014-02-14,31.1882,31.5136,31.1382,31.3801,26198046
2014-02-18,31.6239,31.7499,31.439,31.4474,27593371
2014-02-19,31.2793,31.7247,31.2709,31.523,25001916
2014-02-20,31.5734,31.8255,31.4306,31.7247,23132643
2014-02-21,31.8844,32.2289,31.8172,31.918,31952708
2014-02-24,31.6743,31.918,31.5482,31.6743,26963998
2014-02-25,31.607,31.8087,31.3885,31.5482,25830614
2014-02-26,31.5818,31.7163,31.2541,31.4894,34491104
2014-02-27,31.4725,31.8423,31.2877,31.8171,28492020
2014-02-28,31.918,32.3214,31.7835,32.1953,34636630
2014-03-03,31.8676,32.044,31.5062,31.7499,24974263
2014-03-04,32.1028,32.3381,31.9936,32.2793,22524413
2014-03-05,32.1449,32.1617,31.8759,32.0272,17244853
2014-03-06,32.0524,32.1364,31.8423,32.0608,19818197
2014-03-07,32.17,32.2373,31.6742,31.8507,22347258
2014-03-10,31.9264,31.9432,31.6995,31.7835,15972932
2014-03-11,31.8255,32.1281,31.6995,31.9516,21191592
2014-03-12,31.7667,32.2962,31.7583,32.1617,25626917
2014-03-13,32.2877,32.3129,31.6322,31.8423,27035029
2014-03-14,31.6407,32.0525,31.523,31.6827,22854908
2014-03-17,31.8507,32.2793,31.7583,31.9768,17210830
2014-03-18,32.1533,33.5315,32.1197,33.2374,53838621
2014-03-19,33.1702,33.2374,32.6996,33.0021,29915517
2014-03-20,32.9853,34.1618,32.9769,33.8929,49809705
2014-03-21,34.2206,34.4055,33.6239,33.75,67837668
2014-03-24,33.9012,34.1534,33.4979,34.0357,38740526
2014-03-25,34.1702,34.4476,33.582,33.9013,36299014
2014-03-26,34.019,34.2123,33.2794,33.4391,35277452
2014-03-27,33.397,33.5903,33.0609,33.0777,29723877
2014-03-28,33.4391,34.1534,33.3467,33.8677,36534004
2014-03-31,33.9769,34.8761,33.9517,34.4475,39402679
2014-04-01,34.582,34.9518,34.5148,34.8089,27400874
2014-04-02,34.8257,35.0106,34.5988,34.7501,24091190
2014-04-03,34.6996,34.6996,34.2122,34.4643,25328949
2014-04-04,34.666,34.7837,33.313,33.5063,43204050
2014-04-07,33.582,33.8425,33.3971,33.4475,31564691
2014-04-08,33.4055,33.5567,32.9433,33.4643,30185605
2014-04-09,33.5567,34.0777,33.5147,34.0105,23025537
2014-04-10,33.9853,34.1954,32.8508,33.0777,38624938
2014-04-11,32.7751,33.439,32.7751,32.9516,28850676
2014-04-14,32.8676,33.1197,32.6911,32.9264,26897961
2014-04-15,33.0609,33.582,32.8172,33.4055,28546954
2014-04-16,33.666,33.9685,33.5399,33.9517,25729170
2014-04-17,33.624,33.7837,33.2038,33.624,30832561
2014-04-21,33.7248,33.7416,33.439,33.5651,18674432
2014-04-22,33.582,33.7333,33.4727,33.6072,22738183
2014-04-23,33.6071,33.6071,33.1701,33.355,20675898
2014-04-24,33.3971,33.5903,33.0273,33.4979,35617025
2014-04-25,33.8592,34.187,33.4054,33.5399,47798601
2014-04-28,33.7332,34.6997,33.6912,34.3467,42532257
2014-04-29,34.54,34.6157,33.9434,34.0442,24905967
2014-04-30,33.9517,34.0357,33.7584,33.9517,29799088
2014-05-01,33.8173,33.9181,33.5736,33.6156,24192643
2014-05-02,33.876,33.9013,33.3298,33.355,36486790
2014-05-05,33.2121,33.313,33.0272,33.1365,18875871
2014-05-06,33.0189,33.0693,32.7332,32.8256,22784967
2014-05-07,32.96,33.2037,32.3633,33.1281,35081582
2014-05-08,33.0609,33.5315,32.7499,33.313,26993615
2014-05-09,33.229,33.4895,33.0861,33.229,24915531
2014-05-12,33.397,33.6323,33.3214,33.5903,19146219
2014-05-13,33.785,34.2759,33.7258,34.2082,22854666
2014-05-14,34.1066,34.2335,33.895,34.0558,15926588
2014-05-15,33.9289,34.1913,33.438,33.5142,31985072
2014-05-16,33.5734,33.7173,33.2349,33.7088,25277030
2014-05-19,33.5226,33.7003,33.3957,33.6411,20766418
2014-05-20,33.5819,33.8019,33.3957,33.5819,18044262
2014-05-21,33.6834,34.1489,33.6326,34.1489,18956406
2014-05-22,34.0981,34.1489,33.7257,33.9373,17097121
2014-05-23,34.1659,34.1659,33.8527,33.9543,15250660
2014-05-27,34.0727,34.0727,33.6919,34.0135,22140173
2014-05-28,33.9712,34.0135,33.7004,33.8612,21760116
2014-05-29,33.9796,34.1489,33.7765,34.1404,16831708
2014-05-30,34.2335,34.6736,34.0642,34.6482,29255132
2014-06-02,34.6567,34.7752,34.4282,34.5213,15660517
2014-06-03,34.3605,34.4282,34.0642,34.0981,15292012
2014-06-04,34.0304,34.1658,33.7342,34.1235,19642170
2014-06-05,34.352,34.9106,34.1912,34.8767,26968042
2014-06-06,35.1053,35.2576,34.9022,35.1053,20362851
2014-06-09,35.0291,35.1052,34.7159,34.9275,12711003
2014-06-10,34.7244,34.8344,34.5805,34.7921,12794370
2014-06-11,34.6397,34.7582,34.5043,34.5805,15267553
2014-06-12,34.5383,34.5975,34.0982,34.3436,25236283
2014-06-13,34.7837,35.1814,34.5806,34.8937,22266632
2014-06-16,34.7329,35.2153,34.7329,35.1222,20485383
2014-06-17,34.9444,35.4692,34.1404,35.2745,19057878
2014-06-18,35.2152,35.3253,34.8513,35.2491,22932650
2014-06-19,35.1814,35.3506,34.9783,35.1306,16780934
2014-06-20,35.0798,35.4014,35.0206,35.2745,40424255
2014-06-23,35.3169,35.5454,35.283,35.5369,15863303
2014-06-24,35.4015,35.4946,35.173,35.3338,22435143
2014-06-25,35.2914,35.5876,35.0883,35.5707,16967892
2014-06-26,35.4861,35.4946,35.063,35.3084,19976836
2014-06-27,35.2153,35.7908,35.1306,35.7569,63169113
2014-06-30,35.6892,35.723,35.2914,35.2914,26060710
2014-07-01,35.4268,35.6723,35.283,35.4353,22780319
2014-07-02,35.3168,35.4607,35.1476,35.4607,17102467
2014-07-03,35.4692,35.5369,35.173,35.3761,13515109
2014-07-07,35.3338,35.6469,35.2999,35.5369,18578715
2014-07-08,35.4353,35.5453,35.2152,35.3591,26420475
2014-07-09,35.5285,35.5369,35.1476,35.2661,15611110
2014-07-10,35.0122,35.5454,34.7414,35.283,18496027
2014-07-11,35.2914,35.6215,35.1052,35.6215,20381862
2014-07-14,35.7315,35.9262,35.5792,35.6638,18518348
2014-07-15,35.8246,35.9431,35.5707,35.9262,24330543
2014-07-16,35.977,37.5004,35.9516,37.3057,53587167
2014-07-17,38.4651,38.6852,37.4495,37.6865,69550592
2014-07-18,37.788,37.9488,37.4495,37.8219,36736499
2014-07-21,37.7119,38.2197,37.4242,37.9489,31825281
2014-07-22,38.0843,38.2112,37.7373,37.9404,36472717
2014-07-23,38.4652,38.4652,37.7627,37.9743,44315678
2014-07-24,38.025,38.0843,37.5088,37.5765,26003361
2014-07-25,37.4918,37.7965,37.4918,37.6611,22628566
2014-07-28,37.5427,37.6696,37.1787,37.2126,25122271
2014-07-29,37.1618,37.3142,36.9333,37.1449,23496413
2014-07-30,37.2972,37.3226,36.6371,36.8825,27015627
2014-07-31,36.7133,36.9756,36.4594,36.5271,26690765
2014-08-01,36.5694,36.6033,36.0532,36.2732,26379994
2014-08-04,36.3663,36.7894,36.2309,36.7048,29009571
2014-08-05,36.6541,36.781,36.2478,36.4594,22229740
2014-08-06,36.1716,36.5355,35.7231,36.1716,20848180
2014-08-07,36.2562,36.7725,36.0954,36.5863,25656027
2014-08-08,36.5863,36.6625,36.3155,36.5609,24494703
2014-08-11,36.6117,36.7725,36.4086,36.5609,17223908
2014-08-12,36.4255,36.8909,36.3916,36.8317,18137496
2014-08-13,36.9672,37.3903,36.8318,37.3057,19371797
2014-08-14,37.3057,37.5934,37.2465,37.4665,16345110
2014-08-15,37.7289,37.9997,37.5765,37.9066,35216408
2014-08-18,38.0335,38.1774,37.8135,38.1774,22758419
2014-08-19,38.2966,38.6117,38.1774,38.6032,23963705
2014-08-20,38.6117,38.6628,38.237,38.2796,21094657
2014-08-21,38.1859,38.535,38.1774,38.5095,18978405
2014-08-22,38.6202,38.7224,38.3818,38.4499,15579661
2014-08-25,38.6628,38.6968,38.3562,38.4669,14400604
2014-08-26,38.5862,38.6628,38.2711,38.3307,12665993
2014-08-27,38.2369,38.3221,38.1177,38.2114,18128827
2014-08-28,38.1093,38.3052,37.9901,38.22,15037288
2014-08-29,38.3988,38.6968,38.2029,38.6883,18401085
2014-09-02,38.6883,38.7139,38.1944,38.3988,19567122
2014-09-03,37.9219,38.4158,37.9219,38.2881,28685843
2014-09-04,38.1008,38.5521,38.0837,38.5436,22546643
2014-09-05,38.4158,39.1141,38.4158,39.0971,31457709
2014-09-08,39.1908,39.855,39.1652,39.574,38949519
2014-09-09,39.574,39.9998,39.5315,39.821,34321682
2014-09-10,39.8721,39.9743,39.4122,39.8891,23250815
2014-09-11,39.804,40.0254,39.574,40.0254,24880811
2014-09-12,39.9487,40.0424,39.6847,39.7699,32569334
2014-09-15,39.6336,39.7784,39.2589,39.3781,32077823
2014-09-16,39.5059,39.8976,39.4207,39.821,23768777
2014-09-17,39.3952,39.7614,39.3696,39.6166,32626552
2014-09-18,39.6763,39.8806,39.5655,39.7529,30280162
2014-09-19,39.8636,40.5108,39.6847,40.4682,172468792
2014-09-22,40.2809,40.349,40.0084,40.0765,32945250
2014-09-23,39.8977,40.0084,39.5741,39.6507,28469390
2014-09-24,39.7103,40.119,39.4633,40.0935,22637924
2014-09-25,39.9231,40.102,39.1993,39.2078,28168812
2014-09-26,39.1141,39.7017,38.9694,39.5229,23060390
2014-09-29,39.1568,39.6507,38.9694,39.5485,22219206
2014-09-30,39.4888,39.5825,39.1822,39.4803,28131076
2014-10-01,39.4037,39.6251,39.046,39.0886,32436214
2014-10-02,39.029,39.2589,38.8672,38.9694,21391782
2014-10-03,39.1567,39.4292,38.8416,39.2504,27637255
2014-10-06,39.2759,39.4292,39.1056,39.2504,17546436
2014-10-07,39.0545,39.1141,38.6798,38.7735,21906389
2014-10-08,38.7309,39.9317,38.6117,39.838,28129307
2014-10-09,39.5995,39.855,38.9523,39.046,29314562
2014-10-10,38.8331,39.276,37.428,37.4961,44264729
2014-10-13,37.3173,37.9475,37.0362,37.1725,31594666
2014-10-14,37.3598,37.7941,37.0958,37.2406,32459445
2014-10-15,36.6189,36.9511,35.8525,36.8063,51282451
2014-10-16,36.2187,36.687,35.9547,36.3975,41762938
2014-10-17,36.7893,37.4195,36.4402,37.1555,34646077
2014-10-20,36.6701,37.5898,36.4572,37.5387,29404094
2014-10-21,37.7772,38.3052,37.6324,38.22,31027180
2014-10-22,38.3222,38.3818,37.6665,37.7942,28589124
2014-10-23,37.9986,38.7054,37.9219,38.3392,38707008
2014-10-24,39.8806,39.9402,38.4755,39.2845,52013172
2014-10-27,38.9268,39.2589,38.9268,39.0971,25864294
2014-10-28,39.0545,39.5995,38.9778,39.591,24738882
2014-10-29,39.5485,39.7699,39.4634,39.7018,25783262
2014-10-30,39.4462,39.4462,38.9779,39.2163,25611012
2014-10-31,39.9743,39.9998,39.5825,39.9828,30529742
2014-11-03,39.9317,40.4171,39.7955,40.4001,19697944
2014-11-04,40.2809,40.6471,40.2383,40.5108,18335714
2014-11-05,40.7066,40.7918,40.2467,40.7577,19118138
2014-11-06,40.7578,41.6094,40.6981,41.4731,28135113
2014-11-07,41.6605,41.6605,41.124,41.4561,23845433
2014-11-10,41.4305,41.8563,41.3454,41.6349,30972908
2014-11-11,41.6009,41.686,41.4305,41.6179,19966032
2014-11-12,41.3538,41.6604,41.3198,41.5412,19350211
2014-11-13,41.5667,42.2821,41.4816,42.248,22320842
2014-11-14,42.3588,42.6228,42.0607,42.2225,24766077
2014-11-17,42.0777,42.3332,41.8478,42.1203,25819420
2014-11-18,42.1031,42.2745,41.7346,41.7689,20563513
2014-11-19,41.7004,41.7775,41.0748,41.3233,22433444
2014-11-20,41.1348,41.7347,41.0234,41.7347,18434054
2014-11-21,42.0089,42.0346,40.7662,41.1176,36751147
2014-11-24,41.1262,41.1348,40.612,40.7834,30366194
2014-11-25,40.8434,41.1091,40.6635,40.6806,24002154
2014-11-26,40.6977,41.1262,40.5177,40.9205,23278494
2014-11-28,41.092,41.3062,40.8006,40.972,18454454
2014-12-01,41.0319,41.8032,40.8863,41.6661,26730406
2014-12-02,41.8547,42.0346,41.3062,41.529,22087241
2014-12-03,41.5118,41.5632,40.9719,41.2033,20168707
2014-12-04,41.469,42.0431,41.3061,41.8546,25983788
2014-12-05,41.8375,41.966,41.4604,41.4947,23406884
2014-12-08,41.3576,41.4347,40.6635,40.8777,22849606
2014-12-09,40.3721,41.0662,40.3206,40.7834,20850610
2014-12-10,40.7748,40.8434,40.0207,40.1921,26079274
2014-12-11,40.3464,40.912,40.0036,40.4235,24904030
2014-12-12,40.0893,40.9034,39.995,40.235,29350040
2014-12-15,40.4492,40.852,39.8922,39.995,25064619
2014-12-16,39.3352,39.7122,38.6753,38.701,40964614
2014-12-17,38.6067,39.378,38.4781,39.198,29969159
2014-12-18,39.9178,40.7234,39.7122,40.7234,34369453
2014-12-19,40.8177,41.2205,40.4235,40.8434,55318726
2014-12-22,40.9462,41.2376,40.8862,41.1176,22766364
2014-12-23,41.4518,41.8203,41.2462,41.5204,20265812
2014-12-24,41.6833,41.6833,41.2034,41.2548,9801914
2014-12-26,41.4862,41.4862,40.9806,41.032,11310195
2014-12-29,40.8777,40.9463,40.5007,40.6635,12374302
2014-12-30,40.6549,40.8092,40.1407,40.295,14041291
2014-12-31,40.0465,40.6549,39.8065,39.8065,18469959
2015-01-02,39.9864,40.6377,39.8836,40.0721,23921484
2015-01-05,39.7379,40.0464,39.635,39.7036,33999496
2015-01-06,39.7465,40.0636,39.0266,39.1209,31234932
2015-01-07,39.4037,39.815,38.9837,39.6179,24950022
2015-01-08,40.0635,40.9205,40.0378,40.7834,25405170
2015-01-09,40.8005,40.9805,40.1921,40.4406,20519555
2015-01-12,40.6377,40.7406,39.7293,39.935,20269069
2015-01-13,40.2521,41.0576,39.4722,39.7293,30225976
2015-01-14,39.3866,39.6266,39.0952,39.3866,25468973
2015-01-15,39.6094,39.7465,38.9152,38.9752,28066600
2015-01-16,38.8295,39.6608,38.7095,39.6265,30589961
2015-01-20,39.678,39.9779,39.0524,39.7551,30989867
2015-01-21,39.3694,39.5408,38.9752,39.3523,33491532
2015-01-22,39.7465,40.3978,39.4894,40.3892,30763664
2015-01-23,40.5864,40.6121,40.1064,40.4321,22462697
2015-01-26,40.2778,40.3892,39.6265,40.2864,36443295
2015-01-27,36.807,37.0213,36.0872,36.5585,144969107
2015-01-28,36.6271,36.67,35.2731,35.2988,72420472
2015-01-29,35.076,36.0958,34.956,36.0015,54490983
2015-01-30,35.6073,35.633,34.579,34.6218,66848268
2015-02-02,34.7846,35.453,34.4761,35.3759,43150800
2015-02-03,35.6758,35.9329,35.1788,35.6501,44633240
2015-02-04,35.9415,36.1729,35.4445,35.8558,35662809
2015-02-05,36.1815,36.5414,35.873,36.3786,31320903
2015-02-06,36.5757,36.67,36.1215,36.3443,29665553
2015-02-09,36.1987,36.6272,36.173,36.3015,26892847
2015-02-10,36.6271,36.6528,36.1472,36.5071,25427024
2015-02-11,36.55,36.55,36.1729,36.3186,32790005
2015-02-12,36.5585,36.927,36.43,36.927,28510489
2015-02-13,37.1756,37.5955,36.9785,37.5955,34506019
2015-02-17,37.9493,37.9752,37.2761,37.6127,29081832
2015-02-18,37.6559,37.7163,37.4488,37.5696,23399396
2015-02-19,37.2675,37.5696,37.1553,37.5437,23823765
2015-02-20,37.5523,37.8717,37.3624,37.8544,25651491
2015-02-23,37.7163,38.1392,37.6732,38.1047,28066118
2015-02-24,38.1047,38.2341,37.9062,38.0529,21811328
2015-02-25,37.9321,38.0529,37.8026,37.9666,25684893
2015-02-26,37.9666,38.1737,37.8803,38.027,24992266
2015-02-27,38.0875,38.1479,37.6818,37.8458,29178551
2015-03-02,37.6905,38.1393,37.5869,37.8717,27552784
2015-03-03,37.5955,37.8285,37.1898,37.3538,27401360
2015-03-04,37.1207,37.2934,37.0085,37.1639,22222994
2015-03-05,37.1726,37.3193,36.9568,37.2071,20017696
2015-03-06,37.1122,37.2071,36.3786,36.5598,31285384
2015-03-09,36.4131,37.2244,36.4131,36.9827,27711564
2015-03-10,36.5512,36.8619,36.275,36.275,33797719
2015-03-11,36.5166,36.5684,36.111,36.2318,27804152
2015-03-12,35.6709,35.947,35.2652,35.4033,51777974
2015-03-13,35.1271,35.7917,35.0494,35.714,50064935
2015-03-16,35.7916,35.9383,35.6276,35.8693,30443594
2015-03-17,35.7054,36.1024,35.5155,35.9902,27336499
2015-03-18,35.7571,36.9654,35.6708,36.6806,38143336
2015-03-19,36.4735,36.7583,36.439,36.4994,29240171
2015-03-20,36.7324,37.0949,36.672,37.0086,62058882
2015-03-23,37.0086,37.2243,36.9223,36.9913,22652295
2015-03-24,36.9223,37.2589,36.8964,37.0259,22019881
2015-03-25,37.0431,37.0517,35.7657,35.783,37517690
2015-03-26,35.5759,35.9125,35.317,35.5673,32361496
2015-03-27,35.4896,35.7571,35.2393,35.3601,29690919
2015-03-30,35.4723,35.8521,35.3083,35.3515,30250475
2015-03-31,35.1962,35.4119,34.989,35.0926,30110245
2015-04-01,35.0408,35.1789,34.7905,35.1444,31817506
2015-04-02,35.0925,35.1616,34.6265,34.7732,32354439
2015-04-06,34.8164,36.0592,34.6783,35.8607,33852932
2015-04-07,35.9124,36.1714,35.6535,35.8434,24864600
2015-04-08,35.783,35.9815,35.4205,35.7485,21364001
2015-04-09,35.6018,35.9211,35.6018,35.8003,22201623
2015-04-10,35.9297,36.2059,35.7398,36.0074,24185028
2015-04-13,35.7312,36.3008,35.7226,36.0419,26130982
2015-04-14,36.0765,36.275,35.7226,35.947,20924693
2015-04-15,36.042,36.6461,35.9729,36.4735,23599546
2015-04-16,36.206,36.5426,36.0938,36.3872,19427537
2015-04-17,35.9643,36.0247,35.5241,35.9211,36583595
2015-04-20,36.0161,37.2589,35.9729,37.0345,39751198
2015-04-21,37.1122,37.2417,36.7066,36.8015,22451849
2015-04-22,36.8273,37.2243,36.7237,37.1035,21632316
2015-04-23,37.0172,37.6386,36.9395,37.4056,39968496
2015-04-24,39.4079,41.5483,39.3993,41.3153,113005329
2015-04-27,40.7629,41.5397,40.7543,41.4534,51135526
2015-04-28,41.2377,42.4719,41.1686,42.4287,52415152
2015-04-29,42.049,42.5582,41.8591,42.3424,41258897
2015-04-30,42.0317,42.7567,41.9454,41.9799,55862870
2015-05-01,41.9282,42.1871,41.7728,41.9972,33605787
2015-05-04,41.7469,42.1784,41.5829,41.6347,29378615
2015-05-05,41.2722,41.5656,40.832,41.0823,43472323
2015-05-06,41.0564,41.229,39.7186,39.943,45253486
2015-05-07,39.9344,40.6421,39.8394,40.3055,28456978
2015-05-08,41.0392,41.4103,41.0133,41.2118,30522538
2015-05-11,41.0392,41.3499,40.8838,40.8838,21239725
2015-05-12,40.435,41.1513,40.0638,40.8665,25830304
2015-05-13,41.5915,41.7037,41.0564,41.1082,29503829
2015-05-14,41.4534,42.1352,41.4534,42.0489,28464913
2015-05-15,42.1785,42.213,41.4707,41.6865,24720785
2015-05-18,41.4103,41.6174,41.091,41.4362,20831594
2015-05-19,41.3145,41.5317,40.9844,41.3319,24822421
2015-05-20,41.1669,41.6359,41.0626,41.3319,21758665
2015-05-21,41.0713,41.3493,40.8367,41.1929,19467771
2015-05-22,41.0887,41.1321,40.6717,40.7412,22343030
2015-05-26,40.6804,40.7238,40.1244,40.4719,25697268
2015-05-27,40.6717,41.497,40.498,41.358,23745972
2015-05-28,41.2624,41.7141,41.1669,41.219,16751419
2015-05-29,41.2016,41.3233,40.472,40.7065,31723967
2015-06-01,40.8802,41.497,40.498,41.0279,25050473
2015-06-02,40.7673,41.1321,40.498,40.7586,18675205
2015-06-03,41.1495,41.4709,40.6717,40.6978,24325036
2015-06-04,40.6456,40.967,40.1331,40.2721,24102018
2015-06-05,40.2287,40.4111,39.8204,40.081,22097626
2015-06-08,40.22,40.333,39.6728,39.7249,19216671
2015-06-09,39.751,39.9073,39.4904,39.6554,21201175
2015-06-10,39.777,40.6804,39.6901,40.4893,24685703
2015-06-11,40.5327,40.7586,40.0723,40.3416,23756546
2015-06-12,40.1505,40.3676,39.8725,39.9333,20788423
2015-06-15,39.4816,39.6554,39.1081,39.5077,28887617
2015-06-16,39.3947,40.1679,39.3513,39.8117,23515485
2015-06-17,39.7248,40.0202,39.4034,39.9333,24934728
2015-06-18,40.1506,40.6544,40.1071,40.5849,28369731
2015-06-19,40.6457,40.6804,39.9507,40.0463,55454136
2015-06-22,40.2461,40.5849,40.0984,40.1592,17649981
2015-06-23,40.0723,40.2026,39.6293,39.8812,22495829
2015-06-24,39.6728,40.1766,39.5685,39.6467,30309138
2015-06-25,39.9855,40.0116,39.5251,39.6554,17908778
2015-06-26,39.6554,40.2027,39.1168,39.3166,43291086
2015-06-29,39.1254,39.2905,38.5347,38.5434,29606144
2015-06-30,38.8388,38.8474,38.1699,38.3523,31225114
2015-07-01,38.6216,39.2905,38.3089,38.6129,24621826
2015-07-02,38.639,38.8735,38.2741,38.5695,18895580
2015-07-06,38.1873,38.639,38.1786,38.5608,20009224
2015-07-07,38.5173,38.6476,37.6313,38.4826,31651113
2015-07-08,38.6042,39.0038,38.2481,38.4305,34561303
2015-07-09,38.8735,39.2818,38.6563,38.6737,28166737
2015-07-10,39.0994,39.2123,38.7172,38.7519,22121680
2015-07-13,39.0733,39.6293,39.0473,39.5598,24477995
2015-07-14,39.4816,39.9247,39.36,39.6293,19875718
2015-07-15,39.6814,39.8638,39.4642,39.7509,23132661
2015-07-16,39.9681,40.5588,39.9333,40.5327,22821752
2015-07-17,40.4372,40.637,40.1853,40.498,25597568
2015-07-20,40.5241,40.941,40.3416,40.7586,26609407
2015-07-21,40.637,41.1147,40.3764,41.0713,37163880
2015-07-22,39.4729,40.7673,39.2644,39.5598,51384653
2015-07-23,39.3253,40.1592,39.1776,40.055,29477909
2015-07-24,39.8812,40.2374,39.7857,39.9073,28087303
2015-07-27,39.9073,39.9681,39.3079,39.3948,34487954
2015-07-28,39.5946,39.6467,38.9083,39.3861,29820942
2015-07-29,39.4382,40.637,39.3166,40.2113,35568975
2015-07-30,40.1852,41.1755,39.8986,40.7238,34554335
2015-07-31,41.08,41.1495,40.3938,40.5675,27104215
2015-08-03,40.8107,40.828,40.3503,40.663,20957733
2015-08-04,40.6109,41.4449,40.5501,41.2972,29017407
2015-08-05,41.6794,42.0529,41.2972,41.3319,23419412
2015-08-06,41.4449,41.497,40.2461,40.498,23774115
2015-08-07,40.2982,40.6369,40.1852,40.6022,16646555
2015-08-10,40.7846,41.2537,40.689,41.1147,20049084
2015-08-11,40.6718,40.776,39.8726,40.3156,25398046
2015-08-12,40.1244,40.7412,39.7075,40.6022,26218041
2015-08-13,40.8802,40.9149,40.385,40.5935,19655837
2015-08-14,40.4198,40.915,40.4111,40.8281,18653577
2015-08-17,40.6631,41.219,40.4546,41.1061,18328960
2015-08-18,40.9574,41.4733,40.835,41.3334,20613448
2015-08-19,40.9049,41.1673,40.4852,40.7563,27531270
2015-08-20,40.2841,40.6339,39.9256,39.9256,31687076
2015-08-21,39.6108,39.7682,37.6609,37.6609,61255231
2015-08-24,35.3699,37.3286,34.7316,36.4454,77607104
2015-08-25,37.2237,37.8095,35.3174,35.3874,61747909
2015-08-26,36.734,37.4598,35.9033,37.3461,55444662
2015-08-27,37.8007,38.4303,37.5384,38.3866,44545245
2015-08-28,37.9495,38.6053,37.9407,38.4129,24699241
2015-08-31,38.0894,38.4129,37.6871,38.0544,30116228
2015-09-01,36.8739,37.2412,36.428,36.5679,43448559
2015-09-02,37.0401,37.932,36.6204,37.9145,32940408
2015-09-03,37.9582,38.4566,37.8445,38.0369,24732904
2015-09-04,37.4336,37.6347,36.9002,37.2587,32474616
2015-09-08,37.862,38.4741,37.7746,38.3779,28391951
2015-09-09,38.6577,38.8239,37.521,37.6609,29266113
2015-09-10,37.7046,38.2905,37.3811,37.8533,27427335
2015-09-11,37.7221,38.1156,37.5472,38.0194,23724963
2015-09-14,37.9756,37.9844,37.4772,37.6346,20685039
2015-09-15,37.7658,38.7277,37.6696,38.4566,25254916
2015-09-16,38.4478,38.8064,38.3342,38.7364,20436905
2015-09-17,38.7277,39.3485,38.5441,38.6927,28652884
2015-09-18,38.0369,38.4653,37.8882,38.0194,55213560
2015-09-21,38.1418,38.8851,38.1244,38.5703,22889650
2015-09-22,37.9319,38.5178,37.8707,38.3866,24558592
2015-09-23,38.4129,38.6227,38.0456,38.3604,14991947
2015-09-24,37.9932,38.5878,37.8358,38.3954,24400972
2015-09-25,38.8938,39.1124,38.2642,38.4216,25694205
2015-09-28,38.3255,38.5528,37.7833,37.8533,24145841
2015-09-29,37.9232,38.0981,37.6434,37.9844,28648842
2015-09-30,38.3691,38.7364,38.1768,38.7014,30568422
2015-10-01,39.1299,39.1299,38.2555,39.0075,25058799
2015-10-02,38.7102,39.8469,38.4041,39.8469,36584473
2015-10-05,40.0043,41.0011,39.9606,40.7738,30052905
2015-10-06,40.5114,41.2547,40.4153,40.8787,23624129
2015-10-07,41.1847,41.4033,40.1792,40.9224,24231220
2015-10-08,40.7126,41.552,40.6601,41.4908,29531219
2015-10-09,41.4908,41.5695,41.0274,41.1935,25008678
2015-10-12,41.0798,41.1585,40.6601,41.0973,17286311
2015-10-13,40.7125,41.211,40.7125,41.0011,17477539
2015-10-14,40.7913,41.1848,40.6863,40.8175,21596025
2015-10-15,41.1061,41.1236,40.6864,41.1061,23774733
2015-10-16,41.1148,41.5695,41.0099,41.5433,23128452
2015-10-19,41.4646,41.8668,41.1149,41.6395,25696870
2015-10-20,41.482,41.8056,41.1148,41.7706,26933774
2015-10-21,41.9018,41.963,41.1935,41.2722,21986453
2015-10-22,41.5608,42.8025,41.1761,41.998,49524150
2015-10-23,45.7317,47.2794,45.688,46.2301,118244039
2015-10-26,45.9328,47.498,45.9066,47.4368,56516072
2015-10-27,47.2094,47.5417,46.8509,46.9471,44594848
2015-10-28,46.816,47.2007,46.2214,47.2007,41098011
2015-10-29,46.816,47.0696,46.5362,46.6586,26409065
2015-10-30,46.6236,47.2095,46.0115,46.029,40764870
2015-11-02,46.2126,46.6585,46.0115,46.5536,26481513
2015-11-03,46.2826,47.5593,46.2564,47.3494,32000762
2015-11-04,47.3756,47.9877,47.2707,47.568,32430009
2015-11-05,47.6467,47.8303,47.2182,47.5505,27516420
2015-11-06,47.2969,48.0752,47.1833,48.0227,28725479
2015-11-09,47.6991,47.9789,46.8335,47.3581,28429812
2015-11-10,47.2794,47.3318,46.5798,46.7897,48340642
2015-11-11,46.9558,47.393,46.746,46.9121,31930220
2015-11-12,46.7635,47.2007,46.5099,46.6236,30920138
2015-11-13,46.405,46.5974,45.9328,46.2039,32220487
2015-11-16,46.4138,47.122,46.2126,47.0171,28125617
2015-11-17,46.8058,47.1227,46.5241,46.6297,27774734
2015-11-18,46.6561,47.5188,46.6385,47.4044,26153848
2015-11-19,47.5276,48.1174,47.3428,47.4836,24779855
2015-11-20,47.7565,47.8005,46.8938,47.7037,32701199
2015-11-23,47.7565,47.9414,47.3164,47.7037,24856189
2015-11-24,47.466,47.9238,47.1667,47.7565,21655482
2015-11-25,47.6157,47.739,47.2636,47.2636,18490904
2015-11-27,47.3604,47.6068,47.3516,47.4748,7930748
2015-11-30,48.0119,48.3816,47.5365,47.8446,49509610
2015-12-01,47.8974,48.6192,47.8005,48.6104,35170619
2015-12-02,48.6984,49.2618,48.4696,48.6016,41616297
2015-12-03,48.8481,49.0946,47.4748,47.7125,34004223
2015-12-04,47.6421,49.4995,47.6244,49.2178,38701424
2015-12-07,49.1122,49.2706,48.672,49.1298,27033978
2015-12-08,48.8305,49.3851,48.408,49.1122,28942658
2015-12-09,48.7425,49.1827,47.9855,48.3992,32019530
2015-12-10,48.76,48.9977,48.4255,48.6544,27972363
2015-12-11,48.1615,48.5048,47.5453,47.5893,34815631
2015-12-14,47.827,48.6016,47.2548,48.54,41170882
2015-12-15,48.9977,49.209,48.496,48.5928,35073966
2015-12-16,48.8921,49.5171,48.2055,49.4115,33014329
2015-12-17,49.614,49.9925,48.8833,49.033,36339791
2015-12-18,49.0946,49.2971,47.5629,47.6509,74547910
2015-12-21,48.3111,48.7249,47.7389,48.2671,32788088
2015-12-22,48.408,48.8393,47.9766,48.7249,24932184
2015-12-23,49.033,49.1914,48.8041,49.1386,24014532
2015-12-24,49.1739,49.2619,48.7953,49.0066,8414399
2015-12-28,48.7249,49.2531,48.3992,49.2531,19770168
2015-12-29,49.5523,50.0453,49.3499,49.7812,24412067
2015-12-30,49.7108,49.9837,49.5524,49.57,19106590
2015-12-31,49.3323,49.4643,48.7865,48.8393,24062334
2016-01-04,47.8182,48.2407,46.9995,48.2407,47341029
2016-01-05,48.3552,48.7601,48.0118,48.4608,30000536
2016-01-06,47.8182,47.8886,47.2196,47.5805,34788696
2016-01-07,46.3921,47.0875,45.8375,45.9255,49794351
2016-01-08,46.1015,46.9026,45.9078,46.0663,42918333
2016-01-11,46.2248,46.5241,45.3004,46.0399,32521775
2016-01-12,46.4449,46.7442,45.8287,46.4625,31775051
2016-01-13,47.3604,47.598,45.1596,45.4589,58877902
2016-01-14,45.7759,47.0259,45.3973,46.753,46112050
2016-01-15,45.1684,45.7494,44.3145,44.8867,63224048
2016-01-19,45.3181,45.4941,44.068,44.5082,38350029
2016-01-20,43.9977,45.2301,43.223,44.7107,55699550
2016-01-21,44.8956,45.4061,44.2793,44.4378,35380517
2016-01-22,45.2564,46.0663,45.1244,46.0311,33060524
2016-01-25,45.723,46.3481,45.4678,45.591,30553365
2016-01-26,45.591,46.1632,45.3797,45.9255,25441512
2016-01-27,45.7846,45.9519,44.9131,45.0892,32373377
2016-01-28,45.6526,45.9607,45.1157,45.8287,55031237
2016-01-29,48.1791,48.496,47.5365,48.496,73603794
2016-02-01,48.3112,48.496,47.9766,48.1615,38916974
2016-02-02,47.6862,47.7654,46.3481,46.6562,49573357
2016-02-03,46.8762,46.9995,45.1244,45.9167,50670170
2016-02-04,45.8638,46.4888,45.2212,45.7758,41362925
2016-02-05,45.723,45.7759,43.6279,44.1561,54586834
2016-02-08,43.6191,43.6367,42.4219,43.4959,52193760
2016-02-09,43.1525,44.2265,42.8444,43.3814,41145867
2016-02-10,43.9185,44.3586,43.5927,43.76,33660252
2016-02-11,42.8532,44.112,42.7035,43.7423,43028021
2016-02-12,44.2353,44.6139,43.7952,44.4554,30144547
2016-02-16,45.1292,45.2977,44.4465,45.2977,33063331
2016-02-17,45.6523,46.7872,45.6169,46.4769,36164561
2016-02-18,46.3971,46.9468,46.1932,46.273,24094942
2016-02-19,46.0779,46.3527,45.6878,45.9449,29754332
2016-02-22,46.3527,46.9911,46.3527,46.6808,22172981
2016-02-23,46.406,46.4326,45.2002,45.3775,25619314
2016-02-24,44.9431,45.6612,44.5086,45.5371,29271507
2016-02-25,45.8651,46.1932,44.8721,46.1932,23885254
2016-02-26,46.6365,46.7074,45.3066,45.4839,31897159
2016-02-29,45.5282,45.7942,44.9164,45.1115,28065240
2016-03-01,45.1913,46.6277,45.147,46.6188,29280383
2016-03-02,46.468,46.9557,46.2464,46.9468,25969161
2016-03-03,46.9645,46.9645,45.9094,46.4148,21658289
2016-03-04,46.4592,46.5035,45.8474,46.1311,29288948
2016-03-07,45.7144,45.9272,44.8455,45.2445,34053335
2016-03-08,45.0406,46.2198,44.8632,45.7942,29999058
2016-03-09,46.007,46.8582,45.9804,46.8493,25048594
2016-03-10,46.929,46.9379,45.3597,46.1488,34035560
2016-03-11,46.9911,47.0532,46.4414,47.0532,28616449
2016-03-14,46.7341,47.5143,46.6631,47.1419,21353144
2016-03-15,46.7694,47.5142,46.7606,47.5142,18712030
2016-03-16,47.3901,48.4098,47.3458,48.1881,28098672
2016-03-17,48.0639,48.7644,47.8777,48.4629,25024004
2016-03-18,48.6935,48.7378,47.3901,47.4256,59958495
2016-03-21,47.2128,47.8157,46.929,47.7536,21213114
2016-03-22,47.532,48.0994,47.399,47.9398,20502399
2016-03-23,47.9753,48.0906,47.6473,47.8512,17846893
2016-03-24,47.7359,48.1704,47.6384,48.064,17688190
2016-03-28,48.0639,48.1349,47.2837,47.4699,15094878
2016-03-29,47.5763,48.6403,47.3902,48.5073,21211903
2016-03-30,48.7023,49.3318,48.6757,48.8087,20399731
2016-03-31,48.72,49.2875,48.6402,48.9683,23371879
2016-04-01,48.8088,49.3053,48.3832,49.2698,21632962
2016-04-04,49.1456,49.3495,48.7644,49.1456,16782739
2016-04-05,48.9329,49.0304,48.2856,48.3743,17087317
2016-04-06,48.197,48.9417,48.064,48.8708,18786443
2016-04-07,48.6491,48.6846,48.0817,48.2856,17045455
2016-04-08,48.4718,49.0126,48.1614,48.2501,19653980
2016-04-11,48.3122,48.8974,48.1437,48.1526,18986364
2016-04-12,48.2058,48.5694,47.665,48.4541,22116260
2016-04-13,48.8708,49.1545,48.6669,49.0747,18457762
2016-04-14,48.9595,49.2787,48.8265,49.0836,18510174
2016-04-15,49.0304,49.5801,48.8619,49.3407,25529313
2016-04-18,49.1989,50.1742,48.9506,50.0589,21089284
2016-04-19,50.2096,50.3337,49.3673,49.9968,26241271
2016-04-20,49.9081,50.0943,49.1988,49.2875,32092023
2016-04-21,49.4737,49.855,49.1368,49.456,34497821
2016-04-22,46.0248,46.4858,45.014,45.9095,112454425
2016-04-25,45.9094,46.2197,45.7764,46.202,29459782
2016-04-26,46.335,46.4148,45.2977,45.608,29730848
2016-04-27,45.6435,45.6612,44.8189,45.1647,38452325
2016-04-28,44.881,45.014,43.9411,44.2426,38244403
2016-04-29,43.755,44.5529,43.755,44.216,42923034
2016-05-02,44.3313,44.9962,44.1362,44.8721,29360149
2016-05-03,44.6327,44.6948,43.9766,44.1362,23460279
2016-05-04,44.1894,44.3845,43.8525,44.216,21507400
2016-05-05,44.216,44.5973,44.0919,44.2781,22512054
2016-05-06,44.2603,44.677,44.0298,44.677,21977023
2016-05-09,44.7657,44.8543,44.3312,44.3933,15916332
2016-05-10,44.6238,45.3065,44.4997,45.2356,20295730
2016-05-11,45.3331,45.9094,45.2179,45.2622,21313664
2016-05-12,45.3952,45.9361,45.147,45.6701,21370167
2016-05-13,45.608,46.0158,45.2533,45.2888,20030896
2016-05-16,45.0406,46.0691,44.9962,45.9538,17760882
2016-05-17,46.177,46.1859,44.9628,45.0967,24823720
2016-05-18,45.0699,45.6591,44.9092,45.3645,22238069
2016-05-19,45.0609,45.1948,44.4806,44.927,21287113
2016-05-20,45.0699,45.7306,44.9985,45.1949,21343742
2016-05-23,45.177,45.2484,44.6235,44.6681,23319462
2016-05-24,45.2663,46.168,44.9984,46.0609,31032761
2016-05-25,46.3555,46.8644,46.2395,46.5341,21463720
2016-05-26,46.3645,46.4092,45.8556,46.3288,21727127
2016-05-27,46.3556,46.7127,46.2216,46.7127,15822141
2016-05-31,46.6591,47.3198,46.4984,47.3198,33617682
2016-06-01,46.8198,47.2752,46.8198,47.1859,22610662
2016-06-02,46.9984,47.0876,46.2841,46.8555,20392856
2016-06-03,46.7663,46.802,46.0699,46.2395,20863845
2016-06-06,46.4181,46.7395,46.3288,46.5431,16288121
2016-06-07,46.6413,47.0788,46.5163,46.5163,18630448
2016-06-08,46.4448,46.8198,46.3109,46.4627,18882748
2016-06-09,46.427,46.427,45.9716,46.0877,18129466
2016-06-10,45.5788,46.4716,45.5699,45.9627,23064561
2016-06-13,44.2663,45.2841,43.802,44.7663,74299023
2016-06-14,44.5521,44.7307,44.2575,44.4896,38014011
2016-06-15,44.445,44.7485,44.3646,44.3646,30139715
2016-06-16,44.2127,45.0609,44.2038,44.9895,27845992
2016-06-17,45.0074,45.0252,44.4806,44.7574,40811553
2016-06-20,45.2127,45.3823,44.6681,44.7038,31791660
2016-06-21,44.8199,45.9181,44.7842,45.7038,30443427
2016-06-22,45.6056,45.9448,45.4895,45.5252,25728390
2016-06-23,45.7841,46.4805,45.6681,46.3466,25917669
2016-06-24,44.4717,45.4806,44.2128,44.4896,119195165
2016-06-27,43.8378,43.8824,42.8914,43.2396,44834456
2016-06-28,43.677,44.1681,43.4538,44.1413,34052995
2016-06-29,44.561,45.2842,44.4628,45.1235,27949071
2016-06-30,45.2841,45.802,45.0877,45.6859,25470358
2016-07-01,45.6502,46.177,45.5966,45.677,19106843
2016-07-05,45.3823,45.7841,45.302,45.6859,22147796
2016-07-06,45.3377,46.0163,44.9895,45.8734,25148676
2016-07-07,45.9091,46.0787,45.5966,45.8734,17486176
2016-07-08,46.1859,46.7484,46.0252,46.6948,25348223
2016-07-11,46.8734,47.1681,46.8467,46.9538,19882555
2016-07-12,47.2662,47.6769,47.1323,47.5073,24389878
2016-07-13,47.8198,48.0877,47.4806,47.7752,22639249
2016-07-14,48.0698,48.2037,47.8376,47.9805,21914875
2016-07-15,48.168,48.2126,47.5073,47.9448,28592243
2016-07-18,47.9448,48.5162,47.8108,48.1769,28065008
2016-07-19,47.9538,48.1234,47.2573,47.4002,47620282
2016-07-20,50.1322,50.7482,49.5786,49.9179,80259073
2016-07-21,49.9804,50.2036,49.784,49.8197,29263895
2016-07-22,50.0697,50.5608,49.8019,50.5072,28710803
2016-07-25,50.418,50.659,50.2305,50.6501,22865846
2016-07-26,50.4625,51.15,50.4536,50.6768,25069659
2016-07-27,50.5429,50.7125,50.0965,50.1679,28862837
2016-07-28,49.9983,50.3287,49.7483,50.1858,33526007
2016-07-29,50.2304,50.6768,50.0429,50.6054,27283614
2016-08-01,50.534,50.6679,50.1233,50.5161,23216514
2016-08-02,50.7572,50.8018,50.275,50.5161,31357838
2016-08-03,50.6054,50.9893,50.4357,50.8643,19709671
2016-08-04,50.7125,51.3554,50.5965,51.2393,23738197
2016-08-05,51.4714,51.9714,51.2929,51.7482,26191232
2016-08-08,51.8375,51.8643,51.5875,51.8375,17386455
2016-08-09,51.9357,52.2303,51.8018,51.9625,15107249
2016-08-10,51.9268,52.0696,51.6232,51.8018,14068180
2016-08-11,51.8107,52.1857,51.8107,52.0518,16215787
2016-08-12,51.8108,51.9536,51.4447,51.7304,19334349
2016-08-15,51.7929,52.2304,51.7482,51.8911,17217185
2016-08-16,51.7563,51.7653,51.4509,51.6036,18438135
2016-08-17,51.6934,51.8192,51.4149,51.7114,16940425
2016-08-18,51.5856,51.8371,51.4508,51.7473,12769994
2016-08-19,51.5946,51.8641,51.388,51.7653,15516114
2016-08-22,51.7473,51.8821,51.4419,51.8102,13675216
2016-08-23,52.0169,52.2684,51.972,52.0079,16829034
2016-08-24,51.927,52.1427,51.8552,52.0618,16307157
2016-08-25,51.9989,52.3672,51.909,52.2594,16667487
2016-08-26,52.3583,52.7356,51.8282,52.1337,18840363
2016-08-29,52.2684,52.6457,52.1965,52.1965,14749060
2016-08-30,52.0888,52.2774,51.7564,52.0079,15209952
2016-08-31,51.7923,51.9271,51.4779,51.6216,18740725
2016-09-01,51.2173,51.945,51.2173,51.7384,23425933
2016-09-02,51.8102,52.2774,51.5856,51.8102,16980036
2016-09-06,51.909,51.927,51.3969,51.7563,14624366
2016-09-07,51.6305,51.9629,51.5766,51.8012,15715906
2016-09-08,51.7743,51.918,51.37,51.5946,18099077
2016-09-09,51.0197,51.6755,50.4986,50.4986,31546038
2016-09-12,50.3099,51.3969,49.9595,51.2532,26325548
2016-09-13,50.7591,50.8939,50.3549,50.7861,27068731
2016-09-14,50.6603,50.8759,50.3369,50.5435,21617543
2016-09-15,50.4447,51.5227,50.2919,51.379,24119112
2016-09-16,51.7743,51.7743,50.9837,51.4329,40074539
2016-09-19,51.4509,51.8821,51.0735,51.1454,18809702
2016-09-20,51.5227,51.5227,50.9837,51.0376,15617631
2016-09-21,51.6665,51.972,51.2802,51.8911,30282356
2016-09-22,52.0348,52.1067,51.7743,51.945,17808097
2016-09-23,51.9899,52.0258,51.5497,51.5946,17927664
2016-09-26,51.2802,51.3341,51.0556,51.1185,19484953
2016-09-27,51.1454,52.1606,50.9208,52.0618,25213453
2016-09-28,51.9989,52.1607,51.8103,52.1337,18449742
2016-09-29,51.936,52.2595,51.397,51.5677,22876204
2016-09-30,51.7203,51.9,51.5137,51.7473,26871582
2016-10-03,51.5766,51.7024,51.2622,51.5856,17239670
2016-10-04,51.4509,51.7473,51.1813,51.4239,18044991
2016-10-05,51.4689,52.0708,51.4419,51.7833,15026860
2016-10-06,51.8731,51.9809,51.4598,51.8731,14565255
2016-10-07,51.9719,52.0887,51.5856,51.927,18047777
2016-10-10,52.0258,52.457,51.9899,52.1426,16347568
2016-10-11,52.0079,52.1247,51.1095,51.379,23805034
2016-10-12,51.3071,51.4508,50.6692,51.3071,19924063
2016-10-13,50.9388,51.4778,50.5974,51.1364,22741593
2016-10-14,51.3161,51.8731,51.3161,51.5856,24618154
2016-10-17,51.5318,51.6216,51.0916,51.406,21408685
2016-10-18,51.6844,52.0617,51.5766,51.8012,17203730
2016-10-19,51.6306,51.963,51.5677,51.6845,20553775
2016-10-20,51.6575,51.6755,50.9028,51.4329,44430479
2016-10-21,54.155,54.3077,53.4453,53.598,71900199
2016-10-24,53.8496,54.8019,53.8406,54.8019,48573350
2016-10-25,54.6671,55.1343,54.6222,54.7929,31566963
2016-10-26,54.6312,54.9816,54.3258,54.4695,26872339
2016-10-27,54.4515,54.6491,53.9843,53.9933,25586086
2016-10-28,53.9125,54.3707,53.5262,53.7867,30163226
2016-10-31,54.0472,54.2808,53.8316,53.8316,23748702
2016-11-01,53.8765,53.9214,53.2297,53.7238,22040234
2016-11-02,53.7418,53.8406,53.2746,53.3914,19896674
2016-11-03,53.4813,53.5801,53.104,53.1938,19405630
2016-11-04,52.6907,53.2567,52.5739,52.7446,25781158
2016-11-07,53.7058,54.3706,53.7058,54.2808,28447380
2016-11-08,54.3976,54.6042,54.0382,54.3257,20604956
2016-11-09,53.9035,54.4335,53.1848,54.0562,44589402
2016-11-10,54.3347,54.3437,51.7743,52.7356,51947171
2016-11-11,52.3134,53.1129,52.1157,53.0231,34828684
2016-11-14,53.0231,53.077,51.4599,52.2145,37129073
2016-11-15,52.7572,53.8064,52.7481,53.2456,32473847
2016-11-16,53.3089,53.9601,53.1914,53.9511,24721181
2016-11-17,54.6385,55.1269,54.2405,54.8465,29062766
2016-11-18,54.9731,55.2987,54.539,54.5842,25041169
2016-11-21,54.7199,55.145,54.6475,55.0455,17775011
2016-11-22,55.154,55.4072,55.0002,55.2806,20989534
2016-11-23,55.1811,55.2625,54.4937,54.6294,19761462
2016-11-25,54.539,54.747,54.3852,54.747,7606152
2016-11-28,54.5752,55.1902,54.4576,54.8194,18751835
2016-11-29,54.8555,55.5429,54.738,55.2535,20229800
2016-11-30,55.0455,55.3349,54.4666,54.5028,31344446
2016-12-01,54.3672,54.4033,53.3089,53.5441,31241987
2016-12-02,53.4355,53.7883,53.1823,53.5893,23077949
2016-12-05,53.9963,54.8013,53.8697,54.4666,21302482
2016-12-06,54.6565,54.6837,54.0867,54.2224,18005093
2016-12-07,54.2766,55.5157,54.0867,55.5067,27865503
2016-12-08,55.4434,55.6966,55.0273,55.1811,19193363
2016-12-09,55.3349,56.0675,55.2897,56.0494,24736444
2016-12-12,55.9137,56.3479,55.8233,56.2303,18268381
2016-12-13,56.5288,57.3609,56.2936,56.9629,32306322
2016-12-14,56.981,57.388,56.5559,56.6916,27452826
2016-12-15,56.7096,57.1166,56.3479,56.6011,25026315
2016-12-16,56.9358,56.9358,56.1851,56.3479,38397159
2016-12-19,56.5831,57.6775,56.4564,57.5418,31057558
2016-12-20,57.6051,57.7046,57.0081,57.4694,23541651
2016-12-21,57.3699,57.6141,57.0895,57.4694,15462923
2016-12-22,57.7408,57.976,57.3519,57.4785,20057871
2016-12-23,57.388,57.4694,56.8001,57.1981,11218751
2016-12-27,57.171,57.9488,57.171,57.2343,10639357
2016-12-28,57.3428,57.3428,56.8273,56.972,13253339
2016-12-29,56.8544,57.1619,56.7368,56.8906,9271268
2016-12-30,56.9449,56.972,56.1037,56.2032,23136019
2017-01-03,56.791,56.8363,56.1941,56.6011,18716983
2017-01-04,56.5107,56.7549,56.1851,56.3479,19301191
2017-01-05,56.2484,56.6735,56.1037,56.3479,22499364
2017-01-06,56.3479,57.1167,56.1127,56.8363,18019477
2017-01-09,56.7639,57.0534,56.565,56.6554,18435345
2017-01-10,56.7368,57.0443,56.3298,56.6373,16816629
2017-01-11,56.6283,57.1891,56.4655,57.1529,19461562
2017-01-12,57.0353,57.3428,56.0314,56.6283,18964918
2017-01-13,56.6373,56.8635,56.3931,56.7097,17566711
2017-01-17,56.6916,56.7097,56.1037,56.5559,18689767
2017-01-18,56.6826,56.7097,56.1851,56.5288,17790834
2017-01-19,56.2936,56.9629,56.2575,56.3479,16688837
2017-01-20,56.6826,56.8183,56.4112,56.7459,27326941
2017-01-23,56.7096,57.0895,56.5921,56.9448,20890855
2017-01-24,57.1619,57.6503,56.9267,57.4513,22315651
2017-01-25,57.8402,57.9759,57.388,57.596,21411005
2017-01-26,57.994,58.3739,57.4785,58.1297,39393431
2017-01-27,59.1427,59.613,58.6904,59.4954,40536103
2017-01-30,59.414,59.5044,58.609,58.9075,28627435
2017-01-31,58.6633,58.9256,58.1207,58.4734,22856180
2017-02-01,58.2111,58.4462,57.4061,57.5056,35881306
2017-02-02,57.2072,57.3519,56.7549,57.1348,41448733
2017-02-03,57.4332,57.6141,57.0443,57.596,27406760
2017-02-06,57.4333,57.5689,57.1077,57.5599,17905072
2017-02-07,57.6503,57.6865,57.189,57.3699,18339917
2017-02-08,57.4965,57.7136,57.18,57.2885,16367471
2017-02-09,57.4513,58.2834,57.2704,57.9397,20480951
2017-02-10,58.1116,58.1568,57.8674,57.8855,16434688
2017-02-13,58.1026,58.6633,58.0031,58.5367,20730331
2017-02-14,58.6095,58.8916,58.2546,58.7551,21027356
2017-02-15,58.6914,58.7551,58.382,58.7187,15473783
2017-02-16,58.9098,59.3648,58.6368,58.7096,18695987
2017-02-17,58.6641,58.8643,58.5094,58.8006,19335224
2017-02-21,58.7915,59.1009,58.6459,58.6823,18795716
2017-02-22,58.5367,58.5913,58.2819,58.564,17555278
2017-02-23,58.6186,58.9007,58.4093,58.8006,18447392
2017-02-24,58.7187,58.9644,58.3638,58.8006,19833874
2017-02-27,58.7278,58.7278,58.2819,58.4457,14442175
2017-02-28,58.3092,58.4184,58.018,58.2182,21146910
2017-03-01,58.3547,59.1373,58.2547,59.0918,24511632
2017-03-02,58.8643,58.9189,58.1272,58.2455,22329656
2017-03-03,58.2273,58.4912,57.8906,58.4639,16502653
2017-03-06,58.2091,58.746,58.0635,58.4821,17061723
2017-03-07,58.4093,58.9462,58.4093,58.6004,16853075
2017-03-08,58.4729,59.2191,58.4638,59.1372,19573694
2017-03-09,59.3193,59.3284,58.6732,58.9007,18059484
2017-03-10,59.2465,59.383,58.9189,59.0827,17778679
2017-03-13,59.1555,59.3193,58.7551,58.8825,18289882
2017-03-14,58.7187,58.7369,58.3729,58.6095,12994184
2017-03-15,58.7369,59.0736,58.4639,58.9189,22597377
2017-03-16,58.9189,58.928,58.5094,58.8188,18812462
2017-03-17,59.0645,59.3648,58.8552,59.0281,44787196
2017-03-20,59.0645,59.3102,58.8916,59.0827,13283462
2017-03-21,59.3192,59.6013,58.3547,58.4275,24241361
2017-03-22,58.3456,59.2737,58.3456,59.1736,18817623
2017-03-23,59.0918,59.3648,58.9371,59.0281,17533903
2017-03-24,59.4739,59.5558,58.9279,59.1281,20580273
2017-03-27,58.8096,59.3465,58.5548,59.2373,16938319
2017-03-28,59.1099,59.574,58.8278,59.4102,18272026
2017-03-29,59.2555,59.6013,59.1008,59.574,12391974
2017-03-30,59.5285,60.0381,59.4739,59.7924,13760896
2017-03-31,59.7378,60.2292,59.5558,59.9289,19145491
2017-04-03,59.8834,60.0017,59.3192,59.6468,18563667
2017-04-04,59.5012,59.8834,59.4011,59.8106,11826902
2017-04-05,60.3293,60.3748,59.5467,59.6559,19517016
2017-04-06,59.6923,60.1109,59.5831,59.8106,16473166
2017-04-07,59.9198,60.0199,59.5467,59.7651,12837940
2017-04-10,59.7014,59.8925,59.4739,59.6286,16335943
2017-04-11,59.6923,59.7014,59.0098,59.5831,17099203
2017-04-12,59.5285,59.6104,59.2464,59.3556,15567765
2017-04-13,59.4102,59.9288,59.1008,59.1008,16284795
2017-04-17,59.1827,59.5922,59.1554,59.5831,15186320
2017-04-18,59.4466,59.7924,59.2919,59.5012,13790738
2017-04-19,59.7378,59.8288,59.0462,59.1827,24561912
2017-04-20,59.5649,59.8288,59.2737,59.6013,20291285
2017-04-21,59.756,60.6933,59.5559,60.4203,29593754
2017-04-24,61.403,61.5668,61.0572,61.4485,27089025
2017-04-25,61.7852,61.9126,61.5122,61.8034,27519165
2017-04-26,61.949,62.1583,61.5304,61.7215,23832161
2017-04-27,62.0127,62.222,61.494,62.1219,31821663
2017-04-28,62.7043,62.9136,61.5941,62.2948,35987213
2017-05-01,62.4949,63.2866,62.3312,63.1592,29076709
2017-05-02,63.4322,63.4322,62.9044,63.0591,21753206
2017-05-03,63.1319,63.1319,62.5222,62.8589,26322847
2017-05-04,62.8134,62.8589,62.4585,62.6132,19790721
2017-05-05,62.6951,62.8134,62.322,62.7861,17406127
2017-05-08,62.7588,62.8316,62.2583,62.7315,16894101
2017-05-09,62.6587,63.0409,62.4949,62.8225,20799853
2017-05-10,62.777,63.2957,62.7133,63.0682,16358786
2017-05-11,62.2038,62.5405,61.9854,62.2948,26196756
2017-05-12,62.4313,62.4313,61.9126,62.222,17028791
2017-05-15,62.0036,62.313,61.4849,62.2675,28690822
2017-05-16,62.4413,63.5487,62.3773,63.5212,31990305
2017-05-17,63.0454,63.2376,61.7092,61.755,27957041
2017-05-18,61.6818,62.3499,61.4439,61.9655,23063228
2017-05-19,61.7732,62.3223,61.7092,61.9471,24673688
2017-05-22,62.1302,62.6885,61.7733,62.6427,14860002
2017-05-23,62.8898,62.9173,62.5787,62.8532,14117078
2017-05-24,63.027,63.0362,62.6426,62.9355,13355742
2017-05-25,63.1185,63.9513,63.0636,63.7134,19999986
2017-05-26,63.8782,64.2625,63.6219,64.0246,18145703
2017-05-30,63.869,64.4364,63.8507,64.4364,15624340
2017-05-31,64.5462,64.7383,63.8872,63.9147,27854143
2017-06-01,64.2808,64.6194,63.5578,64.1527,19770746
2017-06-02,64.4638,65.7633,64.2808,65.6718,31820348
2017-06-05,65.864,66.7059,65.7176,66.1477,30490173
2017-06-06,66.1661,66.4589,66.1386,66.3674,28837697
2017-06-07,66.4772,66.5962,65.8457,66.2484,20409705
2017-06-08,66.3582,66.3673,65.4339,65.8457,22502207
2017-06-09,65.9281,65.9647,62.7708,64.354,45014305
2017-06-12,63.3748,64.0062,62.3498,63.8598,43709553
2017-06-13,64.0794,64.8116,64.0245,64.656,23115641
2017-06-14,64.894,65.0679,63.5396,64.3083,23346375
2017-06-15,63.3931,64.2534,62.963,63.9697,23857037
2017-06-16,63.8141,64.0887,63.3474,64.0612,44243502
2017-06-19,64.5188,64.9215,64.3815,64.8574,21779256
2017-06-20,64.8116,64.8574,63.9422,63.9788,19687094
2017-06-21,64.2534,64.6286,64.0063,64.3083,18203541
2017-06-22,64.5553,64.6011,63.7958,64.2991,21017276
2017-06-23,64.1435,65.2051,63.9879,65.1685,25274231
2017-06-26,65.3424,65.6261,64.4638,64.5462,17943532
2017-06-27,64.1618,64.2259,63.3107,63.3382,23075842
2017-06-28,63.3382,63.9147,62.9538,63.8781,23616777
2017-06-29,63.4938,63.5945,62.3132,62.6793,26465234
2017-06-30,62.9446,63.4937,62.908,63.0819,22111245
2017-07-03,63.448,63.6951,62.2491,62.3864,14794005
2017-07-05,62.4688,63.5487,62.4322,63.2192,19379687
2017-07-06,62.478,62.9447,62.3407,62.7525,19325976
2017-07-07,62.8715,63.9148,62.8715,63.567,15446342
2017-07-10,63.567,64.29,63.3291,64.0429,13740671
2017-07-11,64.0612,64.6835,63.8324,64.052,15978682
2017-07-12,64.6926,65.2326,64.5645,65.1136,16244905
2017-07-13,65.4339,65.9281,65.26,65.681,18550101
2017-07-14,66.1111,67.0537,65.8549,66.6053,23673434
2017-07-17,66.6237,67.2185,66.5504,67.127,19954061
2017-07-18,66.889,67.1636,66.4955,67.0812,24192519
2017-07-19,67.2642,67.7584,67.2185,67.5937,20514404
2017-07-20,67.8865,67.9963,67.0629,67.9231,38767050
2017-07-21,67.2184,67.9872,66.9622,67.5296,42753586
2017-07-24,67.2916,67.493,66.9256,67.3557,19579643
2017-07-25,67.5388,68.0055,67.2642,67.8957,20150627
2017-07-26,68.033,68.0696,67.548,67.7676,14873364
2017-07-27,67.5022,68.1062,66.1844,66.9531,33718335
2017-07-28,66.5047,67.0904,66.3857,66.8433,16753563
2017-07-31,67.0812,67.2093,66.2667,66.5321,21597857
2017-08-01,66.8982,67.191,66.3399,66.4223,20254592
2017-08-02,66.3948,66.4039,65.379,66.1294,24250985
2017-08-03,66.0654,66.2942,65.7543,66.0288,16669092
2017-08-04,66.2576,66.8433,66.1111,66.5138,20663389
2017-08-07,66.6236,66.7151,66.1294,66.2575,17118687
2017-08-08,65.9739,66.9257,65.6627,66.6145,20174337
2017-08-09,66.1203,66.3582,65.9372,66.3216,20328801
2017-08-10,65.7999,66.0653,65.2966,65.3515,22635999
2017-08-11,65.5346,66.5321,65.2326,66.3491,19624416
2017-08-14,66.8616,67.4656,66.7609,67.3466,18391598
2017-08-15,67.7054,67.7054,67.1994,67.365,17647569
2017-08-16,67.4754,68.1746,67.319,67.7606,16699009
2017-08-17,67.6962,67.9631,66.6106,66.6106,21140125
2017-08-18,66.491,67.0154,66.1782,66.6934,17261253
2017-08-21,66.675,66.6842,65.9666,66.3806,16316655
2017-08-22,66.5646,67.3834,66.5646,67.3098,13196714
2017-08-23,67.1258,67.3006,66.7302,66.905,12665672
2017-08-24,66.9234,67.0338,66.307,66.8774,15731048
2017-08-25,67.0338,67.4846,66.6842,66.997,11771213
2017-08-28,67.2178,67.2454,66.7486,67.0062,13404644
2017-08-29,66.4726,67.3098,66.2886,67.2086,10560537
2017-08-30,67.1718,68.2758,67.0062,68.0918,15546570
2017-08-31,68.1102,68.9658,67.8986,68.791,25441538
2017-09-01,68.7358,68.7634,67.7514,68.0274,19998068
2017-09-05,67.4754,67.9814,67.1442,67.7238,19832281
2017-09-06,67.8434,68.1194,67.4846,67.5306,15213522
2017-09-07,67.7882,68.6346,67.7146,68.3954,16074115
2017-09-08,68.3862,68.4874,67.9354,68.0642,13528013
2017-09-11,68.3678,68.9474,68.3678,68.7818,16478191
2017-09-12,68.7818,69.2234,68.423,68.7082,13243809
2017-09-13,68.9383,69.2143,68.5887,69.1959,12310816
2017-09-14,69.0026,69.4534,68.561,68.791,14475735
2017-09-15,68.8463,69.3615,68.1471,69.2879,35493511
2017-09-18,69.2143,69.8951,69.0395,69.1499,21443277
2017-09-19,69.1959,69.6559,69.0119,69.4075,14806412
2017-09-20,69.3247,69.5087,68.3679,68.9475,19861646
2017-09-21,69.1038,69.2234,68.1838,68.2758,17651884
2017-09-22,68.0734,68.5518,67.9446,68.4598,12982981
2017-09-25,68.1654,68.3126,67.089,67.4018,22218121
2017-09-26,67.779,67.9078,67.1534,67.4018,16578672
2017-09-27,67.6686,68.239,67.319,67.9446,18000581
2017-09-28,67.6594,68.055,67.4478,67.963,10013479
2017-09-29,68.0274,68.5794,67.9722,68.5334,15713368
2017-10-02,68.7358,69.0118,68.3586,68.6438,14080949
2017-10-03,68.699,68.8922,68.2574,68.3218,11215595
2017-10-04,68.1654,68.745,67.8158,68.7174,12252748
2017-10-05,69.2051,70.0331,68.9659,69.8951,19500429
2017-10-06,69.6191,69.9503,69.4995,69.9227,12843512
2017-10-09,69.8951,70.4287,69.7939,70.1895,10475983
2017-10-10,70.2263,70.5023,70.0515,70.1895,12829434
2017-10-11,70.2539,70.3459,69.8767,70.3091,14158332
2017-10-12,70.3735,71.1095,70.2631,70.9531,15526971
2017-10-13,71.3855,71.6431,71.1095,71.2935,14109378
2017-10-16,71.2291,71.5879,71.1647,71.4407,11390122
2017-10-17,71.2751,71.4131,71.0727,71.3855,15478665
2017-10-18,71.4591,71.6247,71.1831,71.4039,12237107
2017-10-19,71.3672,71.6984,71.1648,71.68,13885918
2017-10-20,72.0572,72.6552,71.9652,72.508,21037900
2017-10-23,72.6736,72.9956,72.462,72.5264,18977757
2017-10-24,72.5908,72.8668,72.186,72.554,16116446
2017-10-25,72.2964,72.7748,71.772,72.3424,18778663
2017-10-26,72.8668,73.0692,72.4528,72.462,29552186
2017-10-27,77.6234,79.3071,76.9242,77.1082,65383908
2017-10-30,77.007,77.5866,76.4642,77.1818,29217300
2017-10-31,77.6141,77.6141,76.4641,76.5285,24920616
2017-11-01,76.9885,77.0621,76.2525,76.5285,20523586
2017-11-02,76.685,77.7062,76.4734,77.329,22074324
2017-11-03,77.3566,77.7798,76.731,77.4118,16223449
2017-11-06,77.467,77.927,77.3566,77.7154,18272733
2017-11-07,77.9914,78.111,77.2186,77.5314,16505163
2017-11-08,77.4118,77.8442,77.1266,77.7982,16592104
2017-11-09,77.3842,77.5314,76.271,77.3658,19484884
2017-11-10,77.0898,77.375,76.5746,77.1634,17846670
2017-11-13,76.9702,77.2278,76.7862,77.2186,13061655
2017-11-14,76.823,77.375,76.3446,77.329,17297867
2017-11-15,77.181,77.3844,76.4597,76.7279,17922687
2017-11-16,76.8389,77.1348,76.691,76.9314,19383384
2017-11-17,76.8574,76.8574,76.0437,76.1916,20415465
2017-11-20,76.1917,76.3674,76.053,76.3119,15085771
2017-11-21,76.506,77.5232,76.506,77.4122,19637382
2017-11-22,77.514,77.5787,76.7835,76.8482,19004557
2017-11-24,76.7557,77.1441,76.5431,76.9869,6866129
2017-11-27,77.0331,77.6526,77.0238,77.5509,16889027
2017-11-28,77.7358,78.6512,77.6896,78.4848,20274007
2017-11-29,78.3276,78.5218,76.9129,77.0608,25318088
2017-11-30,77.218,78.1519,77.0608,77.8283,30564136
2017-12-01,77.3012,78.4201,76.9499,77.9115,27307028
2017-12-04,78.0595,78.0687,74.6197,74.9711,36149330
2017-12-05,75.2115,76.4506,74.8787,75.4427,24181887
2017-12-06,75.4057,76.8759,75.2947,76.543,24190935
2017-12-07,76.3211,76.5615,75.8218,76.2749,21437694
2017-12-08,77.3289,78.2074,77.0515,77.819,22643979
2017-12-11,77.9392,78.9379,77.782,78.8084,21135686
2017-12-12,78.8824,79.5667,78.6698,79.1321,22121574
2017-12-13,79.28,79.5204,78.753,78.9194,20400411
2017-12-14,78.9933,79.4002,78.1612,78.3091,17851405
2017-12-15,78.8362,80.5283,78.4848,80.3064,49872910
2017-12-18,80.556,80.9074,79.7331,79.8718,20604853
2017-12-19,79.844,79.844,78.8454,79.3632,21752341
2017-12-20,79.7054,79.7978,78.3276,79.0766,21891144
2017-12-21,79.5667,79.6129,78.9656,79.0581,16635211
2017-12-22,78.9656,79.1783,78.5218,79.0673,13079993
2017-12-26,78.8824,79.0858,78.6235,78.9656,9145955
2017-12-27,79.1968,79.502,78.7992,79.2523,13572107
2017-12-28,79.4279,79.4557,79.1043,79.2615,9796082
2017-12-29,79.1783,79.5667,79.0581,79.0951,17307162
2018-01-02,79.6406,79.8071,79.0581,79.4742,20789785
2018-01-03,79.5758,79.9919,79.4926,79.844,24097816
2018-01-04,80.066,81.0554,80.0475,80.5468,20261066
2018-01-05,81.0553,81.7488,80.8427,81.5454,21643512
2018-01-08,81.5546,81.906,80.9998,81.6286,20446910
2018-01-09,81.9707,82.0447,81.2402,81.5731,18016263
2018-01-10,81.2403,81.5454,80.8242,81.2033,17246871
2018-01-11,81.4899,81.4899,80.667,81.4437,16467106
2018-01-12,81.9893,83.0156,81.7858,82.8492,22442794
2018-01-16,83.3114,83.9495,81.3789,81.6933,33842108
2018-01-17,82.3684,83.478,82.0632,83.3485,23690799
2018-01-18,83.0341,83.8386,82.9047,83.3115,22339410
2018-01-19,83.3485,83.783,82.9046,83.219,34096674
2018-01-22,83.219,84.7169,82.9786,84.7077,21823352
2018-01-23,84.9759,85.3458,84.643,84.9759,21648789
2018-01-24,85.5769,86.3906,84.68,84.9019,30770235
2018-01-25,85.503,86.2149,85.0036,85.3735,24395387
2018-01-26,86.1039,86.9731,85.6046,86.9731,26974236
2018-01-29,87.9718,88.2584,86.6588,86.8437,29191300
2018-01-30,86.2704,86.6033,85.1608,85.7526,35724178
2018-01-31,86.6865,88.2122,86.4646,87.8516,45082822
2018-02-01,87.6482,88.8317,86.5293,87.1581,43669574
2018-02-02,86.5848,86.8899,84.606,84.8649,44261234
2018-02-05,83.7368,86.2149,81.3697,81.3697,47186566
2018-02-06,80.3433,84.5875,78.8269,84.4488,62875289
2018-02-07,83.6721,84.8557,82.4793,82.8584,38010378
2018-02-08,82.9509,83.1081,78.3738,78.605,51437407
2018-02-09,79.7978,82.2297,77.5139,81.5362,58714848
2018-02-12,82.054,83.0156,81.305,82.4146,33028994
2018-02-13,82.2296,83.219,81.1847,83.0618,24418024
2018-02-14,82.2257,84.5296,82.1328,84.3624,32478641
2018-02-15,84.7341,86.1368,84.1859,86.0811,25848391
2018-02-16,85.8859,86.8614,85.2821,85.4679,28424487
2018-02-20,84.9848,86.4527,84.5482,86.1368,28716943
2018-02-21,86.3784,86.7314,84.9942,84.9942,25011000
2018-02-22,85.5144,86.1461,84.8734,85.2171,22660893
2018-02-23,86.9544,87.391,85.8024,87.3817,24459816
2018-02-26,87.6975,88.673,87.5582,88.6451,28055589
2018-02-27,88.9424,89.0353,87.5117,87.5117,24032366
2018-02-28,88.1063,88.9146,86.9822,87.1123,28954412
2018-03-01,87.3167,87.8555,85.3193,86.2576,34498952
2018-03-02,85.0778,86.5363,84.4089,86.4434,30499424
2018-03-05,85.7838,87.5768,85.7095,86.9915,22204571
2018-03-06,87.6418,87.7811,86.3412,86.6942,20601299
2018-03-07,86.5456,87.2702,85.8674,87.1959,24819246
2018-03-08,87.5768,88.3478,87.1123,87.7254,24049747
2018-03-09,88.5244,89.6856,88.2549,89.6856,34314729
2018-03-12,89.6485,90.3081,89.2211,89.8993,24222459
2018-03-13,90.1129,90.3359,87.298,87.7068,32875232
2018-03-14,88.3664,88.6358,86.8615,87.1866,29850611
2018-03-15,86.8894,87.8648,86.2391,87.4932,25650613
2018-03-16,87.9576,88.6079,87.2516,87.8833,45596476
2018-03-19,87.0844,87.2331,85.5702,86.2948,30976665
2018-03-20,86.4434,87.1123,86.3969,86.5177,21436843
2018-03-21,86.3319,87.3724,85.6631,85.9139,22720641
2018-03-22,84.7898,85.2357,83.2941,83.4149,35863762
2018-03-23,83.1455,84.0373,80.8973,80.9902,40939998
2018-03-26,84.1767,87.326,83.9816,87.1216,52392615
2018-03-27,88.1992,88.385,82.2258,83.1176,52552582
2018-03-28,83.4428,84.7527,82.5602,83.0433,48773516
2018-03-29,83.7772,85.7374,82.1236,84.7898,42610892
2018-04-02,84.0465,84.4274,81.2967,82.235,45070763
2018-04-03,83.2197,83.6564,81.6497,83.3405,34571583
2018-04-04,81.6126,86.174,81.5011,85.7745,33035213
2018-04-05,85.8767,86.462,84.9106,85.821,27658089
2018-04-06,84.9941,85.8953,83.1269,83.8236,35326124
2018-04-09,84.5761,86.5549,84.186,84.3253,29294983
2018-04-10,85.8303,86.6571,85.1335,86.2855,24908342
2018-04-11,85.4772,86.6664,84.9849,85.3379,23106170
2018-04-12,85.8675,87.4746,85.8675,86.9358,24859012
2018-04-13,87.3724,87.4932,85.8767,86.4713,21688522
2018-04-16,87.391,87.9391,86.7872,87.4839,18847638
2018-04-17,88.255,89.6856,88.1435,89.249,24870251
2018-04-18,89.3883,89.8528,88.738,89.5927,19549213
2018-04-19,89.5927,90.1779,88.5708,89.2861,21880250
2018-04-20,89.1003,89.2861,87.3724,88.2549,28942405
2018-04-23,88.9424,89.4534,87.9112,88.5801,20746230
2018-04-24,89.4069,89.6205,85.8488,86.5084,32073510
2018-04-25,86.6756,86.6756,83.87,85.7559,31334487
2018-04-26,86.9079,88.3943,86.4899,87.5675,39509423
2018-04-27,90.6703,90.949,87.2423,89.0167,44845391
2018-04-30,89.4905,89.5555,86.5363,86.88,38575389
2018-05-01,86.592,88.5243,86.2018,88.2549,29178835
2018-05-02,88.2456,88.4128,86.5734,86.8707,25520533
2018-05-03,86.3598,88.1899,85.886,87.391,28931373
2018-05-04,86.6942,88.5987,86.3226,88.4036,20931568
2018-05-07,88.4129,89.8435,88.3478,89.3883,22520798
2018-05-08,89.0446,89.3325,88.3107,89.0074,21817171
2018-05-09,89.1932,90.0851,88.3014,90.0572,25387138
2018-05-10,90.5403,90.9955,90.1594,90.9583,20798524
2018-05-11,90.8561,90.9211,90.1501,90.7632,15587024
2018-05-14,90.9676,91.6829,90.4009,91.0698,18072845
2018-05-15,90.3359,90.9026,89.4998,90.4102,22847806
2018-05-16,90.8394,90.8768,90.149,90.6435,16220381
2018-05-17,90.2796,91.0073,89.4118,89.7384,16091612
2018-05-18,89.5798,90.4382,89.5798,89.9064,16669259
2018-05-21,90.5035,91.4458,90.3169,91.0633,18121690
2018-05-22,91.1379,91.5951,90.6901,90.97,14407036
2018-05-23,90.233,92.1177,89.8691,92.0524,19827934
2018-05-24,92.1177,92.3136,90.3263,91.7258,24864494
2018-05-25,91.7164,92.3509,91.3059,91.7724,17133989
2018-05-29,91.2873,92.2576,90.7181,91.4459,26750795
2018-05-30,91.7258,92.6028,91.3526,92.3229,20674452
2018-05-31,92.6402,93.2933,92.0057,92.2203,31854351
2018-06-01,92.6308,94.105,92.5282,94.0397,26736423
2018-06-04,94.4783,95.0381,94.0957,94.8608,25454455
2018-06-05,95.1686,95.4765,94.7301,95.3459,21939540
2018-06-06,95.6165,95.7284,95.0753,95.6258,19708208
2018-06-07,95.7752,95.8125,93.6572,94.1237,26341387
2018-06-08,94.3196,95.122,93.8064,94.8234,20680608
2018-06-11,94.245,94.7861,93.9278,94.2823,21917626
2018-06-12,94.329,94.6555,94.0024,94.5249,17097895
2018-06-13,94.9074,95.178,93.8251,94.0957,27517651
2018-06-14,94.8421,95.1966,94.2356,94.6275,23971118
2018-06-15,94.7115,94.7301,93.3679,93.4239,61335827
2018-06-18,93.3119,94.3383,92.7614,94.105,22006351
2018-06-19,92.976,94.2356,92.8361,94.105,26734087
2018-06-20,94.5809,95.6539,94.3476,95.0474,24427378
2018-06-21,95.2433,95.5979,94.1237,94.3663,21644535
2018-06-22,93.6851,94.021,92.9573,93.6851,36316249
2018-06-25,93.3026,93.4052,90.7834,91.8004,33060180
2018-06-26,92.2016,93.3772,92.1363,92.4442,25095783
2018-06-27,92.9108,93.3213,90.8768,91.0074,29202235
2018-06-28,90.8581,92.4723,90.7462,92.0244,24865808
2018-06-29,92.3043,93.2186,91.7445,92.0057,26174367
2018-07-02,91.5298,93.3586,91.4365,93.3119,18254181
2018-07-03,93.7504,93.8904,92.3136,92.4162,13687768
2018-07-05,92.8361,93.228,92.3976,93.0787,17706413
2018-07-06,93.2,94.6368,92.9947,94.3849,17946380
2018-07-09,94.8421,95.4019,94.4689,95.0287,16992270
2018-07-10,95.1686,95.6445,95.038,95.2806,18000961
2018-07-11,94.3756,95.4859,94.3289,95.15,18328924
2018-07-12,95.8871,97.4173,95.8498,97.212,22706032
2018-07-13,97.3799,98.5275,97.1186,98.3689,22985275
2018-07-16,98.341,98.7329,97.5199,97.8838,20327753
2018-07-17,97.6038,99.3673,97.3333,98.8541,24166958
2018-07-18,98.8448,98.9474,97.7065,98.0797,27518577
2018-07-19,97.9024,98.257,96.9321,97.4079,37481142
2018-07-20,100.841,100.953,98.9754,99.1527,52253202
2018-07-23,99.1806,100.897,99.022,100.739,27717399
2018-07-24,101.299,101.532,100.076,100.45,24554077
2018-07-25,100.729,103.706,100.394,103.407,28645865
2018-07-26,103.323,103.566,102.166,102.278,29270982
2018-07-27,102.801,102.801,99.0313,100.468,34526893
2018-07-30,100.011,100.328,97.7439,98.313,32346442
2018-07-31,99.3579,99.5725,98.3223,98.9754,25803021
2018-08-01,98.9287,99.3206,98.3596,99.162,22046191
2018-08-02,98.3409,100.851,97.8184,100.366,24355989
2018-08-03,100.58,100.813,99.6658,100.804,17409887
2018-08-06,100.879,101.159,100.356,100.888,18908611
2018-08-07,101.289,101.793,100.925,101.588,15003249
2018-08-08,102.008,102.4,101.476,102.157,14450238
2018-08-09,102.362,102.782,102.26,102.325,12761188
2018-08-10,102.092,102.344,101.121,101.7,16965859
2018-08-13,101.924,102.241,100.86,100.963,17235332
2018-08-14,101.289,102.4,100.804,102.222,15663916
2018-08-15,101.614,102.082,100.049,100.836,28082376
2018-08-16,101.436,101.96,100.499,100.817,20028888
2018-08-17,100.555,101.061,99.9276,100.761,16916698
2018-08-20,100.696,101.061,99.7309,100.096,16778734
2018-08-21,100.143,100.546,99.1408,99.2626,21431561
2018-08-22,99.1409,100.536,99.0753,100.274,16859665
2018-08-23,100.358,101.323,100.096,100.743,17016173
2018-08-24,100.845,101.679,100.742,101.529,16141644
2018-08-27,102.344,102.691,101.632,102.653,18416040
2018-08-28,102.972,103.496,102.831,103.271,17937605
2018-08-29,103.449,104.929,103.281,104.92,19498486
2018-08-30,104.592,105.472,104.377,104.854,21353635
2018-08-31,104.611,105.632,104.451,105.21,21750757
2018-09-04,103.824,104.864,103.234,104.629,21199934
2018-09-05,103.974,104.358,101.248,101.614,30788825
2018-09-06,101.389,102.082,100.696,101.848,21989512
2018-09-07,101.37,101.829,100.433,101.351,21072566
2018-09-10,101.941,102.691,101.492,102.447,19414091
2018-09-11,101.997,104.517,101.988,104.189,22761463
2018-09-12,104.367,104.76,103.506,104.629,17693711
2018-09-13,105.013,106.521,105.013,105.753,24404112
2018-09-14,106.175,106.521,105.313,106.184,17910260
2018-09-17,106.484,106.493,104.77,105.032,19422153
2018-09-18,105.079,106.493,104.639,106.034,20765640
2018-09-19,105.884,106.137,104.002,104.62,20351185
2018-09-20,105.163,106.587,104.835,106.371,22211384
2018-09-21,106.774,107.982,106.315,107.018,66714912
2018-09-24,105.866,107.617,105.107,107.402,25601940
2018-09-25,107.524,107.805,106.54,107.196,21231231
2018-09-26,107.215,107.767,106.531,106.756,18125411
2018-09-27,107.505,107.627,106.962,107.158,17881228
2018-09-28,106.952,107.308,106.475,107.121,20275681
2018-10-01,107.477,108.348,107.458,108.282,17686218
2018-10-02,107.992,108.498,107.186,107.851,19469636
2018-10-03,108.104,108.816,107.645,107.87,15592788
2018-10-04,107.346,107.486,104.554,105.641,32614586
2018-10-05,105.491,105.997,103.627,105.023,27226409
2018-10-08,104.583,104.929,102.41,103.824,27761891
2018-10-09,104.096,105.913,103.777,105.145,24538048
2018-10-10,104.189,104.433,99.0847,99.4312,57486051
2018-10-11,98.6726,102.026,97.5955,99.1971,59853850
2018-10-12,102.101,104.189,100.33,102.625,44716052
2018-10-15,102.007,102.541,100.171,100.78,30035501
2018-10-16,102.597,104.348,102.044,103.964,29606626
2018-10-17,104.601,104.723,102.606,103.693,24865479
2018-10-18,103.121,103.524,100.995,101.623,30445846
2018-10-19,102.026,103.833,101.351,101.773,30707456
2018-10-22,102.391,103.534,101.379,102.681,24863055
2018-10-23,100.939,102.063,98.4478,101.248,40996102
2018-10-24,101.539,101.614,95.1509,95.8346,59847734
2018-10-25,99.7965,102.344,99.4219,101.436,57739429
2018-10-26,98.991,101.857,98.1199,100.18,52003851
2018-10-29,101.258,101.81,95.1883,97.2676,51665627
2018-10-30,97.0896,97.764,93.7646,97.1552,61208713
2018-10-31,98.7568,101.286,98.71,100.04,47825882
2018-11-01,100.265,100.518,98.8411,99.2064,31268186
2018-11-02,99.7309,100.518,98.326,99.4312,35291894
2018-11-05,99.628,100.911,99.1877,100.696,26152315
2018-11-06,100.574,101.941,99.5436,100.892,22797426
2018-11-07,102.503,105.126,102.466,104.864,35499363
2018-11-08,104.714,105.098,103.88,104.667,24018689
2018-11-09,103.824,104.386,101.866,102.625,30008452
2018-11-12,102.485,102.99,99.375,100.096,31490731
2018-11-13,100.733,101.848,99.8808,100.162,33132444
2018-11-14,101.686,101.836,98.2711,98.7414,37151581
2018-11-15,98.7602,101.403,97.7443,100.914,36220407
2018-11-16,100.726,102.419,100.463,101.864,31514187
2018-11-19,101.845,102.118,97.4056,98.4121,42117124
2018-11-20,95.7595,96.86,93.4548,95.6748,60251796
2018-11-21,97.4526,98.2334,96.1733,96.9917,26461398
2018-11-23,96.1075,97.6502,95.9476,96.9541,13002874
2018-11-26,98.5721,100.303,98.3745,100.152,30417470
2018-11-27,99.9642,100.961,99.1082,100.783,27396330
2018-11-28,101.488,104.724,101.46,104.526,44012222
2018-11-29,103.783,104.526,102.56,103.652,26454439
2018-11-30,104.131,104.385,102.871,104.31,31667978
2018-12-03,106.295,106.69,104.16,105.439,32671855
2018-12-04,105.298,105.956,101.789,102.081,42515125
2018-12-06,99.541,102.758,98.7696,102.711,46193517
2018-12-07,101.949,102.956,98.1112,98.6003,42372073
2018-12-10,98.5815,101.573,97.7254,101.206,38380449
2018-12-11,103.285,104.367,101.065,102.147,39867087
2018-12-12,104.31,104.668,102.57,102.607,34036003
2018-12-13,103.078,104.291,102.184,102.955,29474151
2018-12-14,101.827,102.777,99.2399,99.7385,44251705
2018-12-17,99.1553,99.5221,95.6748,96.7848,53577616
2018-12-18,97.5938,98.3087,96.4367,97.8007,46392731
2018-12-19,97.4997,100.538,95.3361,97.5373,64151493
2018-12-20,96.9353,98.1206,92.9187,95.4867,66160779
2018-12-21,95.5996,96.8883,91.677,92.4013,104641298
2018-12-24,91.884,92.1567,88.4035,88.5446,41328213
2018-12-26,89.4947,94.7154,88.3847,94.5931,48570961
2018-12-27,93.4079,95.1857,90.6799,95.1763,46561416
2018-12-28,96.0322,96.3332,93.6147,94.4331,35929824
2018-12-31,95.2797,96.3238,94.4802,95.5431,31205353
2019-01-02,93.643,95.7124,93.0692,95.1198,33232950
2019-01-03,94.1604,94.2451,91.4325,91.6206,40052594
2019-01-04,93.8029,96.4274,93.0598,95.8818,41446185
2019-01-07,95.6089,97.1422,94.9881,96.004,33540351
2019-01-08,96.9259,97.8007,95.6748,96.7001,29644413
2019-01-09,97.6972,98.6567,97.114,98.0829,30365345
2019-01-10,97.0952,97.5938,96.3051,97.4527,28283483
2019-01-11,97.067,97.3021,95.6089,96.7001,26634105
2019-01-14,95.8535,96.7659,95.2515,95.9946,26749711
2019-01-15,96.4273,98.8166,95.8347,98.779,29713280
2019-01-16,99.0142,99.9549,98.732,99.1271,28082469
2019-01-17,98.7696,100.303,98.5438,99.8231,26708229
2019-01-18,101.084,101.497,99.6256,101.319,35206754
2019-01-22,100.416,100.745,98.6379,99.4092,30450464
2019-01-23,99.8231,100.688,99.0894,100.378,24338985
2019-01-24,100.519,100.651,99.0894,99.8984,21790268
2019-01-25,100.877,101.479,99.8984,100.811,29372751
2019-01-28,99.9549,100.162,98.4498,98.8449,27727650
2019-01-29,98.6567,98.7413,96.1075,96.8318,29621933
2019-01-30,98.4121,100.068,98.1393,100.068,46536372
2019-01-31,97.6408,98.9765,97.0576,98.2334,52335083
2019-02-01,97.622,97.923,96.2768,96.6813,33427103
2019-02-04,96.766,99.5221,96.6719,99.4657,29456954
2019-02-05,99.7667,100.905,99.6727,100.858,25703996
2019-02-06,100.651,100.651,99.2682,99.7385,19386877
2019-02-07,98.9483,99.3246,98.1018,99.0236,27994791
2019-02-08,98.1958,99.5033,98.0735,99.3998,20187651
2019-02-11,99.8984,100.256,98.7414,99.0048,17791798
2019-02-12,99.842,100.783,99.2212,100.548,23569824
2019-02-13,101.121,101.385,100.378,100.472,17303399
2019-02-14,100.002,100.924,99.3905,100.557,20492066
2019-02-15,101.507,101.874,100.99,101.799,25028114
2019-02-19,101.394,102.212,101.385,101.752,16968147
2019-02-20,101.893,101.969,100.41,101.223,20412370
2019-02-21,100.986,103.424,100.958,103.357,27455440
2019-02-22,103.962,105.049,103.745,104.831,26227355
2019-02-25,105.577,105.974,105.105,105.417,22436729
2019-02-26,105.105,106.976,105.02,106.144,20345300
2019-02-27,105.511,106.144,104.746,105.965,20298442
2019-02-28,105.842,106.635,105.549,105.832,27474979
2019-03-01,106.645,106.768,105.493,106.305,22201126
2019-03-04,106.768,106.985,104.671,106.05,25136051
2019-03-05,106.04,106.173,105.077,105.521,18457449
2019-03-06,105.681,106.428,105.266,105.568,16708557
2019-03-07,105.237,105.379,103.792,104.283,23937241
2019-03-08,103.121,104.586,102.781,104.397,21556089
2019-03-11,104.85,106.702,104.841,106.588,25026098
2019-03-12,106.579,107.684,106.418,107.335,24687052
2019-03-13,107.816,108.638,107.486,108.166,33549189
2019-03-14,108.204,108.827,108.005,108.251,29061574
2019-03-15,108.959,110.764,108.251,109.498,51656161
2019-03-18,109.743,111.104,109.63,111.066,29481188
2019-03-19,111.557,111.888,110.518,111.142,35509292
2019-03-20,110.896,112.181,110.254,111.019,26558074
2019-03-21,110.66,114.136,110.613,113.569,28202847
2019-03-22,112.889,112.974,110.565,110.575,31764394
2019-03-25,110.112,111.482,109.885,111.151,25569760
2019-03-26,112.058,112.143,110.386,111.387,24653971
2019-03-27,111.359,111.671,109.129,110.31,21475792
2019-03-28,110.943,111.076,109.706,110.462,17320529
2019-03-29,111.538,111.775,110.49,111.416,23994692
2019-04-01,112.37,112.521,111.567,112.436,21528404
2019-04-02,112.474,112.87,111.964,112.596,17138667
2019-04-03,113.229,113.768,112.559,113.333,21596054
2019-04-04,113.456,113.579,111.831,112.757,19000159
2019-04-05,112.785,113.579,112.767,113.258,14950697
2019-04-08,113.182,113.381,112.077,113.296,14279975
2019-04-09,112.067,112.927,112.02,112.681,16637700
2019-04-10,113.135,113.692,112.927,113.541,15565683
2019-04-11,113.872,114.165,113.286,113.673,13423059
2019-04-12,113.966,114.287,113.711,114.259,18652810
2019-04-15,114.25,114.854,113.9,114.354,14918952
2019-04-16,114.911,114.92,113.456,114.089,13293348
2019-04-17,114.533,115.109,113.872,115.034,18233177
2019-04-18,115.43,116.687,114.59,116.545,26442544
2019-04-22,115.837,117.14,115.789,116.914,14783014
2019-04-23,117.235,118.633,116.98,118.501,22696417
2019-04-24,118.831,118.888,117.632,118.094,29527876
2019-04-25,122.865,124.103,121.703,122.005,35929858
2019-04-26,122.525,123.3,121.883,122.704,22346314
2019-04-29,122.714,122.978,122.194,122.591,15421142
2019-04-30,122.629,123.47,122.232,123.375,22829608
2019-05-01,123.309,123.423,120.636,120.806,25337928
2019-05-02,120.9,120.919,118.576,119.228,25837195
2019-05-03,120.314,122.27,120.211,121.769,23533027
2019-05-06,119.398,121.448,119.134,121.061,22898865
2019-05-07,119.464,120.145,117.348,118.576,34025220
2019-05-08,118.501,119.379,117.849,118.567,26846864
2019-05-09,117.414,118.831,116.734,118.557,25729129
2019-05-10,118,120.853,116.97,120.097,29204884
2019-05-13,117.244,118.605,116.233,116.526,32067074
2019-05-14,117.018,118.916,116.857,117.83,23868581
2019-05-15,117.821,120.144,117.289,119.489,23441502
2019-05-16,120.182,122.675,119.907,122.248,28551705
2019-05-17,121.661,123.699,121.291,121.433,24434990
2019-05-20,119.963,120.978,119.243,119.679,22478337
2019-05-21,120.826,120.921,120.02,120.324,14500760
2019-05-22,120.058,121.594,119.963,121.054,14598612
2019-05-23,119.66,119.745,118.276,119.641,22380585
2019-05-24,120.333,120.817,119.442,119.698,13391487
2019-05-28,120.399,121.367,119.518,119.622,21929815
2019-05-29,118.882,118.892,117.612,118.465,21583442
2019-05-30,118.769,119.243,118.313,119.214,15957440
2019-05-31,117.792,118.162,116.929,117.271,25265876
2019-06-03,117.432,117.925,112.842,113.63,36015166
2019-06-04,114.995,116.891,114.398,116.777,27859910
2019-06-05,118.475,119.347,117.773,119.309,23634352
2019-06-06,119.887,121.338,119.091,121.196,20346933
2019-06-07,122.495,125.396,121.613,124.59,32129557
2019-06-10,125.539,127.132,125.159,125.728,25104983
2019-06-11,126.942,127.283,124.477,125.254,22674424
2019-06-12,124.59,125.131,123.936,124.676,16206716
2019-06-13,125.14,126.108,124.742,125.463,16309405
2019-06-14,125.406,126.857,124.818,125.586,16898120
2019-06-17,125.757,126.8,125.662,125.965,13765442
2019-06-18,127.236,128.232,126.648,128.156,24590496
2019-06-19,128.004,128.886,126.876,128.658,22513887
2019-06-20,130.327,130.526,128.686,129.853,31330224
2019-06-21,129.502,130.592,129.388,129.872,34824549
2019-06-24,129.9,131.228,129.9,130.64,19559750
2019-06-25,130.137,130.46,125.852,126.515,31600285
2019-06-26,127.387,128.706,126.676,126.989,22431679
2019-06-27,127.188,127.729,126.591,127.198,15699435
2019-06-28,127.596,127.625,126.259,127.018,28486084
2019-07-01,129.549,129.616,127.976,128.649,21441608
2019-07-02,129.066,129.512,128.326,129.502,14448130
2019-07-03,129.711,130.602,129.227,130.336,12922988
2019-07-05,128.895,130.213,128.686,129.957,17200969
2019-07-08,129.331,129.995,128.355,129.862,15910123
2019-07-09,128.952,129.872,128.762,129.388,18919066
2019-07-10,130.023,131.398,129.919,130.706,22950055
2019-07-11,131.038,132.005,130.725,131.228,21170802
2019-07-12,131.654,131.92,130.858,131.702,17955440
2019-07-15,132.214,132.309,131.285,131.702,15788571
2019-07-16,131.759,131.844,129.445,129.976,21548365
2019-07-17,130.564,130.782,129.161,129.208,19163608
2019-07-18,128.525,129.54,127.691,129.35,28807323
2019-07-19,132.953,133.38,129.379,129.54,46453452
2019-07-22,130.289,131.977,130.213,131.256,23775436
2019-07-23,132.517,132.735,130.877,132.072,17099996
2019-07-24,131.702,133.447,131.654,133.428,19663584
2019-07-25,133.152,133.323,132.1,132.925,17405586
2019-07-26,133.096,134.338,133.029,134.015,18051009
2019-07-29,134.167,134.176,132.147,133.721,15745332
2019-07-30,132.878,133.902,132.555,133.077,15973459
2019-07-31,133.058,133.209,128.08,129.208,36598500
2019-08-01,129.9,133.636,129.834,130.905,38455684
2019-08-02,130.934,131.152,128.25,129.805,29195880
2019-08-05,126.392,126.989,124.003,125.358,40534194
2019-08-06,126.866,128.649,126.307,127.71,31002269
2019-08-07,126.857,128.62,124.998,128.269,31682864
2019-08-08,129.521,131.787,128.886,131.692,26071548
2019-08-09,131.427,132.157,129.388,130.574,22250593
2019-08-12,129.967,130.716,128.232,128.753,19422749
2019-08-13,128.999,131.607,128.004,131.417,23851007
2019-08-14,129.724,130.257,127.165,127.46,30944344
2019-08-15,127.85,128.031,125.814,127.174,26708146
2019-08-16,128.316,129.819,128.164,129.505,23259279
2019-08-19,131.141,131.807,130.228,131.674,23170416
2019-08-20,131.484,131.96,130.561,130.58,20140517
2019-08-21,131.807,132.702,131.284,132.036,14241761
2019-08-22,131.912,132.426,129.657,131.075,17787106
2019-08-23,130.514,131.617,126.337,126.898,36634557
2019-08-26,128.421,128.963,127.384,128.858,19324068
2019-08-27,129.753,130.066,128.107,129.134,21977817
2019-08-28,128.316,129.153,127.051,128.963,16546846
2019-08-29,130.571,131.703,130.247,131.398,19187177
2019-08-30,132.378,132.407,129.638,131.151,22775048
2019-09-03,129.962,130.523,129.096,129.419,17951010
2019-09-04,130.618,130.989,129.838,130.932,17120125
2019-09-05,132.34,133.548,132.007,133.234,24831543
2019-09-06,133.215,133.358,131.474,132.331,19811061
2019-09-09,132.797,132.949,129.819,130.827,24519596
2019-09-10,130.143,130.228,127.964,129.458,27496802
2019-09-11,129.296,129.638,128.516,129.496,23522783
2019-09-12,131.141,131.684,130.209,130.827,25695541
2019-09-13,131.075,131.341,129.924,130.637,22226114
2019-09-16,129.22,130.047,129.058,129.695,15917154
2019-09-17,130.295,130.827,129.79,130.704,16947257
2019-09-18,130.675,131.921,129.886,131.779,22814990
2019-09-19,133.472,135.441,133.253,134.205,34031218
2019-09-20,134.148,134.757,131.522,132.654,37261209
2019-09-23,132.454,132.835,131.703,132.369,16305210
2019-09-24,133.529,133.843,130.219,130.694,28324265
2019-09-25,130.809,133.149,129.41,132.578,20341438
2019-09-26,132.654,133.358,131.703,132.749,16607064
2019-09-27,133.329,133.529,130,131.027,21383811
2019-09-30,131.332,132.445,131.075,132.264,16439912
2019-10-01,132.863,133.425,130.333,130.399,20421914
2019-10-02,129.619,129.734,127.079,128.097,29036348
2019-10-03,128.383,130.095,126.737,129.648,22958466
2019-10-04,130.095,131.522,129.781,131.398,21783368
2019-10-07,130.466,131.455,130.352,130.447,14558939
2019-10-08,130.409,131.056,129.02,129.068,24307062
2019-10-09,130.77,131.95,130.304,131.512,18788764
2019-10-10,131.75,132.873,131.522,132.331,16795426
2019-10-11,133.301,134.167,132.711,132.882,24207657
2019-10-14,132.892,133.463,132.73,132.759,12656837
2019-10-15,133.244,134.89,133.006,134.68,18737195
2019-10-16,133.938,134.129,132.74,133.577,19741716
2019-10-17,134.091,134.538,132.255,132.892,20416207
2019-10-18,132.958,133.187,129.914,130.723,30702900
2019-10-21,131.712,131.76,130.342,131.693,19101079
2019-10-22,132.207,133.196,129.629,129.734,26096060
2019-10-23,130.219,130.761,129.01,130.561,28392187
2019-10-24,132.607,133.586,131.921,133.13,35227237
2019-10-25,132.559,134.271,132.426,133.881,24696357
2019-10-28,137.373,138.581,136.526,137.173,33563171
2019-10-29,137.068,137.468,135.708,135.879,19587501
2019-10-30,136.536,137.943,135.841,137.572,17596456
2019-10-31,137.848,137.877,136.031,136.393,23407676
2019-11-01,137.24,137.392,136.012,136.726,31516191
2019-11-04,137.782,137.943,137.144,137.515,16088969
2019-11-05,137.915,137.962,136.907,137.43,17362047
2019-11-06,137.344,137.487,136.231,137.049,15769125
2019-11-07,136.84,137.829,136.773,137.24,16921100
2019-11-08,136.973,138.885,136.764,138.857,15918397
2019-11-11,138.267,139.294,137.687,138.999,13663638
2019-11-12,139.161,140.388,138.952,139.913,17734389
2019-11-13,139.599,140.284,139.161,140.141,16095820
2019-11-14,139.865,141.188,139.846,140.855,18769641
2019-11-15,141.682,142.691,141.054,142.672,22342751
2019-11-18,142.767,143.223,141.73,143.024,20486033
2019-11-19,143.537,143.965,142.89,143.071,22770858
2019-11-20,143.482,143.988,141.716,142.823,24529435
2019-11-21,142.613,142.995,141.754,142.689,17732210
2019-11-22,143.253,143.472,142.059,142.794,15179410
2019-11-25,143.186,144.474,143.109,144.36,21402360
2019-11-26,144.484,145.496,144.446,145.124,23501645
2019-11-27,145.41,145.572,144.637,145.4,14494592
2019-11-29,145.19,145.381,144.408,144.503,11433187
2019-12-02,144.913,144.933,141.582,142.756,26172829
2019-12-03,140.79,142.642,139.988,142.527,22972722
2019-12-04,143.319,143.357,142.422,143.042,16776303
2019-12-05,143.233,143.491,142.689,143.119,17057333
2019-12-06,144.131,144.971,143.443,144.856,15658311
2019-12-09,144.207,145.295,144.054,144.484,15929312
2019-12-10,144.417,144.99,143.911,144.264,15727616
2019-12-11,144.656,144.971,143.501,144.809,17999973
2019-12-12,144.761,146.469,144.159,146.279,23494003
2019-12-13,146.049,147.854,145.887,147.51,22762134
2019-12-16,148.064,148.818,147.787,148.464,23047364
2019-12-17,148.388,148.636,147.434,147.663,24270559
2019-12-18,147.29,148.417,147.176,147.357,23033046
2019-12-19,147.004,148.694,146.765,148.636,23825050
2019-12-20,150.202,151.29,149.19,150.259,51048097
2019-12-23,150.937,150.937,150.126,150.259,16913289
2019-12-24,150.326,150.546,149.982,150.23,8580836
2019-12-26,150.402,151.519,150.25,151.462,13860955
2019-12-27,152.206,152.302,151.032,151.739,17576336
2019-12-30,151.767,151.796,149.61,150.431,15605714
2019-12-31,149.648,150.603,149.343,150.536,17534903
2020-01-02,151.567,153.428,151.137,153.323,21594416
2020-01-03,151.128,152.684,150.88,151.414,20156919
2020-01-06,149.944,151.872,149.4,151.805,19868164
2020-01-07,152.082,152.417,150.173,150.421,20651298
2020-01-08,151.71,153.495,150.775,152.817,26486027
2020-01-09,154.488,154.851,153.715,154.727,20413512
2020-01-10,155.423,155.805,153.858,154.011,19784358
2020-01-13,154.411,155.891,153.934,155.862,20644036
2020-01-14,155.967,156.168,154.373,154.765,22410860
2020-01-15,155.232,156.492,155.185,155.767,20444920
2020-01-16,156.884,158.688,156.578,158.621,22781224
2020-01-17,159.814,159.862,157.915,159.509,32810246
2020-01-21,159.108,160.549,158.869,158.936,28176286
2020-01-22,159.795,159.881,158.153,158.173,23042211
2020-01-23,158.64,159.223,157.762,159.146,18786735
2020-01-24,159.9,159.919,156.979,157.542,23786111
2020-01-27,153.829,155.958,152.922,154.908,30620847
2020-01-28,156.34,158.23,155.662,157.943,23768735
2020-01-29,160.215,161.084,158.163,160.406,33175656
2020-01-30,166.143,166.143,163.031,164.931,49253514
2020-01-31,164.387,164.568,161.876,162.497,34500790
2020-02-03,162.688,166.573,162.659,166.458,28739288
2020-02-04,169.093,172.434,168.301,171.937,34778186
2020-02-05,175.67,175.832,170.305,171.727,37406122
2020-02-06,172.749,175.469,171.88,175.288,26490701
2020-02-07,174.543,177.197,174.19,175.536,32005932
2020-02-10,175.24,180.261,174.925,180.128,34215939
2020-02-11,181.989,182.037,175.164,176.061,50744935
2020-02-12,177.149,177.407,173.589,176.319,44924903
2020-02-13,174.763,177.77,174.562,175.364,33692359
2020-02-14,174.925,176.987,174.352,176.93,22097850
2020-02-18,177.178,179.173,177.073,178.724,26529639
2020-02-19,180.007,180.122,178.485,179.26,28712964
2020-02-20,178.945,179.232,173.345,176.523,35283905
2020-02-21,175.327,175.642,169.66,170.943,46492673
2020-02-24,160.586,167.076,156.24,163.572,65385943
2020-02-25,166.74,167.353,160.471,160.873,65158303
2020-02-26,162.443,165.841,161.007,162.883,53799282
2020-02-27,156.326,159.878,151.215,151.406,89185014
2020-02-28,145.884,156.7,145.491,155.072,92858477
2020-03-02,158.231,165.515,155.36,165.391,67989166
2020-03-03,166.358,167.506,155.312,157.465,68607712
2020-03-04,161.275,163.39,158.528,163.247,47681275
2020-03-05,158.939,163.553,158.595,159.15,45769700
2020-03-06,155.647,156.126,149.32,154.651,69702823
2020-03-09,144.534,150.995,143.577,144.17,67403875
2020-03-10,151.387,154.135,146.046,154.029,62555841
2020-03-11,150.402,150.947,144.678,147.051,53957708
2020-03-12,139.078,146.898,132.646,133.105,89234344
2020-03-13,141.184,154.977,134.704,152.029,88756696
2020-03-16,134.005,142.955,129.219,129.621,84141694
2020-03-17,134.005,141.184,129.219,140.294,77588724
2020-03-18,132.091,139.748,129.238,134.388,78099279
2020-03-19,136.656,143.72,133.048,136.599,82243395
2020-03-20,139.748,140.801,130.042,131.469,81232122
2020-03-23,131.143,134.551,126.845,130.157,75593403
2020-03-24,137.594,143.194,135.221,141.988,78983234
2020-03-25,142.533,147.721,138.255,140.629,72399277
2020-03-26,142.045,149.952,142.017,149.425,61803224
2020-03-27,145.252,148.258,142.811,143.29,54599693
2020-03-30,145.912,153.723,143.586,153.369,60704583
2020-03-31,152.574,157.724,149.856,150.957,74590279
2020-04-01,146.448,150.995,144.362,145.596,55487572
2020-04-02,145.357,148.822,143.921,148.612,47505460
2020-04-03,148.458,150.641,145.673,147.243,39477208
2020-04-06,153.455,159.37,150.832,158.193,64237880
2020-04-07,162.328,162.72,156.269,156.489,60081171
2020-04-08,158.576,159.533,156.499,158.059,46249146
2020-04-09,159.236,160.203,156.336,158.068,49184726
2020-04-13,157.312,158.48,155.35,158.423,40110874
2020-04-14,161.763,166.31,160.806,166.262,50610172
2020-04-15,163.869,166.137,161.993,164.52,39187668
2020-04-16,166.836,169.689,165.496,169.459,48317993
2020-04-17,171.814,172.292,168.339,170.952,50506104
2020-04-20,169.066,171.096,167.497,167.564,35099359
2020-04-21,166.07,166.233,158.997,160.634,53796975
2020-04-22,164.051,166.549,163.505,166.09,33137728
2020-04-23,166.654,167.564,163.591,164.08,31386661
2020-04-24,164.692,167.085,163.4,167.076,32809800
2020-04-27,169.028,169.325,165.879,166.597,31772982
2020-04-28,168.071,168.148,162.137,162.538,32919957
2020-04-29,165.803,170.072,164.52,169.832,49090436
2020-04-30,172.292,172.675,168.684,171.536,51568865
2020-05-01,168.272,170.99,166.559,167.095,37684607
2020-05-04,167.018,171.335,166.358,171.182,29072303
2020-05-05,172.886,175.786,172.196,173.02,35261693
2020-05-06,174.283,176.312,173.852,174.723,30763053
2020-05-07,176.284,176.647,174.762,175.738,27103471
2020-05-08,177.059,177.078,175.508,176.772,29555579
2020-05-11,175.307,179.481,175.02,178.744,29569843
2020-05-12,178.801,179.031,174.494,174.695,30666285
2020-05-13,174.733,176.169,168.98,172.053,42796903
2020-05-14,169.938,172.953,168.157,172.799,40080812
2020-05-15,171.393,179.05,169.421,175.317,44614495
2020-05-18,177.796,178.227,176.083,176.992,33754426
2020-05-19,177.107,178.609,175.633,175.767,25651524
2020-05-20,177.389,178.387,176.554,178.205,30005982
2020-05-21,177.955,179.174,175.93,176.064,27950196
2020-05-22,175.834,177.053,175.21,176.141,19990589
2020-05-26,178.857,179.011,173.828,174.279,34625053
2020-05-27,172.964,174.682,169.508,174.509,37930265
2020-05-28,173.482,176.755,173.137,174.116,32452536
2020-05-29,175.392,176.87,173.165,175.891,40438632
2020-06-01,175.21,175.652,174.173,175.488,21713990
2020-06-02,176.851,177.571,174.068,177.485,29558036
2020-06-03,177.398,178.473,176.208,177.917,26214317
2020-06-04,176.899,178.378,174.98,175.575,27606862
2020-06-05,175.287,180.192,174.701,179.683,38291655
2020-06-08,178.473,180.979,177.034,180.796,31877970
2020-06-09,180.451,183.042,179.74,182.178,28587915
2020-06-10,183.455,190.548,183.34,188.936,42110588
2020-06-11,185.375,187.899,178.598,178.79,50732312
2020-06-12,182.889,184.021,177.744,180.201,41631910
2020-06-15,177.168,183.158,176.621,181.353,31454293
2020-06-16,185.144,187.726,183.772,185.797,40847814
2020-06-17,187.199,188.437,185.912,186.44,24656294
2020-06-18,186.21,188.6,186.21,188.437,22135553
2020-06-19,190.616,191.288,186.565,187.314,42656556
2020-06-22,187.928,192.698,187.39,192.516,31501039
2020-06-23,193.975,195.76,193.342,193.802,29675896
2020-06-24,193.505,195.089,188.667,189.896,35265275
2020-06-25,189.857,192.555,187.621,192.295,26687428
2020-06-26,191.71,191.863,187.055,188.446,52480274
2020-06-29,187.918,190.558,185.778,190.472,25629392
2020-06-30,189.934,196.192,189.8,195.338,32932560
2020-07-01,194.983,198.064,193.668,196.48,30773771
2020-07-02,197.421,199.667,196.768,197.977,28138606
2020-07-06,200.444,202.652,199.734,202.239,30616746
2020-07-07,201.999,206.05,199.638,199.888,32251444
2020-07-08,201.635,204.696,200.31,204.284,32250774
2020-07-09,207.643,207.691,202.978,205.714,31791686
2020-07-10,205.042,205.484,202.604,205.09,25126429
2020-07-13,205.867,207.134,198.208,198.755,36604246
2020-07-14,197.853,200.464,193.917,199.984,36082282
2020-07-15,201.145,202.844,196.797,199.686,30887228
2020-07-16,197.152,197.44,194.186,195.732,28738418
2020-07-17,196.26,196.807,193.303,194.733,30364976
2020-07-20,196.768,203.775,194.858,203.103,35403673
2020-07-21,205.08,205.349,199.676,200.368,36464888
2020-07-22,200.799,203.775,200.022,203.247,47613765
2020-07-23,198.87,202.45,194.033,194.407,64748229
2020-07-24,192.372,194.714,189.579,193.217,38227727
2020-07-27,193.38,195.779,192.794,195.664,28949774
2020-07-28,195.434,196.48,193.639,193.908,22317730
2020-07-29,194.368,196.432,193.898,195.866,18844246
2020-07-30,192.929,196.25,191.556,195.712,24072517
2020-07-31,196.192,196.864,191.019,196.778,48994297
2020-08-03,203.026,208.9,201.99,207.845,75811388
2020-08-04,205.57,206.146,201.865,204.725,47301248
2020-08-05,206.271,206.367,203.074,204.389,27649666
2020-08-06,203.813,207.682,203.055,207.662,31345456
2020-08-07,206.223,207.038,202.46,203.948,26703263
2020-08-10,203.17,203.372,198.064,199.888,35242128
2020-08-11,198.841,199.312,194.983,195.213,34982977
2020-08-12,197.046,201.836,196.528,200.79,26888224
2020-08-13,201.03,202.863,199.792,200.32,21681837
2020-08-14,200.377,201.174,199.177,200.512,17237750
2020-08-17,201.183,202.71,200.531,201.836,19374269
2020-08-18,202.076,203.833,200.809,202.997,20479433
2020-08-19,203.488,204.075,201.333,201.766,26582310
2020-08-20,201.612,206.865,201.006,206.461,25960647
2020-08-21,205.768,208.068,204.797,204.96,34877793
2020-08-24,206.663,207.366,204.393,205.605,24496812
2020-08-25,205.037,208.415,205.037,208.28,22171835
2020-08-26,209.636,213.687,209.136,212.783,38102488
2020-08-27,214.457,222.404,211.099,218.007,55422809
2020-08-28,219.547,221.914,218.007,220.249,25298098
2020-08-31,218.411,220.047,215.823,216.997,27685519
2020-09-01,216.978,218.844,215.939,218.671,24752171
2020-09-02,219.345,224.05,218.748,222.885,32791350
2020-09-03,220.596,220.634,206.827,209.078,56190710
2020-09-04,206.962,210.098,197.427,206.144,57406695
2020-09-08,198.687,202.083,194.55,194.992,50921894
2020-09-09,199.745,206.712,198.88,203.296,43950726
2020-09-10,205.326,206.615,196.387,197.6,34119810
2020-09-11,199.361,200.736,193.626,196.311,32348079
2020-09-14,196.513,201.285,196.311,197.638,29226530
2020-09-15,200.534,201.843,199.101,200.881,20998192
2020-09-16,202.651,202.68,196.897,197.292,25331972
2020-09-17,192.481,196.599,192.395,195.233,32724482
2020-09-18,195.127,195.945,188.825,192.808,53135839
2020-09-21,189.729,195.04,188.95,194.877,38332365
2020-09-22,197.301,200.227,194.434,199.572,32248970
2020-09-23,200.034,200.227,192.462,193.001,29638326
2020-09-24,192.289,197.792,191.663,195.502,30021952
2020-09-25,195.849,201.131,194.877,199.957,28323535
2020-09-28,202.901,204.527,200.188,201.516,30793989
2020-09-29,201.429,202.122,198.985,199.418,23305462
2020-09-30,199.87,203.96,198.725,202.372,32549166
2020-10-01,205.413,205.894,203.325,204.421,26130852
2020-10-02,200.13,203.007,197.763,198.389,31900388
2020-10-05,199.38,202.449,199.149,202.42,20524512
2020-10-06,200.919,202.228,197.071,198.119,27473949
2020-10-07,199.226,202.16,198.899,201.891,24709446
2020-10-08,202.545,203.2,200.438,202.613,19171907
2020-10-09,203.238,207.693,203.238,207.645,25456958
2020-10-12,210.512,215.39,208.607,213.023,38930537
2020-10-13,214.293,216.689,212.09,214.428,27855448
2020-10-14,214.563,215.737,210.839,212.504,22535533
2020-10-15,208.886,212.023,207.837,211.349,21872987
2020-10-16,211.821,213.88,211.022,211.349,25071992
2020-10-19,212.08,213.889,205.634,206.115,26580567
2020-10-20,207.635,209.146,205.028,206.529,21892619
2020-10-21,205.057,208.713,205.057,206.673,21865099
2020-10-22,205.836,207.885,203.69,206.76,21505827
2020-10-23,206.894,208.097,205.095,208.049,18165287
2020-10-26,205.759,208.155,200.227,202.132,35707479
2020-10-27,203.584,206.548,202.372,205.182,35311729
2020-10-28,199.813,200.939,194.454,195.012,49258614
2020-10-29,196.349,199.514,195.676,196.974,30243345
2020-10-30,195.801,196.561,192.067,194.809,35555548
2020-11-02,196.561,197.513,192.548,194.675,29675279
2020-11-03,196.176,200.246,195.435,198.62,26471081
2020-11-04,205.923,210.06,204.383,208.203,40710917
2020-11-05,213.639,215.64,212.783,214.842,34715006
2020-11-06,213.851,215.871,209.781,215.255,24277245
2020-11-09,215.948,219.489,209.637,210.127,42715312
2020-11-10,206.384,208.309,201.785,203.026,42378646
2020-11-11,204.354,209.79,204.171,208.357,28326903
2020-11-12,208.992,210.82,206.346,207.289,20776892
2020-11-13,208.174,209.194,206.057,208.318,17916567
2020-11-16,206.74,209.502,206.404,209.011,24009192
2020-11-17,207.924,209.444,205.98,206.346,23240229
2020-11-18,206.105,207.571,203.481,203.626,27370786
2020-11-19,203.915,205.507,202.516,204.918,23917112
2020-11-20,204.706,205.757,202.584,202.96,22036366
2020-11-23,203.5,204.793,200.809,202.69,24776455
2020-11-24,202.188,206.684,201.484,206.307,32779670
2020-11-25,207.513,207.687,204.957,206.317,20270802
2020-11-27,207.262,208.632,206.481,207.629,13999685
2020-11-30,206.539,207.176,203.394,206.51,31897083
2020-12-01,206.934,209.645,205.815,208.574,29813073
2020-12-02,207.291,207.861,205.285,207.764,22886646
2020-12-03,207.031,208.738,206.105,206.674,24233730
2020-12-04,206.654,207.774,205.651,206.79,23794888
2020-12-07,206.799,207.928,205.468,206.722,23750516
2020-12-08,206.413,209.288,205.372,208.381,22461789
2020-12-09,207.561,207.629,203.751,204.32,31294917
2020-12-10,204.291,205.555,202.931,203.085,25789177
2020-12-11,202.632,205.786,201.725,205.729,29885330
2020-12-14,205.574,208.574,205.362,206.635,27781354
2020-12-15,207.571,207.812,204.744,206.568,26047036
2020-12-16,207.166,212.337,207.137,211.536,33786416
2020-12-17,212.105,213.089,210.224,211.671,31367463
2020-12-18,210.87,211.931,208.391,210.87,61117436
2020-12-21,209.867,216.089,209.607,214.729,35868782
2020-12-22,214.825,217.662,214.015,216.031,21813624
2020-12-23,215.231,215.665,213.002,213.214,18039200
2020-12-24,213.6,215.713,213.388,214.883,10177992
2020-12-28,216.523,218.048,215.144,217.015,17300160
2020-12-29,218.318,219.157,215.684,216.234,16788587
2020-12-30,217.276,217.662,213.648,213.851,19556359
2020-12-31,213.87,215.124,211.922,214.565,20202507
2021-01-04,214.671,215.124,207.224,210.002,35818803
2021-01-05,209.587,210.803,208.082,210.205,22981662
2021-01-06,204.677,208.844,204.455,204.754,34661758
2021-01-07,206.481,211.594,206.163,210.581,26716432
2021-01-08,210.957,212.79,209.365,211.864,22145479
2021-01-11,210.755,211.179,209.076,209.809,22217924
2021-01-12,208.854,209.433,205.786,207.339,22428224
2021-01-13,206.462,209.105,206.375,208.7,19377701
2021-01-14,208.285,209.78,205.227,205.497,28439644
2021-01-15,205.979,206.934,204.542,205.14,30625333
2021-01-19,206.201,209.317,205.121,208.796,29404436
2021-01-20,210.012,217.816,209.616,216.417,36443155
2021-01-21,216.764,218.308,214.565,217.025,29624859
2021-01-22,219.06,221.945,217.826,217.97,29107114
2021-01-25,221.028,221.665,216.301,221.424,31981298
2021-01-26,223.672,225.91,221.954,224.125,47433119
2021-01-27,229.595,231.949,222.012,224.675,67403049
2021-01-28,227.289,234.071,226.788,230.492,47376779
2021-01-29,227.656,229.614,223.18,223.768,41002060
2021-02-01,226.759,233.936,224.221,231.186,32137673
2021-02-02,232.778,233.753,230.26,231.051,25001033
2021-02-03,231.109,236.434,230.81,234.418,26198983
2021-02-04,234.09,234.65,231.881,233.463,24402735
2021-02-05,233.675,234.688,231.929,233.646,17417172
2021-02-08,234.563,235.074,232.305,233.907,21427462
2021-02-09,233.328,236.116,232.855,235.161,22732777
2021-02-10,236.348,237.235,232.383,234.245,21403148
2021-02-11,236.135,236.492,233.598,235.855,15194828
2021-02-12,235.315,236.637,234.158,236.338,15976226
2021-02-16,236.376,237.438,234.341,235.093,25784546
2021-02-17,233.334,236.225,232.966,236.118,20936895
2021-02-18,233.798,235.857,232.889,235.722,16365456
2021-02-19,235.683,235.79,232.231,232.995,24426555
2021-02-22,229.563,230.056,224.709,226.749,35240707
2021-02-23,222.707,227.059,221.16,225.55,29228303
2021-02-24,222.398,227.416,221.421,226.788,25468002
2021-02-25,224.399,226.826,220.338,221.412,38233572
2021-02-26,223.868,227.581,221.943,224.689,36567592
2021-03-01,228.093,229.611,225.434,229.099,24485916
2021-03-02,229.166,229.447,225.724,226.13,22057533
2021-03-03,224.477,225.85,219.739,220.029,32903323
2021-03-04,219.236,224.796,216.838,219.227,43247559
2021-03-05,221.924,225.55,218.965,223.935,40487056
2021-03-08,223.713,225.647,219.613,219.865,34100252
2021-03-09,225.173,227.59,224.003,226.043,31985722
2021-03-10,229.157,229.157,224.361,224.728,28762348
2021-03-11,227.184,231.255,226.556,229.282,28917823
2021-03-12,226.266,228.016,225.511,227.948,21903990
2021-03-15,227.184,227.406,224.138,227.039,25173290
2021-03-16,228.46,232.115,228.132,229.843,27162502
2021-03-17,228.335,230.655,225.511,229.195,28583760
2021-03-18,224.864,226.44,222.707,223.085,33680229
2021-03-19,223.374,224.777,221.76,222.727,44894103
2021-03-22,222.649,229.06,222.524,228.18,29129971
2021-03-23,229.63,233.073,229.224,229.717,30591342
2021-03-24,229.979,230.124,227.532,227.668,24772219
2021-03-25,227.513,229.099,223.906,224.651,32934650
2021-03-26,223.887,228.876,223.887,228.654,24636665
2021-03-29,228.76,228.963,224.206,227.455,24392614
2021-03-30,225.801,226.111,223.452,224.177,23971528
2021-03-31,225.202,231.187,224.699,227.967,42179800
2021-04-01,230.578,234.803,230.172,234.33,29333986
2021-04-05,234.726,241.688,234.668,240.827,35689069
2021-04-06,239.415,241.146,238.71,239.657,22172980
2021-04-07,239.609,242.626,239.009,241.63,21967901
2021-04-08,244.405,245.729,243.66,244.869,22843343
2021-04-09,244.501,247.518,244.086,247.383,23521719
2021-04-12,246.281,249.143,246.193,247.441,26250229
2021-04-13,248.746,250.612,248.33,249.935,23048610
2021-04-14,248.959,250.264,246.716,247.131,22307382
2021-04-15,249.394,251.328,249.201,250.912,24779373
2021-04-16,250.883,252.362,249.075,252.111,24055261
2021-04-19,251.579,252.827,249.288,250.177,22441206
2021-04-20,249.288,251.589,248.34,249.713,19070187
2021-04-21,250.371,252.053,248.736,251.956,23235132
2021-04-22,251.598,253.117,247.18,248.659,24758777
2021-04-23,249.346,252.855,248.756,252.507,20752308
2021-04-26,253.001,253.755,251.56,252.894,19109248
2021-04-27,252.923,254.48,251.512,253.3,29987808
2021-04-28,247.605,248.05,244.579,246.135,45350872
2021-04-29,247.006,247.625,240.76,244.153,39245742
2021-04-30,241.475,244.704,241.34,243.834,29920996
2021-05-03,245.014,245.932,242.809,243.525,18977074
2021-05-04,242.664,242.896,237.627,239.59,31672065
2021-05-05,240.818,241.243,237.685,238.313,21176488
2021-05-06,238.294,241.591,236.592,241.465,25614400
2021-05-07,243.805,245.884,242.858,244.105,26138264
2021-05-10,242.568,243.399,238.942,239,28330234
2021-05-11,236.457,238.439,234.542,238.081,32528256
2021-05-12,234.156,236.292,230.191,231.09,35470361
2021-05-13,233.798,237.472,233.43,234.987,28643905
2021-05-14,237.453,240.934,237.366,239.938,23110105
2021-05-17,238.391,238.429,235.461,237.066,24143825
2021-05-18,238.12,238.255,234.861,235.035,19500551
2021-05-19,231.924,235.723,231.236,235.617,24945426
2021-05-20,236.431,240.298,236.334,238.873,21127893
2021-05-21,239.93,240.666,237.187,237.604,21188364
2021-05-24,240.143,243.409,239.871,243.04,20750704
2021-05-25,244,244.95,243.079,243.952,17157916
2021-05-26,243.671,245.134,243.011,243.729,17223139
2021-05-27,243.419,243.719,241.558,241.616,23672369
2021-05-28,243.254,244.3,241.858,241.975,17706354
2021-06-01,243.477,243.535,239.338,239.765,22496897
2021-06-02,240.472,241.577,238.253,239.668,18807776
2021-06-03,237.652,238.738,235.501,238.127,24526664
2021-06-04,240.114,243.884,239.871,243.05,24500883
2021-06-07,242.265,246.248,242.1,245.977,22366937
2021-06-08,247.285,248.109,244.717,244.775,21762004
2021-06-09,245.977,247.644,245.395,245.764,17384016
2021-06-10,246.442,249.514,245.841,249.301,23805522
2021-06-11,250.028,250.513,248.691,249.931,18413339
2021-06-14,249.941,251.928,248.875,251.869,18559486
2021-06-15,251.753,251.966,249.728,250.387,17482191
2021-06-16,251.395,252.538,246.568,249.437,26379943
2021-06-17,248.167,253.672,248.109,252.848,26714784
2021-06-18,251.617,254.205,250.765,251.424,36054084
2021-06-21,251.801,255.387,249.96,254.525,25872214
2021-06-22,254.612,257.587,254.302,257.316,23931997
2021-06-23,257.781,258.595,256.269,257.083,18916318
2021-06-24,257.946,259.584,257.277,258.46,20785013
2021-06-25,258.014,259.002,256.589,256.841,24820695
2021-06-28,257.975,260.601,257.704,260.427,18985423
2021-06-29,260.572,263.266,259.71,263.024,19322483
2021-06-30,262.336,262.985,261.28,262.54,20988146
2021-07-01,261.289,263.451,261.28,263.218,16209131
2021-07-02,264.4,269.421,264.09,269.081,25641466
2021-07-06,269.45,270.748,265.835,269.091,30591439
2021-07-07,270.777,272.027,268.597,271.291,22542158
2021-07-08,268.354,270.128,266.387,268.858,23858833
2021-07-09,267.211,269.469,266.823,269.362,23178590
2021-07-12,270.545,271.136,268.044,268.761,18347433
2021-07-13,268.955,274.121,268.829,272.309,25313991
2021-07-14,273.636,274.906,271.892,273.791,22400375
2021-07-15,273.297,273.791,271.194,272.357,21906593
2021-07-16,273.365,275.332,270.835,272.086,25378633
2021-07-19,270.322,271.717,265.98,268.461,31919151
2021-07-20,269.449,272.299,267.734,270.7,25449280
2021-07-21,270.293,272.832,268.732,272.716,23612375
2021-07-22,275.08,277.581,274.673,277.309,22662424
2021-07-23,278.501,281.04,277.658,280.73,22065438
2021-07-26,280.081,280.75,277.794,280.129,22460844
2021-07-27,280.498,280.643,274.218,277.697,32567022
2021-07-28,280.071,281.195,275.071,277.387,32530973
2021-07-29,277.406,279.713,277.251,277.658,17607594
2021-07-30,276.369,277.813,275.148,276.117,20298408
2021-08-02,277.522,277.92,274.983,276.03,15765362
2021-08-03,276.612,278.366,275.235,278.259,17327224
2021-08-04,277.387,278.715,275.865,277.668,15691608
2021-08-05,278.026,280.691,277.27,280.585,13471215
2021-08-06,279.606,280.566,278.744,280.527,16077328
2021-08-09,280.808,282.552,278.928,279.432,15620186
2021-08-10,279.887,280.323,276.398,277.6,18042062
2021-08-11,278.346,279.751,277.038,278.094,13525195
2021-08-12,277.784,281.021,277.503,280.866,14111915
2021-08-13,280.546,283.861,280.372,283.812,17685808
2021-08-16,284.142,285.721,281.069,285.508,21812982
2021-08-17,283.366,284.374,282.097,284.035,19455745
2021-08-18,283.569,286.268,281.85,282.297,21180286
2021-08-19,280.316,288.841,280.268,288.162,28984647
2021-08-20,291.026,296.969,289.414,295.532,39633627
2021-08-23,294.454,296.541,293.094,295.813,22167978
2021-08-24,296.172,296.784,293.24,293.842,17648586
2021-08-25,295.473,295.755,291.706,293.25,19425797
2021-08-26,292.259,293.658,290.279,290.414,17153671
2021-08-27,290.317,292.143,288.22,291.026,21949990
2021-08-30,292.386,295.396,292.327,294.784,15873903
2021-08-31,295.59,295.668,292.755,293.124,25522863
2021-09-01,294.085,296.337,292.745,293.075,18433148
2021-09-02,293.434,294.561,291.473,292.415,15813212
2021-09-03,292.259,293.823,291.551,292.405,14320116
2021-09-07,292.279,292.357,289.55,291.473,16682061
2021-09-08,291.085,291.89,288.841,291.502,14610347
2021-09-09,292.094,293.376,288.385,288.628,19348993
2021-09-10,289.764,291.22,286.812,287.133,19063905
2021-09-13,288.919,289.88,285.55,288.375,22966815
2021-09-14,290.871,292.648,289.453,291.094,21219514
2021-09-15,294.464,296.464,293.065,295.978,27533789
2021-09-16,294.949,296.454,292.036,296.367,18983704
2021-09-17,295.347,295.668,290.842,291.172,40172439
2021-09-20,287.734,290.055,281.122,285.763,37168371
2021-09-21,287.113,288.909,285.54,286.249,21715397
2021-09-22,288.123,291.512,285.967,289.919,25853970
2021-09-23,290.181,292.172,288.9,290.871,18064951
2021-09-24,289.579,291.104,288.317,290.667,14563936
2021-09-27,287.55,287.871,284.443,285.637,22887971
2021-09-28,281.394,282.345,274.548,275.296,41933523
2021-09-29,276.83,278.452,274.801,275.762,25589276
2021-09-30,277.423,279.481,273.451,273.742,31405427
2021-10-01,273.937,281.569,273.131,280.714,29213610
2021-10-04,279.064,279.403,272.121,274.898,30441329
2021-10-05,275.811,281.977,275.811,280.384,24268042
2021-10-06,277.491,285.113,277.228,284.608,27190352
2021-10-07,286.618,288.036,285.395,286.297,19837887
2021-10-08,287.628,288.036,285.239,286.297,17172704
2021-10-11,284.423,289.327,284.258,285.695,18738821
2021-10-12,286.773,286.87,283.87,284.385,17452736
2021-10-13,286.356,288.657,284.977,287.715,22737076
2021-10-14,290.531,294.473,289.191,293.968,26472100
2021-10-15,293.57,295.619,291.803,295.386,24648481
2021-10-18,294.764,299.27,293.91,298.377,22070003
2021-10-19,299.406,300.328,298.309,299.289,17169208
2021-10-20,300.241,300.717,297.231,298.493,16057421
2021-10-21,298.26,301.999,297.474,301.746,16427368
2021-10-22,301.396,302.066,298.872,300.192,16943160
2021-10-25,300.387,300.426,297.571,299.192,17045310
2021-10-26,301.979,303.338,299.649,301.115,27292006
2021-10-27,306.834,316.641,306.834,313.796,51063291
2021-10-28,314.922,315.447,312.039,314.942,25535095
2021-10-29,314.728,322.37,314.505,322.001,33757564
2021-11-01,321.749,321.875,316.903,319.816,26287907
2021-11-02,320.729,323.778,320.428,323.467,25718805
2021-11-03,324.215,325.186,321.059,324.312,20876462
2021-11-04,323.234,326.778,319.952,326.681,23296274
2021-11-05,328.691,328.963,324.72,326.312,21915422
2021-11-08,327.516,327.856,324.739,327.215,20290857
2021-11-09,327.332,328.895,324.827,326.205,20689349
2021-11-10,324.865,324.924,320.35,321.205,24761212
2021-11-11,321.642,324.089,320.923,322.787,16361048
2021-11-12,324.234,327.448,324.108,326.953,23139751
2021-11-15,327.749,328.079,324.341,326.322,16237925
2021-11-16,325.943,330.789,325.778,329.662,20280953
2021-11-17,329.711,332.872,328.796,329.886,18534578
2021-11-18,328.971,333.125,327.94,331.977,21851818
2021-11-19,333.31,335.703,332.882,333.767,21365336
2021-11-22,335.236,340.149,330.304,330.577,30186130
2021-11-23,327.872,330.207,324.477,328.485,29599059
2021-11-24,327.123,328.952,324.818,328.709,21071462
2021-11-26,325.246,328.728,319.185,320.703,23557765
2021-11-29,325.82,329.798,325.625,327.464,27785719
2021-11-30,326.189,328.582,320.032,321.588,41717834
2021-12-01,326.004,330.042,320.421,321.092,32429825
2021-12-02,321.306,324.409,318.874,320.518,29928243
2021-12-03,322.95,323.641,309.37,314.215,40641658
2021-12-06,315.129,318.534,310.537,317.308,29214817
2021-12-07,322.609,326.656,321.111,325.8,30177180
2021-12-08,326.18,326.364,321.792,325.849,24086760
2021-12-09,325.304,327.327,323.076,324.03,21609308
2021-12-10,325.859,333.66,325.674,333.213,37058361
2021-12-13,331.403,334.429,329.847,330.158,28112475
2021-12-14,324.146,325.528,315.284,319.399,43228634
2021-12-15,319.662,326.063,315.664,325.538,34417675
2021-12-16,326.569,327.59,314.224,316.053,34080805
2021-12-17,312.142,316.073,308.611,314.983,46450070
2021-12-20,311.335,314.01,308.923,311.199,27555174
2021-12-21,314.487,318.806,311.092,318.378,24066914
2021-12-22,319.36,324.526,316.88,324.127,24155341
2021-12-23,323.689,327.23,323.67,325.576,19083608
2021-12-27,326.325,333.154,326.296,333.125,19403844
2021-12-28,333.806,334.448,331.053,331.958,15235039
2021-12-29,332.006,334.925,330.431,332.639,14632406
2021-12-30,332.6,333.787,329.594,330.08,15558969
2021-12-31,329.292,330.119,326.705,327.162,17510638
2022-01-03,326.219,328.796,320.8,325.635,28079107
2022-01-04,325.713,326.073,317.24,320.051,31784583
2022-01-05,316.987,317.191,307.376,307.765,38963625
2022-01-06,304.623,310.022,303.008,305.333,38566543
2022-01-07,305.596,307.882,301.646,305.489,31829035
2022-01-10,301.063,306.15,296.393,305.712,43083507
2022-01-11,304.847,307.989,301.452,306.403,28586598
2022-01-12,310.965,314.603,308.446,309.603,33436244
2022-01-13,311.744,312.142,295.722,296.5,44130684
2022-01-14,295.965,302.356,295.479,301.753,38761388
2022-01-18,295.79,301.364,293.524,294.409,41180475
2022-01-19,297.95,305.362,294.458,295.07,44683131
2022-01-20,300.654,303.164,292.94,293.388,34417292
2022-01-21,294.448,295.829,287.56,287.969,56405484
2022-01-24,284.243,289.02,268.533,288.3,83397047
2022-01-25,283.582,286.957,277.405,280.634,70864928
2022-01-26,299.603,300.1,285.051,288.631,87966525
2022-01-27,294.419,298.932,289.817,291.675,52025012
2022-01-28,292.055,300.08,286.432,299.866,48389182
2022-01-31,300.537,303.874,298.027,302.512,45179814
2022-02-01,301.958,302.172,296.821,300.353,39835325
2022-02-02,301.199,306.539,300.469,304.924,35638404
2022-02-03,301.063,302.755,291.792,293.047,42539238
2022-02-04,292.035,300.391,291.802,297.609,34140828
2022-02-07,297.833,299.458,291.734,292.755,27756345
2022-02-08,293.047,297.24,291.782,296.267,31538378
2022-02-09,301.432,303.436,299.02,302.736,30432822
2022-02-10,295.761,300.703,292.512,294.146,44150335
2022-02-11,294.934,296.004,286.208,287.006,38108854
2022-02-14,285.771,288.679,283.417,286.967,35369437
2022-02-15,291.841,292.609,288.932,292.288,26321502
2022-02-16,290.846,293.283,286.274,291.947,29226000
2022-02-17,288.886,289.315,282.687,283.398,31642964
2022-02-18,285.66,286.449,279.09,280.669,33399909
2022-02-22,277.813,284.188,277.325,280.464,40683573
2022-02-23,282.862,284.344,273.036,273.202,36857657
2022-02-24,265.638,287.716,264.673,287.161,55552509
2022-02-25,287.697,290.124,284.295,289.812,31725922
2022-02-28,286.888,291.596,285.611,291.255,33754251
2022-03-01,288.925,292.405,284.782,287.512,30430534
2022-03-02,287.911,293.867,286.293,292.62,31069215
2022-03-03,295.251,295.486,286.634,288.457,26625665
2022-03-04,286.868,288.204,279.928,282.55,31540521
2022-03-07,281.254,282.384,271.506,271.876,42068839
2022-03-08,270.794,276.799,263.191,268.893,46944994
2022-03-09,276.292,282.297,273.699,281.224,34316700
2022-03-10,275.883,279.372,273.504,278.388,29855603
2022-03-11,280.698,282.209,272.383,273.007,26523127
2022-03-14,273.27,278.203,268.864,269.469,29887483
2022-03-15,273.28,280.562,271.701,279.909,33381489
2022-03-16,281.819,287.141,276.058,286.966,36872374
2022-03-17,285.894,288.155,282.073,287.775,30039452
2022-03-18,287.921,293.409,285.348,292.854,42296353
2022-03-21,291.352,292.571,287.463,291.616,27636222
2022-03-22,292.24,297.308,291.236,296.392,26903680
2022-03-23,292.932,295.583,290.212,291.937,25066895
2022-03-24,291.596,296.529,290.797,296.431,23867041
2022-03-25,297.533,297.796,291.742,296.022,21997403
2022-03-28,296.655,302.962,296.655,302.865,28832281
2022-03-29,305.994,307.855,301.256,307.456,29626921
2022-03-30,305.847,307.982,303.722,305.945,27453354
2022-03-31,305.984,307.193,300.125,300.535,32579246
2022-04-01,301.568,302.309,297.835,301.617,26426815
2022-04-04,302.27,307.163,301.9,307.027,23677050
2022-04-05,305.37,306.93,302.056,303.04,22572725
2022-04-06,297.494,299.258,289.228,291.947,39098881
2022-04-07,289.179,295.992,288.876,293.77,30619057
2022-04-08,292.863,293.526,288.808,289.481,23747533
2022-04-11,284.431,285.231,277.813,278.066,33697518
2022-04-12,281.946,283.408,273.417,274.947,30185770
2022-04-13,275.6,281.302,274.206,280.367,21354737
2022-04-14,280.825,281.039,272.276,272.773,27509893
2022-04-18,271.876,275.337,271.321,273.446,20254010
2022-04-19,272.335,278.953,271.389,278.105,21735388
2022-04-20,282.102,282.394,278.173,279.138,22329025
2022-04-21,281.302,285.903,272.997,273.728,28711800
2022-04-22,274.577,276.058,266.486,267.119,28664233
2022-04-25,266.398,274.021,263.942,273.641,34779136
2022-04-26,270.502,271.34,263.191,263.405,45345283
2022-04-27,274.986,283.632,272.12,276.078,61876884
2022-04-28,277.998,283.642,274.362,282.326,32798087
2022-04-29,281.332,282.57,269.527,270.521,36138957
2022-05-02,270.707,277.754,269.254,277.296,34264643
2022-05-03,276.799,276.965,273.085,274.674,25323456
2022-05-04,275.464,283.544,269.751,282.667,32751971
2022-05-05,278.339,279.129,267.422,270.356,42169430
2022-05-06,267.88,272.208,264.429,267.802,36827535
2022-05-09,263.25,265.491,256.68,257.908,46522424
2022-05-10,264.838,266.846,258.385,262.704,38344393
2022-05-11,258.98,264.517,252.761,253.979,47740798
2022-05-12,251.191,253.326,243.715,248.911,49746813
2022-05-13,250.86,256.406,248.91,254.535,34044335
2022-05-16,253.404,259.116,249.33,254.905,31730020
2022-05-17,259.399,261.563,255.841,260.091,28101781
2022-05-18,256.965,257.551,246.969,248.249,30636434
2022-05-19,248.074,251.757,246.1,247.331,31942072
2022-05-20,251.337,252.607,240.785,246.764,38299746
2022-05-23,249.627,255.499,247.614,254.669,32414090
2022-05-24,251.972,255.333,247.683,253.662,28377396
2022-05-25,252.216,258.508,251.229,256.496,27892773
2022-05-26,256.251,260.98,255.431,259.798,24428349
2022-05-27,262.319,267.067,261.42,266.97,26293242
2022-05-31,266.276,268.465,262.759,265.631,36959626
2022-06-01,268.885,271.318,263.843,266.168,24711794
2022-06-02,258.381,268.347,255.597,268.279,42998294
2022-06-03,264.107,267.175,262.25,263.823,27415094
2022-06-06,265.817,267.888,261.088,262.583,21886256
2022-06-07,260.521,266.862,259.837,266.247,22336087
2022-06-08,265.475,266.735,263.423,264.205,16973638
2022-06-09,261.635,266.452,258.557,258.714,25832962
2022-06-10,254.6,254.6,246.735,247.184,30701699
2022-06-13,239.485,243.305,235.987,236.701,45077072
2022-06-14,238.264,240.101,235.968,238.879,27994000
2022-06-15,242.612,249.441,240.765,245.983,32351851
2022-06-16,240.335,241.742,237.443,239.348,32408029
2022-06-17,239.085,244.751,238.43,241.967,42096085
2022-06-21,244.517,248.904,243.784,247.917,29241497
2022-06-22,246.11,251.268,244.624,247.321,25344624
2022-06-23,249.705,253.418,247.81,252.92,25267925
2022-06-24,255.802,261.83,255.714,261.557,33144728
2022-06-27,262.055,262.143,257.238,258.811,24050232
2022-06-28,257.922,260.785,250.438,250.594,26669123
2022-06-29,251.679,255.958,249.891,254.288,19609234
2022-06-30,251.151,253.574,247.096,250.936,31002731
2022-07-01,250.506,253.809,248.767,253.623,22313615
2022-07-05,250.282,256.945,248.894,256.818,22414548
2022-07-06,257.698,261.84,256.378,260.101,23277677
2022-07-07,259.036,262.886,258.938,262.241,20381203
2022-07-08,258.714,261.948,257.248,261.518,19207667
2022-07-11,259.554,260.414,256.164,258.44,19008740
2022-07-12,259.779,259.837,246.256,247.849,35045378
2022-07-13,244.449,247.732,242.416,246.921,28820484
2022-07-14,244.82,249.285,240.296,248.249,24526734
2022-07-15,249.852,254.395,248.923,250.829,29090834
2022-07-18,253.789,254.854,247.487,248.415,20493660
2022-07-19,251.669,253.76,247.859,253.574,24438610
2022-07-20,253.936,258.792,252.969,256.251,22265352
2022-07-21,253.828,258.811,251.132,258.762,21890553
2022-07-22,259.153,259.241,253.125,254.385,21379163
2022-07-25,255.01,255.499,250.917,252.89,20572801
2022-07-26,253.897,253.916,243.843,246.119,38445042
2022-07-27,255.167,263.853,252.91,262.573,44938520
2022-07-28,263.56,271.464,261.723,270.067,32691471
2022-07-29,271.327,275.529,270.282,274.297,31414949
2022-08-01,271.445,274.825,269.51,271.63,21045307
2022-08-02,269.666,271.513,266.129,268.513,22232034
2022-08-03,270.409,276.994,270.262,275.988,22979182
2022-08-04,275.333,277.287,273.741,277.141,17683371
2022-08-05,272.744,277.141,272.285,276.418,16389652
2022-08-08,277.532,279.359,272.91,273.887,18309172
2022-08-09,273.223,276.584,271.239,275.822,22868091
2022-08-10,281.557,283.159,280.355,282.524,24121260
2022-08-11,284.176,284.527,279.935,280.433,19605423
2022-08-12,281.86,285.211,280.355,285.211,22100619
2022-08-15,284.322,287.429,283.453,286.735,17670666
2022-08-16,285.289,287.292,283.755,285.993,17687469
2022-08-17,283.692,287.227,283.427,285.239,17872373
2022-08-18,284.133,285.817,283.046,284.113,16827450
2022-08-19,282.869,283.212,279.599,280.177,20140614
2022-08-22,276.192,276.564,271.433,271.952,24537970
2022-08-23,270.669,273.039,269.651,270.669,17161527
2022-08-24,269.661,271.443,269.367,270.033,17758404
2022-08-25,271.541,273.196,268.79,273.029,16237233
2022-08-26,273.254,274.488,262.386,262.494,26974227
2022-08-29,260.301,261.818,258.342,259.694,19913947
2022-08-30,261.103,261.475,255.219,257.481,22291854
2022-08-31,259.85,261.534,255.875,256.012,24274289
2022-09-01,253.466,255.444,250.079,254.964,22777790
2022-09-02,256.237,259.214,249.158,250.715,22378307
2022-09-06,250.852,252.448,246.681,247.964,20882990
2022-09-07,249.383,253.427,247.934,252.703,23623077
2022-09-08,252.135,254.994,249.471,253.124,19895738
2022-09-09,255.062,259.694,254.857,258.94,21623699
2022-09-12,260.232,261.867,259.625,261.084,18356357
2022-09-13,253.437,254.964,246.338,246.73,32657075
2022-09-14,248.238,248.923,244.644,246.955,23413834
2022-09-15,244.556,246.152,238.926,240.258,30872719
2022-09-16,239.161,240.18,237.007,239.631,38961170
2022-09-19,237.409,240.023,235.822,239.416,26266905
2022-09-20,237.017,238.427,234.638,237.389,26103782
2022-09-21,239.171,242.49,233.913,233.962,28028062
2022-09-22,232.905,238.77,232.611,235.95,30412818
2022-09-23,234.54,236.097,230.29,232.954,33462602
2022-09-26,232.102,236.41,231.955,232.493,27116103
2022-09-27,234.971,236.753,229.605,231.475,26454703
2022-09-28,231.867,237.271,229.83,236.038,28423721
2022-09-29,233.903,234.941,229.517,232.542,26910492
2022-09-30,233.316,235.519,227.872,228.038,34949700
2022-10-03,230.496,236.566,229.762,235.715,28277539
2022-10-04,239.974,245.134,239.866,243.685,34160128
2022-10-05,240.855,245.349,239.005,243.998,19922367
2022-10-06,242.755,245.114,240.943,241.638,19817404
2022-10-07,235.871,236.283,228.303,229.35,36981185
2022-10-10,228.185,229.664,221.997,224.465,29122727
2022-10-11,222.869,224.279,219.432,220.705,29837873
2022-10-12,220.695,223.104,219.285,221.038,21446669
2022-10-13,215.261,231.172,214.556,229.35,41663560
2022-10-14,230.623,232.288,223.574,223.789,29568229
2022-10-17,230.897,233.972,230.232,232.572,27554846
2022-10-18,238.163,238.838,230.457,233.521,25779990
2022-10-19,232.092,234.608,229.399,231.544,19568517
2022-10-20,230.848,236.273,229.967,231.221,21355707
2022-10-21,229.84,237.928,229.605,237.066,25750711
2022-10-24,238.672,242.667,236.263,242.089,24391193
2022-10-25,242.099,245.8,240.699,245.428,34049593
2022-10-26,226.344,233.326,225.258,226.491,80820184
2022-10-27,226.217,228.812,221.067,222.017,39580773
2022-10-28,221.517,231.661,221.331,230.946,39799211
2022-10-31,228.88,230.016,226.325,227.285,27765367
2022-11-01,229.703,230.819,222.585,223.407,29953706
2022-11-02,224.67,226.472,215.447,215.506,37605287
2022-11-03,215.496,215.809,209.513,209.778,35869196
2022-11-04,213.009,216.964,208.975,216.769,36021163
2022-11-07,217.356,223.642,216.661,223.113,32798757
2022-11-08,223.926,226.814,221.126,224.092,27604001
2022-11-09,222.624,223.857,219.647,219.824,27271489
2022-11-10,230.516,238.251,230.095,237.908,45302195
2022-11-11,237.918,242.813,236.88,241.952,33897534
2022-11-14,236.939,238.818,234.217,236.508,30473621
2022-11-15,240.532,241.844,235.02,236.919,30734861
2022-11-16,238.392,239.384,236.065,237.351,23656854
2022-11-17,233.473,238.844,233.325,237.302,22704621
2022-11-18,239.099,239.325,234.7,236.85,27113281
2022-11-21,237.057,240.238,236.821,237.665,25916564
2022-11-22,239.177,240.866,236.35,240.591,19309457
2022-11-23,240.67,243.782,239.845,243.095,19155104
2022-11-25,242.83,244.195,242.26,243.007,9034127
2022-11-28,241.622,242.182,236.438,237.38,24329341
2022-11-29,237.027,238.392,233.895,235.976,17631020
2022-11-30,236.212,250.705,235.515,250.518,46732042
2022-12-01,249.271,251.48,246.375,250.076,25569759
2022-12-02,245.294,251.421,245.167,250.4,21138510
2022-12-05,247.445,249.222,243.566,245.668,23010776
2022-12-06,246.276,247.298,239.364,240.68,22056775
2022-12-07,240.395,241.701,237.822,239.943,20110483
2022-12-08,240.405,244.234,238.657,242.918,22202192
2022-12-09,240.267,243.812,239.737,240.974,20236354
2022-12-12,242.967,247.965,242.693,247.936,30109604
2022-12-13,256.949,259.139,248.486,252.266,41432504
2022-12-14,252.472,257.833,249.703,252.561,34769437
2022-12-15,249.124,249.595,242.859,244.499,34916226
2022-12-16,244.048,245.314,239.099,240.258,84542283
2022-12-19,240.424,240.768,234.386,236.094,29158456
2022-12-20,235.063,238.51,234.101,237.42,24695194
2022-12-21,237.312,241.171,235.76,240.002,23261450
2022-12-22,236.89,237.606,229.633,233.875,28132676
2022-12-23,231.833,234.543,229.702,234.405,20822835
2022-12-27,234.376,234.602,231.558,232.667,16386288
2022-12-28,232.599,235.378,229.928,230.281,17140865
2022-12-29,231.381,237.538,231.381,236.644,19412553
2022-12-30,233.895,235.613,232.373,235.476,21541088
2023-01-03,238.677,241.298,233.1,235.24,25273719
2023-01-04,228.072,228.652,221.867,224.95,49706367
2023-01-05,223.084,223.428,217.743,218.283,38868515
2023-01-06,218.96,221.67,215.376,220.855,42823541
2023-01-09,222.348,227.051,222.309,223.006,26873994
2023-01-10,223.634,227.12,223.212,224.704,26544183
2023-01-11,227.1,231.676,226.923,231.499,28149965
2023-01-12,230.998,235.554,229.329,234.189,26775514
2023-01-13,232.707,235.034,230.665,234.896,20946852
2023-01-17,233.659,236.546,232.795,235.996,29290911
2023-01-18,237.194,237.989,231.254,231.538,29484730
2023-01-19,229.545,231.254,226.501,227.729,28104496
2023-01-20,230.605,236.379,230.262,235.868,34748712
2023-01-23,236.732,240.729,235.309,238.186,31355520
2023-01-24,238.107,239.531,236.085,237.656,39505563
2023-01-25,230.232,238.893,226.717,236.251,65321485
2023-01-26,239.236,243.812,237.616,243.508,32848474
2023-01-27,244.48,245.304,242.359,243.665,26018874
2023-01-30,240.081,241.151,237.812,238.313,25398811
2023-01-31,239.04,243.458,238.549,243.321,26060306
2023-02-01,243.508,250.557,241.023,248.171,30693635
2023-02-02,254.132,259.895,252.59,259.807,39216884
2023-02-03,254.838,259.414,252.443,253.67,28550566
2023-02-06,252.777,253.621,250.165,252.119,22110085
2023-02-07,255.811,263.901,255.369,262.713,49920417
2023-02-08,268.251,271.746,261.388,261.898,53695366
2023-02-09,268.84,269.017,258.039,258.845,41607487
2023-02-10,256.792,259.306,255.938,258.334,25350803
2023-02-13,262.792,269.626,262.311,266.405,43822421
2023-02-14,267.731,269.989,264.402,267.24,36376785
2023-02-15,264.119,266.491,262.013,265.104,28469599
2023-02-16,259.887,262.564,257.8,258.046,29140140
2023-02-17,255.329,256.018,251.992,254.02,29530429
2023-02-21,250.496,251.49,247.651,248.714,27952822
2023-02-22,250.112,250.358,246.421,247.572,22138992
2023-02-23,251.559,252.819,246.559,250.781,28761655
2023-02-24,246.047,247.07,244.216,245.318,24599651
2023-02-27,248.508,248.862,245.486,246.244,20858258
2023-02-28,245.171,247.553,244.836,245.515,22138892
2023-03-01,246.834,247.001,241.942,242.415,27133749
2023-03-02,242.69,247.464,241.765,247.179,24419811
2023-03-03,248.242,251.618,247.454,251.293,30278534
2023-03-06,252.415,256.048,251.973,252.849,23732352
2023-03-07,252.287,253.656,249.423,250.171,21137022
2023-03-08,250.063,250.555,246.883,249.728,17068731
2023-03-09,251.815,255.497,247.641,248.37,26236127
2023-03-10,247.149,248.832,243.724,244.698,27890319
2023-03-13,243.527,253.872,241.883,249.945,32817743
2023-03-14,252.73,256.983,251.854,256.707,33093957
2023-03-15,255.91,262.308,255.152,261.284,45307408
2023-03-16,261.058,272.23,259.158,271.876,53911357
2023-03-17,273.904,278.894,271.994,275.055,68438918
2023-03-20,272.644,273.136,265.625,267.968,42786108
2023-03-21,270.577,270.695,265.301,269.494,34017662
2023-03-22,269.12,276.64,267.919,268.027,34327333
2023-03-23,273.589,276.66,270.892,273.313,36037739
2023-03-24,272.9,276.237,270.97,276.177,27730950
2023-03-27,276.109,277.054,271.207,272.053,26420000
2023-03-28,271.472,271.817,267.791,270.921,21536077
2023-03-29,274.593,276.739,274.051,276.118,24694253
2023-03-30,279.78,280.007,277.073,279.603,24661172
2023-03-31,279.288,284.741,278.569,283.786,32253030
2023-04-03,282.034,283.757,279.505,282.733,24493742
2023-04-04,282.733,285.903,281.198,282.684,25420003
2023-04-05,281.375,282.655,278.491,279.888,21719363
2023-04-06,278.776,287.507,277.615,287.035,29304225
2023-04-10,284.682,285.066,280.253,284.859,22741307
2023-04-11,281.276,281.503,277.231,278.402,26849566
2023-04-12,280.331,282.517,277.546,279.052,26974384
2023-04-13,279.15,285.362,278.737,285.302,23843481
2023-04-14,282.507,283.964,279.249,281.66,20659321
2023-04-17,285.391,287.035,281.68,284.279,23463033
2023-04-18,287.005,287.192,282.517,283.855,19846155
2023-04-19,281.513,284.525,280.085,283.934,16881805
2023-04-20,280.784,284.505,280.617,281.631,22880497
2023-04-21,280.548,281.788,278.629,281.286,21337046
2023-04-24,277.674,280.489,274.356,277.359,26194387
2023-04-25,275.134,277.191,271.059,271.108,45055603
2023-04-26,292.055,294.88,288.147,290.746,63587860
2023-04-27,291.336,300.422,290.628,300.058,45735200
2023-04-28,299.251,304.094,298.561,302.45,35876110
2023-05-01,302.164,303.769,300.373,300.776,20960730
2023-05-02,302.942,304.34,299.152,300.629,25991021
2023-05-03,301.82,303.779,299.329,299.634,22010726
2023-05-04,301.446,302.942,298.65,300.629,22167336
2023-05-05,300.934,307.086,299.507,305.787,27740008
2023-05-08,305.275,305.344,301.298,303.818,20984845
2023-05-09,303.178,305.186,301.514,302.194,21006695
2023-05-10,303.788,308.1,302.853,307.421,29607111
2023-05-11,305.245,306.249,301.465,305.255,31184233
2023-05-12,305.688,305.787,301.8,304.133,19448776
2023-05-15,304.261,305.048,302.775,304.615,16080741
2023-05-16,304.979,308.799,304.979,306.859,26311819
2023-05-17,308.073,310.184,306.544,309.76,23986655
2023-05-18,310.283,314.732,309.484,314.219,26907673
2023-05-19,312.463,314.446,312.098,314.041,27157747
2023-05-22,314.298,318.234,313.716,316.843,23790050
2023-05-23,315.708,318.362,310.993,311.003,30381322
2023-05-24,310.48,312.226,308.389,309.612,23069120
2023-05-25,318.875,322.486,315.679,321.519,42716970
2023-05-26,319.645,328.898,319.506,328.395,36135946
2023-05-30,330.703,331.206,326.057,326.737,29104695
2023-05-31,327.803,331.404,322.91,323.956,45330094
2023-06-01,321.529,329.026,320.335,328.089,26412350
2023-06-02,329.736,332.943,328.059,330.871,25514743
2023-06-05,330.693,333.988,330.141,331.404,21019377
2023-06-06,330.802,330.841,327.685,329.174,20120777
2023-06-07,327.172,329.973,318.145,319.013,40167272
2023-06-08,319.566,322.229,318.984,320.868,22963366
2023-06-09,320.601,325.534,320.029,322.377,22210864
2023-06-12,324.143,327.615,320.769,327.369,23932696
2023-06-13,329.953,332.43,325.928,329.776,22641369
2023-06-14,329.825,334.462,328.316,332.785,25652655
2023-06-15,332.923,345.116,332.647,343.399,38373822
2023-06-16,346.576,346.724,337.332,337.707,45905227
2023-06-20,334.728,337.461,331.325,333.485,26019237
2023-06-21,331.828,333.169,327.586,329.056,24778616
2023-06-22,329.608,335.527,328.839,335.123,23238699
2023-06-23,329.845,333.396,328.947,330.496,22772972
2023-06-26,329.214,331.571,324.054,324.163,21229993
2023-06-27,327.379,331.611,324.853,330.052,24025232
2023-06-28,330.141,333.416,329.302,331.315,19985923
2023-06-29,330.19,331.571,328.128,330.526,16767478
2023-06-30,333.189,338.102,332.647,335.941,26461576
2023-07-03,334.61,336.297,332.025,333.426,12339787
2023-07-05,330.565,337.036,330.21,333.584,17927004
2023-07-06,332.745,338.358,330.97,336.662,27780920
2023-07-07,334.738,337.175,332.449,332.666,20899221
2023-07-10,330.082,330.703,323.166,327.349,32348598
2023-07-11,326.589,328.365,322.584,327.98,26337674
2023-07-12,332.055,337.036,331.137,332.647,29590248
2023-07-13,334.975,339.098,334.442,338.033,20289465
2023-07-14,342.896,346.684,339.661,340.578,27920017
2023-07-17,341.012,342.304,337.579,341.061,20088914
2023-07-18,341.16,361.827,337.549,354.635,63996669
2023-07-19,356.865,357.565,347.681,350.285,39196358
2023-07-20,348.796,353.136,340.706,342.186,33322269
2023-07-21,344.435,345.57,335.241,339.128,68432157
2023-07-24,341.18,342.235,337.688,340.45,26317844
2023-07-25,342.423,347.138,340.41,346.241,41075440
2023-07-26,336.829,340.016,328.612,333.209,57595294
2023-07-27,335.882,336.721,324.607,326.254,39100082
2023-07-28,329.164,335.419,328.671,333.801,28100244
2023-07-31,332.37,333.14,328.858,331.384,25102382
2023-08-01,330.664,333.969,329.194,331.798,18064623
2023-08-02,329.125,329.125,321.953,323.078,27386416
2023-08-03,321.598,325.425,321.548,322.249,18007209
2023-08-04,327.398,330.614,322.821,323.354,23407291
2023-08-07,323.936,326.639,323.097,325.652,17501924
2023-08-08,322.545,324.311,318.638,321.647,22026094
2023-08-09,322.061,322.693,316.715,317.879,22071177
2023-08-10,321.617,323.827,316.843,318.569,19842088
2023-08-11,315.935,318.056,314.9,316.675,24013887
2023-08-14,317.05,319.684,315.758,319.664,18581745
2023-08-15,318.638,320.7,316.567,317.514,16737192
2023-08-16,317.138,320.717,316.149,316.743,20462620
2023-08-17,316.881,318.196,312.6,313.263,21014548
2023-08-18,310.9,314.746,307.994,312.867,24462332
2023-08-21,314.301,319.086,313.421,318.206,23765580
2023-08-22,321.784,322.358,317.79,318.779,15918195
2023-08-23,320.124,325.442,319.768,323.267,20924786
2023-08-24,329.051,329.179,316.308,316.318,23015640
2023-08-25,317.8,321.646,315.161,319.293,21436570
2023-08-28,321.943,322.427,318.047,320.005,14639458
2023-08-29,318.206,325.225,318.206,324.661,19064466
2023-08-30,324.918,326.045,322.724,325.037,15048337
2023-08-31,325.442,327.133,323.05,324.019,26109517
2023-09-01,327.528,328.2,323.05,324.908,14760758
2023-09-05,325.244,331.028,324.908,329.742,18342106
2023-09-06,329.574,330.642,326.411,329.08,17335625
2023-09-07,327.508,329.278,325.274,326.144,18171177
2023-09-08,326.322,332.323,325.699,330.454,19307163
2023-09-11,333.39,334.557,331.601,334.082,16394001
2023-09-12,331.987,332.945,327.696,327.983,17364987
2023-09-13,327.528,333.005,327.39,332.224,16355542
2023-09-14,335.279,336.969,332.728,334.834,20035650
2023-09-15,333.074,333.548,325.887,326.451,37236928
2023-09-18,324.058,326.628,322.634,325.304,16642034
2023-09-19,322.447,325.63,320.806,324.898,16317482
2023-09-20,325.749,325.828,316.851,317.108,21191802
2023-09-21,315.616,321.636,311.404,315.883,35123924
2023-09-22,317.652,317.781,312.541,313.391,21203070
2023-09-25,312.976,314.044,311.404,313.915,17632398
2023-09-26,311.533,312.274,306.481,308.577,25997411
2023-09-27,308.735,310.712,306.155,309.22,19188534
2023-09-28,307.44,311.879,305.918,310.06,19458912
2023-09-29,314.123,315.823,311.384,312.146,23864737
2023-10-02,312.67,318.216,311.582,318.127,20335190
2023-10-03,317.168,317.721,307.658,309.813,20793399
2023-10-04,310.445,316.387,310.416,315.319,20483575
2023-10-05,315.448,316.327,311.305,315.715,16771937
2023-10-06,312.937,325.432,312.689,323.524,25352754
2023-10-09,321.043,326.53,319.491,326.055,19664142
2023-10-10,327.182,327.32,323.93,324.641,20322439
2023-10-11,327.429,329.021,325.383,328.625,19834177
2023-10-12,326.797,329.822,324.968,327.38,19092640
2023-10-13,328.586,330.019,322.634,323.989,20831855
2023-10-16,327.271,332.303,326.826,328.843,21905065
2023-10-17,325.828,329.654,323.673,328.27,18129164
2023-10-18,328.695,331.759,324.552,326.342,22889302
2023-10-19,328.358,333.034,327.133,327.538,24766124
2023-10-20,327.933,328.131,321.735,322.941,24727076
2023-10-23,321.755,328.932,320.687,325.561,24096462
2023-10-24,327.518,328.052,323.86,326.757,30797982
2023-10-25,341.082,342.248,333.766,336.781,54425352
2023-10-26,336.653,337.73,323.208,324.147,37396684
2023-10-27,326.658,332.876,324.651,326.045,29515686
2023-10-30,329.604,335.575,328.042,333.46,22567517
2023-10-31,334.982,335.13,330.869,334.25,20033967
2023-11-01,335.911,343.454,335.773,342.12,27837366
2023-11-02,343.276,344.848,340.834,344.344,24070165
2023-11-03,345.639,350.345,343.365,348.773,23354326
2023-11-06,349.415,353.459,349.316,352.46,23556299
2023-11-07,355.297,358.323,353.548,356.414,25539002
2023-11-08,357.551,359.716,356.434,359.054,26462240
2023-11-09,358.164,360.626,356.246,356.573,24563666
2023-11-10,357.364,365.875,356.948,365.45,27721998
2023-11-13,364.017,364.264,361.723,362.494,19758351
2023-11-14,366.775,367.704,363.157,366.043,27367883
2023-11-15,367.787,369.619,363.656,366.192,26607382
2023-11-16,367.47,372.809,366.697,372.631,26926555
2023-11-17,370.095,370.848,363.547,366.37,39779176
2023-11-20,367.727,375.305,367.509,373.889,51971474
2023-11-21,372.135,372.68,367.628,369.56,28155676
2023-11-22,374.444,376.217,371.442,374.295,23125656
2023-11-24,373.78,374.414,371.61,373.879,10080852
2023-11-27,373.235,377.059,372.66,375.048,21970524
2023-11-28,374.79,379.397,374.602,379.099,20260663
2023-11-29,380.149,380.684,373.889,375.285,28690891
2023-11-30,374.929,376.514,371.937,375.345,30266927
2023-12-01,373.215,374.602,367.816,370.986,32709726
2023-12-04,365.627,366.043,359.486,365.667,31761628
2023-12-05,363.002,369.57,362.18,369.015,22847990
2023-12-06,370.026,370.659,364.567,365.33,20982806
2023-12-07,364.766,367.955,362.874,367.46,22901385
2023-12-08,365.726,370.937,364.766,370.709,19955265
2023-12-11,365.013,368.104,362.655,367.807,27448100
2023-12-12,367.361,370.897,366.974,370.858,24604606
2023-12-13,372.482,374.087,367.282,370.848,30664252
2023-12-14,369.798,370.243,360.704,362.487,42870318
2023-12-15,363.398,368.896,362.834,367.242,77739819
2023-12-18,365.974,369.491,365.211,369.144,21597766
2023-12-19,367.995,369.748,366.36,369.748,20409845
2023-12-20,371.472,372.492,367.044,367.133,26069098
2023-12-21,369.055,370.887,366.558,370.026,17541392
2023-12-22,370.164,371.65,369.203,371.056,16930295
2023-12-26,371.472,373.393,369.986,371.135,12553865
2023-12-27,370.174,371.531,369.302,370.551,14765160
2023-12-28,371.838,372.918,370.64,371.749,14192201
2023-12-29,372.462,373.612,369.966,372.502,18546843
2024-01-02,370.342,372.363,363.319,367.381,25020950
2024-01-03,365.538,369.748,365.043,367.113,22866318
2024-01-04,367.182,369.59,363.715,364.478,20704846
2024-01-05,365.499,368.559,363.052,364.29,20789542
2024-01-08,365.825,371.67,365.538,371.165,22916342
2024-01-09,368.51,372.452,367.698,372.254,20634017
2024-01-10,372.829,380.556,372.779,379.169,25274149
2024-01-11,382.368,387.004,376.801,381.011,27588765
2024-01-12,381.863,385.023,381.031,384.815,21442042
2024-01-16,389.956,390.323,383.973,386.598,26946364
2024-01-17,384.33,386.44,381.189,385.806,22024906
2024-01-18,388.034,390.283,386.449,390.164,23172011
2024-01-19,392.036,394.919,389.798,394.919,28996593
2024-01-22,396.256,396.851,389.887,392.779,26762709
2024-01-23,392.026,395.622,390.224,395.147,20332780
2024-01-24,397.762,401.814,396.682,398.772,24633038
2024-01-25,400.516,403.181,398.743,401.061,20823418
2024-01-26,400.565,402.349,398.644,400.13,17635797
2024-01-29,402.24,406.123,400.526,405.865,24279593
2024-01-30,408.381,409.164,402.626,404.746,33162619
2024-01-31,403.131,411.412,393.473,393.839,47420696
2024-02-01,398.049,404.161,398.02,399.981,30369254
2024-02-02,400.011,408.767,399.763,407.351,27979254
2024-02-05,406.043,407.292,400.189,401.833,25113770
2024-02-06,402.061,404.132,399.119,401.675,18209645
2024-02-07,403.607,410.402,403.567,410.154,22130309
2024-02-08,410.154,411.65,408.649,410.214,21025599
2024-02-09,411.343,416.861,411.185,416.593,21825502
2024-02-12,416.603,416.781,410.848,411.353,21003411
2024-02-13,401.13,406.212,399.595,402.497,27563107
2024-02-14,404.978,406.735,401.505,406.387,20246625
2024-02-15,405.048,406.03,401.227,403.48,21660134
2024-02-16,404.869,405.196,400.383,400.999,22112280
2024-02-20,400.185,401.425,394.994,399.738,24123727
2024-02-21,397.138,399.242,394.21,399.133,18489938
2024-02-22,407.082,409.702,405.474,408.531,26805251
2024-02-23,412.521,412.709,405.871,407.231,16172428
2024-02-26,408.342,409.037,404.274,404.452,16070807
2024-02-27,404.899,405.226,400.79,404.393,14723392
2024-02-28,405.087,406.199,402.249,404.631,13083215
2024-02-29,405.544,411.062,402.844,410.506,31705239
2024-03-01,408.154,412.719,407.767,412.352,17665433
2024-03-04,410.307,414.188,409.196,411.776,17462677
2024-03-05,410.823,411.111,397.604,399.599,26715239
2024-03-06,399.917,402.09,395.371,399.043,22174806
2024-03-07,403.043,406.675,399.192,406.04,18576672
2024-03-08,404.869,407.31,401.267,403.142,17835534
2024-03-11,400.701,402.606,398.22,401.455,15998655
2024-03-12,404.531,412.421,403.708,412.134,22286847
2024-03-13,414.932,415.012,408.333,411.955,16986217
2024-03-14,417.056,424.578,414.823,421.998,33898498
2024-03-15,416.113,419.398,409.662,413.265,44708470
2024-03-18,411.111,417.542,410.645,414.158,19953663
2024-03-19,414.664,418.475,412.401,418.217,19687594
2024-03-20,418.803,422.733,417.473,422.008,17724777
2024-03-21,426.573,427.556,423.923,426.117,21134845
2024-03-22,426.444,426.603,422.842,425.491,17502871
2024-03-25,422.018,424.172,418.416,419.656,17923660
2024-03-26,422.385,422.762,418.158,418.455,16598876
2024-03-27,421.224,421.234,415.835,418.237,16578429
2024-03-28,417.771,418.674,415.944,417.532,21705487
2024-04-01,420.738,424.648,419.021,421.353,16192376
2024-04-02,416.927,419.18,414.674,418.247,17776283
2024-04-03,416.55,420.053,415.915,417.264,16377264
2024-04-04,421.77,425.422,414.406,414.714,19224130
2024-04-05,416.828,423.278,415.151,422.296,16418946
2024-04-08,421.949,424.043,420.093,421.373,14164262
2024-04-09,423.209,424.499,418.426,423.05,12417498
2024-04-10,418.991,420.817,416.52,420.053,16093732
2024-04-11,422.594,426.117,419.16,424.688,17830274
2024-04-12,420.837,421.958,416.59,418.703,19086385
2024-04-15,423.368,423.586,410.297,410.506,20119890
2024-04-16,411.429,415.23,410.595,411.439,16638570
2024-04-17,414.089,415.706,407.221,408.72,15735367
2024-04-18,407.519,408.769,400.889,401.207,20870559
2024-04-19,400.969,402.408,394.756,396.096,30047105
2024-04-22,397.049,399.798,392.751,397.922,20133190
2024-04-23,401.177,405.107,400.006,404.482,15615282
2024-04-24,406.457,409.345,403.698,405.961,14951152
2024-04-25,391.045,396.86,385.09,396.017,40278989
2024-04-26,409.047,409.871,402.686,403.241,29469710
2024-04-29,402.18,403.241,396.165,399.202,19433729
2024-04-30,398.448,399.113,386.221,386.38,28563327
2024-05-01,389.635,398.676,387.353,391.948,23383971
2024-05-02,394.647,396.9,391.66,394.826,17575222
2024-05-03,399.232,404.065,398.815,403.579,17314509
2024-05-06,405.663,410.794,403.291,410.407,16867821
2024-05-07,411.518,411.528,405.99,406.238,19866525
2024-05-08,405.077,409.107,403.628,407.429,11702952
2024-05-09,407.459,409.593,406,409.196,14578398
2024-05-10,409.811,412.233,408.68,411.598,13300754
2024-05-13,414.843,415.18,407.707,410.585,15323212
2024-05-14,408.898,414.327,408.432,413.404,14994820
2024-05-15,415.482,421.358,414.855,420.632,22110803
2024-05-16,419.359,422.958,417.918,418.554,17428656
2024-05-17,420.095,420.473,415.611,417.778,15263362
2024-05-20,417.778,424.3,417.56,422.879,16177939
2024-05-21,424.36,430.465,422.392,426.557,21329157
2024-05-22,427.601,429.908,424.658,428.029,17969113
2024-05-23,430.465,431.091,422.958,424.529,17112102
2024-05-24,424.718,428.566,421.954,427.671,11777252
2024-05-28,427.144,428.327,424.131,427.83,15627046
2024-05-29,423.227,428.446,423.227,426.686,15427306
2024-05-30,421.845,421.845,411.843,412.27,28260312
2024-05-31,414.338,414.338,402.169,412.728,47717569
2024-06-03,413.125,414.02,406.554,411.127,17383522
2024-06-04,410.043,414.03,407.309,413.662,14265866
2024-06-05,415.392,421.626,413.891,421.556,16889696
2024-06-06,421.556,422.849,418.146,422.063,14775301
2024-06-07,423.734,423.813,420.552,421.397,13542875
2024-06-10,422.242,425.603,421.437,425.394,13921967
2024-06-11,423.018,430.315,422.789,430.176,14466897
2024-06-12,432.801,440.834,430.743,438.508,22236773
2024-06-13,438.299,440.824,436.828,439.025,15868240
2024-06-14,435.744,440.576,434.193,440.009,13503406
2024-06-17,440.029,448.331,438.17,445.775,20669694
2024-06-18,447.108,447.535,442.316,443.757,17013476
2024-06-20,443.717,443.946,438.716,443.121,19762377
2024-06-21,444.791,447.973,443.926,447.177,34286634
2024-06-24,447.197,450.13,443.827,445.079,15821613
2024-06-25,445.656,448.808,444.165,448.341,16650588
2024-06-26,446.402,450.975,445.596,449.543,16411479
2024-06-27,449.563,453.53,449.156,450.229,14720621
2024-06-28,450.448,452.745,443.827,444.364,28198174
2024-07-01,446.064,454.723,443.081,454.087,17560589
2024-07-02,450.578,456.931,450.488,456.622,13898904
2024-07-03,455.539,458.352,455.23,458.104,9875321
2024-07-05,456.95,465.64,456.314,464.854,15907712
2024-07-08,463.85,464.994,461.772,463.542,12887291
2024-07-09,464.298,464.626,455.35,456.881,17107628
2024-07-10,458.551,463.761,456.205,463.552,18090803
2024-07-11,460.301,462.091,448.937,452.069,22977463
2024-07-12,451.701,453.719,448.042,450.925,16229835
2024-07-15,450.677,454.614,448.818,451.333,14345902
2024-07-16,451.591,451.671,444.075,446.919,17076307
2024-07-17,440.029,442.276,436.639,440.953,21651978
2024-07-18,441.769,442.077,431.886,437.822,20674466
2024-07-19,430.594,438.587,429.5,434.581,20819225
2024-07-22,439.233,442.027,436.37,440.377,15717318
2024-07-23,441.331,445.795,440.536,442.276,13031254
2024-07-24,437.901,438.925,425.116,426.418,26650684
2024-07-25,426.319,427.313,415.094,415.979,29770521
2024-07-26,415.78,426.438,414.855,422.809,23447328
2024-07-29,429.082,429.649,422.242,424.261,15038270
2024-07-30,425.245,426.567,414.945,420.473,32498448
2024-07-31,418.067,419.339,409.825,415.929,42643197
2024-08-01,418.355,424.986,410.7,414.696,30121083
2024-08-02,410.103,412.599,402,406.126,29267552
2024-08-05,386.918,398.719,383.349,392.863,40473630
2024-08-06,397.685,403.323,396.194,397.298,24802144
2024-08-07,406.275,407.707,395.17,396.124,20531399
2024-08-08,400.111,403.511,397.626,400.36,20086089
2024-08-09,401.692,405.689,399.932,403.671,19165152
2024-08-12,404.704,406.395,401.901,404.456,16665898
2024-08-13,407.22,412.549,407.2,411.614,19301953
2024-08-14,412.4,415.303,410.063,414.448,18161292
2024-08-15,418.123,419.428,415.992,419.348,20669201
2024-08-16,418.92,419.657,415.633,416.798,22684616
2024-08-19,417.286,420.065,414.796,419.846,15173144
2024-08-20,420.015,424.159,419.956,423.103,16322134
2024-08-21,422.386,424.697,420.035,422.446,16003116
2024-08-22,422.665,425.085,412.954,413.89,19284555
2024-08-23,415.314,417.585,410.444,415.125,18419921
2024-08-26,414.707,415.613,409.697,411.838,13100258
2024-08-27,411.211,412.705,408.611,412.187,13438999
2024-08-28,413.223,413.342,405.683,408.96,14823249
2024-08-29,413.282,420.364,408.96,411.47,16977109
2024-08-30,413.94,415.822,410.484,415.474,24211193
2024-09-03,416.241,418.203,405.404,407.804,20232453
2024-09-04,404.288,409.597,402.755,407.267,15075335
2024-09-05,405.992,411.45,404.508,406.759,14138793
2024-09-06,407.426,409.009,399.199,400.095,19531165
2024-09-09,405.613,407.017,400.543,404.099,15233998
2024-09-10,406.569,414.667,406.071,412.545,19516027
2024-09-11,413.84,422.296,407.944,421.35,19189935
2024-09-12,421.619,425.663,418.073,425.294,17349215
2024-09-13,424.129,430.105,423.76,428.87,15811185
2024-09-16,428.88,431.798,426.509,429.617,13779434
2024-09-17,438.471,440.085,430.543,433.412,18798803
2024-09-18,433.262,434.288,428.691,429.089,18822506
2024-09-19,439.467,439.736,435.155,436.938,21619885
2024-09-20,435.473,437.485,432.485,433.531,54946721
2024-09-23,432.545,434.716,428.671,431.778,15068463
2024-09-24,431.27,431.619,424.398,427.456,16947827
2024-09-25,428.113,431.39,426.858,430.384,13342884
2024-09-26,433.352,433.561,427.416,429.587,14434107
2024-09-27,429.796,430.125,425.762,426.31,14836595
2024-09-30,426.499,428.701,423.671,428.581,16740161
2024-10-01,426.738,426.768,417.137,419.009,19016626
2024-10-02,420.892,421.131,415.045,415.464,16516059
2024-10-03,415.962,417.874,412.635,414.876,13631725
2024-10-04,416.569,418.073,413.312,414.398,19093120
2024-10-07,414.338,415.444,407.366,407.904,20836231
2024-10-08,409.259,414,406.539,413.053,19152482
2024-10-09,414.199,418.701,412.645,415.792,14914483
2024-10-10,413.571,415.683,411.5,414.179,13793078
2024-10-11,414.478,415.464,411.599,414.657,14088394
2024-10-14,416.101,422.346,415.852,417.466,16586573
2024-10-15,420.493,420.792,413.601,417.067,18824697
2024-10-16,413.512,414.697,408.84,414.458,15446946
2024-10-17,420.673,420.812,413.93,415.055,14760798
2024-10-18,415.474,417.974,414.597,416.49,17076811
2024-10-21,414.458,417.286,412.097,417.107,14149351
2024-10-22,416.818,428.86,416.37,425.802,25380405
2024-10-23,429.139,429.358,420.842,422.904,19575884
2024-10-24,423.631,424.278,420.713,423.033,13527345
2024-10-25,425.055,430.792,424.866,426.44,16831590
2024-10-28,429.936,430.215,424.597,424.886,14822949
2024-10-29,426.29,431.44,424.099,430.224,17573618
2024-10-30,435.693,436.748,430.374,430.802,29630256
2024-10-31,413.701,414.497,404.677,404.727,53755395
2024-11-01,407.376,413.84,405.872,408.731,24133607
2024-11-04,408.163,408.78,403.95,406.828,19593714
2024-11-05,406.739,413.243,406.45,409.816,17555588
2024-11-06,410.772,418.77,408.88,418.501,26575214
2024-11-07,419.597,425.145,418.203,423.73,19822297
2024-11-08,423.621,424.796,420.095,420.852,16823925
2024-11-11,420.832,423.113,414.338,416.34,24405418
2024-11-12,416.579,422.745,415.533,421.34,19323697
2024-11-13,419.956,427.615,416.539,423.501,21416302
2024-11-14,423.302,426.46,418.322,425.185,30126073
2024-11-15,418.143,421.111,411.988,413.342,28134759
2024-11-18,413.213,416.729,410.454,414.099,24643159
2024-11-19,411.46,416.27,409.906,416.121,18061060
2024-11-20,415.205,415.623,408.94,413.83,19115033
2024-11-21,418.66,418.94,409.469,412.044,20738616
2024-11-22,410.547,416.565,410.237,416.165,24764941
2024-11-25,417.543,420.237,414.02,417.952,27635690
2024-11-26,418.75,428.181,418.012,427.134,23411954
2024-11-27,424.259,426.375,421.176,422.144,18295717
2024-11-29,419.249,424.03,416.964,422.613,16239338
2024-12-02,420.726,432.134,420.467,430.118,20166765
2024-12-03,428.98,431.605,426.884,430.337,18265375
2024-12-04,432.164,438.79,431.764,436.545,25957354
2024-12-05,437.044,443.77,435.297,441.734,21654382
2024-12-06,441.415,445.207,440.886,442.682,18783338
2024-12-09,441.714,447.433,439.618,445.128,19106091
2024-12-10,443.501,448.72,440.716,442.443,18432539
2024-12-11,443.161,449.449,443.161,448.091,19161777
2024-12-12,448.211,455.247,448.211,448.66,20793108
2024-12-13,447.543,450.527,444.688,446.375,20137424
2024-12-16,446.375,451.275,444.389,450.686,23551575
2024-12-17,450.108,454.379,448.67,453.551,22688009
2024-12-18,450.417,451.744,436.145,436.515,24395582
2024-12-19,440.736,442.293,435.447,436.155,22917749
2024-12-20,432.243,442.852,427.772,435.726,64135099
2024-12-23,435.866,436.774,431.964,434.379,19114173
2024-12-24,433.78,438.72,433.321,438.451,7150164
2024-12-26,438.201,440.058,435.756,437.233,8177803
2024-12-27,433.73,434.349,425.497,429.668,18081446
2024-12-30,425.207,426.694,421.056,423.98,13132369
2024-12-31,425.247,425.876,419.818,420.656,13219991
2025-01-02,424.678,425.217,414.02,417.742,16862689
2025-01-03,420.237,423.181,418.7,422.503,16629555
2025-01-06,427.143,433.451,424.629,426.994,20532429
2025-01-07,428.142,429.788,419.958,421.525,18102802
2025-01-08,422.613,426.116,420.696,423.71,15024474
2025-01-10,423.78,423.86,414.19,418.112,20160674
2025-01-13,414.409,417.663,411.465,416.355,17569573
2025-01-14,416.974,418.9,409.898,414.838,16902009
2025-01-15,418.291,427.293,417.433,425.457,19598502
2025-01-16,427.842,428.631,423.541,423.73,15269384
2025-01-17,433.221,433.611,427.313,428.172,26145078
2025-01-21,429.339,430.038,424.748,427.642,26033498
2025-01-22,436.684,446.375,435.128,445.307,27748161
2025-01-23,441.116,445.856,440.616,445.816,18352502
2025-01-24,444.269,445.756,440.517,443.171,15518384
2025-01-27,423.161,434.329,422.652,433.69,35576465
2025-01-28,433.73,447.483,430.517,446.305,23444690
2025-01-29,445.796,445.986,439.519,441.445,23534208
2025-01-30,417.932,422.014,412.333,414.16,54477072
2025-01-31,418.142,419.848,414.08,414.229,34154914
2025-02-03,410.776,414.579,407.842,410.098,25627713
2025-02-04,411.864,413.092,408.92,411.545,20491013
2025-02-05,411.525,413.002,409.579,412.463,16284050
2025-02-06,413.172,417.363,413.172,414.988,16277162
2025-02-07,415.647,417.812,407.283,408.93,22840998
2025-02-10,412.882,414.629,410.098,411.395,20776241
2025-02-11,408.82,411.665,408.481,410.617,18104300
2025-02-12,406.395,409.928,403.561,408.221,19083437
2025-02-13,406.186,410.178,405.547,409.719,23843892
2025-02-14,406.974,408.092,405.068,407.613,22712958
2025-02-18,407.184,409.778,405.687,408.82,21380232
2025-02-19,407.064,414.659,406.834,413.94,24065945
2025-02-20,415.29,419.31,412.54,416.13,23508700
2025-02-21,417.34,418.05,407.89,408.21,27524800
2025-02-24,408.51,409.37,399.32,404,26443700
2025-02-25,401.1,401.92,396.7,397.9,29387400
2025-02-26,398.01,403.6,394.25,399.73,19619000
2025-02-27,401.27,405.74,392.17,392.53,21127400
2025-02-28,392.66,397.63,386.57,396.99,32845700
2025-03-03,398.82,398.82,386.16,388.49,23007700
2025-03-04,383.4,392.58,381,388.61,29342900
2025-03-05,389.34,401.67,388.81,401.02,23433100
2025-03-06,394.28,402.15,392.68,396.89,23304600
2025-03-07,392.32,394.8,385.54,393.31,22034100
2025-03-10,385.84,386.4,377.22,380.16,32840100
2025-03-11,379,386,376.91,380.45,30380200
2025-03-12,382.95,385.22,378.95,383.27,24253600
2025-03-13,383.16,385.32,377.45,378.77,20473000
2025-03-14,379.78,390.23,379.51,388.56,19952800
2025-03-17,386.7,392.71,385.57,388.7,22474300
2025-03-18,387.07,387.37,381.1,383.52,19486900
2025-03-19,385.53,389.68,384,387.82,19185500
2025-03-20,385.74,391.79,383.28,386.84,18470500
2025-03-21,383.22,391.74,382.8,391.26,39675900
2025-03-24,395.4,395.4,389.81,393.08,21004500
2025-03-25,393.92,396.36,392.64,395.16,15775000
2025-03-26,395,395.31,388.57,389.97,16108400
2025-03-27,390.13,392.24,387.4,390.58,13766800
2025-03-28,388.08,389.13,376.93,378.8,21632000
2025-03-31,372.54,377.07,367.24,375.39,35184700
2025-04-01,374.65,382.85,373.23,382.19,19689500
2025-04-02,377.97,385.08,376.62,382.14,16092600
2025-04-03,374.79,377.48,369.35,373.11,30198000
2025-04-04,364.13,374.59,359.48,359.84,49209900
2025-04-07,350.88,371,344.79,357.86,50425000
2025-04-08,368.26,373.65,350.25,354.56,35868900
2025-04-09,353.54,393.23,353.1,390.49,50199700
2025-04-10,382.06,383.9,367.8,381.35,38024400
2025-04-11,380.64,390.05,378.89,388.45,23839200
2025-04-14,393.22,394.65,384.21,387.81,19251200
2025-04-15,388.51,391.89,384.16,385.73,17199900
2025-04-16,380.67,381.61,368,371.61,21967800
2025-04-17,373.75,374.32,366.89,367.78,20943700
2025-04-21,362.82,364.48,355.67,359.12,20807300
2025-04-22,363.38,367.77,359.86,366.82,19485000
2025-04-23,376.06,380.39,373.02,374.39,20545500
2025-04-24,375.7,388.45,375.19,387.3,22232300
2025-04-25,387,392.16,384.6,391.85,18973200
2025-04-28,391.96,392.74,386.64,391.16,16579400
2025-04-29,391.3,395.1,390.38,394.04,14974000
2025-04-30,390.3,396.66,384.44,395.26,36461100
2025-05-01,431.11,436.99,424.9,425.4,58938100
2025-05-02,431.74,439.44,429.99,435.28,30757400
2025-05-05,432.87,439.5,432.11,436.17,20136100
2025-05-06,432.2,437.73,431.17,433.31,15104200
2025-05-07,433.84,438.12,431.11,433.35,23295300
2025-05-08,437.93,443.67,435.66,438.17,23491300
2025-05-09,440,440.74,435.88,438.73,15324200
2025-05-12,445.94,449.37,439.78,449.26,22821900
2025-05-13,447.99,450.673,445.36,449.14,22863120
