date,open,high,low,close,volume
1999-03-10,43.3404,43.42,42.6773,43.3404,2220471
1999-03-11,43.6587,43.9107,42.7038,43.5526,4111705
1999-03-12,43.3934,43.4199,42.1468,42.4916,3710657
1999-03-15,42.8099,43.7647,42.359,43.7117,2702911
1999-03-16,43.8973,44.2687,43.4199,44.083,2081948
1999-03-17,44.0831,44.1361,43.6322,43.7648,1682690
1999-03-18,43.7117,44.64,43.6984,44.6135,2057589
1999-03-19,45.1971,45.1971,43.4465,43.473,3038771
1999-03-22,43.6587,43.7647,42.8629,42.9425,2132452
1999-03-23,42.7038,42.8629,41.351,41.4306,4652280
1999-03-24,41.802,42.8629,41.1654,42.8364,3584783
1999-03-25,43.4995,44.4013,43.2143,44.4013,3451864
1999-03-26,44.03,44.534,43.7382,43.9239,3503812
1999-03-29,44.4543,45.5418,44.1891,45.5153,2170220
1999-03-30,45.4623,45.8337,45.0114,45.1971,2096721
1999-03-31,45.9398,45.9928,44.4014,44.534,3503985
1999-04-01,45.8336,45.8867,44.7196,45.4623,3698859
1999-04-05,46.1984,47.1731,45.9132,47.1068,2417810
1999-04-06,47.0537,47.7168,46.6558,47.1996,3192394
1999-04-07,47.6372,47.7433,45.701,46.7089,5060200
1999-04-08,46.6294,47.3058,45.6745,47.0803,3374886
1999-04-09,47.0007,47.4781,46.868,47.372,2099349
1999-04-12,46.258,47.372,46.2049,47.0537,4640227
1999-04-13,47.3455,47.4516,46.0459,46.4172,4227817
1999-04-14,47.0007,47.0537,44.5671,44.8257,9019801
1999-04-15,44.9849,45.5088,43.3934,45.4358,7490663
1999-04-16,45.3297,45.3297,43.8709,44.1096,7330840
1999-04-19,44.4013,44.7727,41.5964,42.0407,8258799
1999-04-20,41.8551,43.3404,41.4572,42.9956,7390087
1999-04-21,43.3934,45.144,42.8099,45.1175,4642949
1999-04-22,45.5419,46.4702,45.2435,46.3376,5784630
1999-04-23,46.0988,47.2924,45.6214,46.9476,2998026
1999-04-26,47.2659,48.3799,47.1134,48.0285,2300593
1999-04-27,48.38,48.6187,46.6891,47.2925,6995067
1999-04-28,46.8946,47.0538,45.4689,45.6745,3257923
1999-04-29,45.4623,45.7276,44.3483,45.3032,8126227
1999-04-30,45.9397,46.1784,43.9769,45.5949,6491059
1999-05-03,45.4623,45.648,44.5936,45.3562,4714838
1999-05-04,45.4357,46.1519,44.3748,44.64,6547582
1999-05-05,44.6666,45.9928,43.3139,45.9928,5365339
1999-05-06,45.5684,45.9663,43.8974,44.3218,6439377
1999-05-07,44.7196,45.0909,43.7647,44.9583,6972817
1999-05-10,45.2501,45.7142,44.7196,45.4092,4500264
1999-05-11,45.7806,46.3641,45.5153,46.1254,3734932
1999-05-12,46.3376,47.2394,44.9849,47.0803,5307963
1999-05-13,47.4516,47.5312,45.9928,46.205,4186141
1999-05-14,45.3032,45.8337,44.9849,45.3297,5179797
1999-05-17,44.9318,46.2845,44.4875,46.1453,4204302
1999-05-18,46.0988,46.3641,45.4092,45.9397,3933117
1999-05-19,46.1254,46.6028,45.4092,46.5763,3388972
1999-05-20,46.6758,46.6758,45.2235,45.2965,2545123
1999-05-21,45.4358,45.5684,44.6401,44.8788,4443999
1999-05-24,44.9583,45.0379,43.4464,43.7382,4061282
1999-05-25,43.6852,44.3217,42.1202,42.3059,7541834
1999-05-26,42.863,43.6587,41.5368,43.4863,11361656
1999-05-27,43.3139,44.0765,42.7569,43.4465,9902959
1999-05-28,43.7117,44.4013,43.1547,44.1626,5504193
1999-06-01,44.083,44.2952,42.9425,43.1812,2953806
1999-06-02,43.1547,44.1361,42.0739,43.9107,5091188
1999-06-03,44.2422,44.2422,43.0221,43.2873,4730962
1999-06-04,43.6056,44.766,43.6056,44.6135,5511576
1999-06-07,44.9252,45.827,44.8257,45.5419,4876957
1999-06-08,45.6479,45.8601,44.1692,44.4013,3452289
1999-06-09,44.5605,45.27,44.5339,45.144,3558217
1999-06-10,44.6666,44.9318,44.0897,44.6268,3986001
1999-06-11,44.9318,44.9782,43.5525,43.9504,7031045
1999-06-14,44.1096,44.1096,43.0221,43.1216,5999459
1999-06-15,43.2277,44.0234,43.1017,43.7648,3882198
1999-06-16,44.8523,46.0127,44.7992,46.0127,6391333
1999-06-17,45.4093,46.7355,45.4093,46.5233,6908238
1999-06-18,46.0989,46.8681,46.0193,46.7355,2288628
1999-06-21,47.0537,48.1611,46.9742,48.1346,4483717
1999-06-22,47.8495,48.4595,46.6824,46.6824,4610014
1999-06-23,46.6891,47.5312,46.3907,47.4185,4077075
1999-06-24,47.3985,47.425,46.258,46.4768,6361025
1999-06-25,46.7885,47.1599,45.9928,46.4172,3664826
1999-06-28,46.815,47.5842,46.4304,47.5179,3253422
1999-06-29,47.4782,48.3535,47.2395,48.1678,3819643
1999-06-30,48.2142,50.8732,47.6439,48.9104,8261762
1999-07-01,49.0696,49.5205,48.2208,49.242,2895415
1999-07-02,49.2287,49.9183,49.2287,49.8653,1401321
1999-07-06,50.1305,50.6345,49.2818,49.547,3732385
1999-07-07,49.5205,49.8388,49.1757,49.6266,4464537
1999-07-08,49.6266,50.4953,49.3879,50.2897,4763729
1999-07-09,50.4753,50.8466,50.104,50.7936,1778683
1999-07-12,50.9793,51.2446,50.2366,50.5284,3317082
1999-07-13,50.2897,50.4754,49.8918,50.2897,2643923
1999-07-14,50.7937,51.2446,50.0775,51.1451,2932251
1999-07-15,51.3241,51.6159,51.039,51.6159,2775397
1999-07-16,51.6424,52.3851,51.6225,52.0933,2085345
1999-07-19,52.3055,52.3055,51.3572,51.5628,2899824
1999-07-20,50.9328,51.0058,49.4409,49.5735,6296773
1999-07-21,49.6796,50.2432,49.2817,49.8122,4659918
1999-07-22,49.8122,49.8122,48.4065,48.5457,6428760
1999-07-23,48.9105,49.116,48.1147,48.6187,5141434
1999-07-26,47.9556,48.4861,47.3455,47.4251,4549415
1999-07-27,48.3799,49.1226,47.9688,48.3799,5827996
1999-07-28,48.9635,49.6001,48.3335,49.3282,4312521
1999-07-29,48.4065,48.8044,47.7965,48.2739,5531361
1999-07-30,48.486,49.0165,47.9621,48.0351,4645915
1999-08-02,48.1147,49.0696,47.7168,47.9025,4092094
1999-08-03,48.5589,48.5656,46.8946,47.5908,5519128
1999-08-04,47.5908,47.9489,46.689,46.7288,5613598
1999-08-05,46.7354,47.4715,45.6214,47.4715,7933971
1999-08-06,47.1333,48.0086,46.6294,46.9609,5259071
1999-08-09,47.1333,47.2659,46.2646,46.3575,3388040
1999-08-10,46.2315,46.5697,44.9318,45.9397,7115752
1999-08-11,46.762,47.5312,46.0591,47.4516,5560044
1999-08-12,47.6373,47.9556,46.7885,46.8946,5396062
1999-08-13,47.876,48.99,47.7965,48.937,6086797
1999-08-16,48.9104,49.494,48.5921,49.3282,4867957
1999-08-17,49.7592,49.8122,48.6717,49.5735,4841556
1999-08-18,49.3348,49.9448,48.8308,49.0165,2985635
1999-08-19,48.5656,48.9104,48.1213,48.433,4310823
1999-08-20,48.486,49.2022,48.2208,49.2022,2937088
1999-08-23,49.6531,50.7671,49.5404,50.7671,4096168
1999-08-24,50.3957,51.6689,50.2963,51.1119,5895305
1999-08-25,51.4302,52.4116,50.8732,52.1994,4817623
1999-08-26,52.1994,52.385,51.2511,51.3307,4139028
1999-08-27,51.7154,51.722,50.6876,50.8202,4089127
1999-08-30,51.0323,51.1915,49.9714,50.104,4303947
1999-08-31,50.4488,50.9793,49.3348,50.661,6191952
1999-09-01,50.9793,51.4567,50.661,51.0257,4562990
1999-09-02,50.0775,51.1119,49.9714,50.8467,6188900
1999-09-03,52.3055,53.2007,52.1198,53.1808,6024321
1999-09-07,53.0747,53.6052,52.8625,52.9421,3823290
1999-09-08,52.6238,53.1542,51.8015,52.2259,6070151
1999-09-09,52.2524,53.1012,51.9872,52.9686,5380188
1999-09-10,53.6848,54.1026,53.0747,53.5787,4350378
1999-09-13,53.5257,53.6317,52.6504,52.9355,3072892
1999-09-14,52.7299,53.5985,52.6238,53.2272,4253443
1999-09-15,53.8903,53.8903,52.1464,52.1994,6830907
1999-09-16,52.1729,52.6503,51.092,52.1729,6523230
1999-09-17,52.6503,53.8439,52.5707,53.7378,6156304
1999-09-20,53.8969,54.1091,53.4991,53.8638,2625757
1999-09-21,53.393,53.4991,52.4183,52.5708,5205432
1999-09-22,52.6504,53.4063,52.0138,53.1278,5280124
1999-09-23,53.6848,53.7909,50.6146,50.9263,8388410
1999-09-24,50.6079,51.1915,49.7592,50.9925,10003096
1999-09-27,51.7219,52.0933,51.1915,51.3506,5350987
1999-09-28,51.0921,51.7751,49.998,51.5894,8751684
1999-09-29,51.5893,51.9607,50.5549,50.5549,6602162
1999-09-30,51.0324,51.6159,50.3958,51.0854,7470967
1999-10-01,50.3958,51.1053,49.8653,51.1053,8321095
1999-10-04,51.3772,52.4382,51.0854,52.2525,5276898
1999-10-05,52.4381,53.2604,51.5098,52.6238,8286721
1999-10-06,52.942,53.7577,52.1397,53.6781,8104992
1999-10-07,53.9765,54.2351,53.1542,53.5521,9342245
1999-10-08,53.34,54.2683,52.6238,54.1158,9558524
1999-10-11,54.2682,54.9048,54.1356,54.8783,5523797
1999-10-12,54.6927,55.1303,53.4726,53.6317,8565285
1999-10-13,53.0217,53.6583,51.8281,52.0403,9578641
1999-10-14,52.226,52.7299,51.3772,52.3652,9391824
1999-10-15,51.0324,51.7751,50.5085,50.8202,14303075
1999-10-18,50.8732,51.0589,48.7314,50.177,10488610
1999-10-19,50.7207,50.9793,49.6,50.4488,11312923
1999-10-20,51.218,52.405,50.714,51.9872,9542898
1999-10-21,51.1385,52.836,50.7671,52.836,9529492
1999-10-22,53.1477,53.6848,52.4116,52.5973,7040304
1999-10-25,52.3586,53.2007,52.1464,52.6238,5880031
1999-10-26,53.2604,53.5521,52.0933,52.1994,5747196
1999-10-27,52.0668,52.3055,51.3042,52.1198,6461349
1999-10-28,52.9421,54.1092,52.4647,53.9235,5985450
1999-10-29,55.1701,56.2311,54.9845,55.8067,8062477
1999-11-01,55.8067,56.4698,55.4419,55.5149,4108813
1999-11-02,55.8067,56.4963,55.3359,55.5481,5446906
1999-11-03,56.3372,56.9738,56.1781,56.6555,7958337
1999-11-04,57.4445,57.5572,56.6819,57.292,8508329
1999-11-05,58.4591,58.7509,57.8756,57.8756,6422908
1999-11-08,58.0877,59.2482,57.9021,59.0426,4621895
1999-11-09,59.5201,59.6262,58.1408,58.6448,6208678
1999-11-10,58.6713,59.918,58.4061,59.414,7028252
1999-11-11,60.0505,60.5545,59.52,60.4749,7851722
1999-11-12,60.7933,61.3237,58.8835,61.2707,12157210
1999-11-15,61.3237,61.5359,60.8463,61.1513,4629790
1999-11-16,61.3768,62.9948,61.1116,62.703,8116972
1999-11-17,62.703,62.9748,61.5359,61.8542,9202207
1999-11-18,62.2786,63.7507,61.9073,63.7507,7527922
1999-11-19,63.4721,64.427,59.5466,64.3209,7613388
1999-11-22,64.4536,65.7798,63.764,65.7798,7996108
1999-11-23,64.8779,64.931,63.0212,63.6313,10205453
1999-11-24,63.817,65.9853,63.1539,65.7267,7901124
1999-11-26,66.549,66.8672,65.6737,65.9389,3414266
1999-11-29,65.8063,66.3633,64.7718,64.8514,8693621
1999-11-30,64.9841,65.0902,62.7561,62.8091,10057010
1999-12-01,63.0743,64.0557,62.5969,63.7374,9848205
1999-12-02,63.9761,65.8858,63.9363,65.7598,7311817
1999-12-03,67.3181,68.0608,66.9733,67.159,9100777
1999-12-06,67.4177,68.3261,66.7877,67.7691,6797981
1999-12-07,67.9813,68.2465,66.9137,67.7691,9929353
1999-12-08,67.789,68.3194,66.7877,66.9468,8302252
1999-12-09,67.9017,68.273,65.5676,67.0529,12071389
1999-12-10,67.8221,68.0608,66.3102,67.4773,8669178
1999-12-13,67.59,69.0356,67.2916,68.7438,6878946
1999-12-14,68.5382,68.9361,67.0529,67.5038,11780938
1999-12-15,66.7347,68.7505,66.1511,68.7505,13494026
1999-12-16,69.7053,70.6602,69.387,70.5541,11550757
1999-12-17,71.7212,72.0394,70.8127,71.1111,10139589
1999-12-20,71.6415,72.3577,71.0315,72.0394,6531883
1999-12-21,72.2517,75.3284,71.8405,75.2754,11035469
1999-12-22,75.6997,75.8058,74.2144,75.6732,9469563
1999-12-23,76.2766,77.0259,75.5406,76.0976,7444568
1999-12-27,76.6546,79.4197,74.6122,76.1241,8183335
1999-12-28,76.1772,76.8138,75.1693,75.6998,6512368
1999-12-29,76.3894,78.5113,76.2833,78.5113,7007622
1999-12-30,79.4661,79.5722,77.6625,77.6625,9288520
1999-12-31,78.6174,79.0948,77.5564,77.5564,6133725
2000-01-03,81.6412,81.6412,76.3894,80.4211,15429817
2000-01-04,78.087,79.3601,74.6388,74.6985,14336937
2000-01-05,74.2675,76.416,71.509,73.1535,18035716
2000-01-06,73.737,74.6919,67.9017,68.5383,15706261
2000-01-07,70.3949,75.1162,70.0236,75.1162,11937704
2000-01-10,77.2381,79.7314,76.3363,78.2991,12592447
2000-01-11,77.8747,78.8296,73.843,74.904,13797869
2000-01-12,75.5406,75.7462,72.9943,73.4717,12327204
2000-01-13,75.1163,77.6626,73.9094,77.4504,10678904
2000-01-14,78.9357,79.4662,78.087,78.6705,9293198
2000-01-18,78.14,80.1558,77.6095,79.7845,7108035
2000-01-19,79.3535,81.4821,78.4517,80.872,8061461
2000-01-20,81.0576,82.2247,79.7911,81.0576,11015176
2000-01-21,81.9064,81.9594,80.6863,81.6942,7934395
2000-01-24,82.7022,82.8613,77.2117,77.4504,12025904
2000-01-25,77.9808,79.8839,75.8854,79.0683,14120743
2000-01-26,79.1479,79.2009,75.5406,75.965,9799061
2000-01-27,77.8748,78.5113,74.3736,76.8138,13041455
2000-01-28,76.3894,76.7872,71.9333,72.7821,14986578
2000-01-31,72.8882,76.3894,70.8724,76.3894,15283058
2000-02-01,75.9915,78.5113,75.0632,78.5113,11210820
2000-02-02,78.2991,80.3945,78.1665,78.8296,11105828
2000-02-03,80.0497,82.0125,78.3256,81.5881,12977112
2000-02-04,82.3308,83.3851,81.6677,82.2512,11304015
2000-02-07,82.543,83.604,81.6942,83.5244,7537089
2000-02-08,84.3466,86.7868,84.3466,86.7868,9330027
2000-02-09,86.6277,86.7404,83.8161,84.0283,11583259
2000-02-10,84.718,86.7868,83.6504,86.7338,11178401
2000-02-11,86.6277,86.6277,83.1795,84.0283,10556586
2000-02-14,84.8705,84.8771,82.9674,84.3334,9681849
2000-02-15,83.9753,85.4076,81.3759,85.0893,12974230
2000-02-16,84.7975,86.3094,84.2935,84.7975,10740939
2000-02-17,85.885,87.6356,84.5588,86.4685,12764066
2000-02-18,87.1051,87.4234,83.5509,83.8692,10723799
2000-02-22,84.0284,84.8241,81.6942,83.7366,15798606
2000-02-23,84.6053,89.121,84.161,88.3783,13651466
2000-02-24,89.0148,90.6527,86.5746,90.3941,20736491
2000-02-25,90.1288,91.2429,88.1661,88.4313,13841668
2000-02-28,87.6356,89.7045,85.3015,88.06,16218233
2000-02-29,89.7575,90.8981,89.0679,90.8185,10174643
2000-03-01,91.0307,92.1447,90.3941,91.349,10383188
2000-03-02,91.7203,91.8264,88.9088,89.2337,13894046
2000-03-03,91.6672,94.3196,90.8185,92.9603,13586613
2000-03-06,94.8502,96.0968,93.577,94.638,9875030
2000-03-07,96.6007,96.6538,92.3038,93.1526,16749388
2000-03-08,94.2136,95.0623,90.2084,94.691,18464330
2000-03-09,94.3993,97.6087,92.5956,97.6087,12772650
2000-03-10,97.5025,98.8287,96.3421,97.3434,12590836
2000-03-13,93.3648,96.866,92.9669,94.3727,15933040
2000-03-14,95.6989,96.2294,89.121,90.8185,16595086
2000-03-15,90.3941,90.8185,86.4686,87.3969,21728371
2000-03-16,89.4393,92.7283,85.7259,92.0917,23460211
2000-03-17,91.6672,94.2666,91.6142,94.0544,13335121
2000-03-20,94.2136,94.638,90.1819,91.0307,17963731
2000-03-21,90.0759,94.9563,87.9009,94.638,28375529
2000-03-22,96.3355,98.431,94.3197,96.7599,20654164
2000-03-23,97.171,99.9428,96.3885,98.7757,16319231
2000-03-24,99.7174,102.277,97.6219,100.049,18725929
2000-03-27,100.155,101.428,99.4123,99.6113,9974931
2000-03-28,99.293,99.9959,97.0782,97.6087,15561458
2000-03-29,97.927,97.98,93.3648,93.7892,23077491
2000-03-30,91.0307,95.6989,87.8478,91.0307,35919737
2000-03-31,91.7866,93.8953,88.2722,92.9404,26608030
2000-04-03,91.4683,92.6221,85.5137,87.8478,26767352
2000-04-04,87.9539,88.2192,74.9571,85.5137,56183648
2000-04-05,82.7551,88.2191,81.6942,84.0283,31408847
2000-04-06,86.8929,88.1661,84.6649,86.8399,25884889
2000-04-07,88.3783,91.1368,87.1051,89.9697,17523128
2000-04-10,91.349,91.402,84.2405,84.8771,22904254
2000-04-11,82.4369,86.1502,81.2698,82.9541,29278858
2000-04-12,82.8612,83.8161,53.5786,78.0869,29558351
2000-04-13,78.7765,81.482,74.904,75.5406,39318289
2000-04-14,73.0474,75.1162,66.2042,67.6895,51639575
2000-04-17,66.2174,76.3894,66.2041,75.5406,47010188
2000-04-18,75.9517,78.9357,74.1613,77.8747,30770142
2000-04-19,78.5114,79.4662,75.5937,75.5937,23831718
2000-04-20,76.7077,77.2117,73.1535,73.737,18038086
2000-04-24,70.8193,72.3577,67.7956,72.1455,26520346
2000-04-25,73.4187,76.8137,72.9943,76.7607,24286980
2000-04-26,76.9199,78.4451,73.9492,74.1614,21796194
2000-04-27,70.8723,78.498,69.8114,77.5564,31432430
2000-04-28,79.4132,80.4211,78.1931,80.2089,21072193
2000-05-01,81.2698,82.2247,79.9966,81.2698,19694367
2000-05-02,80.5272,81.1637,76.1772,76.3894,17233958
2000-05-03,75.965,76.6016,72.5832,75.8589,22566528
2000-05-04,75.5406,77.026,74.3735,75.6467,15065089
2000-05-05,74.7979,78.3521,74.7184,77.6625,17458529
2000-05-08,76.8137,77.0259,74.4796,74.904,11798844
2000-05-09,75.1162,75.6467,71.9333,72.5699,16802946
2000-05-10,71.6151,72.5169,67.4773,67.9017,29549460
2000-05-11,70.2358,72.3577,68.6443,71.9333,20970573
2000-05-12,72.4638,74.3205,71.2968,71.8803,15134268
2000-05-15,71.9864,75.2223,70.1297,75.2223,15232463
2000-05-16,76.3894,77.6625,74.7449,77.2912,20223579
2000-05-17,75.7528,76.8138,74.4797,75.6998,17261295
2000-05-18,75.5407,75.8457,72.4639,72.7291,16178517
2000-05-19,71.0846,72.1456,69.0157,69.334,23916761
2000-05-22,69.2809,69.8114,64.1485,69.5992,37241427
2000-05-23,69.0687,70.1297,63.3395,63.7639,27081642
2000-05-24,63.6578,67.7956,61.3237,67.6895,41988371
2000-05-25,68.1139,69.8115,64.931,65.7798,25150376
2000-05-26,65.9919,67.2651,64.2944,65.9389,15447209
2000-05-30,67.9017,72.9412,67.9017,72.5699,26212078
2000-05-31,71.6947,73.5646,70.2358,70.448,25180323
2000-06-01,72.3047,75.0102,71.2968,74.2675,24604017
2000-06-02,78.6174,79.8773,77.9808,79.1479,27363274
2000-06-05,78.2991,80.8985,77.9809,79.4662,20184287
2000-06-06,79.0948,80.6332,77.132,77.5564,19690626
2000-06-07,77.7156,79.307,76.018,79.307,19115077
2000-06-08,80.315,80.5271,77.7686,78.9357,16388750
2000-06-09,80.421,80.421,78.9357,79.4131,14440134
2000-06-12,80.0498,80.0498,77.0791,77.2382,13937931
2000-06-13,76.8138,79.9436,75.8456,79.9436,21252712
2000-06-14,80.5272,80.5272,77.7156,78.2196,17178787
2000-06-15,77.9808,79.6253,77.1321,79.6121,15852074
2000-06-16,80.4211,80.8985,78.9888,79.9304,17958726
2000-06-19,79.7977,83.3917,78.6704,83.0204,16963959
2000-06-20,83.3918,84.6119,82.4899,83.5111,17719115
2000-06-21,82.1717,84.6384,82.0656,83.7631,17689239
2000-06-22,83.71,84.0283,80.4343,80.4343,18169303
2000-06-23,80.6333,81.0576,77.6095,77.7819,21050459
2000-06-26,78.9887,80.1426,78.0869,79.9436,18735003
2000-06-27,79.5855,80.6863,78.4184,78.697,12512153
2000-06-28,78.9224,81.0576,78.5113,79.6916,16325089
2000-06-29,78.8826,79.254,76.9198,77.8349,18043506
2000-06-30,77.9277,79.7446,77.5034,79.0948,12787237
2000-07-03,79.36,80.8454,79.1479,80.7393,4401724
2000-07-05,79.4662,79.758,77.1321,77.4504,13639334
2000-07-06,77.7156,80.421,76.4424,80.2619,19910129
2000-07-07,80.6332,82.3308,80.1558,80.9781,13994961
2000-07-10,80.368,81.376,79.7845,79.9967,10686965
2000-07-11,79.8375,81.2698,78.7766,79.1081,12151347
2000-07-12,81.0046,82.9674,80.315,82.3043,15462654
2000-07-13,83.1265,84.6649,82.4369,83.9753,16469812
2000-07-14,85.0893,85.832,83.8692,85.4076,14548107
2000-07-17,85.6728,86.6277,84.771,86.0972,10913412
2000-07-18,85.1954,85.5401,83.4846,84.2405,17377648
2000-07-19,83.4448,83.9753,81.1903,82.0125,18046654
2000-07-20,83.0734,85.0362,82.5562,85.0362,16413610
2000-07-21,83.5509,84.4659,82.4501,82.596,12196326
2000-07-24,83.1265,84.0283,80.0497,80.0497,15659737
2000-07-25,81.1637,82.1053,79.6253,81.5483,16124271
2000-07-26,81.0576,81.5881,79.1479,81.1637,17176488
2000-07-27,79.7314,80.6863,77.7156,77.7156,21861457
2000-07-28,78.246,78.8296,72.9943,73.6839,30860876
2000-07-31,74.3736,76.4955,72.7556,75.965,23185027
2000-08-01,76.2302,76.3761,74.2542,75.0367,13335804
2000-08-02,74.5857,76.7209,73.5778,73.7237,19899594
2000-08-03,71.5089,77.079,70.7132,77.079,30207840
2000-08-04,78.0869,78.7368,75.6467,76.3894,18873443
2000-08-07,77.1321,78.9623,76.6016,78.3124,12770699
2000-08-08,78.1399,79.307,77.6625,78.0869,12195391
2000-08-09,79.5192,80.1558,77.5697,77.7554,15673744
2000-08-10,77.9277,78.2858,76.1241,76.3363,12961405
2000-08-11,75.7528,77.3311,74.5858,77.1321,17675664
2000-08-14,77.5565,78.9357,76.5618,78.8827,10581125
2000-08-15,78.7236,79.7713,78.087,78.9888,11924221
2000-08-16,79.307,80.368,78.0869,79.2938,12870254
2000-08-17,78.8827,81.3759,78.8296,81.0046,12197012
2000-08-18,81.429,82.0125,80.368,80.7526,12423549
2000-08-21,81.482,82.2114,80.1027,81.2698,11464431
2000-08-22,81.482,82.6359,80.8587,81.0046,12585834
2000-08-23,80.368,82.7021,79.6386,82.3308,18088842
2000-08-24,82.7021,83.7631,81.5351,83.657,11470632
2000-08-25,83.5907,84.8372,82.8612,83.4978,9928833
2000-08-28,83.3918,84.7445,83.1265,83.5509,10416203
2000-08-29,83.71,84.1742,83.0602,83.8824,9457258
2000-08-30,83.4448,84.4527,82.9806,83.9355,8916936
2000-08-31,84.5588,86.4685,84.5057,86.4685,13129971
2000-09-01,87.4234,87.861,85.885,86.999,11889326
2000-09-05,86.2564,86.3625,84.3865,84.466,13823771
2000-09-06,84.2406,84.4395,81.2699,81.5351,17679568
2000-09-07,82.1717,84.3865,81.9595,83.3918,14030024
2000-09-08,82.9806,83.1795,80.4873,80.5271,19488704
2000-09-11,80.2088,81.588,78.0869,78.75,23065669
2000-09-12,79.3601,80.368,77.1056,77.5034,20263389
2000-09-13,76.6015,79.5722,76.3894,79.307,28609085
2000-09-14,80.8454,81.429,78.6307,79.254,24144906
2000-09-15,79.0417,79.4661,76.9729,77.5564,20827723
2000-09-18,77.9277,78.9357,75.1294,76.2302,24570718
2000-09-19,77.026,79.5989,76.2833,79.3601,23356228
2000-09-20,79.254,80.8322,77.5034,80.368,28079890
2000-09-21,79.5723,80.1957,78.14,78.4185,20488238
2000-09-22,74.3736,78.9357,74.2675,78.8827,28499538
2000-09-25,79.4661,79.9966,76.4424,76.5485,17309064
2000-09-26,77.0392,78.5113,75.4876,75.4876,21653005
2000-09-27,76.9199,77.3973,74.6918,75.965,24095590
2000-09-28,75.3019,78.9357,75.3019,78.4715,24406492
2000-09-29,78.087,78.1931,75.2754,75.2754,22932102
2000-10-02,76.6016,76.6016,72.9943,73.6309,21192204
2000-10-03,74.7449,75.3815,70.6734,70.7663,30323031
2000-10-04,70.8724,73.7237,69.7053,72.676,31977951
2000-10-05,72.3577,74.0022,71.7742,72.8882,19897651
2000-10-06,72.623,73.4717,68.966,70.448,30840522
2000-10-09,70.0767,71.1376,67.3712,70.1297,24473801
2000-10-10,69.4401,70.7133,66.0981,66.4694,29935825
2000-10-11,65.2493,68.2862,64.5596,65.4084,41133811
2000-10-12,67.2651,67.5303,63.0743,63.7639,45174717
2000-10-13,63.3925,69.2809,63.3395,68.9626,35996442
2000-10-16,68.8565,69.8644,67.6895,69.2809,23454927
2000-10-17,70.5541,70.5939,66.2041,66.4163,44206009
2000-10-18,65.1431,68.9096,63.2865,66.2041,54975377
2000-10-19,69.9308,72.2384,69.1218,72.1986,36024989
2000-10-20,71.7211,74.5857,71.6282,73.2595,34537232
2000-10-23,73.1535,74.2675,71.4029,73.1535,24604359
2000-10-24,73.3657,73.8431,69.9176,69.9706,26699974
2000-10-25,68.9626,69.5992,65.2625,66.098,41278423
2000-10-26,66.3633,67.9017,62.4908,67.7956,59409827
2000-10-27,68.6311,69.4799,65.7665,67.663,43325850
2000-10-30,66.3633,67.7956,64.2546,65.1564,30126357
2000-10-31,66.2041,70.0766,66.098,69.3472,37229120
2000-11-01,68.167,70.2889,67.2121,68.7505,38351832
2000-11-02,69.7583,70.6602,68.8035,69.5992,22572209
2000-11-03,70.3419,71.2437,69.2941,70.501,25324341
2000-11-06,70.9785,71.4029,69.5993,69.9706,19927966
2000-11-07,69.1218,69.9971,68.1139,69.7053,20658401
2000-11-08,69.7053,69.8114,64.1883,64.2546,34231023
2000-11-09,63.4457,65.3024,61.9603,64.2414,55130855
2000-11-10,63.0212,64.2413,60.8993,60.8993,41782437
2000-11-13,60.2229,62.9682,57.9418,59.467,63670968
2000-11-14,61.9603,64.5066,61.7481,64.374,38048696
2000-11-15,64.1353,66.2572,63.4855,65.6737,32047155
2000-11-16,63.9761,65.3554,61.8542,61.8542,28763158
2000-11-17,62.1194,63.817,60.2628,61.8144,42363279
2000-11-20,60.2097,61.1645,58.7774,59.2946,39773556
2000-11-21,59.5731,60.3689,58.0878,59.2018,35753812
2000-11-22,58.0878,59.5201,56.4433,56.5494,48056424
2000-11-24,58.0347,59.9444,57.8623,59.7853,16958443
2000-11-27,61.5889,61.9072,58.353,59.0426,30059719
2000-11-28,58.5122,59.3609,55.4354,55.5547,41426309
2000-11-29,55.8597,56.6554,53.0482,53.4195,56166459
2000-11-30,52.4116,54.5335,51.3506,53.4593,63543634
2000-12-01,54.3743,56.6687,52.7299,54.3213,48473610
2000-12-04,54.4274,55.4752,52.4116,54.0561,41654283
2000-12-05,56.0719,60.2627,55.5945,59.9975,64945583
2000-12-06,59.9179,61.3635,57.5042,57.7164,53766902
2000-12-07,56.8677,58.552,55.5945,56.4433,35199655
2000-12-08,60.3423,62.809,57.3981,57.7164,55883480
2000-12-11,61.1612,63.4722,60.2229,63.1273,43985661
2000-12-12,62.3846,62.7029,60.5279,60.8197,26352348
2000-12-13,62.3316,62.3846,57.9816,58.3397,43846698
2000-12-14,58.1541,59.1487,55.3823,55.4884,35233841
2000-12-15,54.5335,55.7005,53.1012,54.2152,50097478
2000-12-18,55.3027,55.9924,53.1012,54.3213,36271775
2000-12-19,53.8572,55.8996,49.8653,50.1836,68317346
2000-12-20,48.6451,49.547,46.4702,47.3057,69089386
2000-12-21,46.6956,49.8653,46.0458,47.5842,72883167
2000-12-22,48.9104,51.5628,48.9104,51.3506,48586155
2000-12-26,51.4302,52.5575,49.2287,51.6689,31471472
2000-12-27,50.6611,52.783,50.0245,52.2525,28817917
2000-12-28,51.5894,53.035,51.1385,52.1464,26308777
2000-12-29,52.2525,52.8227,49.2287,49.547,41751550
2001-01-02,49.7062,49.8122,44.5074,45.3562,53059135
2001-01-03,44.2952,55.3823,44.2687,52.9951,97919754
2001-01-04,52.3055,54.0031,51.1252,52.0403,49612900
2001-01-05,52.0403,52.0403,47.5312,48.0617,58375463
2001-01-08,47.7964,48.8043,45.4225,48.5921,47146306
2001-01-09,49.0165,50.1835,48.0616,48.5921,45246161
2001-01-10,47.6373,51.2445,47.319,51.0854,63006394
2001-01-11,50.303,54.0562,50.2367,52.5708,55510776
2001-01-12,53.2637,54.8518,52.1994,53.2471,51599042
2001-01-16,53.1012,53.4062,51.4036,52.6105,27277091
2001-01-17,54.7457,55.6873,53.5919,54.2152,52095734
2001-01-18,54.4274,56.6554,53.2073,56.4963,46575613
2001-01-19,57.8357,57.9816,55.6475,56.2841,47769147
2001-01-22,55.9128,56.8677,54.9579,56.3372,30361739
2001-01-23,55.9394,58.0613,55.4354,57.5175,42293597
2001-01-24,57.7695,58.6713,56.6555,56.9738,45720447
2001-01-25,56.7615,57.4379,54.6528,54.7457,48444596
2001-01-26,53.95,55.9658,53.4726,55.6343,38771685
2001-01-29,54.958,57.0799,54.5336,56.8677,26742928
2001-01-30,56.995,57.4958,56.0189,56.6555,36352885
2001-01-31,57.0799,57.7165,54.576,54.576,50341055
2001-02-01,54.7881,55.6878,53.9818,55.2974,38325216
2001-02-02,55.1192,55.4248,50.9263,52.2419,40264289
2001-02-05,51.9363,52.5389,51.0281,52.1994,30568647
2001-02-06,52.1909,53.5744,51.9108,52.2843,35987046
2001-02-07,51.3591,51.9448,49.721,51.4355,52582869
2001-02-08,51.6901,52.1994,49.721,49.8992,40865401
2001-02-09,49.4409,51.809,47.5312,47.8707,47024562
2001-02-12,47.7433,49.1777,47.2086,48.4478,42897099
2001-02-13,48.9316,50.2302,46.6654,46.937,50000043
2001-02-14,47.0219,49.0165,45.9397,48.7619,53506193
2001-02-15,49.9077,51.3421,49.4833,49.5682,57519310
2001-02-16,47.4972,48.2696,46.2834,46.7927,56660674
2001-02-20,47.3105,47.3954,44.3907,44.9764,46931121
2001-02-21,43.7541,45.893,43.2194,43.7117,61382772
2001-02-22,43.6692,44.2719,41.4964,43.2873,88159427
2001-02-23,42.5149,43.7966,40.9362,43.4401,79202476
2001-02-26,44.2048,44.6453,42.6507,44.2634,66488465
2001-02-27,43.7457,44.204,41.5049,41.5898,56636223
2001-02-28,41.9717,42.6168,39.7734,40.2742,86754364
2001-03-01,39.8668,41.7595,38.8313,41.42,86322678
2001-03-02,40.062,42.1245,38.7464,39.6376,81417836
2001-03-05,40.3167,41.0466,39.9687,40.3591,37234858
2001-03-06,41.8444,42.9988,41.6747,41.9293,51618279
2001-03-07,42.7781,42.8036,41.5644,41.9463,46841678
2001-03-08,41.8869,42.2773,40.8259,41.1654,41528163
2001-03-09,40.1045,40.2063,38.1523,38.2796,67890523
2001-03-12,37.3459,38.1522,35.4786,35.903,68453356
2001-03-13,36.3105,37.974,35.7587,37.7279,67902919
2001-03-14,36.2425,38.3559,35.9115,37.1337,82485963
2001-03-15,38.3645,38.4655,35.6908,35.7757,62893763
2001-03-16,35.5465,36.3274,34.4262,34.8845,66009620
2001-03-19,35.173,36.7178,34.5874,36.7178,45183265
2001-03-20,36.8706,37.1846,34.1206,34.2479,89110916
2001-03-21,34.3922,35.4786,33.7047,34.2479,81552441
2001-03-22,34.4601,36.3274,33.518,36.3274,110505068
2001-03-23,36.964,37.2016,35.224,36.3274,80860380
2001-03-26,36.8961,36.9215,35.2664,35.4871,48942405
2001-03-27,35.4786,37.1082,35.1561,36.7093,59350411
2001-03-28,35.5635,35.8181,33.6792,33.6962,66172716
2001-03-29,33.4246,34.4686,32.6352,33.0596,67590119
2001-03-30,33.3567,33.9339,32.2533,33.2294,54031345
2001-04-02,33.2463,33.8235,31.6591,31.744,59161143
2001-04-03,31.5743,32.0411,29.3844,29.4184,75523046
2001-04-04,29.4617,30.3945,28.5188,28.9007,64868451
2001-04-05,30.5557,32.2193,30.3096,31.6676,73819032
2001-04-06,31.3197,31.4894,30.1314,30.8104,73094153
2001-04-09,31.2263,31.7356,30.4285,31.447,43822264
2001-04-10,32.1684,34.3413,32.0666,33.7811,79927021
2001-04-11,35.7842,36.0728,34.3328,34.7996,78743345
2001-04-12,34.2055,36.3274,33.9593,36.3274,67494949
2001-04-16,35.5983,36.0133,34.0017,34.163,55340409
2001-04-17,33.9092,36.2425,33.866,35.0118,80150797
2001-04-18,37.1091,43.2873,36.6669,38.6615,109575354
2001-04-19,39.1283,41.3775,38.6869,40.9956,93109327
2001-04-20,40.8938,41.9632,39.8922,41.0805,68386388
2001-04-23,39.8837,40.5033,38.1013,38.322,67318556
2001-04-24,38.2796,39.4,37.1338,37.6006,75434785
2001-04-25,37.2611,38.687,36.5821,38.2796,58055389
2001-04-26,38.9586,39.2557,37.2356,37.3035,60352144
2001-04-27,38.322,38.5936,37.5505,38.322,47923295
2001-04-30,39.2557,40.3761,38.4493,39.1708,62683465
2001-05-01,39.2132,40.8089,38.5342,40.7834,46238358
2001-05-02,41.42,41.9293,40.3166,41.5728,65824055
2001-05-03,40.6561,40.657,39.2132,39.7225,56970470
2001-05-04,38.4494,40.9108,38.2881,40.9108,61681015
2001-05-07,40.741,41.2503,39.9771,40.062,38668487
2001-05-08,40.9957,41.0381,39.8838,40.9108,48287644
2001-05-09,39.9347,40.6986,39.4169,39.5103,51758917
2001-05-10,40.6731,40.7834,38.8058,38.8482,51873255
2001-05-11,38.9076,39.3999,38.2711,38.6615,41383845
2001-05-14,38.4493,38.5002,37.4393,38.0419,36537367
2001-05-15,38.1098,39.2981,37.8382,38.322,58568664
2001-05-16,37.6091,40.3336,37.3969,40.0196,67978488
2001-05-17,40.2742,41.4115,40.1129,40.6561,62623802
2001-05-18,40.4355,41.0636,39.9687,40.775,34877222
2001-05-21,40.8853,43.4147,40.444,43.3298,72502518
2001-05-22,43.5504,44.0936,42.5913,43.2024,65549497
2001-05-23,42.8196,42.8205,41.2842,41.2927,55688191
2001-05-24,41.5643,42.4301,40.9702,42.3537,52401458
2001-05-25,42.4046,42.4555,41.2927,41.5813,30715756
2001-05-29,41.1654,41.1654,39.1283,39.1453,56530920
2001-05-30,38.566,38.9162,37.4138,37.7109,69083177
2001-05-31,37.8042,38.9161,37.6005,37.9655,57693643
2001-06-01,38.653,39.2387,37.626,39.0859,52512438
2001-06-04,39.3304,39.8074,38.4409,38.8992,35376374
2001-06-05,39.299,41.0466,39.2132,40.6137,57837900
2001-06-06,40.8089,41.4964,39.9516,40.2996,51911536
2001-06-07,40.0093,42.0056,39.9558,41.3351,55473231
2001-06-08,41.3521,41.3946,39.8498,40.1893,47861678
2001-06-11,39.8074,41.1399,38.6106,39.0859,41479521
2001-06-12,38.0843,39.7225,37.5411,38.8737,66581310
2001-06-13,39.276,39.68,37.7872,37.8127,58163404
2001-06-14,37.3672,37.6855,35.6484,35.8606,77259866
2001-06-15,35.4786,36.582,35.0383,36.1576,71792278
2001-06-18,36.1915,36.6414,35.1391,35.6738,53825083
2001-06-19,36.7688,36.9725,35.0203,35.4956,62281709
2001-06-20,35.0542,36.4717,35.0372,36.3019,70943353
2001-06-21,36.217,37.5411,35.903,36.7942,57040857
2001-06-22,37.0242,37.5156,36.1491,36.7093,44024510
2001-06-25,37.0149,37.1762,36.2001,36.8027,33267059
2001-06-26,36.1067,37.2525,36.0566,36.93,46810367
2001-06-27,37.0752,37.4733,36.4972,37.1677,45228058
2001-06-28,37.6871,39.349,37.643,37.643,76338987
2001-06-29,38.2711,39.4848,37.94,38.7888,50688221
2001-07-02,38.7481,39.4508,38.3559,38.5766,43179480
2001-07-03,38.4069,38.7803,38.0249,38.7379,21014123
2001-07-05,38.0844,38.3551,36.8791,36.8791,37665317
2001-07-06,36.5056,36.5905,35.2155,35.3513,45347866
2001-07-09,35.5618,36.2341,35.224,35.6569,38650262
2001-07-10,36.2934,36.3953,34.2903,34.3752,49736584
2001-07-11,34.3073,34.8845,33.8405,34.7996,65683403
2001-07-12,36.1831,37.2016,35.903,37.0064,59699981
2001-07-13,36.8197,37.7109,36.4123,36.6245,53025147
2001-07-16,36.8112,37.2271,35.5636,35.9455,45300156
2001-07-17,35.5033,36.8367,35.258,36.7518,50735733
2001-07-18,35.8852,36.3698,34.9184,35.3513,54925057
2001-07-19,36.0388,36.7942,35.4362,36.1916,64927177
2001-07-20,35.2155,35.7672,35.1052,35.3513,41595195
2001-07-23,35.8521,35.9879,34.4177,34.4686,46951141
2001-07-24,34.2743,34.7148,33.3652,34.0782,59770869
2001-07-25,34.0702,34.5619,33.4416,34.3752,58433516
2001-07-26,34.3328,35.555,33.9339,34.8845,58694829
2001-07-27,35.3428,35.869,34.7147,35.6059,40303755
2001-07-30,35.7588,35.9031,35.1392,35.3938,33488475
2001-07-31,35.5126,36.3104,35.224,35.4447,47278186
2001-08-01,36.189,36.9215,35.9963,36.582,45715704
2001-08-02,37.1753,37.3493,36.3443,37.2695,45123509
2001-08-03,36.947,36.947,36.1237,36.6499,43720156
2001-08-06,36.1059,36.3699,35.9455,36.0728,26396038
2001-08-07,35.7332,36.3443,35.5974,35.886,32553391
2001-08-08,35.521,36.2001,34.2054,34.3752,64555187
2001-08-09,34.2988,34.6977,33.9338,34.5195,56723935
2001-08-10,34.315,34.5874,33.2973,34.1885,58124614
2001-08-13,34.4516,35.0882,34.1206,34.8845,41098017
2001-08-14,35.2155,35.3937,34.4092,34.4601,43420661
2001-08-15,34.477,34.7401,33.1614,33.1869,49905881
2001-08-16,32.8042,33.6029,32.2881,33.5774,57884007
2001-08-17,32.6276,32.9323,32.0072,32.0496,48075929
2001-08-20,32.126,32.805,31.8459,32.491,42371813
2001-08-21,32.4994,32.805,31.1074,31.1414,47872032
2001-08-22,31.7865,32.1175,31.0141,31.9902,55351108
2001-08-23,31.9808,32.6437,31.6583,31.6761,46354730
2001-08-24,32.1345,33.4331,32.0411,33.3567,49608456
2001-08-27,33.3397,33.8659,32.9577,33.3991,43218351
2001-08-28,33.3737,33.4756,32.2627,32.3552,55396653
2001-08-29,32.5673,32.6352,31.5148,31.8798,50111803
2001-08-30,31.2347,31.6676,30.3435,30.7,64583318
2001-08-31,30.5812,31.43,30.5048,31.0905,46088037
2001-09-04,30.9954,31.8289,30.004,30.1059,62860224
2001-09-05,30.1229,30.4794,28.9855,29.9871,81012788
2001-09-06,29.4863,30.1483,28.6714,28.7733,75201863
2001-09-07,28.5365,29.7919,28.3065,28.6036,81076784
2001-09-10,28.4253,29.1298,28.2997,28.9431,68213969
2001-09-17,26.5241,27.8397,26.3883,26.4817,82956392
2001-09-18,26.7617,27.585,25.7772,25.8875,56251588
2001-09-19,26.0064,26.3119,23.9863,25.4377,98990176
2001-09-20,24.869,25.5395,24.4446,24.5889,77094480
2001-09-21,23.2649,24.5889,23.0866,23.9269,95304605
2001-09-24,24.6823,25.4631,24.2664,25.1321,72718011
2001-09-25,25.217,25.8281,24.5719,25.2085,71174545
2001-09-26,25.4207,25.4632,24.1136,24.3343,50701920
2001-09-27,24.1051,24.4361,23.2733,24.173,59442833
2001-09-28,24.4786,25.3952,24.0287,24.5974,71980159
2001-10-01,24.4871,24.5974,23.6383,24.3852,45367420
2001-10-02,24.3173,24.9624,24.1051,24.4616,62954165
2001-10-03,24.1297,26.8297,24.0457,26.3119,115612711
2001-10-04,26.8636,28.1792,26.2609,26.5665,108122180
2001-10-05,26.3119,27.0758,25.6838,26.957,81957601
2001-10-08,26.4222,27.4577,26.2779,27.0418,57529267
2001-10-09,27.0419,27.1777,26.2016,26.3883,48844667
2001-10-10,26.2024,27.6191,26.1006,27.5851,62672419
2001-10-11,28.1725,29.9192,28.1283,29.4524,99495639
2001-10-12,29.1383,29.5372,28.1282,29.325,94977948
2001-10-15,28.96,29.325,28.5696,29.1977,66455071
2001-10-16,29.426,29.7918,28.9176,29.673,68870725
2001-10-17,30.4454,30.5557,27.4153,27.5426,120092606
2001-10-18,27.7548,28.4677,27.5001,28.2895,80078129
2001-10-19,27.8983,28.6461,27.1607,28.4763,62315573
2001-10-22,28.3829,29.2826,28.1962,29.2402,62898690
2001-10-23,29.5559,30.0473,28.8582,29.3929,88315180
2001-10-24,29.3675,30.2841,29.1298,30.0295,76529391
2001-10-25,29.4566,31.2518,29.0535,31.2348,100598721
2001-10-26,30.9801,31.4554,30.5642,30.5642,79628955
2001-10-29,30.5558,30.6899,28.8922,28.8922,78198647
2001-10-30,28.6121,28.9346,27.8737,28.332,81546512
2001-10-31,28.8921,29.673,28.5866,28.7733,90109658
2001-11-01,29.2317,30.1845,28.6732,29.9956,78660960
2001-11-02,29.937,30.4284,29.6136,30.2162,55096272
2001-11-05,30.7764,31.5403,30.6915,31.2008,54560235
2001-11-06,31.073,32.4231,30.8868,32.4146,90975878
2001-11-07,31.9223,32.9662,31.8289,32.3721,78547241
2001-11-08,32.721,33.4416,31.6167,32.0411,89869729
2001-11-09,31.9121,32.3212,31.5064,32.0241,62904654
2001-11-12,31.4045,32.5504,30.8104,32.2533,95895261
2001-11-13,33.1275,33.5264,32.788,33.4076,83104289
2001-11-14,33.9169,34.1546,32.8814,33.6453,75226195
2001-11-15,33.2396,34.0442,33.0597,33.5095,73285142
2001-11-16,33.5095,33.6792,33.0342,33.4161,54350266
2001-11-19,33.7726,34.3667,33.5179,34.3667,58718172
2001-11-20,34.0187,34.146,32.6607,32.7795,72323108
2001-11-21,32.6522,33.0596,32.2363,32.7965,51628262
2001-11-23,32.8983,33.467,32.7371,33.3397,22953128
2001-11-26,33.5943,34.2564,33.1105,34.163,63875136
2001-11-27,33.9933,34.7742,33.2718,34.1206,85097033
2001-11-28,33.7217,34.2649,32.839,32.8899,86170272
2001-11-29,33.1318,33.9508,31.1838,33.9084,71144154
2001-11-30,33.7217,33.9848,33.4077,33.6538,56036588
2001-12-03,33.3482,33.6113,32.9917,33.0766,51258883
2001-12-04,33.3906,34.6638,32.6267,34.6553,67384229
2001-12-05,34.9761,36.6244,34.9014,36.3698,98228339
2001-12-06,36.2502,36.7009,35.954,36.4208,65936251
2001-12-07,36.0626,36.1576,34.9184,35.4192,69284473
2001-12-10,35.0755,35.8436,34.6977,34.7996,58638175
2001-12-11,35.19,35.869,34.9099,34.9948,56057122
2001-12-12,35.224,35.5974,34.4601,35.2749,64583879
2001-12-13,34.5534,34.7996,33.7471,33.7471,67533502
2001-12-14,33.8422,34.3413,33.5859,34.0442,59413113
2001-12-17,33.9679,35.0034,33.9679,34.6299,53004797
2001-12-18,34.9354,35.224,34.0867,35.0203,43152546
2001-12-19,34.4261,35.0712,34.2224,34.3837,67554255
2001-12-20,34.0357,34.2054,32.8304,32.9238,70477470
2001-12-21,33.4602,33.7047,33.2294,33.5095,47704268
2001-12-24,33.5604,33.6368,33.2294,33.3737,11594560
2001-12-26,33.4195,34.2054,33.2379,33.6877,31993130
2001-12-27,33.8235,34.1223,33.6113,33.9593,29070214
2001-12-28,34.1986,34.6315,34.146,34.2309,32459430
2001-12-31,34.214,34.3328,33.0257,33.0257,39190328
2002-01-02,33.5859,34.0782,33.0427,34.0442,52372814
2002-01-03,34.214,35.2664,34.1715,35.224,72792982
2002-01-04,35.606,35.8945,34.7402,35.3683,73731403
2002-01-07,35.7486,35.8352,34.0443,34.9779,63739565
2002-01-08,34.8913,35.4532,34.6638,35.2155,56810178
2002-01-09,35.6824,36.1577,34.7148,34.893,72234195
2002-01-10,34.9473,35.2579,34.528,35.1221,64108270
2002-01-11,35.1026,35.3089,34.3498,34.6723,51623788
2002-01-14,34.3667,34.528,33.6962,33.9169,60516463
2002-01-15,33.9814,34.5874,33.5774,34.2394,56775104
2002-01-16,33.5587,33.8999,32.9068,32.9153,77187819
2002-01-17,33.5095,33.9313,33.1106,33.6538,63512662
2002-01-18,32.9578,33.484,32.4401,32.7541,69585282
2002-01-22,33.102,33.119,31.6846,31.744,69399511
2002-01-23,31.9563,32.839,31.7016,32.6183,63624782
2002-01-24,33.0511,33.5383,32.5503,33.0511,65535733
2002-01-25,32.6539,33.2294,32.5589,32.9578,49931703
2002-01-28,33.2328,33.4331,32.6098,33.1445,40558851
2002-01-29,33.2141,33.4483,31.8416,32.2363,70727448
2002-01-30,32.2542,32.9748,31.2772,32.4825,86041531
2002-01-31,32.744,32.8899,32.2703,32.6862,59119499
2002-02-01,32.5936,33.0002,31.9986,32.3721,51946610
2002-02-04,32.2202,32.3127,31.0735,31.3366,70239650
2002-02-05,31.0566,31.6846,30.717,30.8189,73706744
2002-02-06,31.2687,31.3112,30.3011,30.6067,83624621
2002-02-07,30.5524,31.0226,29.707,29.8683,82929225
2002-02-08,30.0974,30.7594,29.6815,30.7,68300835
2002-02-11,30.6746,33.2464,29.9192,31.0905,48905196
2002-02-12,30.8206,31.3876,30.5898,30.8359,43682408
2002-02-13,31.1686,31.5319,31.0735,31.3621,51756464
2002-02-14,31.5319,31.8884,31.065,31.3027,65778540
2002-02-15,31.267,31.3281,30.2502,30.369,67756992
2002-02-19,30.0253,30.0974,29.1298,29.4354,61465581
2002-02-20,29.6289,29.8513,28.7988,29.8343,90424924
2002-02-21,29.5288,29.6646,28.4169,28.4169,92765054
2002-02-22,28.5348,29.0279,28.0858,28.5611,84717997
2002-02-25,28.865,29.9192,28.82,29.7155,75534157
2002-02-26,29.9039,30.0719,29.1722,29.6051,80361378
2002-02-27,30.0439,30.1398,28.9091,29.1977,80761268
2002-02-28,29.2945,29.6815,28.646,28.6715,81231759
2002-03-01,28.9889,30.3436,28.9346,30.3351,72992926
2002-03-04,30.3028,31.5997,27.7887,31.5318,89733056
2002-03-05,31.3515,32.1429,31.2432,31.761,77610069
2002-03-06,31.4724,32.2109,31.065,31.9138,73701787
2002-03-07,32.3552,32.5334,31.413,31.9817,72571810
2002-03-08,32.4494,33.1276,32.3637,32.822,71676140
2002-03-11,32.5503,33.2633,32.3042,32.7031,60309510
2002-03-12,31.896,32.2533,31.6761,32.2533,70163487
2002-03-13,31.7525,31.9647,30.5557,31.4724,60587765
2002-03-14,31.4631,31.744,31.1669,31.2857,60030352
2002-03-15,31.3188,31.6846,31.0616,31.5997,54298606
2002-03-18,31.9435,32.2024,31.447,31.778,67010837
2002-03-19,31.9218,32.1515,31.5913,31.7271,50033078
2002-03-20,31.3018,31.4724,30.5897,30.6067,52473855
2002-03-21,30.6831,31.5234,30.4709,31.4215,78334687
2002-03-22,31.357,31.5233,30.9547,31.1329,50018211
2002-03-25,31.1414,31.3205,30.1483,30.1823,74212473
2002-03-26,30.0694,30.9122,30.0465,30.4624,78475274
2002-03-27,30.2476,30.5557,30.0465,30.2247,54777070
2002-03-28,30.5727,30.8698,30.4709,30.6067,50564202
2002-04-01,30.386,31.3196,29.9616,31.1923,60035801
2002-04-02,30.5439,30.6831,29.707,29.7834,66003885
2002-04-03,29.9616,30.0889,29.1128,29.7324,72797704
2002-04-04,29.2894,29.8428,29.0959,29.5033,76842514
2002-04-05,29.7155,29.8556,29.011,29.1723,58084286
2002-04-08,28.416,29.5372,28.3701,29.5372,63623728
2002-04-09,29.5202,29.69,28.4321,28.5102,68686750
2002-04-10,28.6545,29.0704,28.1198,28.7224,72789049
2002-04-11,28.5696,28.7309,27.9152,28.0094,76958969
2002-04-12,28.2853,28.6885,27.967,28.4508,66509514
2002-04-15,28.691,28.8243,28.1792,28.68,58844588
2002-04-16,29.224,29.8937,29.2121,29.8767,61189778
2002-04-17,30.0465,30.1314,29.2402,29.724,58675704
2002-04-18,29.5245,29.8343,28.8582,29.1553,77340056
2002-04-19,29.7562,29.7579,29.1807,29.2486,52990127
2002-04-22,28.8667,28.8752,28.2267,28.5102,54865883
2002-04-23,28.517,28.8073,27.7548,28.0179,62046279
2002-04-24,28.1903,28.2726,27.3305,27.5851,58535669
2002-04-25,27.4221,27.7803,27.1607,27.5172,87496210
2002-04-26,27.7226,28.8583,26.3204,26.3459,85042428
2002-04-29,26.519,26.7788,25.9453,26.4138,72431187
2002-04-30,26.3391,27.3262,26.2627,26.9315,80990653
2002-05-01,26.8806,27.0249,25.9554,26.7872,93337943
2002-05-02,26.6497,27.1522,25.8536,25.896,72874109
2002-05-03,25.862,25.8993,25.0302,25.2424,78195508
2002-05-06,25.155,25.4499,24.487,24.5889,81922714
2002-05-07,24.8435,24.9114,24.122,24.3597,86625297
2002-05-08,25.5735,27.0589,25.4632,26.9655,110274888
2002-05-09,26.8026,27.0673,26.1422,26.2695,90417244
2002-05-10,26.3238,26.396,25.0388,25.0897,95379731
2002-05-13,25.3528,26.2949,25.1873,26.1082,79762246
2002-05-14,27.2074,27.7124,27.0504,27.6445,91533005
2002-05-15,27.2303,28.5442,27.0334,27.8482,173645537
2002-05-16,27.6207,28.0519,27.3474,27.8906,76303795
2002-05-17,28.2556,28.3583,27.5596,27.95,70210351
2002-05-20,27.6699,27.7548,27.1097,27.3389,66337699
2002-05-21,27.4739,27.6615,26.3119,26.592,88416410
2002-05-22,26.3034,26.8127,25.8111,26.6514,76001057
2002-05-23,26.8466,27.2455,26.1421,27.1861,80169540
2002-05-24,26.8144,26.8975,26.3204,26.5156,47426680
2002-05-28,26.7117,26.7592,25.879,26.3968,58428258
2002-05-29,26.0276,26.227,25.6668,25.7008,62367137
2002-05-30,25.4742,26.0743,25.3783,25.9215,78163171
2002-05-31,26.1082,26.3459,25.4631,25.4971,67823392
2002-06-03,25.4699,25.6753,24.4361,24.5974,65417033
2002-06-04,24.403,25.1915,24.2833,24.9199,83498388
2002-06-05,24.9716,25.2933,24.5888,25.1745,80947309
2002-06-06,25.0481,25.054,23.6807,24.5125,79111809
2002-06-07,23.4515,24.4361,23.3582,24.0202,90016595
2002-06-10,24.0712,24.4022,23.8844,23.9778,62087476
2002-06-11,24.2749,24.3513,23.225,23.3073,71814246
2002-06-12,23.1282,23.7317,22.776,23.6468,129850644
2002-06-13,23.5661,23.9438,23.2165,23.494,82848941
2002-06-14,22.7997,23.528,22.2378,23.4431,103628010
2002-06-17,23.7673,24.4022,23.6892,24.2409,74382816
2002-06-18,24.0346,24.7416,24.0032,24.6313,85051576
2002-06-19,23.8539,24.0405,23.129,23.2054,79373758
2002-06-20,23.146,23.2988,21.788,22.4585,84811990
2002-06-21,22.3796,22.7301,21.771,21.9153,86418425
2002-06-24,21.6071,22.747,21.3975,22.3481,118550270
2002-06-25,22.5637,22.6792,21.4739,21.6097,116059117
2002-06-26,20.7418,21.8813,20.7015,21.6012,126494163
2002-06-27,22.0681,22.2803,21.2363,22.2463,103024729
2002-06-28,22.1105,22.7046,21.9407,22.1529,74572942
2002-07-01,22.0494,22.1869,21.0326,21.092,54985527
2002-07-02,20.8866,21.0071,19.5982,20.3281,94732341
2002-07-03,20.2449,21.0071,19.2926,21.0071,85790709
2002-07-05,21.4433,22.399,21.2617,22.3566,48185604
2002-07-08,22.2378,22.5349,21.2872,21.5418,82626301
2002-07-09,21.4323,21.6267,20.8713,20.9307,77283172
2002-07-10,21.2175,21.2447,20.2262,20.2856,97866051
2002-07-11,20.1727,21.1259,19.9716,21.0495,144472816
2002-07-12,21.4314,21.6657,20.8373,21.0495,110361851
2002-07-15,20.9541,21.7625,20.1583,21.7031,119273937
2002-07-16,21.4331,22.0909,21.1344,21.3805,125814275
2002-07-17,22.1334,22.4415,21.1259,21.771,134091880
2002-07-18,21.5494,21.7031,20.8119,20.9901,96737967
2002-07-19,20.6523,20.9731,20.2007,20.362,105912107
2002-07-22,20.2474,20.7948,19.5981,19.8612,127330066
2002-07-23,19.9063,20.1583,18.9106,19.0125,128019494
2002-07-24,18.5168,20.082,18.3674,20.048,158273872
2002-07-25,19.7408,19.8613,18.5033,18.8852,130644591
2002-07-26,19.1559,19.3891,18.6814,19.2416,81513595
2002-07-29,19.7568,20.4723,19.5896,20.2262,82089604
2002-07-30,20.1422,20.9561,20.0225,20.6336,99610294
2002-07-31,20.3731,20.5318,19.8273,20.2432,79648803
2002-08-01,20.1499,20.2857,19.2332,19.2926,72305667
2002-08-02,19.335,19.386,18.5202,18.8852,73606194
2002-08-05,18.7664,18.948,18.0789,18.1977,72070278
2002-08-06,18.5066,19.5302,18.4947,19.0973,97454377
2002-08-07,19.6924,19.8358,18.639,19.352,107127238
2002-08-08,19.3155,20.031,18.9276,20.0055,94785499
2002-08-09,19.6974,20.1303,19.4199,19.8018,79426010
2002-08-12,19.5641,19.9291,19.4368,19.8612,53378673
2002-08-13,19.7169,20.2601,19.1398,19.1822,74974989
2002-08-14,19.2417,20.5403,19.0719,20.4045,87132398
2002-08-15,20.5768,20.8374,20.1329,20.8204,102096097
2002-08-16,20.4808,21.2192,20.1421,20.9646,81357077
2002-08-19,21.0241,21.72,20.9477,21.4739,64524832
2002-08-20,21.3784,21.5842,21.0919,21.3805,76373792
2002-08-21,21.5554,21.9408,21.2193,21.8559,86041036
2002-08-22,21.8541,22.2462,21.5757,22.2038,68206496
2002-08-23,21.9,21.9068,21.1768,21.3466,63838561
2002-08-26,21.4739,21.5503,20.8883,21.4315,70738207
2002-08-27,21.585,21.6589,20.4978,20.6845,78385340
2002-08-28,20.3925,20.4494,19.8527,19.9291,98200133
2002-08-29,19.6915,20.5573,19.5387,20.1923,82386198
2002-08-30,20.0479,20.3764,19.8442,19.9376,50503325
2002-09-03,19.5727,19.8867,18.9616,19.2162,69490251
2002-09-04,19.0974,19.5387,18.8767,19.2926,70203595
2002-09-05,19.0125,19.0974,18.6136,18.8173,78335904
2002-09-06,19.2331,19.7084,19.1822,19.3944,73003497
2002-09-09,19.2475,19.8357,19.0039,19.5896,61692221
2002-09-10,19.7169,20.0904,19.5472,20.0734,63336968
2002-09-11,20.4724,20.6676,19.8782,19.9037,62731461
2002-09-12,19.7229,19.7458,19.2756,19.3605,60069756
2002-09-13,19.1822,19.5896,19.1143,19.5132,67607511
2002-09-16,19.403,19.526,18.9871,19.2332,49953358
2002-09-17,19.5641,19.6999,18.8257,18.8257,75690098
2002-09-18,18.6814,19.1397,18.4862,18.6135,78423015
2002-09-19,18.4184,18.7833,18.291,18.3165,73209219
2002-09-20,18.5296,18.5881,18.2316,18.3929,66306280
2002-09-23,18.2062,18.2656,17.663,17.8412,61759499
2002-09-24,17.5586,18.2062,17.5272,17.8497,77664530
2002-09-25,18.1212,18.7069,17.909,18.5626,83223934
2002-09-26,18.8088,18.9531,18.1383,18.3335,88641034
2002-09-27,18.291,18.8512,18.0873,18.0873,78302987
2002-09-30,17.8836,18.0279,17.3913,17.5865,77685308
2002-10-01,17.7478,18.6645,17.3744,18.656,86656359
2002-10-02,18.2571,18.6475,17.7987,18.0364,80534443
2002-10-03,17.8751,18.1637,17.5526,17.6035,63118480
2002-10-04,17.7733,17.8412,17.0689,17.2725,69472285
2002-10-07,17.1961,17.4762,16.8481,17.1112,67792355
2002-10-08,17.2131,17.4931,16.7717,17.1112,79871451
2002-10-09,16.9244,17.4252,16.8396,17.0263,87682561
2002-10-10,17.0603,18.0024,16.899,17.8921,93010911
2002-10-11,18.291,18.9955,18.1807,18.8597,105926250
2002-10-14,18.5626,19.0974,18.4863,19.0804,66979502
2002-10-15,19.8951,20.0598,19.6745,19.997,100244810
2002-10-16,19.2824,19.6575,18.7324,19.335,82749728
2002-10-17,20.031,20.2093,19.1653,19.9886,81360989
2002-10-18,19.7594,20.2432,19.4623,20.2092,72321945
2002-10-21,19.963,20.7524,19.7763,20.6166,72744010
2002-10-22,20.1481,20.6591,20.0734,20.4893,76622855
2002-10-23,20.2432,20.9053,20.0904,20.8798,74943973
2002-10-24,20.9476,21.1004,20.3026,20.3535,75492982
2002-10-25,20.362,21.0079,20.362,20.8967,60889608
2002-10-28,21.2193,21.2532,20.5148,20.7864,76631880
2002-10-29,20.6336,20.7694,19.8358,20.3026,76698420
2002-10-30,20.4282,21.041,20.2432,20.8458,87857917
2002-10-31,20.9307,21.2532,20.676,20.8373,69190532
2002-11-01,20.6914,21.5588,20.4894,21.4315,73562072
2002-11-04,22.1105,22.7641,21.8983,21.9832,93844326
2002-11-05,21.8219,22.2123,21.6946,22.1529,67578400
2002-11-06,22.3142,22.5858,21.7625,22.467,99109432
2002-11-07,22.0595,22.1529,21.4824,21.6776,70228462
2002-11-08,21.6352,21.9577,21.1853,21.2787,65366946
2002-11-11,21.1768,21.2362,20.4978,20.6336,63336501
2002-11-12,20.7101,21.5588,20.7101,21.1599,75428382
2002-11-13,20.9647,21.8134,20.789,21.4145,101320039
2002-11-14,21.7115,22.4245,21.6606,22.1529,73160509
2002-11-15,21.9849,22.45,21.8558,22.4415,58833483
2002-11-18,22.6749,22.7216,22.0596,22.1105,65128877
2002-11-19,21.8983,22.1105,21.4739,21.771,74831049
2002-11-20,21.6946,22.7046,21.6776,22.6961,64152044
2002-11-21,22.8574,25.2085,22.7046,23.5364,89597975
2002-11-22,23.2308,23.7146,23.1884,23.5279,62647284
2002-11-25,23.5619,23.9396,23.3752,23.7571,61711255
2002-11-26,23.5789,23.7062,22.832,22.9593,67938057
2002-11-27,23.3667,23.9353,23.3302,23.6892,62516318
2002-11-29,23.9438,24.0117,23.1035,23.5279,29409282
2002-12-02,24.1221,24.4361,23.4006,23.7656,72954113
2002-12-03,23.3836,23.4091,22.8574,23.0611,65062346
2002-12-04,22.5433,22.8743,22.2462,22.5518,110499663
2002-12-05,22.8744,22.9168,22.1784,22.2378,72247473
2002-12-06,21.9068,22.6792,21.8474,22.467,69388745
2002-12-09,22.2548,22.5349,21.389,21.406,64419418
2002-12-10,21.5757,22.0256,21.5163,21.7285,59102628
2002-12-11,21.5927,22.1275,21.4909,21.8304,54538143
2002-12-12,22.068,22.6537,21.6946,21.9492,52925834
2002-12-13,21.6606,21.703,21.2277,21.2532,61682322
2002-12-16,21.406,22.0341,21.2787,21.9407,51195929
2002-12-17,21.9067,22.2378,21.7794,22.0086,53159555
2002-12-18,21.6861,21.7285,21.2617,21.5418,57311291
2002-12-19,21.3644,21.8813,21.058,21.2702,81620189
2002-12-20,21.4994,21.6012,21.2787,21.4909,55664571
2002-12-23,21.3721,21.8644,21.3297,21.788,39043639
2002-12-24,21.6436,21.8388,21.4908,21.5163,14236491
2002-12-26,21.6691,21.9916,21.3635,21.4569,28696993
2002-12-27,21.3721,21.9407,21.0071,21.0665,36082873
2002-12-30,21.0834,21.1938,20.676,20.9052,48743407
2002-12-31,20.8288,20.9731,20.6081,20.6845,39060262
2003-01-02,20.9816,21.6861,20.7525,21.5588,56256837
2003-01-03,21.6097,21.8219,21.4569,21.7964,33179503
2003-01-06,21.8219,22.5689,21.3891,22.3397,57157295
2003-01-07,22.416,22.8574,22.2802,22.6197,75338282
2003-01-08,22.3991,22.8914,21.9323,21.9832,63716063
2003-01-09,22.2718,22.8999,22.2582,22.6622,64003826
2003-01-10,22.3651,23.1375,22.2548,23.0017,70132096
2003-01-13,23.1969,23.3157,22.6877,22.8659,61901915
2003-01-14,22.8404,23.1884,22.7895,22.9847,40090730
2003-01-15,23.1205,23.2164,22.5603,22.6961,47047301
2003-01-16,22.7386,22.8998,22.2802,22.4415,58625707
2003-01-17,21.9866,22.0171,21.4484,21.4824,65715351
2003-01-21,21.5672,21.6861,21.2362,21.2447,57715058
2003-01-22,21.1922,21.6692,21.109,21.1599,68425325
2003-01-23,21.5587,21.9322,21.3126,21.6521,66752468
2003-01-24,21.6691,21.6702,20.9137,21.0665,63283111
2003-01-27,20.7525,21.2448,20.6846,20.8204,65000649
2003-01-28,21.024,21.2617,20.7269,21.0325,55399077
2003-01-29,21.0156,21.6012,20.6591,21.3466,81299904
2003-01-30,21.4908,21.5757,20.7864,20.8288,59783407
2003-01-31,20.4215,21.0156,20.379,20.744,76850495
2003-02-03,20.8187,21.0461,20.693,20.7864,45133225
2003-02-04,20.5233,20.6252,20.2178,20.5318,58936966
2003-02-05,20.6506,21.1004,20.379,20.4384,68032458
2003-02-06,20.4044,20.6675,20.2516,20.5487,87915252
2003-02-07,20.676,20.7524,20.0734,20.2092,61387249
2003-02-10,20.2848,20.5827,20.048,20.3875,57366620
2003-02-11,20.5827,20.8882,20.3026,20.4978,66180309
2003-02-12,20.4299,20.6506,20.1837,20.2177,43940395
2003-02-13,20.2432,20.3536,19.7934,20.3196,66003052
2003-02-14,20.2262,20.7949,20.048,20.7864,57344661
2003-02-18,20.9647,21.5079,20.9477,21.4315,62831648
2003-02-19,21.3891,21.423,20.9732,21.2872,38692966
2003-02-20,21.3466,21.4484,21.0835,21.2023,50866167
2003-02-21,21.1599,21.5334,20.8034,21.3636,59659446
2003-02-24,21.3296,21.3992,20.9731,20.9986,48099272
2003-02-25,20.7525,21.1769,20.4384,21.0241,63302145
2003-02-26,20.9476,21.1683,20.5402,20.5572,51023616
2003-02-27,20.727,21.1514,20.5997,21.0241,56450089
2003-02-28,21.058,21.406,20.9816,21.3551,42943781
2003-03-03,21.4484,21.6267,20.8458,20.9222,51289690
2003-03-04,20.9307,21.0241,20.727,20.7949,47586115
2003-03-05,20.71,21.0325,20.6421,20.8373,58725875
2003-03-06,20.7355,20.9477,20.5657,20.7864,50504841
2003-03-07,20.4384,21.1768,20.3365,20.8288,62223109
2003-03-10,20.6506,20.7584,20.2941,20.379,47503948
2003-03-11,20.4214,20.5742,20.1837,20.2007,46631108
2003-03-12,20.1668,20.5742,19.98,20.5657,66118940
2003-03-13,20.9137,21.771,20.71,21.7455,109062427
2003-03-14,21.8389,22.0511,21.5248,21.8304,76232574
2003-03-17,21.5842,22.7471,21.2193,22.5773,119789804
2003-03-18,22.7471,22.8914,22.4245,22.8574,82449524
2003-03-19,22.7895,23.5619,22.3482,22.6622,77505659
2003-03-20,22.5264,23.0357,22.2124,22.7471,78787728
2003-03-21,23.0951,23.2393,22.2378,23.0611,79271112
2003-03-24,22.467,22.5773,22.0426,22.102,72372254
2003-03-25,22.2021,22.7131,22.0765,22.416,66847467
2003-03-26,22.4925,22.7216,22.3736,22.5434,57682923
2003-03-27,22.2972,22.6198,22.1529,22.3821,54474824
2003-03-28,22.1868,22.433,22.0256,22.1359,38518843
2003-03-31,21.7286,21.8389,21.3975,21.4315,75867258
2003-04-01,21.5927,21.7879,21.4314,21.6012,62147381
2003-04-02,22.119,22.5434,22.0935,22.3736,64428499
2003-04-03,22.6113,22.7895,22.3312,22.4755,60213040
2003-04-04,22.5519,22.5773,21.3551,22.1105,55790095
2003-04-07,23.0101,23.0865,22.1274,22.1444,71171801
2003-04-08,22.1954,22.3142,21.9662,22.119,46059976
2003-04-09,22.1529,22.3057,21.5673,21.6097,64938512
2003-04-10,21.6097,21.8728,21.4739,21.8728,48532069
2003-04-11,22.085,22.2106,21.5248,21.6521,57700093
2003-04-14,21.7285,22.1869,21.636,22.0935,45343537
2003-04-15,22.0426,22.4585,21.9399,22.3057,54502807
2003-04-16,22.6198,22.7726,22.1699,22.2548,60030164
2003-04-17,22.2055,22.8998,22.1953,22.764,59647282
2003-04-21,22.8727,23.0068,22.5943,22.8489,44766612
2003-04-22,22.6936,23.3073,22.6198,23.2818,60160407
2003-04-23,23.3412,23.5534,23.1375,23.4515,59897581
2003-04-24,23.2223,23.5534,23.146,23.3242,61507306
2003-04-25,23.1884,23.2733,22.798,22.8744,53758828
2003-04-28,22.9592,23.4515,22.8744,23.3242,50656630
2003-04-29,23.46,23.8165,23.2648,23.5364,68212100
2003-04-30,23.4686,23.5874,23.2818,23.2988,51276968
2003-05-01,23.2903,23.6553,23.0781,23.5025,56065046
2003-05-02,23.432,24.0117,23.4006,24.0032,72171635
2003-05-05,24.0415,24.3682,23.9099,23.9778,68425599
2003-05-06,23.9523,24.5294,23.9438,24.2833,65840588
2003-05-07,24.1136,24.3512,23.8674,24.0117,59725987
2003-05-08,23.6425,23.9269,23.5619,23.5704,68169048
2003-05-09,23.7996,24.173,23.7614,24.1136,49690396
2003-05-12,24.0712,24.5805,23.9099,24.4786,57332715
2003-05-13,24.3003,24.6059,24.2239,24.3258,55285176
2003-05-14,24.5075,24.5889,24.0712,24.2749,52796210
2003-05-15,24.4022,24.5974,24.2409,24.5465,52883449
2003-05-16,24.3852,24.5634,24.173,24.3597,59921898
2003-05-19,24.207,24.3428,23.4346,23.5025,77849207
2003-05-20,23.5619,23.7317,23.2648,23.5704,61115321
2003-05-21,23.4685,23.5534,23.2903,23.5025,54356978
2003-05-22,23.5619,24.0372,23.4431,23.842,52995527
2003-05-23,23.8004,23.9778,23.7232,23.8505,32193082
2003-05-27,23.7061,24.8011,23.6807,24.6992,86121610
2003-05-28,24.7501,24.9538,24.5804,24.7756,64826098
2003-05-29,24.8096,25.2934,24.7502,24.8775,82851926
2003-05-30,25.0642,25.3528,24.9963,25.2849,66309079
2003-06-02,25.531,25.6328,24.8774,25.1066,87479019
2003-06-03,24.9878,25.3613,24.3258,25.3443,69739436
2003-06-04,25.3018,25.9554,25.2255,25.8196,73911277
2003-06-05,25.5735,26.0403,25.4377,25.8196,75870074
2003-06-06,26.4562,26.7109,25.4801,25.5735,133394544
2003-06-09,25.4632,25.6499,25.0642,25.234,80614276
2003-06-10,25.3443,25.6329,25.1915,25.6159,59334762
2003-06-11,25.5226,26.0064,25.2934,25.9045,74139411
2003-06-12,26.0046,26.0997,25.6838,26.0148,67502505
2003-06-13,26.0191,26.0828,25.3443,25.4292,70748178
2003-06-16,25.6074,26.227,25.4631,26.21,60482547
2003-06-17,26.3289,26.4053,25.9384,26.1082,57465632
2003-06-18,26.0233,26.5029,25.8451,26.244,68103013
2003-06-19,26.2949,26.5156,25.7856,25.8196,67485833
2003-06-20,26.0488,26.1252,25.6754,25.7857,60704700
2003-06-23,25.7432,25.778,25.0896,25.3867,73452525
2003-06-24,25.2339,25.5734,25.0642,25.1915,70478743
2003-06-25,25.183,25.6159,25.0133,25.0557,80066202
2003-06-26,25.217,25.7008,25.1321,25.6499,67263597
2003-06-27,25.6753,25.9469,25.2696,25.3188,70006783
2003-06-30,25.5989,25.7517,25.2934,25.4207,61184527
2003-07-01,25.2085,25.7857,24.835,25.7602,89882641
2003-07-02,25.8128,26.3034,25.7856,26.2864,69586821
2003-07-03,26.0573,27.0249,25.862,25.9554,42481640
2003-07-07,26.2864,27.0758,26.2796,27.0673,75264669
2003-07-08,26.9739,27.4238,26.8381,27.3983,69855911
2003-07-09,27.3134,27.5765,27.1012,27.3304,76192574
2003-07-10,27.0334,27.1522,26.592,26.8212,87583950
2003-07-11,26.8653,27.1522,26.8297,27.0249,57521536
2003-07-14,27.4525,27.7972,27.2201,27.3474,71756204
2003-07-15,27.6106,27.7124,27.1098,27.3814,64100405
2003-07-16,27.5511,27.5851,26.9315,27.2965,69239578
2003-07-17,26.8806,27.0249,26.3484,26.4647,93415635
2003-07-18,26.6515,27.1268,26.244,26.5496,68367176
2003-07-21,26.5156,26.5665,25.9808,26.21,94873238
2003-07-22,26.4053,26.7363,26.1931,26.6005,77725916
2003-07-23,26.643,26.8552,26.3034,26.8212,58715598
2003-07-24,27.0334,27.1777,26.3798,26.4647,70947297
2003-07-25,26.4222,27.0249,26.1158,26.9909,70480372
2003-07-28,27.0418,27.1505,26.8212,27.0673,47713818
2003-07-29,27.1013,27.1776,26.5071,26.8636,68402197
2003-07-30,26.9145,26.94,26.592,26.6684,48073144
2003-07-31,26.9824,27.4407,26.7532,26.9909,72724349
2003-08-01,26.8975,26.9824,26.5665,26.7023,62433986
2003-08-04,26.6683,27.0927,26.1761,26.6938,81842597
2003-08-05,26.6599,26.7193,25.6159,25.6414,94345503
2003-08-06,25.7687,26.1167,25.548,25.6244,82177940
2003-08-07,25.6498,25.896,25.4801,25.7262,57169883
2003-08-08,25.8281,25.9299,25.4037,25.5225,56609195
2003-08-11,25.531,25.9724,25.4886,25.8026,54090142
2003-08-12,25.896,26.2271,25.7399,26.1931,50724391
2003-08-13,26.295,26.368,26.0149,26.2016,49289565
2003-08-14,26.21,26.4731,26.0318,26.227,43449566
2003-08-15,26.3119,26.5581,26.2525,26.4562,23872371
2003-08-18,26.575,27.1692,26.3543,27.1352,57104193
2003-08-19,27.254,27.4832,27.0299,27.4747,57981885
2003-08-20,27.2455,27.602,27.1776,27.4068,49449033
2003-08-21,27.6615,27.8567,27.3899,27.7039,65559783
2003-08-22,28.2301,28.3235,27.4407,27.5341,78957854
2003-08-25,27.4662,27.6444,27.3389,27.5935,36553112
2003-08-26,27.3983,27.6614,26.9994,27.619,67820098
2003-08-27,27.5766,27.8652,27.4747,27.8397,40118113
2003-08-28,27.9585,28.1113,27.602,28.0858,46978403
2003-08-29,28.0434,28.3999,27.9925,28.3405,45150093
2003-09-02,28.4254,28.7649,28.1198,28.7479,68322905
2003-09-03,28.9431,29.028,28.5611,28.7309,72347547
2003-09-04,28.7139,29.0449,28.6036,28.994,54173794
2003-09-05,28.8294,29.1468,28.5781,28.8073,77267563
2003-09-08,28.8582,29.3081,28.8158,29.2826,58854890
2003-09-09,29.1383,29.1858,28.7903,28.9346,74690401
2003-09-10,28.646,28.7648,28.1028,28.2386,94773732
2003-09-11,28.2454,28.6715,28.018,28.5527,82291697
2003-09-12,28.298,28.7224,28.0518,28.7054,89127298
2003-09-15,28.7224,28.7818,28.3863,28.4253,46353778
2003-09-16,28.4508,29.2232,28.4508,29.1977,74338364
2003-09-17,29.1383,29.2835,28.8837,29.0789,67746030
2003-09-18,29.0025,29.5882,28.8583,29.5203,77763250
2003-09-19,29.5287,29.5882,29.1638,29.3505,59273503
2003-09-22,28.9685,29.028,28.663,28.7903,82750641
2003-09-23,28.8328,29.3336,28.7818,29.2996,66081209
2003-09-24,29.2911,29.5373,28.1538,28.1962,98043079
2003-09-25,28.332,28.8412,27.8057,27.8312,100075959
2003-09-26,27.9161,28.1538,27.6021,27.653,90535228
2003-09-29,27.8058,28.1538,27.5426,28.1283,82399370
2003-09-30,27.9416,27.9755,27.4637,27.5172,101162042
2003-10-01,27.6785,28.2047,27.5172,28.1368,90650746
2003-10-02,28.0943,28.3744,27.95,28.2301,71236190
2003-10-03,28.7309,29.2572,28.7055,29.0195,95845752
2003-10-06,29.0959,29.2402,28.9092,29.2317,41782064
2003-10-07,28.994,29.4099,28.8667,29.4099,68008173
2003-10-08,29.5457,29.5712,29.045,29.2232,60617478
2003-10-09,29.6306,29.9362,29.2232,29.4439,100367798
2003-10-10,29.5118,29.7325,29.4015,29.7155,58050048
2003-10-13,29.8258,30.021,29.6391,29.9107,51751794
2003-10-14,29.7919,30.072,29.6731,29.9871,54425187
2003-10-15,30.386,30.4285,29.7325,29.8598,82917051
2003-10-16,29.7918,30.1568,29.707,30.0974,62874455
2003-10-17,30.0576,30.1229,29.3675,29.376,83146046
2003-10-20,29.4099,30.2841,28.9261,29.7409,64615592
2003-10-21,29.8258,30.089,29.6552,29.9192,63393567
2003-10-22,29.6136,29.6476,29.2317,29.342,75139792
2003-10-23,28.9855,29.2885,28.9006,29.0025,83366784
2003-10-24,28.68,29.0535,28.4254,29.028,86415340
2003-10-27,29.0959,29.2402,28.8922,29.0365,54011538
2003-10-28,29.2231,30.0549,29.1722,30.0125,91224339
2003-10-29,29.8767,30.055,29.7664,29.9786,62895056
2003-10-30,30.3945,30.5558,29.8258,30.038,80747224
2003-10-31,30.0805,30.1229,29.7579,29.8598,47093012
2003-11-03,30.072,30.5388,30.0126,30.3521,60402103
2003-11-04,30.2926,30.4454,30.0855,30.1483,50970498
2003-11-05,30.1484,30.4624,29.8343,30.42,58081921
2003-11-06,30.3775,30.5269,29.9956,30.504,76910504
2003-11-07,30.6236,30.7085,30.2162,30.2417,53972480
2003-11-10,30.3012,30.3377,29.7834,29.8683,58502233
2003-11-11,29.8334,29.9616,29.5797,29.7579,64442152
2003-11-12,29.8513,30.5244,29.8258,30.3945,68850292
2003-11-13,30.3096,30.4708,30.1738,30.3605,54576330
2003-11-14,30.3953,30.5727,29.6645,29.7409,77271681
2003-11-17,29.5712,29.6306,29.0755,29.4354,92091210
2003-11-18,29.5967,29.6816,28.7055,28.7564,92257884
2003-11-19,28.8667,29.1978,28.7564,29.0365,73308463
2003-11-20,28.7649,29.4354,28.697,28.7581,99618107
2003-11-21,28.9261,29.0831,28.629,29.0551,69443410
2003-11-24,29.2996,29.9192,29.2572,29.8598,78238108
2003-11-25,29.9532,30.089,29.7834,29.8598,61591063
2003-11-26,30.0465,30.1484,29.5458,29.9956,61835070
2003-11-28,29.9276,30.1314,29.8835,30.0295,21057232
2003-12-01,30.3096,30.5643,30.1059,30.4709,70263347
2003-12-02,30.403,30.5982,30.1992,30.3011,55237547
2003-12-03,30.42,30.6576,29.9192,29.9192,91467026
2003-12-04,30.0295,30.3096,29.7749,30.2417,86912509
2003-12-05,29.9361,30.1313,29.6713,29.7409,74363456
2003-12-08,29.7239,29.987,29.5202,29.9064,73891681
2003-12-09,30.0889,30.0974,29.1553,29.2232,93353232
2003-12-10,29.308,29.4523,28.9685,29.3335,87901114
2003-12-11,29.2826,30.038,29.2766,29.9616,92014703
2003-12-12,29.9531,29.9956,29.6221,29.9107,61302168
2003-12-15,30.4964,30.5473,29.41,29.5203,90164662
2003-12-16,29.5288,29.7265,29.2147,29.5797,76264282
2003-12-17,29.5457,29.707,29.3454,29.6306,58202365
2003-12-18,29.6645,30.2502,29.6637,30.1823,76405187
2003-12-19,30.2247,30.2587,29.8767,30.0974,76192763
2003-12-22,30.0041,30.2842,29.9531,30.1908,53981608
2003-12-23,30.2163,30.5728,30.1569,30.42,56889389
2003-12-24,30.4315,30.5843,30.3975,30.4824,38073537
2003-12-26,30.5334,30.6438,30.4145,30.44,21651034
2003-12-29,30.5928,31.0173,30.5843,30.9409,53795220
2003-12-30,31.0173,31.0598,30.822,31.0428,40975815
2003-12-31,31.0938,31.1107,30.7796,30.9579,51389267
2004-01-02,31.1277,31.2381,30.7541,30.873,46905476
2004-01-05,31.0598,31.5505,31.0428,31.4928,59219290
2004-01-06,31.4843,31.773,31.374,31.7051,50978304
2004-01-07,31.6542,31.9938,31.4759,31.9938,61008812
2004-01-08,32.1382,32.2655,31.9259,32.2477,66427935
2004-01-09,32.0193,32.5627,31.9174,32.0363,80069105
2004-01-12,32.1381,32.5627,31.9938,32.5457,65958323
2004-01-13,32.4948,32.5712,31.9259,32.2222,78997761
2004-01-14,32.359,32.4778,32.0533,32.3335,58529576
2004-01-15,32.2061,32.6561,31.9514,32.4184,88762312
2004-01-16,32.5882,32.8004,32.4099,32.7495,65676043
2004-01-20,32.8853,33.1146,32.5262,32.724,69657207
2004-01-21,32.5967,32.8259,32.2655,32.5882,95328638
2004-01-22,32.7325,32.8514,32.3165,32.3929,77089670
2004-01-23,32.4438,32.6561,32.0787,32.274,75395666
2004-01-26,32.2486,32.8174,32.1297,32.7665,71864097
2004-01-27,32.6986,32.8005,32.0023,32.0448,82629563
2004-01-28,32.2145,32.3164,31.4198,31.5013,108747333
2004-01-29,31.6117,31.6796,31.1277,31.6202,122255557
2004-01-30,31.5863,31.7901,31.391,31.4759,71571208
2004-02-02,31.5863,31.824,31.2636,31.391,80250495
2004-02-03,31.34,31.6202,31.1787,31.357,62592752
2004-02-04,31.0937,32.0617,30.8467,30.8475,93385137
2004-02-05,31.0004,31.1702,30.8475,30.9664,82279601
2004-02-06,31.0768,31.6542,31.0174,31.5277,91020734
2004-02-09,31.7051,31.7391,31.4589,31.5183,49980279
2004-02-10,31.4589,31.7646,31.4419,31.5693,55259860
2004-02-11,31.6177,31.9853,31.4164,31.9089,78503792
2004-02-12,31.858,32.0108,31.6202,31.6287,60036115
2004-02-13,31.7476,32.2401,31.2127,31.3655,76909416
2004-02-17,31.6541,31.9428,31.6032,31.79,59181452
2004-02-18,31.8494,31.9853,31.6881,31.8834,60297411
2004-02-19,32.1211,32.1806,31.2635,31.3994,85641229
2004-02-20,31.391,31.5353,31.0344,31.2976,112379948
2004-02-23,31.4164,31.4419,30.4824,30.9494,106352669
2004-02-24,30.7966,31.1362,30.5673,30.873,105754891
2004-02-25,30.9324,31.1362,30.8475,31.0598,63261457
2004-02-26,30.9664,31.2805,30.8263,31.1362,60656916
2004-02-27,31.2126,31.3655,30.7966,31.0513,84437631
2004-03-01,31.1447,31.4759,30.9664,31.4589,67721379
2004-03-02,31.402,31.5693,31.0853,31.0938,77756663
2004-03-03,31.0004,31.1023,30.7457,30.924,71302920
2004-03-04,30.9409,31.272,30.8984,31.2126,56056165
2004-03-05,30.9155,31.5438,30.873,31.1023,100300712
2004-03-08,31.1532,31.2635,30.338,30.372,95664842
2004-03-09,30.4229,30.5503,30.1597,30.2786,107165526
2004-03-10,30.3551,30.5665,29.8287,29.8796,114038430
2004-03-11,29.7777,30.1683,29.5485,29.6079,129382110
2004-03-12,29.8881,30.2192,29.8456,30.1513,100520238
2004-03-15,30.0239,30.0578,29.5569,29.6248,98379129
2004-03-16,29.8117,29.9305,29.4041,29.6758,105055815
2004-03-17,29.8966,30.2447,29.8711,30.1428,78078515
2004-03-18,30.0324,30.1088,29.6927,30.0069,94490146
2004-03-19,29.956,30.1055,29.4848,29.506,85003940
2004-03-22,29.3192,29.3362,28.8947,29.1324,114227880
2004-03-23,29.3701,29.421,28.8742,28.8946,107018704
2004-03-24,28.9965,29.4041,28.8777,29.2258,101012501
2004-03-25,29.4211,30.1088,29.3956,30.0095,120687901
2004-03-26,29.9729,30.2141,29.888,29.905,66603667
2004-03-29,30.1513,30.5333,30.1343,30.389,88212332
2004-03-30,30.2871,30.5189,30.1572,30.4909,81306951
2004-03-31,30.4994,30.5674,30.2362,30.4315,73043580
2004-04-01,30.406,30.7796,30.3805,30.7032,79017264
2004-04-02,31.323,31.5522,31.0088,31.5013,123959831
2004-04-05,31.4504,31.841,31.3909,31.7985,57192385
2004-04-06,31.5522,31.756,31.3485,31.3994,83754973
2004-04-07,31.4114,31.5098,31.1278,31.3655,77324191
2004-04-08,31.7136,31.7476,31.1957,31.3655,65586420
2004-04-12,31.4759,31.6202,31.3995,31.5608,46963353
2004-04-13,31.7052,31.7221,30.958,31.1023,85500930
2004-04-14,30.9155,31.374,30.873,31.2551,96569515
2004-04-15,31.2042,31.2976,30.5843,30.6947,105091523
2004-04-16,30.7372,30.8391,30.3891,30.6438,94052948
2004-04-19,30.5759,31.0683,30.5504,31.0174,72899726
2004-04-20,31.0853,31.2381,30.2616,30.2956,101575428
2004-04-21,30.4824,30.6607,30.1003,30.5588,101012591
2004-04-22,30.5673,31.4249,30.5504,31.3485,117002590
2004-04-23,31.4843,31.6372,31.3315,31.5947,78110999
2004-04-26,31.5693,31.6627,31.1193,31.3655,63223474
2004-04-27,31.3739,31.5777,31.1532,31.306,74391445
2004-04-28,31.1702,31.1787,30.5835,30.7372,94895845
2004-04-29,30.6438,30.8561,29.973,30.2617,133272728
2004-04-30,30.2787,30.3976,29.4805,29.523,128122600
2004-05-03,29.7183,30.1598,29.6249,29.8032,99381533
2004-05-04,29.8965,30.355,29.7437,29.9305,107151190
2004-05-05,30.0749,30.3126,29.8881,30.1683,82825783
2004-05-06,29.8881,30.1623,29.5909,29.939,87204515
2004-05-07,29.7947,30.2617,29.6419,29.6928,116921622
2004-05-10,29.4381,29.6333,29.2258,29.4389,133358279
2004-05-11,29.6928,30.0409,29.6503,29.8796,102551734
2004-05-12,29.8201,30.015,29.0984,29.939,167988790
2004-05-13,29.7692,30.1003,29.6503,29.7267,117220252
2004-05-14,29.8881,29.9849,29.4126,29.506,113555566
2004-05-17,29.1918,29.3914,28.9626,29.2258,127937078
2004-05-18,29.4296,29.6333,29.3786,29.489,82109078
2004-05-19,29.8541,30.1521,29.4083,29.455,120340968
2004-05-20,29.5315,29.7352,29.3447,29.5909,80636947
2004-05-21,29.7352,29.8626,29.4958,29.7344,94623474
2004-05-24,29.973,30.1088,29.7182,29.939,85014964
2004-05-25,29.8456,30.6353,29.675,30.5334,124288095
2004-05-26,30.4485,30.7295,30.406,30.7287,79658400
2004-05-27,30.8136,30.9919,30.5674,30.924,93567688
2004-05-28,30.89,31.0343,30.7456,31.0343,47882315
2004-06-01,30.7881,31.0344,30.6608,30.9919,76941763
2004-06-02,31.0429,31.1278,30.7117,30.924,87913744
2004-06-03,30.8221,30.8739,30.4145,30.5504,82882866
2004-06-04,30.8646,31.0938,30.7117,30.7287,77503400
2004-06-07,30.941,31.5014,30.856,31.4589,91397829
2004-06-08,31.3315,31.5777,31.289,31.503,61598465
2004-06-09,31.3995,31.4598,30.8815,31.059,83406737
2004-06-10,31.1532,31.2806,31.0344,31.2806,48495713
2004-06-14,31.0852,31.0852,30.6522,30.839,72399059
2004-06-15,31.0428,31.4079,31.0428,31.2381,78092623
2004-06-16,31.2042,31.3315,31.1193,31.1872,55288291
2004-06-17,31.1193,31.1246,30.7796,30.8985,66102334
2004-06-18,30.822,31.2805,30.7881,30.9409,66833530
2004-06-21,31.0089,31.1023,30.6183,30.6947,55532952
2004-06-22,30.7032,31.1617,30.5801,31.1447,86256047
2004-06-23,31.0513,31.5777,31.0004,31.5183,80911097
2004-06-24,31.4334,31.7136,31.3485,31.4589,78435746
2004-06-25,31.4164,31.7475,31.3994,31.6966,68799196
2004-06-28,31.8325,31.858,31.3316,31.4343,79976313
2004-06-29,31.5013,31.9174,31.4844,31.7306,58022422
2004-06-30,31.7986,32.1807,31.7137,32.0448,83094104
2004-07-01,31.9768,31.9768,31.2211,31.4504,103735202
2004-07-02,31.4504,31.5778,31.1023,31.2636,62904967
2004-07-06,31.0768,31.0768,30.423,30.5928,110701360
2004-07-07,30.5334,30.8136,30.4995,30.6489,81516601
2004-07-08,30.406,30.6777,30.1852,30.3126,92483148
2004-07-09,30.4315,30.6013,30.2532,30.3551,73050165
2004-07-12,30.2022,30.3041,29.472,30.2277,69493740
2004-07-13,30.3041,30.406,30.0663,30.1852,69293588
2004-07-14,29.8881,30.2702,29.7607,29.8796,101659079
2004-07-15,29.99,30.1343,29.7692,29.7777,76888372
2004-07-16,30.0918,30.1003,29.3947,29.438,102237574
2004-07-19,29.5314,29.6928,29.2682,29.3786,90361609
2004-07-20,29.4975,30.2167,29.4721,30.0834,100983856
2004-07-21,30.2192,30.2702,29.1579,29.2088,115592884
2004-07-22,29.2768,29.8117,29.0815,29.6079,112741915
2004-07-23,29.4126,29.4296,28.8947,29.0475,90951117
2004-07-26,29.0729,29.2173,28.6144,28.9201,95951391
2004-07-27,29.0305,29.472,28.9031,29.3192,87893500
2004-07-28,29.2173,29.4007,28.7078,29.1918,131653742
2004-07-29,29.472,29.6503,29.2937,29.5314,84076012
2004-07-30,29.5144,29.8031,29.421,29.6248,70508380
2004-08-02,29.3871,29.7352,29.2598,29.6843,69068641
2004-08-03,29.5823,29.6588,29.0283,29.0644,72862407
2004-08-04,28.9965,29.2605,28.8776,29.0729,73734022
2004-08-05,29.1663,29.2088,28.5278,28.5295,93297840
2004-08-06,28.3597,28.3682,27.171,27.7823,126383395
2004-08-09,27.8587,27.9861,27.7228,27.8502,66756931
2004-08-10,27.9946,28.4294,27.9522,28.1984,90254157
2004-08-11,27.8927,28.054,27.6379,27.9521,102981070
2004-08-12,27.7568,27.8986,27.4851,27.57,96693774
2004-08-13,27.7229,27.7993,27.4682,27.6125,77629251
2004-08-16,27.6889,28.1814,27.6685,27.9241,66127743
2004-08-17,28.1219,28.3936,28.0097,28.2408,76060395
2004-08-18,28.071,28.7927,28.0286,28.7418,91632511
2004-08-19,28.6398,28.7417,28.3681,28.5905,90689436
2004-08-20,28.504,28.9885,28.4531,28.8776,78139338
2004-08-23,28.9116,29.0984,28.7928,28.9456,70957139
2004-08-24,29.0814,29.1324,28.7078,28.9371,73668357
2004-08-25,28.9201,29.3787,28.7843,29.3362,75071292
2004-08-26,29.2597,29.3362,29.1324,29.2088,49050406
2004-08-27,29.2597,29.4465,29.2427,29.3446,49771279
2004-08-30,29.2173,29.2343,28.8216,28.8522,52990232
2004-08-31,28.8861,28.9719,28.5719,28.8861,69117087
2004-09-01,28.8097,29.2682,28.6993,29.0984,82093148
2004-09-02,29.0219,29.6163,29.005,29.5314,70680838
2004-09-03,29.2428,29.4381,28.9117,28.9886,76627221
2004-09-07,29.2088,29.3871,28.9711,29.2343,82037156
2004-09-08,29.1323,29.4465,29.022,29.123,86330733
2004-09-09,29.2512,29.506,28.9795,29.3701,88772851
2004-09-10,29.3956,29.8795,29.2682,29.8201,92235132
2004-09-13,29.9305,30.3296,29.8371,30.2107,92925498
2004-09-14,30.1004,30.3381,30.0239,30.2532,65305138
2004-09-15,30.0749,30.1004,29.8032,29.9331,76823278
2004-09-16,29.9391,30.2023,29.8287,29.99,57001040
2004-09-17,29.9136,30.1598,29.8541,30.0834,71368386
2004-09-20,29.9645,30.372,29.8711,30.0859,94354492
2004-09-21,30.1793,30.4399,30.0748,30.2022,79572060
2004-09-22,30.0919,30.1088,29.6079,29.6758,86183874
2004-09-23,29.7013,29.8456,29.6138,29.6495,78597631
2004-09-24,29.7098,29.8796,29.506,29.5476,87685792
2004-09-27,29.3956,29.4975,29.1918,29.2937,73100942
2004-09-28,29.3361,29.455,29.0644,29.3531,74071025
2004-09-29,29.3447,29.8202,29.3192,29.7862,81332630
2004-09-30,29.7607,29.9475,29.6248,29.8371,63313496
2004-10-01,30.1003,30.6947,30.0239,30.6522,100463057
2004-10-04,30.873,31.0938,30.7796,30.8327,92081282
2004-10-05,30.7626,30.9834,30.7032,30.873,76265062
2004-10-06,30.8305,31.3739,30.6607,31.1192,74672754
2004-10-07,31.0258,31.1362,30.7117,30.7711,69969951
2004-10-08,30.6352,30.7711,30.1428,30.2107,97739002
2004-10-11,30.3042,30.4485,30.2277,30.3551,43561904
2004-10-12,30.0833,30.4315,29.888,30.3041,83387134
2004-10-13,30.6183,30.6862,30.0834,30.2362,112762436
2004-10-14,30.3041,30.3805,29.9984,30.1003,84438260
2004-10-15,30.1343,30.4451,29.956,30.2532,109693966
2004-10-18,30.1513,30.7796,30.0579,30.6862,92749085
2004-10-19,30.8899,31.0513,30.389,30.4654,110433341
2004-10-20,30.423,30.7626,30.2702,30.6081,90632512
2004-10-21,30.7711,31.2381,30.6523,31.0768,105228594
2004-10-22,31.0853,31.1192,30.3466,30.3975,97106938
2004-10-25,30.3381,30.406,30.1343,30.2489,87415971
2004-10-26,30.2702,30.4315,30.0664,30.4145,83414189
2004-10-27,30.4315,31.3315,30.3211,31.1872,129490814
2004-10-28,31.1448,31.5184,31.0514,31.3825,94361731
2004-10-29,31.34,31.6202,31.1362,31.3315,85609125
2004-11-01,31.3995,31.5693,31.2466,31.4487,61490201
2004-11-02,31.4928,31.8834,31.4249,31.5531,92657738
2004-11-03,32.0703,32.1807,31.5438,31.7646,119850947
2004-11-04,31.6372,32.0788,31.5099,31.9429,95596307
2004-11-05,32.2825,32.4014,31.9344,32.2316,99399502
2004-11-08,32.223,32.3504,32.1381,32.2655,56461826
2004-11-09,32.2061,32.3929,32.1042,32.1976,72367253
2004-11-10,32.2061,32.3165,31.9598,32.0872,80792324
2004-11-11,32.1891,32.5882,32.1467,32.5118,84670953
2004-11-12,32.5542,32.9108,32.4098,32.8259,87196749
2004-11-15,32.809,32.9958,32.6901,32.9703,70245332
2004-11-16,32.8259,32.8429,32.5372,32.769,82698066
2004-11-17,32.9703,33.3863,32.9703,33.208,106469555
2004-11-18,33.0977,33.4203,33.0187,33.3609,80633866
2004-11-19,33.3184,33.3608,32.7665,32.8429,100646257
2004-11-22,32.7835,33.1741,32.6731,33.1571,67893773
2004-11-23,33.1231,33.242,32.7834,33.1061,78053048
2004-11-24,33.191,33.4457,33.174,33.3948,62899059
2004-11-26,33.4288,33.5222,33.2589,33.2929,26579298
2004-11-29,33.5052,33.6581,33.0892,33.2871,80471404
2004-11-30,33.3693,33.4458,33.1656,33.2182,74468736
2004-12-01,33.3439,33.9306,33.3439,33.8958,86976861
2004-12-02,33.8108,34.2948,33.7599,34.0231,103691834
2004-12-03,34.2269,34.4647,34.0316,34.0741,96996392
2004-12-06,34.0656,34.3255,33.8873,34.193,59791415
2004-12-07,34.2439,34.3883,33.5646,33.6071,103169719
2004-12-08,33.675,33.9467,32.9533,33.8024,81803409
2004-12-09,33.5392,34.1251,33.3184,34.0062,114073090
2004-12-10,33.8364,34.0232,33.743,33.9043,73225769
2004-12-13,34.1506,34.2524,33.9468,34.2015,63103680
2004-12-14,34.1844,34.4646,34.176,34.3687,78106541
2004-12-15,34.3798,34.5411,34.0953,34.2439,80832305
2004-12-16,34.2355,34.3458,33.8109,33.9213,73164196
2004-12-17,33.9886,34.1258,31.897,33.8386,87326224
2004-12-20,33.9201,34.0924,33.5086,33.6029,91213872
2004-12-21,33.7571,34.04,33.6697,34.0143,71343418
2004-12-22,33.89,34.2286,33.8498,34.0572,64714185
2004-12-23,33.9543,34.2115,33.8943,34.0812,39247109
2004-12-27,34.2715,34.3058,33.7743,33.9372,57630965
2004-12-28,34.0057,34.2895,33.9543,34.2629,53640908
2004-12-29,34.2201,34.4258,34.2029,34.3058,42945986
2004-12-30,34.3487,34.3941,34.2287,34.2801,35754376
2004-12-31,34.3144,34.3924,34.1001,34.2158,37833050
2005-01-03,34.3572,34.539,33.7486,33.8592,86609660
2005-01-04,34.0229,34.0657,33.0456,33.2428,117137674
2005-01-05,33.1571,33.3971,32.9771,33.0371,110005576
2005-01-06,33.1143,33.1829,32.8657,32.8717,88237209
2005-01-07,33.0628,33.3226,32.7542,33.0457,105529967
2005-01-10,32.9514,33.32,32.9076,33.0285,76115830
2005-01-11,32.8914,32.9994,32.6333,32.7962,91661436
2005-01-12,32.9514,33.0885,32.5828,33.0714,109546146
2005-01-13,33.0885,33.3028,32.5828,32.6342,87460776
2005-01-14,32.7456,33.0199,32.7371,32.9428,80128915
2005-01-18,32.8142,33.2514,32.7628,33.1914,78770173
2005-01-19,33.2,33.2171,32.6257,32.6428,90086672
2005-01-20,32.2742,32.4122,31.9913,32.017,103753598
2005-01-21,32.1371,32.1885,31.7085,31.7599,98972251
2005-01-24,31.8199,31.8884,31.2541,31.3141,117904568
2005-01-25,31.5198,31.7941,31.4255,31.4684,102863009
2005-01-26,31.6827,31.9656,31.5661,31.8456,92266780
2005-01-27,31.7941,31.9484,31.6055,31.8027,93945174
2005-01-28,31.897,31.9484,31.3912,31.6484,95772332
2005-01-31,32.0256,32.1713,31.9399,32.0599,76418286
2005-02-01,32.1198,32.2726,32.0341,32.1627,65774019
2005-02-02,32.2742,32.3428,31.9828,32.2142,86063777
2005-02-03,32.0427,32.071,31.717,31.849,77943516
2005-02-04,31.8456,32.4199,31.8456,32.3599,85136118
2005-02-07,32.4028,32.4971,32.1628,32.2948,61395542
2005-02-08,32.2742,32.5827,32.2484,32.3513,62590904
2005-02-09,32.3771,32.4028,31.7727,31.8113,80054085
2005-02-10,31.9399,31.9913,31.6142,31.8456,94630896
2005-02-11,31.7684,32.4456,31.6544,32.317,93195542
2005-02-14,32.3256,32.5228,32.3063,32.4619,47177343
2005-02-15,32.4799,32.9857,32.4199,32.6771,114164547
2005-02-16,32.6,32.7114,32.4285,32.5571,69071750
2005-02-17,32.6171,32.6942,32.0856,32.1199,99653728
2005-02-18,32.1284,32.2056,31.9399,32.017,59459342
2005-02-22,31.7427,32.1869,31.537,31.6227,105018831
2005-02-23,31.7513,31.777,31.4573,31.6656,81781686
2005-02-24,31.5885,32.0942,31.5113,32.0685,85539513
2005-02-25,32.0428,32.3171,31.9656,32.2485,68689159
2005-02-28,32.1113,32.2313,31.651,31.9056,82260817
2005-03-01,32.0341,32.317,31.9998,32.257,67930812
2005-03-02,32.0856,32.5914,32.0222,32.2399,92453597
2005-03-03,32.3257,32.3428,31.7342,31.9742,77210574
2005-03-04,32.2227,32.3599,32.0598,32.1627,74253662
2005-03-07,32.2399,32.8228,32.197,32.6256,81294037
2005-03-08,32.5485,32.7542,32.2742,32.2999,76791133
2005-03-09,32.2913,32.5142,32.1199,32.2056,83900478
2005-03-10,32.2398,32.2913,31.7855,32.1627,83641538
2005-03-11,32.3085,32.4216,31.734,31.8627,88165390
2005-03-14,31.9227,32.0255,31.7431,32.0084,61343281
2005-03-15,32.0942,32.1285,31.7084,31.7513,80457666
2005-03-16,31.6485,31.8713,31.3141,31.387,136844057
2005-03-17,31.3741,31.6227,31.3227,31.4684,86089863
2005-03-18,31.4942,31.5327,31.1598,31.297,93569885
2005-03-21,31.3827,31.5027,31.0741,31.357,79526243
2005-03-22,31.3998,31.5027,30.9541,30.9712,97766733
2005-03-23,30.937,31.2833,30.9198,31.0827,83584039
2005-03-24,31.1941,31.4169,31.0912,31.0912,66603167
2005-03-28,31.2112,31.3835,31.1255,31.1512,51220091
2005-03-29,31.0912,31.3569,30.8083,30.9026,102503022
2005-03-30,31.0569,31.5284,31.0483,31.4855,98577567
2005-03-31,31.5027,31.5027,31.237,31.3484,74218082
2005-04-01,31.5627,31.6175,30.9712,31.0312,123284903
2005-04-04,31.0827,31.3741,30.8855,31.2541,85798762
2005-04-05,31.2884,31.4332,31.2155,31.3398,56887421
2005-04-06,31.4256,31.6356,31.2198,31.2884,70457713
2005-04-07,31.3056,31.6759,31.297,31.6656,75958035
2005-04-08,31.7341,31.777,31.3741,31.4084,79159579
2005-04-11,31.5026,31.5284,31.2026,31.2712,60843367
2005-04-12,31.2369,31.4941,30.7826,31.4255,124439336
2005-04-13,31.3398,31.3741,30.8426,30.9112,93447487
2005-04-14,30.9283,30.9455,30.4311,30.474,135985872
2005-04-15,30.1997,30.3197,29.7283,29.7797,145871762
2005-04-18,29.7626,30.0883,29.694,29.7883,94368055
2005-04-19,30.0197,30.0883,29.7883,29.994,83407458
2005-04-20,30.1826,30.2511,29.6511,29.7488,120221192
2005-04-21,30.0797,30.6111,29.9682,30.534,106977866
2005-04-22,30.4054,30.4054,29.8457,30.0797,98653617
2005-04-25,30.2597,30.3994,30.1303,30.324,61865320
2005-04-26,30.2426,30.6026,30.0368,30.0454,92604559
2005-04-27,29.8911,30.2169,29.7711,30.0883,96515207
2005-04-28,29.9426,30.1312,29.7626,29.7883,84305785
2005-04-29,30.0025,30.0574,29.4454,29.9854,123825657
2005-05-02,30.0625,30.2285,29.9048,30.1054,58007100
2005-05-03,30.0454,30.5169,30.0283,30.2597,89051731
2005-05-04,30.2511,30.7158,30.2083,30.6266,77868744
2005-05-05,30.654,30.7946,30.4568,30.654,68031403
2005-05-06,30.8341,30.8769,30.6223,30.7372,66327536
2005-05-09,30.7483,30.9112,30.5658,30.8855,56827742
2005-05-10,30.7312,30.8255,30.5332,30.6589,66385177
2005-05-11,30.714,30.882,30.2597,30.8169,113165488
2005-05-12,30.8684,31.0312,30.5652,30.7312,99864232
2005-05-13,30.8512,31.2627,30.7638,31.0655,114275436
2005-05-16,31.0655,31.3209,30.9712,31.275,67804602
2005-05-17,31.1589,31.4941,31.0398,31.4598,78594739
2005-05-18,31.5455,32.0256,31.4684,31.8884,109809510
2005-05-19,31.9742,32.1628,31.8884,32.1559,79706087
2005-05-20,32.1028,32.3085,32.0171,32.2828,57088831
2005-05-23,32.2827,32.5622,32.2313,32.4456,79779804
2005-05-24,32.3599,32.5742,32.3171,32.5485,86492347
2005-05-25,32.4284,32.4722,32.2227,32.4113,65519925
2005-05-26,32.5571,32.8057,32.5571,32.7371,72065459
2005-05-27,32.7028,32.7885,32.5913,32.7542,42947154
2005-05-31,32.7371,32.78,32.5056,32.6428,64544074
2005-06-01,32.6,33.1571,32.5914,32.9257,95044523
2005-06-02,32.8571,33.14,32.8314,33.14,65237162
2005-06-03,33.1142,33.1228,32.5913,32.6599,83197680
2005-06-06,32.6771,32.7371,32.5399,32.6685,45486922
2005-06-07,32.7028,32.978,32.3496,32.3942,93945578
2005-06-08,32.4713,32.5313,32.197,32.3256,67915029
2005-06-09,32.2827,32.6256,32.1456,32.5313,85208131
2005-06-10,32.4885,32.4885,32.0427,32.1858,73718123
2005-06-13,32.1285,32.5314,32.1114,32.3428,70589187
2005-06-14,32.3085,32.4371,32.1456,32.2142,53772093
2005-06-15,32.4284,32.4627,31.9313,32.317,89136971
2005-06-16,32.3513,32.5742,32.2828,32.4885,77586077
2005-06-17,32.7071,32.7843,32.3896,32.4926,76509255
2005-06-20,32.3639,32.6728,32.2438,32.4926,58398896
2005-06-21,32.4582,32.6135,32.3467,32.4754,83987640
2005-06-22,32.6127,32.6899,32.2867,32.4411,64581906
2005-06-23,32.5011,32.7585,32.0292,32.0807,104841339
2005-06-24,32.0722,32.0979,31.7101,31.7204,122106380
2005-06-27,31.7032,31.7976,31.4887,31.5745,62522317
2005-06-28,31.7032,31.9692,31.6603,31.8748,62950089
2005-06-29,31.9607,31.9692,31.7204,31.8045,61383739
2005-06-30,31.8662,31.9262,31.5316,31.5573,75472632
2005-07-01,31.626,31.747,31.4716,31.5102,47419271
2005-07-05,31.4372,31.9091,31.4029,31.8405,68006563
2005-07-06,31.7718,31.9863,31.6294,31.686,68033650
2005-07-07,31.3858,31.8233,31.3598,31.7976,103107710
2005-07-08,31.8148,32.4411,31.7401,32.4068,86999176
2005-07-11,32.4926,32.7414,32.4325,32.7071,82675310
2005-07-12,32.7071,32.9988,32.6127,32.8615,73852307
2005-07-13,32.8872,32.973,32.7499,32.9387,62133206
2005-07-14,33.1618,33.3592,33.0503,33.2648,88523323
2005-07-15,33.3334,33.4621,33.1609,33.3677,57716431
2005-07-18,33.2562,33.3677,33.194,33.233,50326663
2005-07-19,33.3935,33.6303,33.3249,33.6166,67200931
2005-07-20,33.4106,33.9512,33.3763,33.8568,78617163
2005-07-21,33.9426,34.0567,33.6423,33.8654,109343288
2005-07-22,33.8568,33.9684,33.6509,33.8225,61505475
2005-07-25,33.8397,33.9992,33.6337,33.6938,44590097
2005-07-26,33.771,33.9169,33.6252,33.8225,59682901
2005-07-27,33.8397,34.1142,33.656,34.0799,71678573
2005-07-28,34.1056,34.2523,34.0112,34.2429,56810028
2005-07-29,34.2086,34.2515,33.9083,33.9555,64132096
2005-08-01,34.0112,34.1742,33.9083,34.0198,51304512
2005-08-02,34.0542,34.4403,34.0233,34.3888,68359350
2005-08-03,34.2257,34.4317,34.2172,34.3716,53143104
2005-08-04,34.2171,34.2686,33.9511,34.0395,61813650
2005-08-05,33.9855,34.14,33.8285,33.874,61098764
2005-08-08,33.9082,33.9855,33.5822,33.6251,55375793
2005-08-09,33.7796,33.9683,33.7246,33.8482,54737536
2005-08-10,33.934,34.0499,33.4364,33.5565,89569602
2005-08-11,33.5737,33.9263,33.5479,33.8328,80110152
2005-08-12,33.5651,33.7367,33.4364,33.6423,74137129
2005-08-15,33.5823,34.0027,33.5282,33.8448,54092985
2005-08-16,33.7195,33.7453,33.239,33.2991,81282105
2005-08-17,33.3934,33.6079,33.2819,33.4964,64863580
2005-08-18,33.3506,33.5479,33.2648,33.3274,62288766
2005-08-19,33.3678,33.463,33.282,33.3077,44646469
2005-08-22,33.3591,33.6165,33.1163,33.3248,79944811
2005-08-23,33.3249,33.3935,33.1275,33.2305,49324968
2005-08-24,33.1609,33.6165,32.9988,33.0331,81529499
2005-08-25,33.0588,33.1978,33.0245,33.1086,44906734
2005-08-26,33.0588,33.1189,32.8358,32.9987,54703544
2005-08-29,32.8272,33.3334,32.8272,33.2562,64292471
2005-08-30,33.0846,33.1661,32.8787,33.1361,74930134
2005-08-31,33.1533,33.4707,33.0143,33.445,80146640
2005-09-01,33.4536,33.5908,33.2734,33.3935,64243918
2005-09-02,33.445,33.489,33.2391,33.2648,45663107
2005-09-06,33.4106,33.8139,33.3763,33.7538,67004570
2005-09-07,33.7195,33.8731,33.6423,33.813,49270961
2005-09-08,33.7109,33.9512,33.6938,33.8053,63082358
2005-09-09,33.8139,34.0541,33.7281,33.9932,64645794
2005-09-12,34.0027,34.2026,33.9598,34.0885,44333360
2005-09-13,34.0447,34.2429,33.9255,34.0027,56746115
2005-09-14,34.0199,34.0456,33.5909,33.6166,84635446
2005-09-15,33.6852,33.7538,33.505,33.5994,69000841
2005-09-16,33.6766,33.8568,33.556,33.8053,60942614
2005-09-19,33.7366,33.7881,33.3849,33.5393,62960016
2005-09-20,33.5994,33.9263,33.2983,33.4021,99014706
2005-09-21,33.3077,33.3506,33.0074,33.0331,99861468
2005-09-22,32.9816,33.2304,32.81,33.1532,101592681
2005-09-23,33.0331,33.3591,32.9559,33.2476,60183002
2005-09-26,33.4364,33.4879,33.076,33.2562,59479657
2005-09-27,33.2905,33.3763,33.0417,33.179,54980144
2005-09-28,33.2648,33.4193,33.0829,33.1876,61809204
2005-09-29,33.1446,33.6431,32.9859,33.6337,100920834
2005-09-30,33.5994,33.874,33.5737,33.8568,68005409
2005-10-03,33.934,34.1056,33.8997,33.9426,70084496
2005-10-04,33.9941,34.2171,33.7109,33.7195,73219430
2005-10-05,33.7281,33.7538,33.2305,33.2562,91075829
2005-10-06,33.2304,33.342,32.5355,32.8186,139144429
2005-10-07,32.9559,33.0931,32.7577,32.8958,78177806
2005-10-10,32.853,32.9997,32.6556,32.7157,54912560
2005-10-11,32.7843,32.81,32.4325,32.5526,98386585
2005-10-12,32.3982,32.6522,32.1151,32.164,125344452
2005-10-13,32.1494,32.5269,32.0293,32.4154,118890389
2005-10-14,32.4926,32.6642,32.2952,32.6556,112791204
2005-10-17,32.6556,32.7672,32.4497,32.7586,54971488
2005-10-18,32.7242,32.7586,32.5269,32.5269,75548620
2005-10-19,32.3811,33.1806,32.2695,33.179,113993597
2005-10-20,33.179,33.3335,32.69,32.8667,113742409
2005-10-21,33.2038,33.342,32.8862,33.076,94401561
2005-10-24,33.215,33.6174,33.0048,33.5994,95878410
2005-10-25,33.5308,33.6252,33.2648,33.4707,74434033
2005-10-26,33.4278,33.6972,33.2562,33.2991,77154333
2005-10-27,33.2734,33.2906,32.6299,32.6299,115830139
2005-10-28,32.75,32.9405,32.5355,32.8804,81797209
2005-10-31,32.9731,33.505,32.9645,33.3506,99040214
2005-11-01,33.2562,33.4707,33.2133,33.3248,63131999
2005-11-02,33.2261,33.8568,33.2133,33.7598,87079643
2005-11-03,34.097,34.3974,34.0455,34.2686,117592607
2005-11-04,34.315,34.5175,34.1829,34.3888,86610696
2005-11-07,34.4918,34.569,34.2773,34.4317,56041422
2005-11-08,34.375,34.6204,34.3115,34.4402,67635768
2005-11-09,34.4316,34.6032,34.3458,34.4565,61915672
2005-11-10,34.4745,34.9121,34.2515,34.8349,103544254
2005-11-11,34.9808,35.1078,34.9036,34.9293,68720359
2005-11-14,34.9722,35.058,34.8375,34.9327,46012203
2005-11-15,34.9465,35.0923,34.6462,34.7663,68227047
2005-11-16,34.8779,34.9894,34.7148,34.9791,56531291
2005-11-17,35.1009,35.4527,35.0494,35.4415,81004860
2005-11-18,35.6071,35.7367,35.1998,35.5642,93361300
2005-11-21,35.5188,35.6767,35.3841,35.6492,59804246
2005-11-22,35.5642,35.9246,35.487,35.7787,76197209
2005-11-23,35.8044,36.0533,35.7873,35.8645,54983729
2005-11-25,35.8988,35.9846,35.8044,35.9417,19674138
2005-11-28,36.0018,36.0361,35.6071,35.6414,64092248
2005-11-29,35.8302,35.9074,35.4698,35.4724,66404854
2005-11-30,35.4269,35.5985,35.3402,35.384,74690630
2005-12-01,35.6157,36.079,35.6071,36.0421,78862451
2005-12-02,35.9846,36.1502,35.9246,36.1279,62536793
2005-12-05,36.079,36.0876,35.7178,35.8645,52840517
2005-12-06,36.0619,36.3021,35.9503,35.9812,69871005
2005-12-07,36.0447,36.0619,35.7178,35.916,71896357
2005-12-08,36.0018,36.0362,35.4098,35.6595,96114033
2005-12-09,35.668,35.8388,35.5041,35.7916,48497812
2005-12-12,35.9246,35.9846,35.7616,35.922,38491233
2005-12-13,35.8816,36.2171,35.8302,36.0747,64827076
2005-12-14,35.9933,36.1185,35.7856,35.9495,63133252
2005-12-15,36.0361,36.0962,35.6998,36.0104,62277803
2005-12-16,36.0113,36.0715,35.7352,35.7619,54819166
2005-12-19,35.848,35.8738,35.1771,35.1943,64862640
2005-12-20,35.2201,35.3921,35.0481,35.2201,60426890
2005-12-21,35.2803,35.6157,35.2201,35.3749,59265798
2005-12-22,35.3577,35.6604,35.2458,35.6045,50869668
2005-12-23,35.7017,35.7705,35.5203,35.6097,32622033
2005-12-27,35.7103,35.8479,35.2372,35.2957,47864207
2005-12-28,35.3147,35.4609,35.1513,35.2545,43253462
2005-12-29,35.2888,35.3662,34.962,35.0222,40663081
2005-12-30,34.876,34.9018,34.7126,34.7573,51649871
2006-01-03,34.9621,35.6845,34.5406,35.5297,94036479
2006-01-04,35.6157,35.8995,35.5347,35.8995,79788075
2006-01-05,35.9081,36.1231,35.8707,36.0543,66782532
2006-01-06,36.3468,36.7252,36.1748,36.708,94640675
2006-01-09,36.6908,36.9145,36.5704,36.8541,69458321
2006-01-10,36.6736,36.9144,36.5962,36.88,72546952
2006-01-11,36.9918,37.2498,36.8714,37.1638,86661404
2006-01-12,37.1208,37.2326,36.8542,36.9832,70873196
2006-01-13,36.9316,37.0262,36.751,36.966,55532350
2006-01-17,36.6908,36.8026,36.5532,36.7252,66945371
2006-01-18,36.1576,36.5188,36.1404,36.3038,105296078
2006-01-19,36.4672,36.8284,36.3726,36.5704,95544558
2006-01-20,36.5016,36.5446,35.3921,35.4781,162212068
2006-01-23,35.5813,35.6501,35.3319,35.4867,95785795
2006-01-24,35.5727,35.8651,35.5297,35.6415,67047098
2006-01-25,35.8135,35.8393,35.3319,35.4867,85848158
2006-01-26,35.6931,35.8565,35.4609,35.7361,93332716
2006-01-27,35.9597,36.4585,35.8995,36.2177,95310866
2006-01-30,36.2522,36.3984,36.1834,36.2866,46371007
2006-01-31,36.2435,36.3553,35.9597,36.1231,86805704
2006-02-01,35.9081,36.2693,35.8651,36.2521,76680301
2006-02-02,36.1317,36.1919,35.6157,35.6329,80868918
2006-02-03,35.3577,35.4609,35.0739,35.1943,104147696
2006-02-06,35.177,35.2716,34.9104,35.0996,49981136
2006-02-07,35.0394,35.2028,34.7814,34.9448,75019530
2006-02-08,35.1943,35.3921,34.9965,35.3491,77322198
2006-02-09,35.435,35.5812,34.9448,35.0136,67245332
2006-02-10,34.9879,35.3147,34.6266,35.2287,88185455
2006-02-13,35.0222,35.0394,34.661,34.8244,60752536
2006-02-14,34.8761,35.2803,34.7557,35.1771,81133019
2006-02-15,35.0825,35.4867,35.0309,35.4007,79318659
2006-02-16,35.5211,35.7361,35.3921,35.7275,89314107
2006-02-17,35.6501,35.6587,35.4351,35.4437,70293108
2006-02-21,35.4436,35.4952,34.9276,35.048,73163983
2006-02-22,35.0911,35.7275,34.9879,35.4867,79105726
2006-02-23,35.4523,35.7275,35.3319,35.3921,57011276
2006-02-24,35.3921,35.5125,35.2717,35.4867,49097664
2006-02-27,35.5813,36.0113,35.5469,35.8823,55870632
2006-02-28,35.7705,35.8823,35.2373,35.3491,101110809
2006-03-01,35.4437,35.9254,35.3921,35.8307,69618764
2006-03-02,35.7361,35.9855,35.6157,35.8565,60007280
2006-03-03,35.6501,36.1317,35.5985,35.6501,96322618
2006-03-06,35.7189,35.8049,35.2287,35.3405,85637430
2006-03-07,35.2889,35.3233,34.9621,35.1341,82918323
2006-03-08,35.0653,35.3405,34.8331,35.1513,89413405
2006-03-09,35.263,35.3921,34.8072,34.8502,93344958
2006-03-10,34.8158,35.0824,34.5664,34.8846,107055731
2006-03-13,35.0566,35.2114,34.9362,34.9878,59484763
2006-03-14,34.962,35.6243,34.9534,35.5813,101632300
2006-03-15,35.7189,35.8823,35.5383,35.8823,72565733
2006-03-16,35.9941,36.0544,35.5469,35.5813,87163696
2006-03-17,35.5633,35.7957,35.4859,35.6752,67317051
2006-03-20,35.7871,35.8732,35.6322,35.7613,51845906
2006-03-21,35.7269,36.1572,35.3568,35.3826,116119732
2006-03-22,35.1846,35.5288,35.1674,35.4686,96638810
2006-03-23,35.3653,35.4772,35.1329,35.3653,64596581
2006-03-24,35.4859,35.7183,35.3051,35.5461,70390954
2006-03-27,35.5289,35.7268,35.4945,35.5547,46811692
2006-03-28,35.6064,35.8646,35.2793,35.4084,86465097
2006-03-29,35.46,36.2346,35.4342,36.0797,112432850
2006-03-30,36.1486,36.4069,35.9678,36.1916,99739663
2006-03-31,36.269,36.3121,36.0108,36.0883,61160283
2006-04-03,36.2777,36.4671,36.0625,36.1314,69481670
2006-04-04,36.183,36.4154,36.0883,36.3293,77379664
2006-04-05,36.4068,36.7252,36.3293,36.6736,78845907
2006-04-06,36.6478,36.9576,36.5276,36.7769,78911627
2006-04-07,36.9146,37.0523,36.4068,36.424,100348209
2006-04-10,36.4928,36.5789,36.226,36.3723,50763373
2006-04-11,36.4928,36.5186,35.899,36.0797,78736514
2006-04-12,36.1055,36.2174,35.9764,36.0883,50368432
2006-04-13,36.0625,36.4326,35.9678,36.2346,54619151
2006-04-17,36.183,36.3293,35.6235,35.8559,89560393
2006-04-18,35.9592,36.6306,35.9506,36.5445,106944310
2006-04-19,36.6133,36.708,36.4068,36.708,68016807
2006-04-20,36.6822,36.8543,36.4756,36.5789,70062815
2006-04-21,36.7253,36.8888,35.9937,36.1486,112035963
2006-04-24,36.1141,36.2088,35.9075,36.1141,67604617
2006-04-25,36.2174,36.2347,35.8474,36.0367,66815280
2006-04-26,36.0367,36.2002,35.8904,36.0281,71032258
2006-04-27,35.8645,36.5703,35.7182,36.3723,149666856
2006-04-28,36.1486,36.338,35.9593,36.0195,76475763
2006-05-01,36.0883,36.4068,35.5547,35.6666,79917285
2006-05-02,35.8129,35.9162,35.6322,35.7613,73285268
2006-05-03,35.7871,35.8387,35.5289,35.7096,64519757
2006-05-04,35.744,36.1399,35.744,36.0022,76333823
2006-05-05,36.2433,36.3294,36.097,36.2863,69191227
2006-05-08,36.2174,36.3896,36.2088,36.3207,38771712
2006-05-09,36.2346,36.3036,36.1228,36.183,41667393
2006-05-10,36.0883,36.1313,35.7612,35.8645,79524797
2006-05-11,35.8301,35.8473,34.9694,35.0641,121337808
2006-05-12,34.9178,35.0813,34.3927,34.5907,132459415
2006-05-15,34.453,34.7198,34.2464,34.5649,110008647
2006-05-16,34.5649,34.651,34.2292,34.3067,113950667
2006-05-17,34.1517,34.2636,33.7644,33.8419,178925800
2006-05-18,33.9883,34.1346,33.5666,33.6096,120202989
2006-05-19,33.7129,33.9711,33.3514,33.8678,167235670
2006-05-22,33.5837,33.7731,33.2395,33.5407,145955407
2006-05-23,33.7903,33.8936,33.1964,33.2136,121661876
2006-05-24,33.162,33.6009,32.9038,33.4374,202228195
2006-05-25,33.6354,33.8936,33.4116,33.8764,106299773
2006-05-26,33.9539,34.0658,33.7645,33.9883,78595852
2006-05-30,33.8334,33.8506,33.2309,33.2567,90747927
2006-05-31,33.3255,33.6182,33.1706,33.4116,117967741
2006-06-01,33.489,34.2034,33.4288,34.2034,102728113
2006-06-02,34.4014,34.4272,33.8334,34.1191,110869008
2006-06-05,34.0399,34.0485,33.3772,33.3772,88784822
2006-06-06,33.4375,33.5235,33.0071,33.3514,109539250
2006-06-07,33.3944,33.7129,33.0932,33.1018,112401351
2006-06-08,32.9382,33.1878,32.2669,33.0501,241408871
2006-06-09,33.1706,33.3427,32.8005,32.8349,124032274
2006-06-12,32.8779,32.9296,32.1808,32.1894,125293878
2006-06-13,32.2927,32.5337,31.9828,32.0603,178221016
2006-06-14,32.155,32.4563,32.0173,32.3874,173644054
2006-06-15,32.5681,33.3858,32.5337,33.2653,172150039
2006-06-16,33.2013,33.3132,32.8998,33.0204,103309413
2006-06-19,33.1582,33.1926,32.65,32.7534,111477748
2006-06-20,32.8051,33.141,32.6759,32.7965,88595254
2006-06-21,32.8482,33.5803,32.8396,33.3133,111566653
2006-06-22,33.2443,33.3132,32.7189,32.8912,123417198
2006-06-23,32.8654,33.1841,32.6673,32.8568,75822563
2006-06-26,32.874,33.0635,32.7879,32.9429,56042696
2006-06-27,32.9687,33.0118,32.2883,32.3228,108549660
2006-06-28,32.409,32.5898,32.1937,32.564,78806713
2006-06-29,32.6931,33.5544,32.6415,33.5544,156721874
2006-06-30,33.6922,33.7095,33.3133,33.3908,71227915
2006-07-03,33.4855,33.5889,33.4253,33.5889,18601825
2006-07-05,33.2788,33.3133,32.8051,32.8568,80709346
2006-07-06,32.9515,33.141,32.7362,32.8223,60756849
2006-07-07,32.6329,32.874,32.3572,32.4606,93063824
2006-07-10,32.5467,32.6673,32.0128,32.1764,90516539
2006-07-11,32.1075,32.5037,31.9353,32.4176,117173524
2006-07-12,32.3487,32.4176,31.7286,31.8061,132992916
2006-07-13,31.5735,31.9008,31.2721,31.2721,152878803
2006-07-14,31.2635,31.3324,30.8242,30.9534,148430082
2006-07-17,30.9663,31.2204,30.8931,31.0309,115672486
2006-07-18,31.1946,31.2893,30.6089,31.1343,178217815
2006-07-19,31.0912,31.72,31.0826,31.5391,165775268
2006-07-20,31.6467,31.6941,31.0395,31.074,131115318
2006-07-21,30.9017,30.9706,30.6778,30.7467,102704576
2006-07-24,30.8759,31.3755,30.8328,31.3582,112161419
2006-07-25,31.4099,31.6425,31.2118,31.5391,93728231
2006-07-26,31.4357,31.7544,31.2031,31.5132,91424715
2006-07-27,31.6338,31.9008,31.2204,31.3065,85845877
2006-07-28,31.4874,31.9869,31.4357,31.9611,80564495
2006-07-31,31.9353,32.142,31.7716,31.9525,67186093
2006-08-01,31.6855,31.6941,31.229,31.4185,84857429
2006-08-02,31.5304,31.9783,31.5304,31.7716,75239418
2006-08-03,31.4702,32.1592,31.4185,31.9697,85425192
2006-08-04,32.2281,32.409,31.5391,31.8233,106347007
2006-08-07,31.7975,31.8147,31.4616,31.6166,59986834
2006-08-08,31.7027,31.7802,31.229,31.4185,106485894
2006-08-09,31.875,32.1334,31.3755,31.4616,125140091
2006-08-10,31.397,31.763,31.2721,31.6855,88256732
2006-08-11,31.565,31.5994,31.3238,31.4616,74819409
2006-08-14,31.7458,32.0989,31.608,31.6683,94072768
2006-08-15,32.0558,32.5123,31.9438,32.4692,115103570
2006-08-16,32.719,33.2529,32.5898,33.2271,116574151
2006-08-17,33.1324,33.5716,33.1065,33.3563,111199643
2006-08-18,33.2874,33.4425,32.9688,33.408,84168820
2006-08-21,33.1324,33.2099,32.9515,33.0893,57413982
2006-08-22,33.0376,33.4252,32.8998,33.0979,87875145
2006-08-23,33.1324,33.3047,32.6587,32.8482,82720693
2006-08-24,32.9515,33.029,32.6587,32.9429,68023670
2006-08-25,32.874,33.2788,32.7793,33.0032,63344503
2006-08-28,32.9688,33.408,32.9343,33.253,68900419
2006-08-29,33.2271,33.3821,32.8826,33.3563,90289555
2006-08-30,33.3649,33.6147,33.2443,33.5113,65189763
2006-08-31,33.5372,33.6147,33.3822,33.4769,52711789
2006-09-01,33.6492,33.7698,33.5028,33.6578,59759880
2006-09-05,33.6836,34.0022,33.4596,33.985,73683175
2006-09-06,33.6577,33.7525,33.2529,33.3046,81942507
2006-09-07,33.2185,33.5027,33.0376,33.1409,99771940
2006-09-08,33.1927,33.4338,33.1238,33.3477,83208102
2006-09-11,33.0807,33.718,33.0031,33.5544,122566226
2006-09-12,33.5458,34.2779,33.5458,34.1745,106835193
2006-09-13,34.2176,34.4346,34.1315,34.4157,99945053
2006-09-14,34.3209,34.6396,34.2434,34.4415,84462970
2006-09-15,34.7719,34.8667,34.4703,34.5651,118765462
2006-09-18,34.5737,34.815,34.4186,34.5652,101164701
2006-09-19,34.6771,34.6857,34.0566,34.341,137042659
2006-09-20,34.6426,34.9356,34.634,34.8408,100496194
2006-09-21,34.9184,35.0477,34.5392,34.6254,104998296
2006-09-22,34.5996,34.6082,34.2118,34.3583,87029912
2006-09-25,34.5134,35.0391,34.1945,34.9615,117582402
2006-09-26,34.9184,35.1597,34.815,35.1338,97618705
2006-09-27,35.0735,35.2889,34.9011,35.0907,97374370
2006-09-28,35.1338,35.2372,34.8408,35.1855,73957360
2006-09-29,35.2372,35.2717,35.0045,35.0304,73635218
2006-10-02,34.9873,35.0735,34.5392,34.5909,83710312
2006-10-03,34.5133,34.8839,34.3668,34.7374,100149019
2006-10-04,34.6599,35.5992,34.591,35.5906,128459148
2006-10-05,35.5733,35.8146,35.4871,35.7629,79002434
2006-10-06,35.6595,35.8147,35.5389,35.6854,73629044
2006-10-09,35.6509,35.9697,35.6078,35.806,54098962
2006-10-10,35.8577,35.9783,35.5992,35.8663,84604009
2006-10-11,35.7026,36.0473,35.4785,35.7974,117688558
2006-10-12,35.987,36.4092,35.9353,36.392,81880869
2006-10-13,36.3834,36.642,36.3145,36.5644,69324367
2006-10-16,36.5644,36.7281,36.5385,36.5816,53423607
2006-10-17,36.3403,36.3662,35.987,36.1938,125738137
2006-10-18,36.3833,36.4609,35.8921,36.0214,103640726
2006-10-19,35.9266,36.2887,35.8405,36.1076,93195525
2006-10-20,36.2369,36.2662,35.8836,36.1938,90832913
2006-10-23,36.1249,36.6937,36.0387,36.5644,109340829
2006-10-24,36.4437,36.5816,36.1248,36.3058,89188172
2006-10-25,36.3145,36.642,36.2369,36.5644,107992951
2006-10-26,36.685,36.9866,36.3833,36.9004,112217891
2006-10-27,36.8229,36.9005,36.2628,36.3748,111466833
2006-10-30,36.3403,36.7539,36.2455,36.6074,89515779
2006-10-31,36.6764,36.8487,36.4609,36.6936,117018291
2006-11-01,36.8229,36.8574,36.0387,36.1938,128366051
2006-11-02,36.0344,36.3145,35.9698,36.2283,86335210
2006-11-03,36.28,36.3576,35.8577,36.1335,102747975
2006-11-06,36.2455,36.8056,36.2455,36.6591,87263478
2006-11-07,36.6506,37.1332,36.5989,36.9091,119954844
2006-11-08,36.6936,37.2279,36.5988,37.0814,154988274
2006-11-09,37.2882,37.3572,36.7712,36.8832,107079778
2006-11-10,36.9177,37.09,36.7712,37.0814,70989218
2006-11-13,37.1073,37.5209,37.0556,37.452,76807071
2006-11-14,37.4864,37.8915,37.2624,37.857,105042625
2006-11-15,37.9001,38.262,37.8484,38.0121,100443033
2006-11-16,38.1327,38.2792,37.9345,38.1758,97759691
2006-11-17,37.969,38.1758,37.8742,38.1758,81991040
2006-11-20,38.0552,38.331,37.9259,38.2534,91464838
2006-11-21,38.2792,38.3568,38.1327,38.3051,58673677
2006-11-22,38.4171,38.5636,38.1414,38.5464,60194246
2006-11-24,38.2621,38.6585,38.2448,38.4775,44634341
2006-11-27,38.3654,38.443,37.6071,37.6243,137441666
2006-11-28,37.5037,37.7794,37.3485,37.7191,101897927
2006-11-29,37.9173,38.0724,37.6243,37.9776,118830673
2006-11-30,37.9604,38.1586,37.7364,37.9518,106376032
2006-12-01,37.9173,38.2189,37.2796,37.6243,124559277
2006-12-04,37.7364,38.331,37.7364,38.1414,77509560
2006-12-05,38.2533,38.3912,38.081,38.2792,72947097
2006-12-06,38.1673,38.262,37.9777,38.1414,67373544
2006-12-07,38.2103,38.331,37.6588,37.6588,107647635
2006-12-08,37.5467,38.1413,37.4605,37.8311,115294465
2006-12-11,37.7751,38.2361,37.7019,37.969,62733376
2006-12-12,37.9432,38.0294,37.5382,37.745,95849120
2006-12-13,38.0078,38.0121,37.5898,37.8139,68067659
2006-12-14,37.8915,38.4086,37.8656,38.2362,94018135
2006-12-15,38.5333,38.6196,38.2659,38.3349,86205437
2006-12-18,38.4644,38.611,37.7914,37.9553,104884761
2006-12-19,37.6619,38.0157,37.429,37.8345,117799813
2006-12-20,37.8691,38.0589,37.6792,37.6965,58015564
2006-12-21,37.7569,37.7828,37.2823,37.429,88816653
2006-12-22,37.4376,37.4549,37.0407,37.0407,80110834
2006-12-26,37.0407,37.2046,36.9976,37.196,43849623
2006-12-27,37.265,37.4462,37.1874,37.3858,46679824
2006-12-28,37.2737,37.429,37.1443,37.2047,59546428
2006-12-29,37.2823,37.6275,37.2047,37.2392,64852364
2007-01-03,37.498,38.0157,36.687,37.3082,144665735
2007-01-04,37.36,38.1451,37.2305,38.0157,118029349
2007-01-05,37.9035,37.9208,37.5153,37.8345,119587125
2007-01-08,37.8604,38.0675,37.6533,37.8604,91799654
2007-01-09,37.9639,38.2141,37.6447,38.0502,103606210
2007-01-10,37.9294,38.5334,37.8086,38.4989,104402773
2007-01-11,38.5766,39.0339,38.5248,38.8958,150142450
2007-01-12,38.844,39.1287,38.8008,39.0942,89885342
2007-01-16,39.1114,39.1718,38.9389,39.0683,82360542
2007-01-17,38.9044,39.077,38.6801,38.7491,109130100
2007-01-18,38.6456,38.6887,37.9208,38.033,162773642
2007-01-19,37.9467,38.2056,37.8863,38.1106,110008490
2007-01-22,38.1452,38.1624,37.5412,37.6965,106450982
2007-01-23,37.6534,37.9468,37.5326,37.6016,113850104
2007-01-24,37.8518,38.2401,37.7655,38.2228,101468767
2007-01-25,38.2832,38.3695,37.6016,37.731,136573798
2007-01-26,37.8,37.8172,37.3513,37.5929,126204376
2007-01-29,37.4893,37.8862,37.4462,37.6274,89893078
2007-01-30,37.6878,37.7828,37.5498,37.6447,59988893
2007-01-31,37.6188,38.1278,37.3858,38.0243,136033130
2007-02-01,38.1969,38.3091,37.8345,37.9812,127091123
2007-02-02,38.0589,38.1797,37.9122,38.102,84684528
2007-02-05,38.0848,38.2746,37.9294,38.0675,83130413
2007-02-06,38.1365,38.1624,37.6533,38.0071,104368788
2007-02-07,38.2141,38.5247,38.0674,38.3608,101616950
2007-02-08,38.3004,38.4816,38.1624,38.3522,77217661
2007-02-09,38.4558,38.5852,37.731,37.8259,115157173
2007-02-12,37.8604,37.869,37.6102,37.7051,109504330
2007-02-13,37.7827,37.9639,37.705,37.8431,80649972
2007-02-14,38.0071,38.5765,37.9984,38.4816,115133323
2007-02-15,38.5076,38.706,38.4385,38.706,95260684
2007-02-16,38.5506,38.68,38.4557,38.5765,62410368
2007-02-20,38.5248,38.9303,38.335,38.8699,80747984
2007-02-21,38.7577,39.008,38.6801,38.9907,82663086
2007-02-22,39.1373,39.3013,38.8871,39.1891,100329539
2007-02-23,39.1892,39.2237,38.8785,39.0511,97869858
2007-02-26,39.2409,39.2582,37.2306,38.8613,87680896
2007-02-27,38.2746,38.3781,37.1529,37.2651,274104698
2007-02-28,37.2391,37.7568,37.0407,37.3858,185458843
2007-03-01,36.7129,37.5671,36.4454,37.2133,199997382
2007-03-02,36.9113,37.222,36.6439,36.6525,158175210
2007-03-05,36.3763,36.9285,36.29,36.3677,147835442
2007-03-06,36.7215,37.0925,36.6697,36.9717,134174484
2007-03-07,36.9803,37.0838,36.7991,36.825,100530098
2007-03-08,37.2133,37.3082,36.963,37.0752,104117722
2007-03-09,37.3859,37.3945,36.7992,37.0839,110942636
2007-03-12,36.9976,37.3427,36.9544,37.2823,70054476
2007-03-13,37.1011,37.3081,36.5489,36.5575,145779691
2007-03-14,36.6093,37.1011,36.3246,37.0925,165699853
2007-03-15,37.0148,37.1529,36.8595,37.0062,96258398
2007-03-16,37.0725,37.1588,36.7876,36.9775,91331310
2007-03-19,37.176,37.4609,37.081,37.3573,82770510
2007-03-20,37.3487,37.6336,37.3056,37.625,67876438
2007-03-21,37.6682,38.3675,37.4264,38.3502,149616704
2007-03-22,38.3675,38.3761,38.0653,38.2121,99160315
2007-03-23,38.2121,38.307,38.048,38.0912,59161157
2007-03-26,38.1085,38.2639,37.6682,38.2466,98603531
2007-03-27,38.1861,38.1947,37.9444,37.9789,64630440
2007-03-28,37.802,38.0135,37.5646,37.5732,123396358
2007-03-29,37.8494,37.858,37.2105,37.6163,107356767
2007-03-30,37.6077,37.8753,37.3155,37.5818,103945408
2007-04-02,37.7027,37.7804,37.3832,37.6336,77338022
2007-04-03,37.8322,38.2552,37.8063,38.1257,91351032
2007-04-04,38.1602,38.3156,38.0998,38.2811,73440280
2007-04-05,38.238,38.4884,38.1862,38.4711,46809342
2007-04-09,38.6006,38.6351,38.3157,38.3761,54433627
2007-04-10,38.3675,38.5747,38.3416,38.5747,65864049
2007-04-11,38.5401,38.5574,38.048,38.1689,98432504
2007-04-12,38.1042,38.5229,37.9445,38.4711,98240649
2007-04-13,38.4797,38.6092,38.238,38.5488,81404460
2007-04-16,38.7041,38.9804,38.7041,38.9027,61576085
2007-04-17,38.9718,39.0236,38.8164,38.9891,70492665
2007-04-18,38.7905,39.0495,38.7042,38.8596,70241900
2007-04-19,38.6869,39.0667,38.6092,38.9804,82414381
2007-04-20,39.2999,39.4294,39.0236,39.1963,105679705
2007-04-23,39.2308,39.3689,39.1445,39.2567,73646924
2007-04-24,39.3949,39.5675,39.1359,39.4553,93359701
2007-04-25,39.5848,39.9905,39.4553,39.9819,92103157
2007-04-26,40.0769,40.2754,39.9992,40.1891,85732866
2007-04-27,40.0337,40.3186,39.9647,40.2064,83344973
2007-04-30,40.146,40.1719,39.6453,39.6798,80417493
2007-05-01,39.6884,39.8352,39.4208,39.8093,116591873
2007-05-02,39.792,40.215,39.7575,40.0769,78410310
2007-05-03,40.1719,40.3359,40.0856,40.2237,84527095
2007-05-04,40.3791,40.4827,40.0769,40.2582,80800079
2007-05-07,40.2755,40.3877,40.2064,40.2582,40991879
2007-05-08,40.12,40.379,39.9733,40.3445,82122039
2007-05-09,40.1374,40.5518,40.1115,40.4309,100166330
2007-05-10,40.2927,40.3877,39.7747,39.8783,147747674
2007-05-11,39.9215,40.3877,39.8697,40.3877,88213538
2007-05-14,40.379,40.474,39.8783,40.1114,102650820
2007-05-15,40.0682,40.3186,39.7056,39.8006,154905395
2007-05-16,39.8956,40.1977,39.6366,40.1891,124685927
2007-05-17,40.146,40.2064,39.9647,39.9992,94349155
2007-05-18,40.1287,40.3273,40.0424,40.3273,90612958
2007-05-21,40.3532,40.7849,40.2928,40.5863,97415754
2007-05-22,40.6122,40.8194,40.4654,40.6208,84633374
2007-05-23,40.7417,40.8971,40.405,40.4309,102895219
2007-05-24,40.4524,40.6122,39.6884,39.8524,178088160
2007-05-25,39.9388,40.1978,39.8697,40.1028,75231729
2007-05-29,40.1373,40.4568,40.0683,40.4136,86075907
2007-05-30,40.1287,40.7503,40.0165,40.7417,113977474
2007-05-31,40.8539,41.0266,40.7589,40.9316,94493290
2007-06-01,41.0784,41.2424,40.8971,40.9575,107988707
2007-06-04,40.8108,41.1302,40.7849,41.0785,55884919
2007-06-05,40.9489,41.0784,40.5777,41.0784,130504118
2007-06-06,40.8971,40.9057,40.5443,40.6381,158133238
2007-06-07,40.4999,40.7589,39.9905,40.0077,190698220
2007-06-08,39.9992,40.5172,39.8524,40.4999,152945521
2007-06-11,40.4826,40.7416,40.3704,40.4222,83847075
2007-06-12,40.2064,40.6122,40.1028,40.1805,132925532
2007-06-13,40.3532,40.6553,40.1805,40.6208,127737537
2007-06-14,40.664,41.0007,40.6554,40.8885,87654202
2007-06-15,41.2574,41.3611,41.171,41.2401,86724654
2007-06-18,41.3437,41.361,41.1882,41.2746,65448561
2007-06-19,41.1537,41.3524,41.05,41.266,94712553
2007-06-20,41.3265,41.4043,40.8167,40.8772,139876412
2007-06-21,40.8728,41.2919,40.6784,41.2487,123711795
2007-06-22,41.1623,41.2228,40.7303,40.8599,132468598
2007-06-25,40.8772,41.1105,40.4538,40.6871,118022305
2007-06-26,40.8858,40.8858,40.3847,40.4538,110518022
2007-06-27,40.3847,41.0932,40.3501,41.0759,121994124
2007-06-28,41.0586,41.3437,41.0154,41.0586,100628739
2007-06-29,41.2919,41.3696,40.7907,41.1277,107793367
2007-07-02,41.2228,41.5148,41.1969,41.482,69868436
2007-07-03,41.5598,41.7498,41.5079,41.7412,30062330
2007-07-05,41.7758,42.1386,41.7239,42.0436,63518427
2007-07-06,42.0868,42.2596,41.9053,42.2164,56838897
2007-07-09,42.2509,42.3201,42.0954,42.2423,57141872
2007-07-10,42.0091,42.251,41.8449,41.8881,89734277
2007-07-11,41.793,42.1732,41.7498,42.1732,85949306
2007-07-12,42.3805,42.9162,42.2682,42.8212,93012898
2007-07-13,42.8731,43.1755,42.8298,43.115,63927256
2007-07-16,43.115,43.2705,42.994,43.0718,67096688
2007-07-17,43.1755,43.4606,43.1323,43.4001,106395040
2007-07-18,43.1496,43.3483,42.8904,43.3483,124211859
2007-07-19,43.5557,43.7717,43.4693,43.4779,100372694
2007-07-20,43.452,43.5124,42.9768,43.2446,141410193
2007-07-23,43.3829,43.4693,43.1323,43.2619,92588672
2007-07-24,42.9508,43.2878,42.3806,42.6225,151416245
2007-07-25,42.8299,42.9163,42.3892,42.683,146882132
2007-07-26,42.3979,42.7435,41.5166,42.3201,270862546
2007-07-27,42.2423,42.4411,41.4647,41.4647,212824672
2007-07-30,41.6548,42.1041,41.4302,41.9486,142619367
2007-07-31,42.3114,42.3287,40.9808,41.0672,224850062
2007-08-01,40.9462,41.4128,40.592,41.3869,257453572
2007-08-02,41.4215,41.8449,41.2919,41.7671,153230051
2007-08-03,41.6893,41.7412,40.7389,40.9722,143302392
2007-08-06,41.0067,41.4906,40.6352,41.4474,164845556
2007-08-07,41.3697,42.009,41.0241,41.7412,144314559
2007-08-08,41.914,42.3892,41.8189,42.1991,142402697
2007-08-09,41.6375,42.3115,41.2055,41.2228,209026626
2007-08-10,40.7907,41.3264,40.2896,40.8512,213390575
2007-08-13,41.1968,41.3696,41.024,41.1277,96424064
2007-08-14,41.2055,41.2487,40.3761,40.4279,132620795
2007-08-15,40.3328,40.6871,39.5837,39.6589,184369901
2007-08-16,39.3479,39.6676,35.0364,39.2701,312791747
2007-08-17,40.0131,40.2546,39.3901,40.0131,192873770
2007-08-20,40.16,40.3674,39.8144,40.2032,124985994
2007-08-21,40.16,40.7192,40.0823,40.6266,99347595
2007-08-22,40.9334,41.2142,40.8426,41.1796,98896099
2007-08-23,41.3178,41.3437,40.808,41.0672,102371639
2007-08-24,40.9376,41.6807,40.8858,41.6461,76164463
2007-08-27,41.5166,41.6462,41.3351,41.3697,62531710
2007-08-28,41.1278,41.2142,40.3588,40.3847,91345800
2007-08-29,40.6526,41.5771,40.6526,41.5425,97554977
2007-08-30,41.3265,42.1128,41.2574,41.7585,119819066
2007-08-31,42.2164,42.3892,42.0004,42.225,81776026
2007-09-04,42.2682,43.2014,42.2596,42.9249,85039065
2007-09-05,42.8126,42.899,42.2251,42.4929,98361298
2007-09-06,42.5361,42.6484,42.1732,42.4583,85702730
2007-09-07,41.9313,41.9918,41.4302,41.6721,131665094
2007-09-10,42.009,42.1213,41.3091,41.6461,108150681
2007-09-11,41.914,42.3274,41.8449,42.2769,88983072
2007-09-12,42.1991,42.657,42.1473,42.2855,81155156
2007-09-13,42.5879,42.6398,42.2855,42.4929,69652312
2007-09-14,42.1646,42.6053,42.1041,42.5275,86204355
2007-09-17,42.3287,42.4238,41.9831,42.1732,73269765
2007-09-18,42.4152,45.5948,42.1905,43.236,129022569
2007-09-19,43.452,43.7112,43.1841,43.3483,109572006
2007-09-20,43.2532,43.426,43.1323,43.2273,94982289
2007-09-21,43.4659,43.6734,43.2363,43.5351,75022068
2007-09-24,43.6475,44.0538,43.5091,43.7339,92354433
2007-09-25,43.5869,44.1488,43.535,44.1488,87298184
2007-09-26,44.3996,44.5293,44.1921,44.365,83064698
2007-09-27,44.6243,44.6502,44.3995,44.5897,63102917
2007-09-28,44.5552,44.6762,44.244,44.4428,65150121
2007-10-01,44.4773,45.0911,44.4168,44.9528,86665540
2007-10-02,44.9874,45.0047,44.7108,44.9615,61373966
2007-10-03,44.8145,45.0133,44.5205,44.6502,92197085
2007-10-04,44.7367,44.8059,44.3823,44.754,72685599
2007-10-05,45.0998,45.7309,45.0047,45.6617,99982270
2007-10-08,45.6444,45.9556,45.5666,45.947,54412555
2007-10-09,46.0507,46.2063,45.8432,46.1459,81226355
2007-10-10,46.1545,46.3101,45.9989,46.2582,79289135
2007-10-11,46.5003,46.6299,45.1949,45.5234,207024977
2007-10-12,45.7309,46.2841,45.6444,46.2755,113779469
2007-10-15,46.3446,46.431,45.5579,45.921,104766966
2007-10-16,45.6357,46.0593,45.5406,45.7049,167243629
2007-10-17,46.3533,46.3879,45.5407,46.2928,158910693
2007-10-18,46.1026,46.5867,45.921,46.4916,124758894
2007-10-19,46.483,46.483,45.29,45.3332,211770796
2007-10-22,45.0911,45.9197,44.9701,45.8778,178864541
2007-10-23,46.3446,46.8633,46.1112,46.8374,139760537
2007-10-24,46.457,46.6299,44.9528,46.4829,257801418
2007-10-25,46.578,46.6645,45.6012,45.8605,201504205
2007-10-26,46.751,46.8547,46.1977,46.6213,126769044
2007-10-29,46.846,46.9671,46.5435,46.8201,88048416
2007-10-30,46.6299,47.1658,46.5953,46.9065,99042820
2007-10-31,47.0881,47.6068,46.7164,47.5722,128230212
2007-11-01,47.2696,47.3474,46.6559,46.6818,157230178
2007-11-02,47.0448,47.1573,46.3359,47.0448,188279317
2007-11-05,46.5608,47.0276,46.3274,46.7423,130154265
2007-11-06,46.967,47.2782,46.4916,47.2696,113973939
2007-11-07,46.872,47.1832,46.0853,46.1199,167409010
2007-11-08,45.9383,46.1026,43.9154,44.7194,327965752
2007-11-09,43.855,44.1921,43.2239,43.2239,266020709
2007-11-12,43.1547,43.4314,42.0568,42.126,244292412
2007-11-13,42.6966,43.9068,42.662,43.8636,220661480
2007-11-14,44.4255,44.4687,43.1374,43.3017,225067872
2007-11-15,43.2239,43.6907,42.6793,43.0683,216732959
2007-11-16,43.3449,43.6474,42.6533,43.4659,227652894
2007-11-19,43.3708,43.6129,42.7138,42.9645,170783361
2007-11-20,43.1806,43.8981,42.2989,43.1374,259903781
2007-11-21,42.7311,43.3709,42.2297,42.6274,183742769
2007-11-23,42.904,43.1979,42.6813,43.0855,40167754
2007-11-26,43.2066,43.5437,42.2729,42.3421,129264607
2007-11-27,42.6965,43.2671,42.4458,43.1893,182650970
2007-11-28,43.7685,44.6935,43.7426,44.5033,185288993
2007-11-29,44.3218,44.8578,44.2613,44.6935,148332456
2007-11-30,45.1343,45.1689,44.0451,44.3563,148135514
2007-12-03,44.2094,44.5465,43.9327,43.9846,92950925
2007-12-04,43.6216,44.0365,43.5524,43.8031,97981057
2007-12-05,44.2612,44.9528,44.2267,44.5811,118654360
2007-12-06,44.6329,45.2726,44.6156,45.2294,86183965
2007-12-07,45.2035,45.4196,45.022,45.2381,76893660
2007-12-10,45.3332,45.5493,45.2294,45.4196,65287352
2007-12-11,45.4802,45.679,44.2699,44.365,144182711
2007-12-12,45.1689,45.3245,43.9932,44.7626,140743711
2007-12-13,44.3736,44.633,44.0711,44.5206,132764144
2007-12-14,44.1661,44.607,44.0192,44.0624,110966791
2007-12-17,43.8981,44.078,42.9731,42.9904,115922446
2007-12-18,43.4314,43.4573,42.515,43.1288,133310778
2007-12-19,43.1287,43.3967,42.8867,43.1201,119023144
2007-12-20,43.8031,44.0538,43.3968,44.0019,143501007
2007-12-21,44.7489,44.9134,44.5499,44.8701,93087075
2007-12-24,45.0086,45.3461,44.9567,45.2076,29855008
2007-12-26,45.1297,45.5451,44.9999,45.4326,50597256
2007-12-27,45.2856,45.4327,44.749,44.9394,56909807
2007-12-28,45.0346,45.1384,44.5067,44.8788,58458063
2007-12-31,44.6191,44.723,44.3162,44.3249,60676069
2008-01-02,44.3682,44.5413,43.3817,43.6586,131782946
2008-01-03,43.6153,43.9269,43.399,43.8057,98666759
2008-01-04,43.0875,43.1221,41.7202,41.8846,183936824
2008-01-07,41.8932,42.0576,41.0451,41.6855,203338967
2008-01-08,41.7894,42.1961,40.6038,40.6038,226114196
2008-01-09,40.7509,41.5038,40.2057,41.4692,219495910
2008-01-10,41.0365,41.8933,40.924,41.5298,216261306
2008-01-11,41.2961,41.3394,40.4134,40.7163,183151172
2008-01-14,41.2701,41.5471,40.9413,41.4259,145285664
2008-01-15,41.0019,41.123,40.1105,40.2836,208263954
2008-01-16,39.9721,40.5951,39.3403,39.8509,229865621
2008-01-17,40.0154,40.3096,39.1154,39.2971,219806917
2008-01-18,39.4961,39.9288,38.7345,39.2451,236144896
2008-01-22,37.0643,38.7432,36.9778,38.2326,281272605
2008-01-23,36.8134,38.2067,36.0086,38.0942,336572469
2008-01-24,38.2413,38.8817,38.1288,38.8644,216181345
2008-01-25,39.6865,39.6951,38.0249,38.0682,172420567
2008-01-28,38.0942,38.4577,37.7048,38.3625,141368190
2008-01-29,38.5615,38.6654,38.1115,38.4317,119541363
2008-01-30,38.2846,39.2192,38.2327,38.3971,189494924
2008-01-31,37.9644,39.4529,37.9211,39.0548,212728723
2008-02-01,39.3922,39.7037,38.8384,39.4527,140072618
2008-02-04,39.4442,39.4702,38.8903,38.899,86683679
2008-02-05,38.1807,38.5961,37.7653,37.7912,163436970
2008-02-06,38.0077,38.224,37.0125,37.0471,153309663
2008-02-07,36.649,37.8952,36.4759,37.3067,247667410
2008-02-08,37.3672,37.8778,37.1595,37.7307,150304402
2008-02-11,37.8865,38.2673,37.6788,38.1375,103418573
2008-02-12,38.3624,38.6653,37.6528,37.9211,125729821
2008-02-13,38.4144,38.8384,38.2154,38.7519,128320709
2008-02-14,38.8038,38.8124,37.9817,38.0509,147671331
2008-02-15,37.8778,38.0596,37.6009,37.9211,86032346
2008-02-19,38.4144,38.5096,37.4452,37.8519,95529668
2008-02-20,37.4279,38.1548,37.4192,38.025,118777500
2008-02-21,38.3884,38.4836,37.5057,37.6615,110560560
2008-02-22,37.7913,37.8087,36.8654,37.8,136142226
2008-02-25,37.748,38.1374,37.5057,37.9903,104990222
2008-02-26,37.774,38.4923,37.5317,38.1375,128329007
2008-02-27,37.8778,38.4749,37.7913,38.3278,108550922
2008-02-28,38.172,38.5355,38.0336,38.1807,111456144
2008-02-29,37.774,37.8778,37.0817,37.1682,163144614
2008-03-03,37.1509,37.2028,36.5538,36.9259,114897181
2008-03-04,36.7009,37.2461,36.3634,37.1336,158960282
2008-03-05,37.2028,37.6787,36.9951,37.3152,158443285
2008-03-06,37.2894,37.4451,36.4326,36.4932,131770297
2008-03-07,36.2682,36.9,35.8096,36.4067,209856025
2008-03-10,36.3547,36.4672,35.6278,35.7057,126971838
2008-03-11,36.225,37.0817,35.9221,37.0645,169746028
2008-03-12,37.2288,37.5922,36.8653,36.9605,134432636
2008-03-13,36.5278,37.4971,36.1817,37.2461,180821678
2008-03-14,37.5231,37.5404,36.1212,36.5625,267791106
2008-03-17,35.7057,36.3548,35.524,35.8961,166960391
2008-03-18,36.5538,37.5058,36.4413,37.4971,183966848
2008-03-19,37.6528,37.7307,36.5451,36.5711,186979038
2008-03-20,36.6772,37.3268,36.4607,37.3181,111135971
2008-03-24,37.4826,38.7644,37.4826,38.6084,108182918
2008-03-25,38.6951,39.0329,38.3487,38.825,102261395
2008-03-26,38.7037,38.8423,38.3487,38.7124,107719546
2008-03-27,38.4872,38.5478,37.855,37.855,124470640
2008-03-28,38.1322,38.4006,37.5259,37.6645,96808419
2008-03-31,37.8031,38.1235,37.6299,37.8637,98366898
2008-04-01,38.4959,39.5005,38.4613,39.4832,118860270
2008-04-02,39.5698,39.8556,39.1195,39.3966,114657792
2008-04-03,39.2234,39.7603,39.0935,39.4832,120999683
2008-04-04,39.6478,40.1415,39.3187,39.7171,120591028
2008-04-07,39.9682,40.1933,39.5351,39.6304,88563208
2008-04-08,39.3273,39.5958,39.1281,39.3273,84166896
2008-04-09,39.3792,39.3966,38.6518,38.8856,110210709
2008-04-10,38.9116,39.6997,38.9116,39.4399,97690743
2008-04-11,38.9896,39.0589,38.2101,38.3487,104043278
2008-04-14,38.2881,38.5219,38.0629,38.1755,77316281
2008-04-15,38.314,38.4093,37.829,38.2274,107591255
2008-04-16,38.7038,39.388,38.6691,39.2927,116074902
2008-04-17,39.336,39.6218,38.9549,39.2061,108305485
2008-04-18,40.28,40.6437,40.0288,40.4532,115204068
2008-04-21,40.3666,40.7736,40.2627,40.739,72144712
2008-04-22,40.4706,40.5052,39.7777,40.1328,90666446
2008-04-23,40.4272,40.7563,40.0752,40.5744,113527087
2008-04-24,40.5918,41.3885,40.1761,40.9382,144365911
2008-04-25,40.9729,41.0075,40.332,40.8343,105610922
2008-04-28,40.9209,41.2413,40.8169,40.9122,61700822
2008-04-29,40.8343,41.3626,40.7563,41.224,79044943
2008-04-30,41.3019,41.6223,40.7303,40.8862,114450791
2008-05-01,40.9122,42.1939,40.8948,42.1766,124361984
2008-05-02,42.601,42.601,41.8649,42.2373,108247614
2008-05-05,42.2026,42.4624,41.9168,42.116,65494696
2008-05-06,41.9947,42.549,41.6916,42.3758,120885349
2008-05-07,42.3758,42.6356,41.4595,41.605,121254063
2008-05-08,41.7782,42.1766,41.6223,41.9168,110905187
2008-05-09,41.5964,41.9688,41.4838,41.7523,84060591
2008-05-12,41.8129,42.601,41.7436,42.5144,77629275
2008-05-13,42.5491,42.7223,42.2286,42.627,74002300
2008-05-14,42.8002,43.2419,42.4711,42.5317,124363084
2008-05-15,42.5317,43.3198,42.4191,43.2765,136185262
2008-05-16,43.3805,43.3978,42.8262,43.3111,126931138
2008-05-19,43.3458,43.7096,42.7309,42.9994,121402587
2008-05-20,42.8262,42.8435,42.3412,42.6703,118790577
2008-05-21,42.7049,42.9561,41.5877,41.7263,166981061
2008-05-22,41.8302,42.168,41.6656,41.8735,132677248
2008-05-23,41.7263,41.8739,41.4145,41.7436,105405188
2008-05-27,41.8475,42.5317,41.8215,42.4797,92656579
2008-05-28,42.679,42.7483,42.22,42.653,105111803
2008-05-29,42.6703,43.2765,42.6529,43.034,124705053
2008-05-30,43.2073,43.5104,43.086,43.3112,81550455
2008-06-02,43.2332,43.2332,42.4018,42.7829,125022984
2008-06-03,42.9474,43.2159,42.1506,42.549,145218977
2008-06-04,42.4104,43.3891,42.3844,43.0946,151530340
2008-06-05,43.1899,43.8308,43.0427,43.7788,109688283
2008-06-06,43.3977,43.4843,42.4537,42.4624,163801030
2008-06-09,42.5318,42.601,41.5271,42.2373,180915600
2008-06-10,41.8129,42.3845,41.709,42.0381,140991752
2008-06-11,41.9601,42.0207,41.0074,41.0334,147546421
2008-06-12,41.3193,41.6657,40.7044,41.0681,164477748
2008-06-13,41.3105,41.9774,41.1027,41.8908,145370703
2008-06-16,41.6743,42.4537,41.631,42.2632,118080447
2008-06-17,42.3932,42.4884,41.9775,42.0381,106483185
2008-06-18,41.7956,41.9601,41.4232,41.5877,146655182
2008-06-19,41.5012,42.4452,41.2327,42.2373,191714646
2008-06-20,41.8944,41.9031,40.9151,41.0971,171108577
2008-06-23,41.2704,41.3744,40.7157,40.7764,114007954
2008-06-24,40.5857,41.0537,40.2217,40.5684,154520194
2008-06-25,40.7418,41.5998,40.6811,41.2271,155152727
2008-06-26,40.4731,40.4731,39.5544,39.5631,164690125
2008-06-27,39.5024,39.7798,38.9738,39.5631,157170643
2008-06-30,39.4591,39.7191,39.1298,39.1471,115204799
2008-07-01,38.8785,39.7451,38.7225,39.7018,212760652
2008-07-02,39.8317,39.9791,38.6877,38.7484,173094242
2008-07-03,38.9824,39.0691,38.3758,38.6791,106701799
2008-07-07,39.0431,39.3984,38.3411,38.9131,156875435
2008-07-08,38.9564,39.8751,38.8004,39.8404,178753394
2008-07-09,39.8318,39.8924,38.7658,38.7831,146098578
2008-07-10,38.8437,39.3637,38.4624,39.2424,206968466
2008-07-11,38.8351,39.2337,38.0031,38.6184,230111059
2008-07-14,39.1124,39.1557,38.1937,38.3324,153736755
2008-07-15,38.1418,38.9391,37.5264,38.3411,246037451
2008-07-16,38.3931,39.3291,38.0637,39.2944,161240343
2008-07-17,39.4851,39.7104,38.9823,39.5544,171213274
2008-07-18,39.1471,39.1471,38.6444,38.6444,139238559
2008-07-21,38.9998,39.1644,38.5578,38.8091,111026090
2008-07-22,38.1504,38.8351,38.0118,38.8091,132187024
2008-07-23,38.8611,39.7711,38.7571,39.3204,146690233
2008-07-24,39.5111,39.5284,38.6964,38.7311,126152012
2008-07-25,38.9825,39.4158,38.7918,39.2338,96733983
2008-07-28,39.2338,39.4504,38.3151,38.4971,107490627
2008-07-29,38.6791,39.4677,38.6271,39.2944,123318369
2008-07-30,39.3985,39.7105,38.8958,39.4938,143588525
2008-07-31,39.0951,39.9964,39.0171,39.3984,156632297
2008-08-01,39.4505,39.4765,38.4798,38.8958,156326281
2008-08-04,38.8871,38.9305,38.3931,38.5058,100798701
2008-08-05,38.9131,39.8405,38.8611,39.8058,131496087
2008-08-06,39.8057,40.5684,39.5024,40.4124,115667779
2008-08-07,40.1697,40.6031,39.9357,40.1004,132430810
2008-08-08,40.0831,41.1144,39.9964,41.0104,124037745
2008-08-11,40.9931,41.8424,40.8544,41.3831,136318193
2008-08-12,41.3917,41.7384,41.1751,41.4264,121849855
2008-08-13,41.3744,41.7037,40.9497,41.3397,147041500
2008-08-14,41.2011,41.9984,41.1577,41.8164,136992354
2008-08-15,41.9031,42.0937,41.5651,41.7384,106699852
2008-08-18,41.8511,41.8684,40.9584,41.2531,131211738
2008-08-19,41.0451,41.2445,40.5165,40.7418,134695372
2008-08-20,41.0451,41.2184,40.5078,40.8111,134737039
2008-08-21,40.4991,40.8024,40.1957,40.6204,103064102
2008-08-22,40.8371,41.3225,40.8025,41.1578,83654979
2008-08-25,40.8631,40.9151,40.1871,40.2911,110998902
2008-08-26,40.3084,40.5338,39.9704,40.2391,92935418
2008-08-27,40.2564,40.8111,40.1178,40.4991,94024043
2008-08-28,40.6637,40.9757,40.5857,40.8284,97766817
2008-08-29,40.3951,40.8385,39.7971,39.9704,115501711
2008-09-02,40.6117,40.8024,39.2944,39.4764,140748492
2008-09-03,39.3855,39.5528,38.8178,39.1038,140124374
2008-09-04,38.8697,38.9217,37.8384,37.8384,190113869
2008-09-05,37.5264,37.9424,37.1017,37.6564,214912311
2008-09-08,38.1678,38.3238,36.9891,37.5351,269595764
2008-09-09,37.5698,37.9511,36.7031,36.7898,185622185
2008-09-10,37.1538,37.4224,36.7898,37.0931,139236139
2008-09-11,36.5471,37.8644,36.5471,37.7864,176314275
2008-09-12,37.4658,37.8818,37.1798,37.6391,149147466
2008-09-15,36.7464,37.5178,36.4258,36.4691,534552517
2008-09-16,35.9404,37.1278,35.9058,36.7551,302942520
2008-09-17,36.2612,36.7655,34.8312,34.8485,294741442
2008-09-18,35.6371,36.3738,34.2331,36.0271,367407520
2008-09-19,38.0028,38.0114,36.5111,37.2049,228434102
2008-09-22,37.0749,37.1529,35.3837,35.4531,142834194
2008-09-23,35.7132,36.2076,35.0715,35.1842,161268433
2008-09-24,35.427,35.7826,35.1408,35.427,138156804
2008-09-25,35.7402,36.4418,35.5832,35.9908,128861821
2008-09-26,34.95,35.9822,34.8807,35.6265,158427433
2008-09-29,34.9154,35.0195,32.2443,32.7993,267072604
2008-09-30,32.7299,34.0828,32.6085,33.7446,169557983
2008-10-01,33.6752,33.7966,32.9814,33.389,151007620
2008-10-02,33.1722,33.1722,31.7759,31.8713,166672413
2008-10-03,32.3136,33.1115,31.3076,31.377,236016094
2008-10-06,30.5791,30.8133,28.5411,30.2322,341832026
2008-10-07,30.475,30.5271,27.986,28.3156,285792593
2008-10-08,27.7085,29.5904,27.6131,28.0901,392488060
2008-10-09,28.7492,29.2089,26.8586,27.3356,305805941
2008-10-10,26.4684,28.1682,25.4797,27.1622,409733971
2008-10-13,28.4977,30.5705,28.0988,30.4664,240528455
2008-10-14,31.3076,31.351,28.784,29.1482,296869018
2008-10-15,28.8187,28.9227,26.4858,26.5378,270658133
2008-10-16,26.7286,27.9861,25.367,27.9774,429212266
2008-10-17,27.4224,29.1829,27.2402,28.0121,283237102
2008-10-20,28.437,28.8446,27.4917,28.7926,201880613
2008-10-21,28.3243,28.8422,27.3009,27.3009,208080388
2008-10-22,27.2229,27.405,25.7659,26.5464,251495702
2008-10-23,26.4164,26.9627,25.0635,26.4424,327791040
2008-10-24,24.3957,26.2343,24.361,25.5925,279366209
2008-10-27,25.2716,26.1908,24.8553,24.8813,207700058
2008-10-28,25.7399,27.6478,25.0201,27.6305,283908699
2008-10-29,27.7085,28.6885,27.1015,27.5611,296070027
2008-10-30,28.333,28.6712,27.7346,28.4804,221401369
2008-10-31,28.0642,28.9921,27.83,28.5238,194506730
2008-11-03,28.4543,28.8742,28.1942,28.463,111443137
2008-11-04,29.0441,29.4951,28.6018,29.2696,158301257
2008-11-05,29.0441,29.1395,27.6825,27.7432,159701538
2008-11-06,27.3183,27.6392,26.3643,26.5031,191471455
2008-11-07,26.8152,27.3009,26.5291,27.0494,153483095
2008-11-10,27.6999,27.7259,26.3643,26.6852,123789066
2008-11-11,26.425,26.6765,25.7745,26.1041,141292737
2008-11-12,25.7139,25.844,24.8467,24.8987,160385603
2008-11-13,24.8292,26.477,23.6585,26.4163,276017461
2008-11-14,25.8439,26.3816,25.0374,25.1328,224969875
2008-11-17,24.7079,25.3496,24.5084,24.6038,175960004
2008-11-18,24.7686,24.9334,23.7539,24.5778,219235193
2008-11-19,24.6299,24.9594,23.2336,23.2943,211859222
2008-11-20,23.0167,23.8059,22.0887,22.1668,297006853
2008-11-21,22.5138,23.1382,21.7246,23.1295,245228556
2008-11-24,23.6065,24.838,23.3983,24.5431,195314944
2008-11-25,24.8206,24.8379,23.8666,24.4303,176096326
2008-11-26,24.1788,25.4624,24.1181,25.4537,143148918
2008-11-28,25.1848,25.3149,25.0027,25.2542,35767683
2008-12-01,24.7166,24.7253,23.3203,23.355,129507169
2008-12-02,23.6585,24.1875,23.2773,24.1355,157647654
2008-12-03,23.5284,24.8987,23.4764,24.8206,200343265
2008-12-04,24.413,24.9593,23.6931,24.1181,163843670
2008-12-05,23.8493,25.2108,23.3723,25.0981,184125777
2008-12-08,25.6272,26.4164,25.5318,26.0868,161180778
2008-12-09,25.7399,26.7372,25.6445,26.0261,154708378
2008-12-10,26.0955,26.4164,25.6879,25.9394,140891009
2008-12-11,25.8439,26.2516,25.0981,25.2282,145219461
2008-12-12,24.8813,25.896,24.6905,25.7399,137557388
2008-12-15,25.7832,25.8092,24.9247,25.2889,93609602
2008-12-16,25.5144,26.5898,25.2363,26.5031,149213236
2008-12-17,26.2169,26.5378,25.8613,26.1822,138729588
2008-12-18,26.1821,26.3643,25.4623,25.7225,123819926
2008-12-19,26.0382,26.3769,25.7603,25.934,102774460
2008-12-22,25.934,25.9861,24.9613,25.3695,82871056
2008-12-23,25.4303,25.7256,25.0916,25.2392,59758228
2008-12-24,25.3608,25.3695,25.1697,25.3087,23632733
2008-12-26,25.3521,25.3869,25.161,25.3,18192290
2008-12-29,25.3868,25.3955,24.718,25.0915,45807855
2008-12-30,25.1697,25.6995,25.1349,25.6126,66989767
2008-12-31,25.604,26.1251,25.5779,25.8298,77490438
2009-01-02,25.8559,27.0371,25.7864,26.9502,93730940
2009-01-05,26.7678,27.2107,26.568,26.9415,79744584
2009-01-06,27.1673,27.4713,27.0196,27.2107,118830768
2009-01-07,26.7591,26.8372,26.2206,26.4377,116435232
2009-01-08,26.3509,26.7504,26.1251,26.7157,114580476
2009-01-09,26.7417,26.7417,25.9861,26.1164,101763030
2009-01-12,26.1598,26.1859,25.3608,25.6387,89265492
2009-01-13,25.6387,26.0382,25.3434,25.6474,161881123
2009-01-14,25.3347,25.4302,24.7267,24.8657,119076742
2009-01-15,24.7963,25.4824,24.3794,25.2731,167442823
2009-01-16,25.6473,25.7081,24.9265,25.5518,152416579
2009-01-20,25.4389,25.5605,24.2838,24.2838,117468120
2009-01-21,24.692,25.352,24.4054,25.3173,129619975
2009-01-22,24.7702,25.3868,24.5443,24.9786,174227119
2009-01-23,24.5878,25.491,24.4401,25.1002,147790754
2009-01-26,25.1523,25.6995,24.9699,25.2826,122010461
2009-01-27,25.3087,25.6821,25.2913,25.465,96331695
2009-01-28,25.908,26.6202,25.8906,26.3596,121416750
2009-01-29,26.0295,26.4037,25.6039,25.6908,113578694
2009-01-30,25.8993,25.9948,25.135,25.2392,121901343
2009-02-02,24.9873,25.7169,24.9613,25.5432,110200884
2009-02-03,25.5866,26.4266,25.2131,25.9427,104751617
2009-02-04,25.9948,26.8083,25.8732,25.9774,152668943
2009-02-05,25.5952,26.7243,25.5865,26.5506,188963142
2009-02-06,26.6723,27.3671,26.5594,27.2455,142880017
2009-02-09,27.2629,27.506,27.0892,27.3584,85856644
2009-02-10,27.1847,27.5147,26.1425,26.3509,202183230
2009-02-11,26.3509,26.5159,25.8211,26.2293,146929772
2009-02-12,25.9079,26.5853,25.7429,26.5506,174703635
2009-02-13,26.4552,26.7331,26.3075,26.4291,125988214
2009-02-17,25.5952,25.7689,25.2391,25.3781,137036963
2009-02-18,25.5431,25.7689,25.0741,25.3955,140064605
2009-02-19,25.5606,25.7169,24.9439,25.0047,134900666
2009-02-20,24.7181,25.3174,24.6573,25.0742,183042881
2009-02-23,25.2132,25.2305,24.0841,24.197,147188202
2009-02-24,24.3186,25.1697,24.2838,24.996,157493744
2009-02-25,24.8571,25.3347,24.4402,24.831,191268196
2009-02-26,24.996,25.1437,24.058,24.1362,183503557
2009-02-27,23.8756,24.3011,23.7887,23.9103,177605413
2009-03-02,23.5543,23.893,22.9898,23.1374,163434730
2009-03-03,23.3198,23.589,22.9463,23.12,137868850
2009-03-04,23.4587,24.0666,23.3805,23.7366,143223929
2009-03-05,23.4761,23.6585,22.9463,23.0245,173371103
2009-03-06,23.1287,23.285,22.3297,22.8421,189703641
2009-03-09,22.6249,23.285,22.2602,22.3557,157335838
2009-03-10,22.8073,23.7887,22.7204,23.7366,152049810
2009-03-11,23.9972,24.3098,23.6758,24.1014,150382232
2009-03-12,24.0754,24.9787,23.8322,24.9005,160251711
2009-03-13,24.9092,25.0482,24.5965,24.9613,136169797
2009-03-16,25.1003,25.1697,24.4836,24.5444,165305063
2009-03-17,24.6747,25.4737,24.5791,25.4737,147520260
2009-03-18,25.3868,26.2293,25.2565,25.795,180779429
2009-03-19,26.1598,26.1685,25.5866,25.7777,127469771
2009-03-20,25.8028,26.1247,25.2112,25.3852,130003374
2009-03-23,25.9768,26.9163,25.4012,26.8815,156280336
2009-03-24,26.6641,26.8642,26.3683,26.3857,105133494
2009-03-25,26.6031,27.012,25.8027,26.5074,165814004
2009-03-26,26.8641,27.3687,26.4613,27.3252,158730957
2009-03-27,27.0294,27.1251,26.7162,26.8119,135806362
2009-03-30,26.3509,26.377,25.768,26.1508,141732459
2009-03-31,26.3683,26.9251,26.3335,26.377,130705179
2009-04-01,26.0463,26.8641,25.9158,26.7684,120009693
2009-04-02,27.2643,28.0734,27.1686,27.6297,184666873
2009-04-03,27.882,28.1865,27.6906,28.143,117075927
2009-04-06,27.8124,28.1256,27.534,28.0734,139552370
2009-04-07,27.7515,27.7689,27.1512,27.3339,128345103
2009-04-08,27.5949,27.969,27.3948,27.795,109723699
2009-04-09,28.2995,28.7171,28.2125,28.6562,114721718
2009-04-13,28.5344,28.7693,28.2995,28.6127,103794242
2009-04-14,28.4388,28.6041,28.0734,28.2648,107934302
2009-04-15,28.0473,28.2126,27.708,28.1865,108577264
2009-04-16,28.5605,29.0825,28.2821,28.9172,148907921
2009-04-17,28.8476,29.1434,28.6475,28.9781,112950560
2009-04-20,28.4475,28.5519,27.8907,28.0473,107074302
2009-04-21,27.9167,28.4822,27.908,28.4387,126569356
2009-04-22,28.2734,29.1695,28.1777,28.5257,143577182
2009-04-23,28.7171,28.8302,28.2647,28.8041,158199666
2009-04-24,29.0129,29.5175,28.7693,29.3087,122811114
2009-04-27,29.0738,29.6306,29.0129,29.3435,105045991
2009-04-28,29.1608,29.5001,29.0216,29.126,94796952
2009-04-29,29.3609,29.9264,29.2652,29.5262,123023160
2009-04-30,29.9003,30.3614,29.6132,29.822,125378026
2009-05-01,29.822,30.0482,29.5871,29.9003,87092780
2009-05-04,30.1612,30.5266,30.0307,30.4918,103800261
2009-05-05,30.4396,30.5005,30.1264,30.4657,98859625
2009-05-06,30.7267,30.7441,29.9785,30.4744,155582556
2009-05-07,30.6659,30.6833,29.474,29.7611,188331485
2009-05-08,29.8829,30.2222,29.474,29.7785,159642771
2009-05-11,29.387,30.2048,29.3,29.8829,124208388
2009-05-12,29.9438,29.996,29.1608,29.5175,128615650
2009-05-13,29.2565,29.2739,28.6736,28.7258,152718417
2009-05-14,28.7954,29.3174,28.778,29.0477,121812077
2009-05-15,29.0216,29.4218,28.9085,29.0303,105548068
2009-05-18,29.2217,29.822,29.0478,29.7872,99464714
2009-05-19,29.7002,30.2222,29.5349,29.9264,112299162
2009-05-20,30.0482,30.4832,29.735,29.822,114723966
2009-05-21,29.5958,29.8046,28.9781,29.2739,121143584
2009-05-22,29.387,29.5523,28.9868,29.1782,72658667
2009-05-26,28.8737,30.3004,28.865,30.2656,126018606
2009-05-27,30.17,30.6137,29.9525,30.0569,105606377
2009-05-28,30.2482,30.5092,29.761,30.4048,103464443
2009-05-29,30.4309,30.8833,30.2395,30.7789,97030695
2009-06-01,31.0834,31.7533,30.979,31.6576,103691648
2009-06-02,31.4836,32.0056,31.414,31.7011,110361066
2009-06-03,31.5619,31.6402,31.2574,31.6054,81192488
2009-06-04,31.6662,32.0055,31.614,31.962,77669722
2009-06-05,32.1534,32.2578,31.6836,31.9968,106101841
2009-06-08,31.7794,32.1448,31.4227,31.9012,77594727
2009-06-09,32.049,32.3361,31.9011,32.1447,94988064
2009-06-10,32.3361,32.3448,31.5705,32.0316,116055475
2009-06-11,31.9794,32.3883,31.9707,32.0316,128674211
2009-06-12,31.9012,31.9438,31.4923,31.8838,95218591
2009-06-15,31.5619,31.6054,30.9529,31.2313,97567710
2009-06-16,31.3705,31.4836,30.9007,30.9268,96173390
2009-06-17,31.0312,31.501,30.8398,31.2217,133469568
2009-06-18,31.1704,31.3705,30.9442,31.1617,109846039
2009-06-19,31.3916,31.6703,31.2784,31.4961,106308130
2009-06-22,31.1825,31.2609,30.5031,30.5554,119952415
2009-06-23,30.6599,30.7122,30.2854,30.4857,100082811
2009-06-24,30.747,31.2435,30.7296,30.9996,89989079
2009-06-25,30.8167,31.6703,30.7296,31.6093,98022882
2009-06-26,31.47,31.7922,31.4003,31.679,76368679
2009-06-29,31.74,32.01,31.4613,31.7487,81717055
2009-06-30,31.8358,31.9926,31.4525,31.6877,85223189
2009-07-01,31.8271,32.0884,31.6965,31.7052,74886911
2009-07-02,31.4351,31.4438,30.9212,31.0083,98695061
2009-07-06,30.8167,30.956,30.5205,30.8428,93749998
2009-07-07,30.8515,30.9125,30.0589,30.0763,130455175
2009-07-08,30.2505,30.3725,29.876,30.2331,133071287
2009-07-09,30.3464,30.4944,30.1809,30.2854,85230684
2009-07-10,30.1895,30.6076,30.1047,30.416,94489853
2009-07-13,30.4421,31.0083,30.0328,30.9996,110741742
2009-07-14,30.9387,31.1739,30.8342,31.1129,100717650
2009-07-15,31.6268,32.1668,31.4787,32.1581,140120910
2009-07-16,32.0013,32.611,31.9838,32.5413,104646408
2009-07-17,32.5413,32.7242,32.3758,32.7155,91375540
2009-07-20,32.881,33.0988,32.7591,33.0291,84635966
2009-07-21,33.1598,33.2556,32.7852,33.2556,113744606
2009-07-22,33.273,33.6998,33.212,33.5343,99129657
2009-07-23,33.4908,34.3966,33.4385,34.2747,139856808
2009-07-24,33.9089,34.2921,33.7781,34.0134,95213308
2009-07-27,34.2224,34.327,33.8566,34.2747,82501887
2009-07-28,34.1266,34.4837,33.9088,34.0395,97174851
2009-07-29,34.2486,34.3444,33.9699,34.266,110217541
2009-07-30,34.6144,34.9976,34.414,34.4663,94914979
2009-07-31,34.4576,34.7121,34.327,34.3618,68121098
2009-08-03,34.7102,34.8931,34.5273,34.8757,97312874
2009-08-04,34.7189,35.0064,34.6405,34.8757,87703765
2009-08-05,34.9541,34.9628,34.3705,34.6057,102861589
2009-08-06,34.6579,34.7799,34.1789,34.3008,101854909
2009-08-07,34.7624,34.9018,34.4837,34.7363,93645339
2009-08-10,34.6056,34.7102,34.2659,34.4924,75920863
2009-08-11,34.3357,34.4053,34.0134,34.1963,80066628
2009-08-12,34.1527,35.0325,34.144,34.7276,128249105
2009-08-13,34.9279,34.9802,34.5272,34.9192,95905422
2009-08-14,34.7451,34.806,34.2137,34.5186,108424990
2009-08-17,33.9437,33.9785,33.4995,33.5169,114798172
2009-08-18,33.7259,34.8234,33.6301,33.9959,73695101
2009-08-19,33.6127,34.3182,33.5691,34.2311,76681359
2009-08-20,34.2137,34.7015,34.144,34.6318,70965120
2009-08-21,34.8495,35.1544,34.6143,35.0934,99871342
2009-08-24,35.1544,35.3373,34.9279,35.0586,95729487
2009-08-25,35.137,35.5028,35.0586,35.1631,80918103
2009-08-26,35.0934,35.3643,34.9105,35.1021,83972826
2009-08-27,35.1195,35.2502,34.5534,35.1892,106227656
2009-08-28,35.6161,35.7816,34.9802,35.2241,99566618
2009-08-31,34.9802,35.0151,34.658,34.867,83979812
2009-09-01,34.7276,35.3547,34.1092,34.2137,141940596
2009-09-02,34.0482,34.3792,34.0047,34.1876,80793445
2009-09-03,34.353,34.4664,33.9872,34.414,66879603
2009-09-04,34.475,35.1718,34.4227,35.1544,65210328
2009-09-08,35.407,35.5202,35.2415,35.4854,61863696
2009-09-09,35.5028,35.9644,35.3547,35.7902,86483574
2009-09-10,35.8076,36.1735,35.7118,36.1299,86482743
2009-09-11,36.1474,36.2519,35.9035,36.1648,81762208
2009-09-14,35.9121,36.3302,35.8947,36.3041,78880004
2009-09-15,36.2867,36.5393,36.2084,36.4174,79780800
2009-09-16,36.5655,37.001,36.4435,36.9487,84391859
2009-09-17,36.8616,37.1578,36.7658,36.94,88991786
2009-09-18,37.1063,37.1586,36.8012,37.0017,76246741
2009-09-21,36.8098,37.2283,36.7575,37.115,62208248
2009-09-22,37.333,37.3417,37.0015,37.1848,65946015
2009-09-23,37.3417,37.6381,36.9468,37.0104,125481467
2009-09-24,37.1499,37.2197,36.4175,36.6791,96790543
2009-09-25,36.4262,36.6965,36.2519,36.3565,95220817
2009-09-28,36.5483,37.1935,36.5221,36.9755,73658165
2009-09-29,36.9756,37.1587,36.6442,36.8099,93015529
2009-09-30,36.9581,37.1432,36.2693,36.836,150920879
2009-10-01,36.714,36.7314,35.7462,35.7462,122164041
2009-10-02,35.5021,35.9642,35.5021,35.6416,126673539
2009-10-05,35.8247,36.095,35.598,35.9293,84617490
2009-10-06,36.1212,36.7402,35.9386,36.5658,108658143
2009-10-07,36.5135,36.6878,36.4176,36.6704,81769519
2009-10-08,36.8883,37.1586,36.7401,36.8273,94030278
2009-10-09,36.7489,37.0976,36.6704,37.0366,54777194
2009-10-12,37.1673,37.3766,36.8622,37.115,46401920
2009-10-13,37.0888,37.2719,36.9406,37.1237,61848896
2009-10-14,37.5771,37.7454,37.3591,37.6294,79343347
2009-10-15,37.4289,37.5945,37.3765,37.5422,74781606
2009-10-16,37.4202,37.4812,37.0365,37.2981,97525727
2009-10-19,37.3243,37.7253,37.1324,37.673,72810582
2009-10-20,37.8822,37.8909,37.4376,37.6817,78334535
2009-10-21,37.6643,38.2049,37.5423,37.612,96250884
2009-10-22,37.551,37.9171,37.3068,37.7602,74868046
2009-10-23,38.0915,38.1264,37.5074,37.6033,102033635
2009-10-26,37.6381,38.1525,37.3068,37.4812,93348583
2009-10-27,37.4463,37.5858,36.775,36.9145,105876961
2009-10-28,36.7837,36.897,36.0077,36.0862,125158258
2009-10-29,36.339,36.7837,36.217,36.6965,74288854
2009-10-30,36.6703,36.7488,35.6764,35.7113,141935334
2009-11-02,35.755,36.2432,35.4324,35.8596,124258012
2009-11-03,35.7201,36.0252,35.6067,35.9729,82919861
2009-11-04,36.1908,36.5047,35.9903,36.0339,94135056
2009-11-05,36.4524,36.9668,36.4262,36.9232,117879428
2009-11-06,36.7576,37.1848,36.6878,37.1412,83970683
2009-11-09,37.4202,37.9433,37.3853,37.9346,88599041
2009-11-10,37.8823,38.1625,37.8387,38.0305,63511846
2009-11-11,38.3095,38.4838,38.0218,38.2746,73825608
2009-11-12,38.292,38.5012,37.9694,38.0566,80582385
2009-11-13,38.17,38.4838,38.0392,38.3705,76688239
2009-11-16,38.5274,38.9285,38.4664,38.7628,76528270
2009-11-17,38.6582,38.8849,38.5797,38.8849,71391281
2009-11-18,38.7716,38.789,38.4054,38.6696,87395926
2009-11-19,38.4141,38.4316,37.7951,38.0654,99878436
2009-11-20,37.8473,37.9694,37.734,37.8735,61825230
2009-11-23,38.2484,38.7105,38.2397,38.4838,79880831
2009-11-24,38.4839,38.4926,38.1264,38.3531,52895665
2009-11-25,38.4838,38.5536,38.3705,38.5187,32808069
2009-11-27,37.49,38.2136,37.4028,37.9346,53383887
2009-11-30,37.8474,38.0305,37.5859,37.9782,73950571
2009-12-01,38.2572,38.6233,38.2572,38.3705,71333535
2009-12-02,38.5013,38.789,38.3443,38.4228,71190304
2009-12-03,38.5711,38.7977,38.2572,38.2659,63175230
2009-12-04,38.7541,38.9982,38.0653,38.4664,109036805
2009-12-07,38.4315,38.6146,38.2048,38.2833,58825856
2009-12-08,38.0828,38.3618,37.8038,38.0497,75521684
2009-12-09,38.0217,38.4664,37.7689,38.4315,68720248
2009-12-10,38.5797,38.8325,38.571,38.6233,66890945
2009-12-11,38.8151,38.8762,38.3182,38.4751,58103794
2009-12-14,38.7367,38.8849,38.5274,38.8413,41819116
2009-12-15,38.7192,38.9459,38.51,38.6233,53332447
2009-12-16,38.7716,38.9721,38.6147,38.6757,53732378
2009-12-17,38.5101,38.5449,38.1526,38.2049,78851778
2009-12-18,38.5521,38.8491,38.4298,38.8316,84233446
2009-12-21,39.015,39.4168,39.015,39.2683,71952339
2009-12-22,39.3731,39.5565,39.3294,39.5041,45040647
2009-12-23,39.6003,39.8011,39.4867,39.7924,64572866
2009-12-24,39.836,40.1592,39.8273,40.1592,27748409
2009-12-28,40.2465,40.4387,40.1242,40.3688,43129976
2009-12-29,40.3688,40.395,40.168,40.2029,28307235
2009-12-30,40.1766,40.4037,40.1417,40.3251,50319174
2009-12-31,40.395,40.4168,39.9583,39.9583,43739412
2010-01-04,40.4562,40.6003,40.4125,40.5435,54869803
2010-01-05,40.5086,40.6134,40.3164,40.5435,54968317
2010-01-06,40.5173,40.657,40.2378,40.2989,83875688
2010-01-07,40.3513,40.4124,40.1067,40.3251,67334297
2010-01-08,40.2116,40.657,40.1155,40.657,77633997
2010-01-11,40.7007,40.7357,40.2815,40.4911,91422281
2010-01-12,40.2465,40.2989,39.7661,39.9845,79195013
2010-01-13,40.1155,40.6046,39.836,40.4823,87917773
2010-01-14,40.4038,40.6308,40.3688,40.5173,66215236
2010-01-15,40.5784,40.657,39.8709,40.0456,110805428
2010-01-19,40.1418,40.7357,40.133,40.692,73705141
2010-01-20,40.4125,40.7042,39.6788,40.1068,127237693
2010-01-21,40.229,40.4823,39.5653,39.7312,178995214
2010-01-22,39.6002,39.7225,38.4648,38.5696,149438504
2010-01-25,38.7705,38.9539,38.5347,38.7006,134695376
2010-01-26,38.6744,39.2071,38.4735,38.7355,122989716
2010-01-27,38.6831,39.1722,38.4386,39.0412,141170716
2010-01-28,38.7792,38.8054,37.8359,38.0368,193406701
2010-01-29,38.3425,38.4473,37.2333,37.373,185271909
2010-02-01,37.4778,37.8016,37.4516,37.7835,119505480
2010-02-02,37.8271,38.2376,37.5826,38.1241,96709970
2010-02-03,37.9495,38.4037,37.9233,38.3338,81734748
2010-02-04,38.063,38.1328,37.2245,37.2245,132453895
2010-02-05,37.3381,37.5739,36.7879,37.539,186575730
2010-02-08,37.4866,37.7136,37.242,37.2682,82409595
2010-02-09,37.7049,38.0019,37.3468,37.6525,103896712
2010-02-10,37.6438,37.8272,37.3381,37.5739,82189931
2010-02-11,37.5652,38.2464,37.3468,38.1416,81271032
2010-02-12,37.7922,38.325,37.6962,38.2202,82051146
2010-02-16,38.4997,38.7355,38.2988,38.7093,73244919
2010-02-17,38.8666,38.9277,38.6569,38.9277,72223337
2010-02-18,38.9014,39.2421,38.8228,39.1722,57428575
2010-02-19,39.0937,39.3469,38.9714,39.1548,70236195
2010-02-22,39.312,39.3295,38.919,39.0762,62933219
2010-02-23,39.0325,39.0762,38.3862,38.5696,83684790
2010-02-24,38.7879,39.1198,38.7093,38.9626,75629011
2010-02-25,38.5259,39.0412,38.2814,38.9539,85559968
2010-02-26,38.9539,39.1809,38.7792,39.0936,57838928
2010-03-01,39.2595,39.7312,39.2595,39.6613,67505451
2010-03-02,39.7749,40.0456,39.6963,39.7836,66700572
2010-03-03,39.8884,40.0194,39.6788,39.8273,57421983
2010-03-04,39.8622,40.0107,39.6526,39.9583,47575129
2010-03-05,40.264,40.6483,40.168,40.561,59510654
2010-03-08,40.5785,40.7357,40.561,40.6396,51279744
2010-03-09,40.526,41.0937,40.526,40.8666,85596036
2010-03-10,40.8753,41.2946,40.8753,41.1985,89592892
2010-03-11,41.1111,41.3557,41.0325,41.3557,58963779
2010-03-12,41.4868,41.513,41.1374,41.3645,55957593
2010-03-15,41.2772,41.382,40.9715,41.2597,52535740
2010-03-16,41.3907,41.5828,41.2509,41.5217,65462272
2010-03-17,41.5741,41.8361,41.5129,41.6352,66067344
2010-03-18,41.6789,41.8187,41.5741,41.775,67976615
2010-03-19,41.9249,41.9249,41.3741,41.5227,75488460
2010-03-22,41.3653,42.0648,41.3129,41.8987,62867941
2010-03-23,41.9686,42.2309,41.7675,42.1894,51746088
2010-03-24,42.091,42.1173,41.8899,41.9861,55110124
2010-03-25,42.3358,42.4932,41.8812,41.9249,66756386
2010-03-26,42.091,42.2571,41.7413,41.9686,68258280
2010-03-29,42.1697,42.3183,42.056,42.1697,50706130
2010-03-30,42.2834,42.4495,42.0211,42.3096,43240796
2010-03-31,42.1697,42.3621,42.0298,42.1085,52414757
2010-04-01,42.2659,42.5806,41.785,42.1085,73207734
2010-04-05,42.196,42.5982,42.0911,42.502,49155995
2010-04-06,42.3971,42.7556,42.3096,42.6244,47299583
2010-04-07,42.572,42.7293,42.2922,42.5195,67509611
2010-04-08,42.4145,42.6855,42.1784,42.6156,59738673
2010-04-09,42.6419,42.8867,42.5238,42.8692,47413369
2010-04-12,42.8867,43.0179,42.7905,42.9042,38716605
2010-04-13,42.8605,43.149,42.7206,43.1228,51915166
2010-04-14,43.3413,43.6473,43.2801,43.6386,60334015
2010-04-15,43.6124,43.8835,43.6037,43.831,63175176
2010-04-16,43.6736,43.8223,43.0179,43.3064,111381216
2010-04-19,43.1577,43.42,42.7555,43.2801,85905910
2010-04-20,43.5031,43.6124,43.2189,43.4987,60805178
2010-04-21,43.796,43.8834,43.4768,43.7435,65356136
2010-04-22,43.3414,44.0321,43.0703,43.9884,96595328
2010-04-23,43.9709,44.2157,43.796,44.172,67504060
2010-04-26,44.1807,44.2856,43.9796,44.0758,58896784
2010-04-27,43.9096,44.0932,43.0265,43.1402,98458282
2010-04-28,43.3676,43.3938,42.8255,43.1665,113736859
2010-04-29,43.3763,44.0058,43.3763,43.9184,73602570
2010-04-30,43.9009,43.9708,43.0178,43.0506,96962234
2010-05-03,43.2189,43.8659,43.2189,43.6561,64849901
2010-05-04,43.114,43.1228,42.0386,42.3446,123402120
2010-05-05,41.9511,42.4058,41.6539,42.126,112406125
2010-05-06,41.8375,42.2485,36.3291,40.7183,239882821
2010-05-07,40.4123,40.9194,38.719,39.7041,251987068
2010-05-10,41.4615,41.7937,41.3653,41.7675,118947400
2010-05-11,41.3653,42.3096,41.2691,41.7238,98973365
2010-05-12,41.9511,42.5457,41.8812,42.5107,74723640
2010-05-13,42.3446,42.6594,41.7327,41.8375,89921512
2010-05-14,41.5227,41.549,40.5522,41.0331,128866492
2010-05-17,41.1292,41.3303,40.2811,41.1642,105769181
2010-05-18,41.5052,41.6014,40.4123,40.5959,133838023
2010-05-19,40.4473,40.7708,39.8265,40.2724,139021354
2010-05-20,39.4943,39.5904,38.6899,38.7773,165505011
2010-05-21,38.1565,39.9052,38.0253,39.2057,166677655
2010-05-24,39.1795,39.6297,39.0308,39.0483,99138615
2010-05-25,38.1827,39.1358,37.798,39.0833,136085857
2010-05-26,39.2844,39.844,38.5762,38.6461,122586049
2010-05-27,39.538,40.1238,39.4243,40.1063,96821779
2010-05-28,40.1675,40.2112,39.5205,39.8702,112384386
2010-06-01,39.7391,40.4386,39.4593,39.503,91144301
2010-06-02,39.739,40.4647,39.4592,40.4385,85029529
2010-06-03,40.5347,40.8931,40.2898,40.8232,86497612
2010-06-04,39.9664,40.4735,39.291,39.4265,98669901
2010-06-07,39.6429,39.7478,38.6636,38.7073,77324187
2010-06-08,38.7948,38.891,38.1128,38.6374,117153773
2010-06-09,38.8909,39.2668,38.2001,38.3138,89250779
2010-06-10,38.8122,39.4505,38.6811,39.4068,67230523
2010-06-11,39.0221,39.8178,39.0046,39.7828,65005731
2010-06-14,40.1412,40.4298,39.7041,39.774,59529814
2010-06-15,39.9664,40.8932,39.7418,40.8407,66741061
2010-06-16,40.727,41.2166,40.6571,41.0068,68548373
2010-06-17,41.2342,41.2517,40.7795,41.138,67422445
2010-06-18,41.225,41.4702,41.0498,41.1724,66507757
2010-06-21,41.698,41.7681,40.5855,40.822,83648369
2010-06-22,40.9884,41.295,40.4278,40.5066,82776912
2010-06-23,40.5504,40.7081,40.0248,40.3402,80941040
2010-06-24,40.1562,40.2876,39.5956,39.727,100490743
2010-06-25,39.8671,39.9985,39.3766,39.6569,77999999
2010-06-28,39.6745,39.9022,39.254,39.5168,62528447
2010-06-29,38.9123,38.9473,37.7297,37.9925,119473661
2010-06-30,37.8698,38.2553,37.353,37.4143,88751172
2010-07-01,37.5107,37.6333,36.5909,37.3092,139018066
2010-07-02,37.3793,37.512,36.8712,37.2041,68823889
2010-07-06,37.7472,37.9925,37.0114,37.318,77607287
2010-07-07,37.4406,38.5531,37.4055,38.5093,63465317
2010-07-08,38.816,38.8773,38.2641,38.7196,68560479
2010-07-09,38.7021,39.0963,38.6145,39.0875,41926695
2010-07-12,39.0525,39.4467,38.9474,39.2014,53379465
2010-07-13,39.5343,39.8584,39.2452,39.7095,81740856
2010-07-14,39.7884,40.13,39.6307,39.911,76821407
2010-07-15,39.8234,40.0686,39.4116,39.946,84090190
2010-07-16,39.8058,39.9706,38.8072,38.8422,86577511
2010-07-19,38.9649,39.2539,38.632,39.1751,71658138
2010-07-20,38.5357,39.6482,38.4218,39.6482,78018480
2010-07-21,40.0774,40.0861,39.0349,39.105,73213961
2010-07-22,39.6481,40.2789,39.6306,40.0949,72612540
2010-07-23,39.8234,40.384,39.7533,40.349,71005871
2010-07-26,40.4015,40.6993,40.2175,40.6818,56809821
2010-07-27,40.9008,40.9271,40.4803,40.6643,59266820
2010-07-28,40.6293,40.8045,40.1913,40.3402,45542046
2010-07-29,40.5592,40.6556,39.6394,40.0424,75068701
2010-07-30,39.7358,40.3753,39.4818,40.13,86688227
2010-08-02,40.6293,40.9884,40.4804,40.8833,60187631
2010-08-03,40.8483,40.9096,40.5154,40.7081,53316807
2010-08-04,40.9008,41.1637,40.7344,41.1181,38384771
2010-08-05,40.9271,41.1023,40.7519,41.0235,34295891
2010-08-06,40.5768,41.041,40.3402,40.9622,62494019
2010-08-09,41.1812,41.3389,40.9885,41.2425,23597061
2010-08-10,40.9271,41.1286,40.5417,40.8855,75945079
2010-08-11,40.2176,40.2263,39.6044,39.7708,80785224
2010-08-12,39.0349,39.6306,38.9386,39.4554,57816938
2010-08-13,39.3065,39.4729,39.1663,39.1751,40635636
2010-08-16,38.9649,39.5168,38.8072,39.2452,48594720
2010-08-17,39.5168,40.1037,39.4467,39.7463,49868641
2010-08-18,39.6744,40.1387,39.5168,39.9022,54169300
2010-08-19,39.6745,39.8234,39.035,39.2978,72682069
2010-08-20,39.2364,39.4467,39.0174,39.3503,58523155
2010-08-23,39.6394,39.7183,38.9474,38.9649,60980893
2010-08-24,38.5532,38.6495,38.0757,38.2378,69288616
2010-08-25,37.975,38.7721,37.9049,38.6057,76517499
2010-08-26,38.7546,38.8247,38.1064,38.1414,79912075
2010-08-27,38.4217,38.6845,37.6421,38.6057,96006959
2010-08-30,38.4305,38.7633,38.1939,38.2027,43251239
2010-08-31,38.01,38.4129,37.826,38.0713,63131105
2010-09-01,38.632,39.3416,38.6058,39.2102,73167058
2010-09-02,39.2803,39.6657,39.1839,39.6482,36631852
2010-09-03,40.0599,40.314,39.9022,40.3052,56100597
2010-09-07,40.1387,40.3227,39.9679,40.0336,44847392
2010-09-08,40.1562,40.6906,40.1387,40.5154,58590894
2010-09-09,40.8833,40.9096,40.5767,40.6731,53853864
2010-09-10,40.7256,40.8833,40.5154,40.822,58688791
2010-09-13,41.1286,41.4965,41.1198,41.3914,56522947
2010-09-14,41.3213,41.7856,41.2425,41.5666,80072249
2010-09-15,41.479,41.8732,41.3388,41.8294,58787280
2010-09-16,41.7681,42.0309,41.6455,41.9959,58592566
2010-09-17,42.2694,42.2694,41.927,42.1421,67059079
2010-09-20,42.3046,42.9631,42.2432,42.8752,74227499
2010-09-21,42.8841,43.1738,42.6821,42.8665,72309869
2010-09-22,42.6821,43.0429,42.5152,42.7523,77545864
2010-09-23,42.4889,43.165,42.4275,42.7348,74669497
2010-09-24,43.2178,43.6304,43.1563,43.6041,69801579
2010-09-27,43.5953,43.6831,43.3319,43.367,38531923
2010-09-28,43.4723,43.4987,42.6645,43.3494,92127703
2010-09-29,43.288,43.4899,43.1212,43.2792,71718588
2010-09-30,43.4987,43.7621,42.805,43.086,107524895
2010-10-01,43.4284,43.4899,42.8322,43.0333,68209085
2010-10-04,42.9017,43.0685,42.3221,42.568,62657389
2010-10-05,43.0509,43.6919,43.0246,43.6041,87191757
2010-10-06,43.5426,43.648,42.9455,43.2265,71851976
2010-10-07,43.4811,43.4986,43.0245,43.3845,66462548
2010-10-08,43.4197,43.7885,43.0948,43.6831,73074863
2010-10-11,43.7094,43.9201,43.5689,43.7006,41162964
2010-10-12,43.6304,44.087,43.2529,43.9992,77770504
2010-10-13,44.2538,44.5612,44.1485,44.3592,62449464
2010-10-14,44.3768,44.4646,44.0519,44.2714,60114771
2010-10-15,44.8158,45.2197,44.4558,45.2109,91891659
2010-10-18,45.2373,45.4129,45.0441,45.0441,63663343
2010-10-19,44.6138,45.0441,44.2714,44.6226,92844945
2010-10-20,44.7455,45.2812,44.6665,44.9475,71000226
2010-10-21,45.2285,45.4042,44.5963,45.0353,75411806
2010-10-22,45.0441,45.3865,44.965,45.3426,41627696
2010-10-25,45.527,45.8606,45.527,45.5621,45143825
2010-10-26,45.325,45.7904,45.1494,45.685,53120567
2010-10-27,45.4567,45.8606,45.3601,45.8255,50473184
2010-10-28,46.0275,46.0538,45.5182,45.9221,53754320
2010-10-29,45.9133,46.0889,45.8077,45.8167,40977487
2010-11-01,45.9924,46.3173,45.6412,45.8519,53170958
2010-11-02,46.2382,46.4753,46.1636,46.3436,42267160
2010-11-03,46.3963,46.5719,45.9748,46.5543,110832773
2010-11-04,47.0899,47.2931,46.9757,47.125,73932756
2010-11-05,47.1513,47.2479,46.9845,47.125,68432733
2010-11-08,47.0372,47.2655,46.9318,47.1843,34791421
2010-11-09,47.3885,47.45,46.7212,46.9319,58802922
2010-11-10,47.0022,47.2129,46.6246,47.1646,73364471
2010-11-11,46.4489,46.9582,46.2382,46.8748,74777992
2010-11-12,46.6246,46.8592,45.7553,46.1065,87071355
2010-11-15,46.3436,46.4314,45.9133,45.9353,49806087
2010-11-16,45.5973,45.8749,44.649,45.1758,88768122
2010-11-17,45.2109,45.5446,45.088,45.3075,68344211
2010-11-18,45.7904,46.3524,45.7729,46.0363,62770467
2010-11-19,45.9573,46.1768,45.7816,46.0714,47865007
2010-11-22,45.8782,46.4577,45.8079,46.4577,61392311
2010-11-23,46.0012,46.0539,45.4568,45.7202,67523083
2010-11-24,46.168,46.7562,46.1504,46.6421,46936721
2010-11-26,46.3612,46.6509,46.247,46.5087,20757422
2010-11-29,46.2734,46.449,45.7465,46.2997,78380166
2010-11-30,45.8167,46.3045,45.5533,45.7333,104366497
2010-12-01,46.4226,46.9407,46.3963,46.7036,71787838
2010-12-02,46.7738,47.2479,46.7211,47.1777,49947056
2010-12-03,46.9758,47.3622,46.9758,47.3007,33378437
2010-12-06,47.2919,47.3709,47.1338,47.2787,34517558
2010-12-07,47.845,47.8714,47.2567,47.3094,51864054
2010-12-08,47.4323,47.5465,47.1425,47.485,42205146
2010-12-09,47.7748,47.8011,47.3709,47.5333,45377445
2010-12-10,47.6694,47.8977,47.4938,47.8494,39245510
2010-12-13,48.0382,48.0645,47.6519,47.6782,46633452
2010-12-14,47.7836,47.9592,47.6167,47.7616,61414447
2010-12-15,47.7397,48.0294,47.4412,47.5553,67567692
2010-12-16,47.5992,47.9943,47.4675,47.9241,57529459
2010-12-17,47.9842,48.1074,47.8698,47.9666,32420177
2010-12-20,48.0282,48.1778,47.6499,48.0018,42370740
2010-12-21,48.1777,48.2921,48.0546,48.2921,31475075
2010-12-22,48.2657,48.3537,48.2041,48.2877,31467228
2010-12-23,48.1953,48.2745,48.0458,48.1619,19063673
2010-12-27,48.0545,48.2657,47.6938,48.1865,25745879
2010-12-28,48.2834,48.3185,47.993,48.0986,21263505
2010-12-29,48.2305,48.3009,48.1513,48.2041,21231877
2010-12-30,48.2042,48.213,47.993,48.0898,24249163
2010-12-31,48.037,48.0546,47.6939,47.9138,33930222
2011-01-03,48.3528,48.9959,48.3449,48.6616,80056548
2011-01-04,48.8551,48.8727,48.3185,48.622,38580388
2011-01-05,48.4856,49.0575,48.4504,49.0399,38523831
2011-01-06,49.0839,49.2335,48.9871,49.1983,40593471
2011-01-07,49.2863,49.3127,48.6704,49.1543,63575622
2011-01-10,49.0224,49.4271,48.8992,49.3391,48874357
2011-01-11,49.5239,49.5855,49.2247,49.4095,49852716
2011-01-12,49.6382,49.7614,49.4447,49.757,45731025
2011-01-13,49.7878,49.911,49.6294,49.7746,41729176
2011-01-14,49.7878,50.1661,49.6734,50.1485,38594460
2011-01-18,49.7262,50.3509,49.6998,50.2893,57893374
2011-01-19,50.3597,50.3772,49.5502,49.7174,59621454
2011-01-20,49.5327,49.5767,48.9872,49.3655,81256240
2011-01-21,49.6119,49.6998,48.9608,48.9872,52500484
2011-01-24,49.0839,49.6734,48.9872,49.6646,56397911
2011-01-25,49.4271,49.7526,49.3127,49.7372,48657265
2011-01-26,49.8229,50.1309,49.6646,49.9989,53269644
2011-01-27,50.1572,50.4564,50.0781,50.3068,47206464
2011-01-28,50.2892,50.342,48.8024,49.0311,108531609
2011-01-31,49.1015,49.4095,48.732,49.2687,62087883
2011-02-01,49.6373,50.3069,49.5854,50.1925,67702963
2011-02-02,50.0781,50.2981,50.0077,50.1089,42811813
2011-02-03,50.0165,50.2717,49.6206,50.1991,39891708
2011-02-04,50.1925,50.518,50.0605,50.4784,41920352
2011-02-07,50.5796,51.0019,50.5005,50.7204,40142404
2011-02-08,50.7204,51.0899,50.6412,51.0503,33520159
2011-02-09,50.9755,51.1339,50.8083,50.9667,55023239
2011-02-10,50.6852,51.1163,50.5796,51.0468,61757167
2011-02-11,50.9139,51.4506,50.8259,51.4154,42101394
2011-02-14,51.4066,51.609,51.3626,51.5386,42675537
2011-02-15,51.4154,51.5298,51.2307,51.4682,34948891
2011-02-16,51.5914,51.9433,51.5826,51.8034,46683249
2011-02-17,51.5562,51.8861,51.5122,51.7849,33750670
2011-02-18,51.8025,51.8817,51.4769,51.6705,39011735
2011-02-22,51.0283,51.1427,50.0957,50.1749,81466578
2011-02-23,50.1485,50.3509,49.3831,49.7614,86081989
2011-02-24,49.8845,50.1749,49.3918,50.0209,86850051
2011-02-25,50.2893,50.782,50.2541,50.7204,47592344
2011-02-28,50.9139,51.0723,50.5268,50.825,45224059
2011-03-01,51.0195,51.0459,49.8801,50.0077,80934781
2011-03-02,49.9902,50.5981,49.9638,50.2717,54154145
2011-03-03,50.7467,51.3494,50.7379,51.2614,56526926
2011-03-04,51.2482,51.257,50.6676,50.9997,54836341
2011-03-07,51.213,51.2569,49.8581,50.3156,86633593
2011-03-08,50.2365,50.7467,49.9461,50.518,54898604
2011-03-09,50.3333,50.3861,49.9022,50.1749,74575352
2011-03-10,49.6118,49.7262,49.1895,49.3919,90611797
2011-03-11,49.1191,49.8494,49.1103,49.6998,71861367
2011-03-14,49.427,49.7877,49.1455,49.5238,64772237
2011-03-15,48.0722,49.1103,47.9226,48.82,89101820
2011-03-16,48.4153,48.6881,47.3068,47.6411,155290273
2011-03-17,48.3977,48.6001,47.623,48.081,83083187
2011-03-18,48.6333,48.6509,47.9373,47.9725,83599137
2011-03-21,48.7126,49.1443,48.0127,48.8976,50589151
2011-03-22,48.9593,48.9945,48.7038,48.8051,31938756
2011-03-23,48.6245,49.2236,48.2985,49.0826,53183898
2011-03-24,49.4438,50.0605,49.1795,49.9548,61234132
2011-03-25,50.1223,50.413,49.9812,50.0782,65314761
2011-03-28,50.2984,50.3072,49.7786,49.805,33324089
2011-03-29,49.6905,50.2896,49.5407,50.2896,42285067
2011-03-30,50.5363,50.598,50.2896,50.5275,39590176
2011-03-31,50.4394,50.6421,50.3513,50.598,44178167
2011-04-01,50.8535,51.0121,50.4746,50.6244,59938505
2011-04-04,50.7654,50.8182,50.2367,50.457,42870423
2011-04-05,50.36,50.6508,50.2191,50.3248,48796140
2011-04-06,50.6949,50.8623,50.1575,50.4482,43639595
2011-04-07,50.4218,50.7478,50.0518,50.413,53484185
2011-04-08,50.6421,50.7213,49.9108,50.1751,37692657
2011-04-11,50.3601,50.4746,49.8315,50.0077,37401479
2011-04-12,49.7963,49.902,49.4703,49.6641,44618263
2011-04-13,50.0165,50.2192,49.6905,50.087,44034030
2011-04-14,49.7346,50.0694,49.5408,49.9989,47174372
2011-04-15,49.8051,50.1046,49.5848,49.9108,60377504
2011-04-18,49.4173,49.5759,48.7389,49.5583,60856209
2011-04-19,49.6817,49.8667,49.4262,49.8667,34015425
2011-04-20,50.7389,51.0473,49.8712,50.99,59379618
2011-04-21,51.5142,51.5142,51.2411,51.3997,38472041
2011-04-25,51.4526,51.5583,51.3469,51.5319,22357850
2011-04-26,51.6728,52.0076,51.5495,51.8226,43516823
2011-04-27,51.8931,52.2367,51.6816,52.175,49748174
2011-04-28,52.034,52.1838,51.8754,52.0957,42411644
2011-04-29,52.0165,52.2367,51.9636,52.0517,39497920
2011-05-02,52.1486,52.2808,51.8226,51.9548,42421434
2011-05-03,51.9372,51.9812,51.3909,51.7081,33605777
2011-05-04,51.7345,51.8667,51.1971,51.6288,46787506
2011-05-05,51.3821,51.9548,51.1707,51.3469,63569796
2011-05-06,51.8578,52.1574,51.3732,51.5142,63881115
2011-05-09,51.5936,51.9107,51.3997,51.7081,35267039
2011-05-10,51.8667,52.2279,51.783,52.1486,33526644
2011-05-11,52.0693,52.2543,51.4173,51.7653,54544037
2011-05-12,51.5935,52.1486,51.3116,52.0781,58261355
2011-05-13,51.9636,52.0429,51.4438,51.4614,55951666
2011-05-16,51.2412,51.3821,50.457,50.5707,64439319
2011-05-17,50.3248,50.7213,50.2015,50.7125,55660457
2011-05-18,50.642,51.2235,50.5803,51.1354,37312886
2011-05-19,51.3028,51.3997,50.968,51.2852,30857664
2011-05-20,51.2323,51.2852,50.827,50.8931,39385154
2011-05-23,50.2103,50.3512,49.9107,50.1486,38482303
2011-05-24,50.2808,50.2808,49.8315,49.8403,34637297
2011-05-25,49.7698,50.272,49.7522,50.0341,36447608
2011-05-26,49.8843,50.4834,49.8755,50.3438,35738471
2011-05-27,50.4306,50.6509,50.3866,50.598,26547510
2011-05-31,51.0737,51.4173,50.8094,51.4173,41926825
2011-06-01,51.294,51.4173,50.2543,50.2984,45630966
2011-06-02,50.4041,50.5803,50.1222,50.4041,44226313
2011-06-03,49.8314,50.2103,49.5759,49.6464,50900714
2011-06-06,49.5496,49.8051,49.2148,49.2412,44206544
2011-06-07,49.3822,49.5672,49.1179,49.1531,40801794
2011-06-08,49.0474,49.1355,48.6597,48.8007,40903408
2011-06-09,48.7831,49.1267,48.6597,48.8844,39917635
2011-06-10,48.6597,48.7566,48.0958,48.1399,47347441
2011-06-13,48.2016,48.3954,47.9725,48.1399,33255446
2011-06-14,48.5011,48.8711,48.4835,48.7566,35739506
2011-06-15,48.3073,48.5892,47.7346,47.8315,52000877
2011-06-16,47.8668,48.0165,47.2368,47.6465,58427045
2011-06-17,48.0799,48.2106,47.3567,47.4971,62122488
2011-06-20,47.3823,47.8856,47.3646,47.7443,33027040
2011-06-21,47.9121,48.8216,47.709,48.7686,49353780
2011-06-22,48.5655,48.8481,48.4066,48.4163,32524076
2011-06-23,47.9297,48.8922,47.7354,48.8657,71297032
2011-06-24,48.6274,48.6804,47.921,48.0181,49711931
2011-06-27,48.0622,49.0336,47.9651,48.7819,44123004
2011-06-28,48.901,49.5191,48.8216,49.5103,41526701
2011-06-29,49.6516,49.8105,49.3602,49.7134,57763961
2011-06-30,49.89,50.411,49.8636,50.3757,44577790
2011-07-01,50.4199,51.2013,50.2609,51.1351,46979480
2011-07-05,51.1704,51.4442,51.0645,51.3912,38083051
2011-07-06,51.3381,51.6472,51.1615,51.5589,43517019
2011-07-07,51.9386,52.4154,51.8679,52.2653,48388688
2011-07-08,51.8326,52.1328,51.5412,52.124,61398764
2011-07-11,51.5766,51.8415,51.0026,51.1792,45987780
2011-07-12,51.1616,51.2764,50.7377,50.7907,74173368
2011-07-13,51.1615,51.5147,50.8172,51.0026,72737445
2011-07-14,51.1527,51.3735,50.2167,50.411,87218276
2011-07-15,50.9673,51.0821,50.6053,51.0821,60298678
2011-07-18,50.804,51.0292,50.3139,50.8084,52549865
2011-07-19,51.3293,52.0093,51.294,51.9651,65258171
2011-07-20,52.2565,52.2654,51.6561,51.7444,50405960
2011-07-21,51.7885,52.3801,51.5147,52.0887,61941984
2011-07-22,52.0711,52.7157,52.027,52.6274,38517216
2011-07-25,52.2123,52.8128,52.1152,52.5214,43193350
2011-07-26,52.486,52.8304,52.3801,52.6494,36131689
2011-07-27,52.3183,52.3536,51.1615,51.294,74145820
2011-07-28,51.3028,52.0357,51.1174,51.3823,53891636
2011-07-29,50.9762,51.7532,50.7201,51.2146,73166617
2011-08-01,51.8061,51.9386,50.358,50.9761,75427505
2011-08-02,50.7377,50.9673,49.6339,49.6869,80222500
2011-08-03,49.7753,50.2256,48.8746,50.1638,91490705
2011-08-04,49.4308,49.528,47.8326,47.8326,117290009
2011-08-05,48.3801,48.592,46.1991,47.5324,189062662
2011-08-08,46.1019,46.9054,44.6714,44.6714,180843673
2011-08-09,45.3072,46.8702,44.0887,46.826,171045240
2011-08-10,45.7576,46.8382,44.8569,44.9099,181827616
2011-08-11,45.5456,47.4088,45.3337,46.8878,126998388
2011-08-12,47.1703,47.5942,46.6935,47.3028,79897530
2011-08-15,47.4794,48.0004,47.2675,48.0004,64949113
2011-08-16,47.5236,47.9916,46.9584,47.5942,78781377
2011-08-17,47.6648,48.0533,46.8171,47.3116,74540515
2011-08-18,46.0313,46.0401,44.5743,44.9893,114805711
2011-08-19,44.5302,45.6251,44.1417,44.177,85364583
2011-08-22,45.2189,45.2454,44.2034,44.3359,68086803
2011-08-23,44.6449,46.1637,44.4507,46.1637,66833515
2011-08-24,46.0755,47.1704,45.6605,46.5258,70815295
2011-08-25,46.4816,46.7156,45.6075,45.7664,82670596
2011-08-26,45.6339,47.0732,45.1659,46.9143,80860052
2011-08-29,47.3646,48.2741,47.3646,48.2211,40605802
2011-08-30,48.0269,48.8304,47.7796,48.539,54409084
2011-08-31,48.8216,49.2189,48.2123,48.6185,53774609
2011-09-01,48.751,49.1307,48.0887,48.177,50471383
2011-09-02,47.3116,48.2249,46.7906,47.0467,51377947
2011-09-06,45.9518,47.1227,45.837,47.0556,46792611
2011-09-07,47.709,48.2564,47.5942,48.2476,43225153
2011-09-08,48.0092,48.7142,47.868,48.0269,54236925
2011-09-09,47.6913,47.8943,46.667,46.9584,56215404
2011-09-12,46.4551,47.5942,46.4198,47.5589,58254796
2011-09-13,47.7532,48.2918,47.506,48.1947,52115248
2011-09-14,48.4331,49.4309,47.9651,48.8834,80139546
2011-09-15,49.4221,49.6958,48.9099,49.6075,73763197
2011-09-16,49.7617,50.1156,49.6202,50.0625,81301317
2011-09-19,49.4521,50.3456,49.0363,50.0802,64617549
2011-09-20,50.3367,50.7348,49.744,49.859,58891354
2011-09-21,50.1156,50.3633,48.9833,48.9921,70717409
2011-09-22,47.7093,48.1782,46.6654,47.3997,134365941
2011-09-23,47.0104,48.1074,46.9671,47.9039,76027488
2011-09-26,48.1428,48.5498,47.0724,48.4613,85157556
2011-09-27,49.2751,49.7175,48.6382,48.9655,71788186
2011-09-28,49.1601,49.514,48.1251,48.2401,67903312
2011-09-29,48.9744,49.0363,46.8601,47.6651,103416011
2011-09-30,47.0458,47.4262,46.4089,46.4354,92851254
2011-10-03,46.0373,46.7539,45.2146,45.2411,87711394
2011-10-04,44.759,46.2585,44.3167,46.17,121207433
2011-10-05,46.0638,47.4869,45.7011,47.3554,96272825
2011-10-06,47.3023,48.1604,47.0723,48.1516,63641059
2011-10-07,48.134,48.3551,47.5236,47.8332,64159655
2011-10-10,48.6382,49.4875,48.5586,49.4875,42665981
2011-10-11,49.3724,49.9475,49.2751,49.8236,58784316
2011-10-12,50.3102,50.6286,50.0359,50.0713,75750583
2011-10-13,49.9741,50.5933,49.921,50.5314,56125623
2011-10-14,51.1683,51.4779,50.8764,51.4691,58071706
2011-10-17,51.2214,51.3895,50.4001,50.6729,57645096
2011-10-18,50.5933,51.5664,50.1244,51.301,80887602
2011-10-19,51.0533,51.1772,50.1421,50.3102,59837301
2011-10-20,50.2571,50.3544,49.3548,50.0625,71106861
2011-10-21,50.5756,51.0091,50.2306,50.6906,53482288
2011-10-24,50.8852,51.8848,50.6999,51.7433,54361303
2011-10-25,51.5487,51.593,50.6198,50.726,57767112
2011-10-26,51.0002,51.1152,49.7286,50.664,86867283
2011-10-27,51.876,52.3714,51.3364,52.0618,92406730
2011-10-28,51.7522,52.2033,51.7522,52.1414,37995759
2011-10-31,51.6725,51.876,51.2302,51.2656,53539270
2011-11-01,50.036,51.2271,49.6467,49.9298,88405849
2011-11-02,50.434,50.5667,49.8811,50.3544,57660532
2011-11-03,50.7437,51.4646,50.1686,51.3983,69882398
2011-11-04,51.1241,51.3541,50.6198,51.1329,54430628
2011-11-07,51.0887,51.531,50.5756,51.4956,57996556
2011-11-08,51.8671,52.1768,51.2833,52.0883,55650686
2011-11-09,51.0621,51.1594,50.0979,50.2571,61517604
2011-11-10,50.7791,50.7968,49.744,50.2306,58433442
2011-11-11,50.6728,51.3275,50.6021,51.1771,48187820
2011-11-14,51.0356,51.3187,50.6729,50.8587,39471095
2011-11-15,50.7259,51.6283,50.6552,51.4248,46182240
2011-11-16,51.071,51.4491,50.4783,50.5756,60459452
2011-11-17,50.4428,50.4605,49.0805,49.3901,89975083
2011-11-18,49.4078,49.452,48.9212,49.0097,53447980
2011-11-21,48.3728,48.417,47.5766,48.072,46257976
2011-11-22,47.9482,48.3728,47.6563,48.2313,45948974
2011-11-23,47.8685,47.9216,47.1166,47.1431,42876725
2011-11-25,46.9662,47.4793,46.7716,46.7804,22512500
2011-11-28,47.9128,48.4701,47.8951,48.4082,41322733
2011-11-29,48.3463,48.7443,47.9659,48.1074,46052006
2011-11-30,49.399,49.9298,49.2486,49.8856,59199693
2011-12-01,49.8679,50.3589,49.8502,50.2306,40129165
2011-12-02,50.7171,50.7259,50.0448,50.089,32677579
2011-12-05,50.8587,50.9737,50.35,50.6375,35830089
2011-12-06,50.6818,50.8233,50.3279,50.496,34209070
2011-12-07,50.3368,50.726,49.8502,50.496,39434439
2011-12-08,50.1952,50.5579,49.5494,49.6467,45729953
2011-12-09,49.7706,50.5933,49.7529,50.4429,49326334
2011-12-12,49.9121,50.4329,49.4521,49.8767,49020081
2011-12-13,50.2129,50.4075,49.1247,49.3282,60649680
2011-12-14,49.1159,49.1779,48.2844,48.5586,56337098
2011-12-15,48.9744,49.0275,48.3551,48.4259,51958150
2011-12-16,48.6925,49.3402,48.5949,48.6748,54103656
2011-12-19,48.8523,48.9765,48.0626,48.1957,41464813
2011-12-20,48.9764,49.6862,48.9498,49.6241,72540761
2011-12-21,49.3668,49.3668,48.3442,48.9143,69695565
2011-12-22,48.9941,49.3545,48.9498,49.3313,35786514
2011-12-23,49.4023,49.7572,49.3145,49.7572,23596100
2011-12-27,49.6951,50.0589,49.6242,49.8992,19025790
2011-12-28,49.8371,49.917,49.1894,49.3225,33883845
2011-12-29,49.4024,49.7129,49.2426,49.6774,24912174
2011-12-30,49.562,49.7927,49.5265,49.5354,19370835
2012-01-03,50.4937,50.7421,50.3517,50.4848,35057986
2012-01-04,50.396,50.7687,50.1831,50.6977,26088260
2012-01-05,50.5912,51.1591,50.396,51.1147,36608566
2012-01-06,51.1502,51.4075,50.9284,51.2922,41102228
2012-01-09,51.4164,51.443,50.9559,51.1236,34776346
2012-01-10,51.6914,51.82,51.1411,51.4962,31896642
2012-01-11,51.4785,51.718,51.2922,51.6027,32956209
2012-01-12,51.7181,51.8778,51.3366,51.8068,23235612
2012-01-13,51.5495,51.6382,51.1769,51.6205,31927954
2012-01-17,52.0907,52.3125,51.8955,52.0907,37079026
2012-01-18,52.2061,52.7828,52.0661,52.7828,43202782
2012-01-19,53.0223,53.2086,52.9247,53.111,42388013
2012-01-20,52.8892,53.0578,52.8449,53.0312,36422298
2012-01-23,53.0578,53.4215,52.7384,53.0489,36346023
2012-01-24,52.8271,53.0933,52.7117,52.9513,34106208
2012-01-25,53.4837,53.7499,53.0876,53.6168,54647596
2012-01-26,53.8298,53.9451,53.1732,53.4305,33584964
2012-01-27,53.3152,53.6878,53.2885,53.5902,40405938
2012-01-30,53.1288,53.7144,52.9336,53.6345,37972285
2012-01-31,53.9007,53.9983,53.3595,53.7055,45648878
2012-02-01,53.9895,54.3355,53.8209,54.1403,40943855
2012-02-02,54.2999,54.4863,54.0959,54.3088,41145071
2012-02-03,54.8145,55.1162,54.7257,55.0541,32343740
2012-02-06,54.8501,55.0275,54.7081,55.0098,25323166
2012-02-07,54.9654,55.2316,54.717,55.1251,33658606
2012-02-08,55.134,55.4179,54.9299,55.4179,36529207
2012-02-09,55.6043,55.8793,55.2937,55.8172,41573468
2012-02-10,55.4268,55.5776,55.2316,55.4312,51543755
2012-02-13,55.8349,56.0124,55.5865,55.9414,32660000
2012-02-14,55.8083,56.0922,55.6219,56.0833,45857935
2012-02-15,56.3584,56.6601,55.6043,55.693,93790754
2012-02-16,55.7107,56.5181,55.5687,56.456,74211951
2012-02-17,56.4648,56.5092,56.0301,56.2785,67530900
2012-02-21,56.3495,56.6866,56.0833,56.4382,33840950
2012-02-22,56.3317,56.5003,56.101,56.1809,38306899
2012-02-23,56.2519,56.6157,55.9769,56.5536,48132886
2012-02-24,56.7133,56.8464,56.6068,56.7488,36705464
2012-02-27,56.4293,57.0149,56.1898,56.8286,37866588
2012-02-28,56.873,57.4054,56.8109,57.4054,38797257
2012-02-29,57.4408,57.636,56.9617,57.148,53043912
2012-03-01,57.3698,57.6537,57.1924,57.6005,59941789
2012-03-02,57.5207,57.7411,57.3699,57.5562,29597178
2012-03-05,57.5207,57.5917,56.7754,56.9617,40626192
2012-03-06,56.4205,56.5359,56.1011,56.4028,48478351
2012-03-07,56.66,56.9706,56.5802,56.8375,37922833
2012-03-08,57.1569,57.6183,57.0504,57.4497,38782769
2012-03-09,57.5385,57.7958,57.5118,57.6893,38255910
2012-03-12,57.6449,57.7691,57.4231,57.7159,29001942
2012-03-13,58.0442,58.7895,57.9111,58.7895,54618082
2012-03-14,58.8338,59.2153,58.6297,58.9935,53170354
2012-03-15,59.171,59.2863,58.8693,59.1621,58142760
2012-03-16,59.2357,59.2535,58.978,59.1202,47124657
2012-03-19,59.2091,59.6801,59.058,59.5379,54184122
2012-03-20,59.2447,59.7113,59.0669,59.6446,42029891
2012-03-21,59.6623,59.9822,59.5734,59.6534,35237535
2012-03-22,59.289,59.6712,59.2624,59.529,50624067
2012-03-23,59.6001,59.6179,59.1558,59.4926,40480884
2012-03-26,59.8756,60.5333,59.8401,60.5333,36310415
2012-03-27,60.5644,60.8711,60.5511,60.6222,33131290
2012-03-28,60.6578,60.8889,60.0268,60.3805,39480321
2012-03-29,60.089,60.3734,59.7246,60.1512,47971027
2012-03-30,60.4267,60.4533,59.7956,60.0356,35088359
2012-04-02,59.9556,60.7377,59.8667,60.6577,35578331
2012-04-03,60.7111,60.9244,60.3023,60.64,40473765
2012-04-04,60.1956,60.2222,59.4668,59.8134,48071097
2012-04-05,59.7157,60.24,59.6623,60.1867,38161906
2012-04-09,59.4401,59.9734,59.3335,59.7334,32802392
2012-04-10,59.7157,59.9379,58.587,58.7736,61550255
2012-04-11,59.2846,59.4491,58.9069,59.058,55947304
2012-04-12,59.1735,59.7957,59.0853,59.729,51021259
2012-04-13,59.5112,59.7265,58.8002,58.8269,49083830
2012-04-16,59.1291,59.1557,57.9826,58.1692,51181140
2012-04-17,58.4359,59.5379,58.3292,59.3513,42093739
2012-04-18,59.1824,59.5468,59.0224,59.2002,37804236
2012-04-19,58.9958,59.6979,58.3203,58.5336,72087402
2012-04-20,58.8535,59.1113,58.2847,58.3736,53242653
2012-04-23,57.8404,57.9293,57.316,57.8404,62670010
2012-04-24,57.7426,57.9737,57.2804,57.5293,44136993
2012-04-25,58.7114,59.0936,58.6314,59.058,51127397
2012-04-26,59.0313,59.5379,58.9691,59.4046,37149639
2012-04-27,59.6534,59.9467,59.3424,59.7601,40893968
2012-04-30,59.5646,59.6979,59.2891,59.3335,33584059
2012-05-01,59.2624,60.1068,59.1824,59.4313,33456203
2012-05-02,59.1024,59.6445,58.9957,59.6001,34038731
2012-05-03,59.6357,59.6801,58.8136,58.9691,45599831
2012-05-04,58.4359,58.9713,57.4938,57.5027,95589490
2012-05-07,57.1561,57.8315,57.1383,57.556,44674981
2012-05-08,57.1827,57.5382,56.4184,57.3427,64576917
2012-05-09,56.6761,57.4849,56.445,57.1658,76180124
2012-05-10,57.4227,57.4405,56.8361,57.0494,43948098
2012-05-11,56.8272,57.6449,56.8005,57.0405,41866454
2012-05-14,56.5516,56.9516,56.4183,56.5072,41202779
2012-05-15,56.6939,57.1205,56.2228,56.3206,59465408
2012-05-16,56.5428,56.685,55.8229,55.9384,46949416
2012-05-17,55.9384,56.0451,54.7475,54.7564,55328264
2012-05-18,54.9164,55.0675,54.001,54.0454,70653135
2012-05-21,54.1432,55.6096,54.081,55.5563,54633164
2012-05-22,55.6896,55.9474,55.0933,55.4941,55951561
2012-05-23,55.0408,55.734,54.5431,55.6007,50615719
2012-05-24,55.6896,55.734,54.8275,55.2363,73882050
2012-05-25,55.2896,55.3875,55.0051,55.1652,28513867
2012-05-29,55.6629,56.125,55.3518,55.8673,39302158
2012-05-30,55.3607,55.5918,54.8162,55.3963,50154227
2012-05-31,55.3252,55.4674,54.7386,55.1563,49112766
2012-06-01,54.1876,54.4987,53.6721,53.689,63484672
2012-06-04,53.8321,54.1787,53.361,54.0987,65874139
2012-06-05,53.9032,54.4276,53.8854,54.3209,42586518
2012-06-06,54.7475,55.6096,54.6764,55.5652,52242301
2012-06-07,56.134,56.1518,55.2986,55.343,34141468
2012-06-08,55.2452,55.9473,55.0674,55.8762,35316658
2012-06-11,56.3028,56.3295,54.8986,54.9297,45334517
2012-06-12,55.183,55.6274,54.8186,55.6007,43373703
2012-06-13,55.4407,55.8584,55.0319,55.2185,45185387
2012-06-14,55.2275,55.6452,54.9253,55.423,57920857
2012-06-15,55.5594,56.1919,55.5505,56.1117,37000434
2012-06-18,55.8978,56.7797,55.7909,56.6372,28675909
2012-06-19,56.9223,57.4657,56.8778,57.2243,32493361
2012-06-20,57.3321,57.5191,56.8421,57.2697,45778061
2012-06-21,57.1984,57.2875,55.782,55.8444,37852527
2012-06-22,56.0136,56.5036,55.8809,56.4323,26290325
2012-06-25,55.9781,55.987,55.1853,55.3456,29517956
2012-06-26,55.5237,55.8533,55.281,55.693,27268128
2012-06-27,55.9068,56.2809,55.8443,56.0315,31806802
2012-06-28,55.6039,55.6484,54.82,55.4079,44356054
2012-06-29,56.4502,57.1539,56.3076,57.1539,39877496
2012-07-02,57.2162,57.3498,56.8955,57.3231,29781921
2012-07-03,57.3499,57.8042,57.2697,57.8042,14159392
2012-07-05,57.7062,58.1249,57.4389,57.8398,32982457
2012-07-06,57.5904,57.6261,56.6996,57.1183,36241489
2012-07-09,57.0381,57.243,56.7263,57.0114,31745533
2012-07-10,57.3054,57.4657,56.2275,56.4502,42193472
2012-07-11,56.3789,56.5304,55.6752,56.1384,38689311
2012-07-12,55.7197,55.8444,55.105,55.6128,51381836
2012-07-13,55.7286,56.5838,55.7286,56.4591,28825452
2012-07-16,56.3343,56.5838,56.076,56.2987,24606790
2012-07-17,56.6372,56.7798,55.791,56.5927,37838602
2012-07-18,56.4769,57.5281,56.468,57.3588,39631474
2012-07-19,57.7597,58.1784,57.6528,57.9913,47228345
2012-07-20,57.9823,57.9912,57.1984,57.2207,36142131
2012-07-23,56.1205,56.7263,55.684,56.5303,43344310
2012-07-24,56.6372,56.7085,55.7197,56.0849,51015958
2012-07-25,55.6663,56.076,55.3634,55.7108,41215122
2012-07-26,56.5126,56.7709,56.0939,56.4502,37355176
2012-07-27,56.86,57.8933,56.6907,57.7864,37969137
2012-07-30,57.9111,58.1783,57.5458,57.7418,33691201
2012-07-31,57.822,58.0625,57.6706,57.724,30817649
2012-08-01,58.1249,58.1515,57.3232,57.5548,27543441
2012-08-02,57.1005,57.92,56.9312,57.3499,36117209
2012-08-03,58.2407,58.6861,58.0715,58.4367,37523257
2012-08-06,58.7396,59.1404,58.6149,58.8821,20960263
2012-08-07,59.1315,59.6125,59.0424,59.372,25140554
2012-08-08,59.2206,59.4718,59.1226,59.3453,18460557
2012-08-09,59.3452,59.6036,59.2294,59.5234,18462926
2012-08-10,59.3186,59.5769,59.1582,59.5591,18101949
2012-08-13,59.5413,59.7105,59.2384,59.7016,17718298
2012-08-14,59.9332,60.049,59.559,59.7283,21574049
2012-08-15,59.6838,59.9688,59.6749,59.8798,25931597
2012-08-16,60.1025,60.726,60.0312,60.5924,31807394
2012-08-17,60.726,60.8685,60.5835,60.8596,20118517
2012-08-20,60.8151,60.9576,60.5746,60.9487,23983909
2012-08-21,61.1358,61.3585,60.4677,60.7082,36871160
2012-08-22,60.5656,61.0735,60.4053,60.9576,39690273
2012-08-23,60.6993,60.8775,60.2989,60.4588,25657096
2012-08-24,60.3251,60.9754,60.2182,60.8329,34193233
2012-08-27,61.1091,61.1714,60.7973,60.9309,18414066
2012-08-28,60.8775,61.0957,60.6726,60.9309,24352629
2012-08-29,60.9398,61.0823,60.6726,60.9309,23761724
2012-08-30,60.6725,60.6903,60.2182,60.3162,21763128
2012-08-31,60.7527,60.9754,60.1024,60.7171,37527666
2012-09-04,60.6014,60.8864,60.058,60.6548,28521011
2012-09-05,60.6102,60.8864,60.4321,60.5924,23280050
2012-09-06,60.9487,61.9553,60.9487,61.9375,38393154
2012-09-07,61.795,61.9553,61.6702,61.8484,29366302
2012-09-10,61.697,61.8217,61.0111,61.0556,22706529
2012-09-11,61.0556,61.305,60.8596,60.9576,26554896
2012-09-12,61.1804,61.2962,60.7617,61.1376,37602724
2012-09-13,61.207,62.2314,61.1268,61.9642,40458269
2012-09-14,62.2136,62.7392,62.1691,62.5165,34641559
2012-09-17,62.5344,62.57,62.3206,62.5433,28326066
2012-09-18,62.3918,62.6234,62.374,62.5967,24202902
2012-09-19,62.6145,62.8728,62.4096,62.7125,32500545
2012-09-20,62.4185,62.7125,62.2403,62.6501,37879963
2012-09-21,62.9541,63.0166,62.6057,62.6682,21155508
2012-09-24,62.1412,62.4092,62.0161,62.2975,28892203
2012-09-25,62.4627,62.6056,61.3996,61.4264,36903051
2012-09-26,61.3461,61.3818,60.6135,60.9262,29275281
2012-09-27,61.0602,61.9088,60.9708,61.7659,22632664
2012-09-28,61.5694,61.748,61.2031,61.2567,26904082
2012-10-01,61.5515,61.9357,60.9709,61.1674,33692729
2012-10-02,61.4532,61.6229,60.8636,61.346,29707535
2012-10-03,61.5336,61.8552,61.2746,61.7391,34157927
2012-10-04,61.8552,62.1232,61.6408,61.9535,23341809
2012-10-05,62.2483,62.3555,61.4622,61.623,22519312
2012-10-08,61.2657,61.3907,60.9173,61.0602,27614585
2012-10-09,60.8994,61.0508,59.9435,60.0857,60724186
2012-10-10,60.0775,60.2383,59.6755,59.7827,40320527
2012-10-11,60.2472,60.274,59.5594,59.5951,27225679
2012-10-12,59.613,59.9078,59.4522,59.5683,22239782
2012-10-15,59.8005,60.0864,59.4343,60.006,19850131
2012-10-16,60.1132,60.9262,60.0775,60.8547,30338284
2012-10-17,60.5242,61.0155,60.4617,60.819,29872930
2012-10-18,60.6313,60.8189,59.8899,60.1132,55125046
2012-10-19,60.0417,60.0953,58.6034,58.6749,67324804
2012-10-22,58.6214,59.1306,58.5142,58.9787,34502277
2012-10-23,58.5052,58.9162,58.2372,58.4159,46988876
2012-10-24,58.7464,58.8447,58.1211,58.214,35619831
2012-10-25,58.6124,58.7107,58.0407,58.2104,47069201
2012-10-26,58.2282,58.624,57.7548,58.3801,48439134
2012-10-31,58.3444,58.4159,57.8263,58.0228,34415677
2012-11-01,58.3534,58.9608,58.2194,58.8473,24071149
2012-11-02,59.1484,59.1484,58.1657,58.2193,39381332
2012-11-05,58.2417,58.7196,58.1032,58.6035,25106714
2012-11-06,58.7018,59.1127,58.4784,58.7107,26450467
2012-11-07,58.1032,58.1568,57.0848,57.326,63193140
2012-11-08,57.4689,57.6163,56.4237,56.4237,52337287
2012-11-09,56.4505,57.2724,56.4237,56.6649,46051545
2012-11-12,56.9865,57.058,56.5041,56.656,29179948
2012-11-13,56.2093,56.7989,56.0843,56.2629,38670812
2012-11-14,56.5219,56.6023,55.5125,55.6018,73839629
2012-11-15,55.6465,55.8251,55.2087,55.4141,49244892
2012-11-16,55.4589,55.8162,54.771,55.6554,63309609
2012-11-19,56.254,57.0222,56.245,56.9781,49407694
2012-11-20,56.9686,57.0758,56.4505,56.9954,46465241
2012-11-21,57.0223,57.192,56.8168,57.1116,17527500
2012-11-23,57.46,57.996,57.3975,57.9781,14706989
2012-11-26,57.862,58.264,57.6566,58.2292,23611937
2012-11-27,58.2104,58.4248,57.9334,58.0317,23073836
2012-11-28,57.7637,58.5767,57.3975,58.532,33318020
2012-11-29,58.8,59.0814,58.5856,58.8804,36748489
2012-11-30,58.8893,58.934,58.6124,58.7821,29928879
2012-12-03,59.2467,59.2913,58.6392,58.666,25228051
2012-12-04,58.6839,58.7554,58.2462,58.6303,44374015
2012-12-05,58.5409,58.5499,57.6655,57.981,48308675
2012-12-06,57.8084,58.4963,57.6476,58.3533,42450927
2012-12-07,58.6481,58.7017,57.8084,58.0049,26883141
2012-12-10,57.8442,58.474,57.8442,58.1747,29676557
2012-12-11,58.5856,59.2645,58.5275,58.934,36404543
2012-12-12,59.2198,59.2466,58.6481,58.8089,41020322
2012-12-13,58.7018,59.1038,58.0943,58.3454,40618328
2012-12-14,57.9781,58.1389,57.594,57.7905,35403489
2012-12-17,57.8263,58.5767,57.7637,58.5588,37791053
2012-12-18,58.8268,59.5414,58.6928,59.4496,49666402
2012-12-19,59.604,59.6397,59.1573,59.1935,31117394
2012-12-20,59.3003,59.3271,58.8983,59.1931,36407663
2012-12-21,58.2917,58.6421,58.0312,58.5702,45943966
2012-12-24,58.4444,58.5163,58.3187,58.4534,10257175
2012-12-26,58.4624,58.5523,57.7528,57.9414,19548126
2012-12-27,57.9953,58.0672,57.1329,57.8516,47559711
2012-12-28,57.4293,57.8785,57.2677,57.2946,29718139
2012-12-31,57.2048,58.617,57.1149,58.5074,51700863
2013-01-02,59.9087,60.3937,59.72,60.3668,63507213
2013-01-03,60.3668,60.4926,59.8728,60.0543,42550024
2013-01-04,60.0704,60.0794,59.7111,59.8548,30518787
2013-01-07,59.7021,59.9716,59.5134,59.8731,24044488
2013-01-08,59.8638,60.021,59.4416,59.756,25821149
2013-01-09,59.8459,60.1423,59.783,59.9806,23005143
2013-01-10,60.3758,60.4297,59.7829,60.3399,33717622
2013-01-11,60.3129,60.4476,60.1871,60.4207,19008779
2013-01-14,60.0974,60.322,59.8908,60.1513,33037660
2013-01-15,59.8548,59.9437,59.5872,59.8548,28454412
2013-01-16,59.9627,60.304,59.8279,60.0974,30388372
2013-01-17,60.3489,60.6184,60.2411,60.3848,28773726
2013-01-18,60.1962,60.313,59.9806,60.2501,28738902
2013-01-22,60.322,60.3938,59.9447,60.3489,28856629
2013-01-23,60.6903,60.8969,60.6004,60.7172,28725829
2013-01-24,59.9087,60.4388,59.792,59.8818,38271332
2013-01-25,60.0884,60.3579,59.9536,60.1872,35257776
2013-01-28,60.1961,60.5285,60.1243,60.3219,29585067
2013-01-29,60.2411,60.4656,59.8548,60.3309,31939273
2013-01-30,60.4387,60.6183,60.0704,60.2051,30942433
2013-01-31,60.1782,60.5016,60.0165,60.0704,31324674
2013-02-01,60.4926,60.8879,60.2501,60.7801,47722637
2013-02-04,60.4118,60.6004,59.7021,59.7201,43553711
2013-02-05,59.9716,60.789,59.8368,60.6004,31557824
2013-02-06,60.3848,60.6813,60.2231,60.4028,39162234
2013-02-07,60.4836,60.5205,59.7919,60.4567,41332619
2013-02-08,60.7621,61.2023,60.7531,61.0765,35794051
2013-02-11,61.1035,61.1394,60.8879,61.0945,15855599
2013-02-12,61.0137,61.1305,60.7801,60.843,19818055
2013-02-13,61.0226,61.2921,60.8743,61.0585,21107844
2013-02-14,60.7621,61.1304,60.7442,61.0406,21992960
2013-02-15,61.0406,61.1843,60.6902,60.8609,22757980
2013-02-19,60.9867,61.3191,60.9597,61.3011,21050469
2013-02-20,61.3011,61.3101,60.3489,60.3579,34315912
2013-02-21,60.1513,60.1962,59.4955,59.7111,41192824
2013-02-22,60.0434,60.3219,59.8188,60.312,19735567
2013-02-25,60.7261,60.9148,59.5134,59.5673,36765825
2013-02-26,59.6661,59.8997,59.2529,59.7919,37808979
2013-02-27,59.8009,60.7711,59.7111,60.4019,32644336
2013-02-28,60.4028,60.8519,60.268,60.277,25653343
2013-03-01,60.0614,60.6363,59.7739,60.5285,28402661
2013-03-04,60.3578,60.807,60.25,60.798,17409760
2013-03-05,61.1754,61.7772,61.1574,61.6964,31970594
2013-03-06,61.885,61.9011,61.4628,61.5436,26114906
2013-03-07,61.5975,61.8041,61.4897,61.7053,19561614
2013-03-08,61.9209,62.0018,61.5347,61.7772,23501853
2013-03-11,61.6964,61.9749,61.5077,61.9569,20835663
2013-03-12,61.7952,61.9209,61.4359,61.7323,24774891
2013-03-13,61.8041,61.885,61.4358,61.6514,30809776
2013-03-14,61.8671,61.9928,61.7243,61.8581,28330838
2013-03-15,61.9025,61.9385,61.5333,61.6864,27681599
2013-03-18,61.1236,61.8004,60.984,61.5513,32562482
2013-03-19,61.7133,61.8574,60.885,61.4342,29834322
2013-03-20,61.8934,62.0015,61.5783,61.8655,25242986
2013-03-21,61.3082,61.4522,61.02,61.1641,27057699
2013-03-22,61.4162,61.8034,61.3442,61.7584,25966098
2013-03-25,61.9565,62.0915,61.2362,61.5333,22428726
2013-03-26,61.7674,61.8844,61.6323,61.8664,17769145
2013-03-27,61.4523,61.9925,61.3532,61.9484,20294487
2013-03-28,61.9564,62.1815,61.8034,62.1005,21312259
2013-04-01,62.1365,62.2085,61.5062,61.6773,25318162
2013-04-02,61.9565,62.3707,61.9205,62.1636,26500459
2013-04-03,62.1996,62.2896,61.4432,61.5963,31632011
2013-04-04,61.5963,61.7674,61.2812,61.6143,29071513
2013-04-05,60.6419,61.1911,60.4978,61.102,50074162
2013-04-08,61.1191,61.4432,60.948,61.4252,16115804
2013-04-09,61.6053,62.0915,61.3082,61.8394,27850563
2013-04-10,62.0286,63.1811,62.0195,63.0415,49766240
2013-04-11,62.8838,63.163,62.8208,63.0189,33529290
2013-04-12,62.8929,63.0189,62.4967,62.9739,29525276
2013-04-15,62.7398,62.8389,61.6594,61.7314,43935715
2013-04-16,62.1185,62.6227,61.9564,62.5507,24925351
2013-04-17,61.9835,62.0276,60.966,61.3307,54208355
2013-04-18,61.5243,61.5243,60.2187,60.4789,51140971
2013-04-19,60.6059,61.4352,60.5068,61.3082,38777388
2013-04-22,61.5243,62.1636,61.2992,61.9385,30984638
2013-04-23,62.3076,62.7578,61.9654,62.5327,47791556
2013-04-24,62.3616,62.7308,62.2356,62.5057,40068326
2013-04-25,62.6948,63.073,62.6588,62.8389,23803904
2013-04-26,62.6858,62.8209,62.3707,62.6408,21685143
2013-04-29,62.8298,63.4601,62.8118,63.217,28510156
2013-04-30,63.289,63.6852,63.0639,63.6762,27143718
2013-05-01,63.6672,63.7933,63.253,63.3791,25696978
2013-05-02,63.4872,64.3156,63.4332,64.1805,28582436
2013-05-03,64.7747,65.1349,64.7477,64.9368,30669085
2013-05-06,65.0538,65.2879,64.9998,65.1889,17327533
2013-05-07,65.279,65.342,64.9098,65.1529,23264537
2013-05-08,65.1078,65.522,65.0088,65.468,21841857
2013-05-09,65.3239,65.8182,65.2519,65.3748,26421687
2013-05-10,65.4861,65.8012,65.396,65.7742,18605572
2013-05-13,65.6661,66.0173,65.6031,65.8552,26768887
2013-05-14,65.8462,66.3955,65.8462,66.1974,32430273
2013-05-15,66.0713,66.3954,65.9092,66.3324,24503741
2013-05-16,66.4225,66.7151,66.2244,66.2604,24538920
2013-05-17,66.5846,66.9267,66.3866,66.8997,28017837
2013-05-20,66.7106,67.0122,66.5305,66.8006,22632230
2013-05-21,66.7917,67.1158,66.5305,66.8727,23320331
2013-05-22,66.9537,67.4849,65.9452,66.2865,53882750
2013-05-23,65.6841,66.3594,65.5761,66.1343,43425736
2013-05-24,65.6931,66.1163,65.513,66.0983,23802916
2013-05-28,66.8546,67.1158,66.3234,66.5305,24370036
2013-05-29,66.2604,66.4495,65.8372,66.2154,28898871
2013-05-30,66.2424,66.8771,66.2243,66.5665,29164340
2013-05-31,66.3144,66.8186,65.8822,65.9542,34534502
2013-06-03,66.0083,66.0893,65.2159,66.0713,42870739
2013-06-04,66.1973,66.4674,65.459,65.7291,31744489
2013-06-05,65.5221,65.7652,64.8198,64.8738,43808199
2013-06-06,64.9638,65.1979,64.3515,65.1889,56296565
2013-06-07,65.486,66.1523,65.297,66.0803,28786799
2013-06-10,66.2244,66.4134,65.9632,66.1073,22863987
2013-06-11,65.432,66.0353,65.2249,65.45,36269350
2013-06-12,65.8372,65.8552,64.5947,64.6937,37890458
2013-06-13,64.6127,65.6572,64.4236,65.5131,25418623
2013-06-14,65.5131,65.5851,64.9828,65.0809,24938383
2013-06-17,65.6211,66.0893,65.3689,65.7111,29212087
2013-06-18,65.7922,66.3775,65.7832,66.2514,22385077
2013-06-19,66.2424,66.3415,65.4411,65.5131,38847826
2013-06-20,64.7568,64.9729,63.7393,63.9509,54841907
2013-06-21,63.9315,64.1032,63.0825,63.6154,46576220
2013-06-24,63.0825,63.4709,62.4592,62.9831,37477525
2013-06-25,63.5974,63.6967,63.0554,63.4438,26101371
2013-06-26,63.9676,64.1302,63.7599,64.0128,21448994
2013-06-27,64.329,64.6903,64.2477,64.2838,21268138
2013-06-28,64.058,64.7535,63.9405,64.3741,25562732
2013-07-01,64.8168,65.3045,64.7084,64.7716,22537093
2013-07-02,64.7445,65.1958,64.4464,64.7987,20837443
2013-07-03,64.5638,65.3677,64.5096,65.0615,17023801
2013-07-05,65.44,65.5845,64.9071,65.5574,26009786
2013-07-08,65.8825,65.9277,65.3767,65.6206,18574044
2013-07-09,65.9186,66.1625,65.6206,66.018,23588351
2013-07-10,65.9367,66.4968,65.9187,66.3974,23122022
2013-07-11,67.1019,67.7703,67.0658,67.7161,43154837
2013-07-12,67.7613,68.0594,67.5806,68.0142,28377954
2013-07-15,68.0683,68.2129,67.8967,68.1677,17876043
2013-07-16,68.231,68.2761,67.9058,68.0774,28675326
2013-07-17,68.2851,68.4116,68.0593,68.249,22248217
2013-07-18,68.231,68.4116,67.969,68.0774,32768561
2013-07-19,67.4903,67.5084,67.1742,67.3729,34083027
2013-07-22,67.6258,67.7252,67.3639,67.5716,19090814
2013-07-23,67.698,67.7071,67.0206,67.0748,22354153
2013-07-24,67.7342,67.7613,67.138,67.2916,22063345
2013-07-25,67.6438,67.7974,67.2554,67.7161,20925729
2013-07-26,67.4451,68.0864,67.3367,68.0774,18864693
2013-07-29,67.942,68.231,67.7703,67.951,18941295
2013-07-30,68.1949,68.6013,68.0594,68.3123,21772240
2013-07-31,68.4387,68.836,68.3122,68.4387,22587932
2013-08-01,68.9174,69.2336,68.8361,69.1342,15246674
2013-08-02,69.1523,69.5407,68.9898,69.5226,16353419
2013-08-05,69.4504,69.622,69.351,69.5678,13966653
2013-08-06,69.4775,69.5407,68.8723,69.1523,21389306
2013-08-07,68.9716,69.1595,68.529,69.0258,18318782
2013-08-08,69.4052,69.5317,68.9175,69.3691,18059404
2013-08-09,69.2788,69.4956,68.8904,69.0891,16773070
2013-08-12,68.8271,69.378,68.818,69.2516,18530795
2013-08-13,69.3419,69.7936,68.8451,69.64,21602826
2013-08-14,69.6129,69.7123,69.2787,69.3781,27025901
2013-08-15,68.6284,68.6375,68.0052,68.2039,35593710
2013-08-16,68.231,68.529,68.0594,68.1813,21519702
2013-08-19,68.1949,68.7639,68.0413,68.0594,26724096
2013-08-20,68.1858,68.6735,68.1316,68.3574,17019575
2013-08-21,68.1587,68.7278,67.8697,68.1226,27734163
2013-08-22,68.4026,68.8362,68.3845,68.791,15598523
2013-08-23,69.3058,69.3419,69.0077,69.2516,18694644
2013-08-26,69.2968,69.8026,69.1433,69.2878,24862144
2013-08-27,68.4839,68.8091,67.7071,67.8697,36191938
2013-08-28,67.8155,68.4206,67.7884,68.1316,18507788
2013-08-29,68.1045,68.9535,68.0142,68.6103,24647591
2013-08-30,68.6825,68.6825,67.9238,68.1677,23690657
2013-09-03,68.7367,69.0439,68.2309,68.5561,24605615
2013-09-04,68.773,69.4052,68.5833,69.2878,24516628
2013-09-05,69.3239,69.5994,69.3058,69.4052,16091609
2013-09-06,69.631,69.8568,68.6916,69.4865,25042002
2013-09-09,69.7575,70.4168,69.7575,70.2994,22727281
2013-09-10,70.6968,70.742,70.3807,70.6426,24946989
2013-09-11,70.1729,70.5523,70.0826,70.5071,25415967
2013-09-12,70.5072,70.6788,70.3175,70.462,16558876
2013-09-13,70.5523,70.5839,70.1277,70.5071,15294105
2013-09-16,71.0762,71.1033,70.1549,70.3175,23402938
2013-09-17,70.444,70.8775,70.4349,70.7872,24552158
2013-09-18,70.8955,71.7807,70.751,71.6362,28646044
2013-09-19,71.8439,71.9749,71.6813,71.8078,23877773
2013-09-20,71.996,72.0594,71.5249,71.5566,23852650
2013-09-23,71.8782,71.9417,71.0765,71.4162,27467923
2013-09-24,71.5702,71.7967,71.1807,71.4162,19818334
2013-09-25,71.4615,71.5702,71.0266,71.1716,20607150
2013-09-26,71.4524,71.8963,71.4343,71.7242,20312942
2013-09-27,71.3346,71.7604,71.1987,71.6336,22786062
2013-09-30,70.9089,71.6517,70.6643,71.4615,25395521
2013-10-01,71.4524,72.2224,71.4303,72.1862,30013940
2013-10-02,71.688,72.2588,71.6246,72.1591,23105181
2013-10-03,72.0684,72.2225,70.936,71.3165,38954282
2013-10-04,71.3166,72.0323,71.2531,71.9326,20704875
2013-10-07,71.3165,71.8872,71.2712,71.3346,18331633
2013-10-08,71.3528,71.3981,69.9304,69.9576,39554480
2013-10-09,70.1207,70.1569,69.1695,69.7402,58458095
2013-10-10,70.4831,71.38,70.474,71.2169,43542525
2013-10-11,71.0357,71.833,71.0267,71.7786,22842789
2013-10-14,71.3347,72.2859,71.2803,72.2859,28512010
2013-10-15,72.2316,72.5759,71.9145,72.0051,35045857
2013-10-16,72.3221,72.8566,72.2859,72.8204,42340432
2013-10-17,72.4761,73.2643,72.4308,73.2371,29165768
2013-10-18,73.8894,74.4511,73.6991,74.4239,35901237
2013-10-21,74.5689,74.7772,74.3515,74.587,28244800
2013-10-22,74.8497,75.1034,74.2246,74.6957,39811875
2013-10-23,74.3243,74.4693,73.8804,74.2428,34445471
2013-10-24,74.279,74.7229,74.1793,74.5689,20977398
2013-10-25,75.2846,75.4477,74.741,75.1034,32462406
2013-10-28,75.1034,75.2393,74.7863,75.1215,25926866
2013-10-29,75.339,75.4296,74.9223,75.2484,33409763
2013-10-30,75.5202,75.6334,74.8135,75.1759,30381526
2013-10-31,74.9857,75.4658,74.723,75.0038,28365288
2013-11-01,75.2303,75.3471,74.6505,75.0219,27969607
2013-11-04,75.2393,75.2574,74.8679,75.1306,15259521
2013-11-05,74.8225,75.3933,74.6232,75.2121,25344539
2013-11-06,75.5111,75.5564,74.9494,75.194,23171358
2013-11-07,75.1849,75.3118,73.7173,73.7807,47266412
2013-11-08,74.0435,74.7954,73.8442,74.7773,28519848
2013-11-11,74.6414,74.8679,74.4149,74.6595,22488399
2013-11-12,74.433,74.886,74.3967,74.7773,18217367
2013-11-13,74.2971,75.6923,74.288,75.6832,28397861
2013-11-14,75.4568,75.9732,75.3209,75.9188,28176166
2013-11-15,75.9459,76.0637,75.7466,76.0637,18586286
2013-11-18,76.0456,76.195,75.1758,75.3208,28700186
2013-11-19,75.2755,75.6379,74.9766,75.1034,23142799
2013-11-20,75.3208,75.5836,74.7002,74.9222,29151186
2013-11-21,75.2212,75.7466,75.1759,75.6832,25479916
2013-11-22,75.8191,76.1181,75.7557,76.0909,22976091
2013-11-25,76.3627,76.4442,76.0819,76.2721,19659141
2013-11-26,76.2993,76.8609,76.1226,76.6707,24124852
2013-11-27,76.8156,77.2233,76.7613,77.2052,19603045
2013-11-29,77.4951,77.7669,77.435,77.6672,15137449
2013-12-02,77.7579,77.8757,77.323,77.4408,23876027
2013-12-03,77.3864,77.5857,77.0783,77.3773,33659952
2013-12-04,77.0602,77.7035,76.8066,77.4498,33695255
2013-12-05,77.5223,77.6039,77.16,77.3502,36083479
2013-12-06,78.007,78.075,77.5405,77.9119,33377899
2013-12-09,78.2289,78.392,78.093,78.2289,20474410
2013-12-10,78.084,78.3196,78.0206,78.1746,24429839
2013-12-11,78.1565,78.2752,77.0603,77.169,33366729
2013-12-12,77.2234,77.3865,76.9153,76.9697,30496709
2013-12-13,77.332,77.3683,76.7423,76.87,30870686
2013-12-16,77.2505,77.7397,77.1961,77.2958,22565735
2013-12-17,77.2958,77.4861,76.9968,77.1418,22154954
2013-12-18,77.2052,78.1112,76.1453,78.0387,61955554
2013-12-19,77.9028,77.921,77.477,77.8213,42117322
2013-12-20,77.9325,78.7777,77.9143,78.6141,36785438
2013-12-23,79.2413,79.4412,79.0231,79.4412,25612548
2013-12-24,79.4593,79.532,79.3139,79.4775,12589600
2013-12-26,79.6139,79.8047,79.4684,79.7411,13851631
2013-12-27,79.8228,79.8865,79.4429,79.5411,14388614
2013-12-30,79.4321,79.5321,79.1958,79.423,17254775
2013-12-31,79.5593,79.941,79.5411,79.941,22626384
2014-01-02,79.5684,79.5956,79.0867,79.3139,26528859
2014-01-03,79.314,79.3867,78.7232,78.7414,32470212
2014-01-06,78.7504,78.8504,78.1597,78.4505,29166681
2014-01-07,78.7959,79.2957,78.6687,79.1776,23550819
2014-01-08,79.1685,79.5684,79.0186,79.3503,24729365
2014-01-09,79.632,79.6502,78.814,79.0867,21535438
2014-01-10,79.2867,79.4321,78.6868,79.3412,34546658
2014-01-13,79.2321,79.5048,77.8643,78.1688,44401287
2014-01-14,78.4324,79.7229,78.4324,79.6593,33803243
2014-01-15,79.9774,80.4682,79.9229,80.3137,36225878
2014-01-16,80.2318,80.4408,80.1228,80.3227,31136833
2014-01-17,80.0864,80.3137,79.6774,79.8683,33543448
2014-01-21,80.3681,80.5136,79.8047,80.4772,24022594
2014-01-22,80.659,80.8862,80.45,80.6863,26742837
2014-01-23,80.4318,80.45,79.8501,80.4136,31879552
2014-01-24,80.032,80.141,78.805,78.8323,58469771
2014-01-27,78.8595,78.9685,77.4781,78.0688,57871320
2014-01-28,77.6326,78.1052,77.5326,78.0234,40388175
2014-01-29,77.3418,77.9235,77.0328,77.1873,47318065
2014-01-30,78.1506,78.8868,78.0506,78.6141,60767897
2014-01-31,77.7417,78.7777,77.6599,78.4051,41076495
2014-02-03,78.2869,78.6141,76.4057,76.6056,59635138
2014-02-04,76.9782,77.4781,76.7601,77.1691,34355035
2014-02-05,76.9237,77.2418,76.1057,76.9691,38143010
2014-02-06,77.1964,78.0507,77.1782,77.9507,29389923
2014-02-07,78.4051,79.3948,78.1597,79.3412,34960330
2014-02-10,79.2776,79.832,79.2594,79.7956,27469644
2014-02-11,79.9229,80.859,79.8775,80.7045,35155570
2014-02-12,80.859,81.0403,80.6136,80.859,29567120
2014-02-13,80.2591,81.5224,80.2501,81.4588,36801274
2014-02-14,81.3952,81.8042,81.1862,81.6224,30978878
2014-02-18,81.7315,82.1743,81.5588,82.0223,26914576
2014-02-19,81.8587,82.0541,81.2952,81.4588,37966792
2014-02-20,81.5224,81.995,81.168,81.8405,38019440
2014-02-21,82.0949,82.2176,81.6314,81.7314,28375373
2014-02-24,81.886,82.5403,81.8314,82.1677,28644200
2014-02-25,82.2677,82.4494,81.8132,82.0768,24960864
2014-02-26,82.3131,82.5585,81.6769,82.0041,39051081
2014-02-27,82.0161,82.6184,81.8883,82.5363,26237774
2014-02-28,82.5089,83.0108,81.7149,82.445,44373881
2014-03-03,81.6601,82.0525,81.1034,81.8335,35543179
2014-03-04,82.7096,83.029,82.6457,82.8739,30311268
2014-03-05,83.02,83.2481,82.8374,83.1021,24841742
2014-03-06,83.2755,83.3531,82.7279,83.0291,21981284
2014-03-07,83.2937,83.3759,82.1995,82.6184,28450408
2014-03-10,82.5728,82.7325,82.1621,82.6914,16553063
2014-03-11,82.8922,83.0975,82.0891,82.3355,25101331
2014-03-12,81.9705,82.6914,81.6602,82.6458,25550494
2014-03-13,82.956,82.9834,81.1034,81.4776,44299752
2014-03-14,81.2129,81.5689,80.8844,80.9209,35353289
2014-03-17,81.4412,82.0526,81.3955,81.6328,25988161
2014-03-18,81.724,82.7188,81.7058,82.6184,28519218
2014-03-19,82.6458,82.737,81.6328,82.1712,37297700
2014-03-20,81.934,82.6458,81.7514,82.3994,28869942
2014-03-21,82.8806,82.9171,81.2478,81.4079,57454512
2014-03-24,81.7006,81.7646,79.9535,80.6944,71104107
2014-03-25,81.1243,81.6366,80.2829,80.9597,38164152
2014-03-26,81.3713,81.5451,79.9078,79.9169,37438869
2014-03-27,79.8254,80.1639,79.0297,79.4678,59258057
2014-03-28,79.7157,80.5023,79.4047,79.6242,36491821
2014-03-31,80.2462,80.731,80.1456,80.1913,31030384
2014-04-01,80.5847,81.6549,80.2285,81.6,35383941
2014-04-02,81.9476,82.0299,81.4399,81.8104,31677401
2014-04-03,81.911,82.0289,80.6944,81.1609,27732706
2014-04-04,81.6731,81.7829,78.7918,79.0022,120020050
2014-04-07,78.5175,79.2401,77.7043,78.2522,76830549
2014-04-08,78.3437,79.0846,78.0693,78.9748,47102832
2014-04-09,79.2767,80.3743,79.0572,80.3286,41788096
2014-04-10,80.3743,80.3835,77.6211,77.8406,67376131
2014-04-11,77.1454,78.1515,76.7521,76.935,85667987
2014-04-14,77.6119,77.9503,76.8252,77.5387,42534010
2014-04-15,77.804,78.243,76.1758,77.7949,77412030
2014-04-16,78.5084,78.8285,77.8324,78.8285,42964092
2014-04-17,78.5631,79.24,78.3253,78.8467,49136906
2014-04-21,79.0388,79.4321,78.6638,79.4321,23734429
2014-04-22,79.67,80.26,79.5692,80.0633,35301216
2014-04-23,80.0816,80.0908,79.3133,79.359,31444245
2014-04-24,80.6762,80.6853,79.2584,80.1182,44752644
2014-04-25,79.6517,79.734,78.6455,78.8376,40559054
2014-04-28,79.1943,79.6791,77.8497,79.0937,53622913
2014-04-29,79.3499,79.8713,78.9474,79.7249,33608363
2014-04-30,79.3864,80.0175,79.1577,79.9352,35389008
2014-05-01,80.0633,80.6304,79.8621,80.1731,33960117
2014-05-02,80.4383,80.5938,79.8346,80.0267,36655642
2014-05-05,79.5602,80.4658,79.359,80.4475,25542315
2014-05-06,80.3377,80.3651,79.3681,79.4047,30823907
2014-05-07,79.5785,79.6516,78.2339,79.176,61731973
2014-05-08,78.9017,80.0633,78.7096,79.1029,42585378
2014-05-09,79.0389,79.4505,78.5266,79.3956,32088927
2014-05-12,79.8621,80.731,79.7981,80.7036,35628365
2014-05-13,80.7859,81.0512,80.603,80.7585,27726133
2014-05-14,80.5206,80.8133,80.1456,80.3377,24224401
2014-05-15,80.3194,80.4566,79.1943,79.702,54589290
2014-05-16,79.798,80.2736,79.2492,80.2279,61108323
2014-05-19,80.0084,80.914,79.8529,80.7859,29285839
2014-05-20,80.7493,81.042,80.1639,80.4932,30839829
2014-05-21,80.6395,81.3072,80.5938,81.2615,33695240
2014-05-22,81.353,81.847,81.225,81.6183,28005321
2014-05-23,81.7097,82.2311,81.5176,82.2128,20755576
2014-05-27,82.5787,83.2556,82.5055,83.2382,27189532
2014-05-28,83.2099,83.3288,82.9126,82.9812,27878162
2014-05-29,83.283,83.5208,83.1092,83.5117,30217974
2014-05-30,83.5391,83.6489,83.0817,83.5208,27364839
2014-06-02,83.6306,83.6397,82.908,83.4385,27820831
2014-06-03,83.1549,83.5391,83.0543,83.4019,19925434
2014-06-04,83.2007,83.8501,83.0635,83.7129,18411222
2014-06-05,83.7952,84.5727,83.5025,84.4172,32547646
2014-06-06,84.7556,84.902,84.5636,84.902,20745871
2014-06-09,84.9295,85.0484,84.6048,84.838,21406133
2014-06-10,84.7649,85.0301,84.6643,84.9844,18875015
2014-06-11,84.6917,85.085,84.6094,84.9661,20932202
2014-06-12,84.7831,84.8746,83.905,84.1977,32266651
2014-06-13,84.5819,84.6551,84.0788,84.4447,36084742
2014-06-16,84.2984,84.7649,84.1154,84.5179,23067314
2014-06-17,84.463,84.7923,84.3166,84.5636,18279997
2014-06-18,84.655,85.1581,84.1337,85.0392,31569793
2014-06-19,85.1582,85.2222,84.6002,84.9844,35149385
2014-06-20,85.0202,85.1761,84.8643,85.0844,23751993
2014-06-23,85.0524,85.1303,84.846,85.1028,19111609
2014-06-24,85.1027,85.8181,84.7726,85.0202,29299190
2014-06-25,84.8276,85.708,84.8184,85.5613,30099702
2014-06-26,85.6164,85.6255,84.9468,85.6072,20702167
2014-06-27,85.4879,85.997,85.4696,85.9832,20985871
2014-06-30,85.9466,86.3409,85.9099,86.13,18127490
2014-07-01,86.4051,87.3039,86.3959,87.0746,29222810
2014-07-02,87.1113,87.3498,87.0471,87.2214,17228190
2014-07-03,87.5057,87.7717,87.2673,87.7717,14024854
2014-07-07,87.6708,87.7808,87.3406,87.5057,21338908
2014-07-08,87.3498,87.4048,86.0933,86.451,37247898
2014-07-09,86.6803,87.1893,86.4326,87.093,27448896
2014-07-10,86.0107,87.1755,85.8731,86.8178,40584084
2014-07-11,87.0104,87.3773,86.772,87.3773,17949070
2014-07-14,87.7717,88.0973,87.6204,87.9001,17957006
2014-07-15,88.0285,88.166,86.9737,87.5974,36209360
2014-07-16,88.221,88.3219,87.8496,87.9459,20234252
2014-07-17,87.7074,88.0193,86.506,86.7802,39539898
2014-07-18,87.2581,88.2028,87.1297,88.1569,33651165
2014-07-21,87.9734,88.1935,87.6341,88.0468,27289749
2014-07-22,88.4504,88.7439,88.3633,88.6063,23635439
2014-07-23,88.909,89.2758,88.7531,89.1722,26549300
2014-07-24,89.3308,89.4317,88.9456,89.074,22660290
2014-07-25,88.643,88.8447,88.2578,88.7255,27426242
2014-07-28,88.7805,88.9823,88.0651,88.753,23482225
2014-07-29,88.9364,89.1474,88.5237,88.5971,24783553
2014-07-30,89.0832,89.2574,88.5971,88.9456,32420038
2014-07-31,88.2302,88.3586,87.0196,87.148,45901673
2014-08-01,86.9737,87.4415,86.2492,86.827,55678597
2014-08-04,87.038,87.7625,86.6895,87.4232,30477550
2014-08-05,87.0746,87.3222,86.3501,86.7536,46161344
2014-08-06,86.2033,87.2305,86.1391,86.6894,31579365
2014-08-07,87.0838,87.2572,86.1071,86.4143,30518016
2014-08-08,86.5611,87.1389,86.185,87.038,36904826
2014-08-11,87.359,87.8267,87.3131,87.5516,25940146
2014-08-12,87.4782,87.7442,87.0655,87.5149,25825903
2014-08-13,87.8726,88.4779,87.8267,88.4412,25677104
2014-08-14,88.5421,88.9181,88.4412,88.8998,22934919
2014-08-15,89.3858,89.5417,88.487,89.3308,50631934
2014-08-18,89.7802,90.1012,89.6702,90.0187,35712479
2014-08-19,90.2296,90.5781,90.1746,90.5231,19593520
2014-08-20,90.4406,90.7065,90.3672,90.5231,21494054
2014-08-21,90.5782,90.7525,90.4315,90.7066,17737295
2014-08-22,90.7432,91.0275,90.5414,90.8441,22653198
2014-08-25,91.2752,91.4219,90.945,91.1651,22126083
2014-08-26,91.2844,91.3578,91.046,91.2569,18435132
2014-08-27,91.2844,91.3853,91.0826,91.2752,14303875
2014-08-28,90.9817,91.2844,90.8716,91.1743,21611684
2014-08-29,91.3945,91.6367,91.046,91.5137,16428388
2014-09-02,91.7521,91.8071,91.4037,91.7796,16813194
2014-09-03,92.0089,92.0273,91.0734,91.2385,23800757
2014-09-04,91.4678,91.9172,90.9267,91.156,22620253
2014-09-05,91.3303,91.6696,90.8258,91.6146,28253662
2014-09-08,91.6145,92.0181,91.3669,91.7888,23461906
2014-09-09,91.7705,92.1374,90.8575,91.0276,33429545
2014-09-10,91.1468,91.8163,90.89,91.7796,28505255
2014-09-11,91.3945,91.7522,91.0184,91.7063,26379148
2014-09-12,91.6237,91.6512,90.9542,91.2385,28008422
2014-09-15,91.3394,91.3485,90.0783,90.358,30240544
2014-09-16,90.0279,91.3211,89.927,91.1468,35004959
2014-09-17,91.1377,91.7155,90.7341,91.2844,34124003
2014-09-18,91.5595,91.9814,91.4678,91.9722,27695043
2014-09-19,92.3564,92.4525,91.5474,91.9151,43137993
2014-09-22,91.6944,91.7036,90.6648,91.0601,44733030
2014-09-23,90.7108,91.2164,90.628,90.8119,31247805
2014-09-24,90.8946,91.8294,90.5913,91.7864,33058322
2014-09-25,91.5013,91.6116,89.8189,89.8557,63105431
2014-09-26,90.1408,90.9774,89.9937,90.8119,51583065
2014-09-29,89.9109,90.9405,89.8649,90.6923,30653052
2014-09-30,90.9406,91.29,90.389,90.8211,38459753
2014-10-01,90.5912,90.6556,89.0835,89.3685,53472958
2014-10-02,89.3501,89.6443,88.2285,89.3685,50104969
2014-10-03,89.8742,90.6188,89.58,90.2511,38269859
2014-10-06,90.5269,90.7567,89.781,90.058,33131606
2014-10-07,89.6213,89.8924,88.7709,88.7801,41511586
2014-10-08,88.8629,90.7935,88.3113,90.5085,59693910
2014-10-09,90.3981,90.6188,88.9088,89.0467,57455705
2014-10-10,88.5227,89.0191,86.8035,86.8219,71321405
2014-10-13,86.684,87.3275,85.3878,85.4613,74315221
2014-10-14,86.0497,86.5736,85.2315,85.4705,66021490
2014-10-15,84.165,85.2774,82.9607,84.9189,100067502
2014-10-16,83.1354,85.112,83.0986,84.3857,85650495
2014-10-17,85.4889,86.3163,85.0017,85.4981,63936692
2014-10-20,85.4614,86.8495,85.3143,86.776,38133309
2014-10-21,87.8332,89.0559,87.6309,89.0559,49285285
2014-10-22,89.3226,89.4513,88.5365,88.5963,36017744
2014-10-23,89.4696,90.4257,89.3317,89.9293,44241852
2014-10-24,90.0626,90.7292,89.7639,90.6648,39680071
2014-10-27,90.4625,90.8946,90.1131,90.7291,27162347
2014-10-28,91.106,92.1173,91.0876,92.0989,31712505
2014-10-29,91.7864,92.0438,91.1061,91.7588,37281599
2014-10-30,91.3542,92.1724,91.1428,91.9518,33037001
2014-10-31,93.4687,93.5423,92.9171,93.2205,49877694
2014-11-03,93.34,93.7446,93.2481,93.4963,30780185
2014-11-04,93.1837,93.4268,92.5494,93.1837,20936271
2014-11-05,93.7813,93.7997,92.8665,93.1929,23735920
2014-11-06,93.1469,93.5147,92.7801,93.4871,22681723
2014-11-07,93.6526,93.6894,92.9172,93.4044,19243265
2014-11-10,93.4503,93.8548,93.2021,93.7353,18717651
2014-11-11,93.7537,94.0295,93.4963,94.0295,14207400
2014-11-12,93.6526,94.2961,93.6526,94.195,20271617
2014-11-13,94.3697,94.9488,94.1582,94.5995,25766899
2014-11-14,94.5719,94.8937,94.2594,94.8937,17698429
2014-11-17,94.6731,94.8845,94.1582,94.6087,21477150
2014-11-18,94.6915,95.4453,94.6832,95.3166,24212339
2014-11-19,95.2155,95.2155,94.4432,94.8845,21843605
2014-11-20,94.48,95.3901,94.4065,95.3074,21028874
2014-11-21,96.1532,96.2452,95.1879,95.4913,31302547
2014-11-24,95.7487,96.2819,95.6659,96.2359,16482089
2014-11-25,96.383,96.668,96.1348,96.383,16112242
2014-11-26,96.475,97.0634,96.3775,97.0082,17443274
2014-11-28,97.2609,97.6746,97.2012,97.4586,15960025
2014-12-01,97.192,97.3758,95.9969,96.3554,33067974
2014-12-02,96.4566,96.9133,96.2544,96.7416,23931470
2014-12-03,96.8886,97.0495,96.3118,96.9162,30314417
2014-12-04,96.8243,97.2472,96.4658,96.8703,28507457
2014-12-05,97.0266,97.1737,96.6635,96.8795,23555417
2014-12-08,96.6313,97.0542,95.6798,96.19,30049157
2014-12-09,95.0683,96.5668,94.7283,96.4933,42321672
2014-12-10,96.3186,96.5577,94.8017,94.9764,36157519
2014-12-11,95.2522,96.5669,95.2338,95.4269,43738267
2014-12-12,94.5168,95.6016,94.3789,94.3881,43107047
2014-12-15,94.8753,95.2247,93.1424,93.4136,48695734
2014-12-16,92.8252,94.2042,91.8967,91.9151,60077277
2014-12-17,91.9794,93.8548,91.8599,93.5882,73285003
2014-12-18,94.9305,95.8498,94.673,95.8406,45820486
2014-12-19,95.9391,96.6497,95.6992,96.2621,47448126
2014-12-22,96.1053,96.5298,96.0591,96.5021,31253068
2014-12-23,96.8527,96.8619,96.0499,96.1606,27827545
2014-12-24,96.2806,96.6128,96.2159,96.2437,13187445
2014-12-26,96.5205,97.1295,96.4928,96.9265,12848787
2014-12-29,96.8343,97.1203,96.7743,96.9081,15754967
2014-12-30,96.6312,96.8527,96.1283,96.2621,17166978
2014-12-31,96.4282,96.8066,95.1364,95.2748,22484963
2015-01-02,95.7454,96.1514,94.5273,94.9887,28895795
2015-01-05,94.5735,94.6843,93.3278,93.5954,33700317
2015-01-06,93.7338,93.8906,91.9252,92.3404,61091609
2015-01-07,92.9495,93.7523,92.7234,93.5308,34674827
2015-01-08,94.3243,95.5055,94.2237,95.3209,37106536
2015-01-09,95.6163,95.6439,94.1398,94.6935,38211503
2015-01-12,94.878,94.9795,93.4616,93.7061,31493512
2015-01-13,94.6196,95.6162,92.9217,93.6784,51824242
2015-01-14,92.7372,93.6442,92.3404,93.1617,47387543
2015-01-15,93.5954,93.7431,91.8376,91.9529,47065695
2015-01-16,91.8329,93.1525,91.6853,93.0325,32630773
2015-01-20,93.5954,94.0106,92.5434,93.7707,28572345
2015-01-21,93.4938,94.6925,93.1661,94.2505,37029143
2015-01-22,94.6196,96.096,93.7891,95.9945,37728956
2015-01-23,95.9853,96.5021,95.7085,96.2068,32096301
2015-01-26,96.096,96.2713,95.6069,96.096,18419048
2015-01-27,94.5827,94.6381,93.2909,93.6046,41757771
2015-01-28,95.1087,95.2102,93.1063,93.1248,40224599
2015-01-29,93.0509,94.1932,92.2389,94.0198,42944900
2015-01-30,93.9368,94.6566,93.1617,93.2909,39611852
2015-02-02,93.5031,94.1859,92.0451,94.1029,40255010
2015-02-03,94.4443,95.0718,93.8261,95.0072,28375151
2015-02-04,94.6196,95.5516,94.4074,94.9241,31441319
2015-02-05,95.1641,95.81,94.9241,95.7454,21782189
2015-02-06,95.8931,96.1238,94.8227,95.1641,31529982
2015-02-09,94.7949,95.307,94.6288,94.8595,20858626
2015-02-10,95.3856,96.4652,95.2379,96.336,21856949
2015-02-11,96.4467,96.9081,96.2621,96.6866,18735330
2015-02-12,97.3141,97.8493,97.1665,97.8124,20780799
2015-02-13,98.0892,98.6706,97.9056,98.6521,26787907
2015-02-17,98.6521,98.809,98.4059,98.7444,16310072
2015-02-18,98.6244,98.9381,98.4952,98.8828,13979441
2015-02-19,98.8181,99.4364,98.7905,99.3718,18296545
2015-02-20,99.3072,100.092,98.9935,100.036,26147928
2015-02-23,99.9808,100.165,99.7594,100.138,16487813
2015-02-24,100.008,100.331,99.704,100.212,18219863
2015-02-25,100.064,100.451,99.7409,99.9624,17968262
2015-02-26,100.064,100.525,99.7824,100.47,20536424
2015-02-27,100.433,100.498,99.8701,100.027,25613537
2015-03-02,100.221,100.968,100.202,100.931,21212967
2015-03-03,100.627,100.728,99.824,100.461,19183149
2015-03-04,100.129,100.276,99.5287,100.073,19384764
2015-03-05,100.331,100.548,99.8333,100.248,14192988
2015-03-06,100.119,100.313,98.8644,99.1135,28596629
2015-03-09,99.3165,99.6447,98.9104,99.3995,24210496
2015-03-10,98.689,98.7167,97.554,97.554,31590167
2015-03-11,97.697,97.8216,96.9542,96.9911,23493171
2015-03-12,96.9173,97.7385,96.8527,97.6278,19814540
2015-03-13,97.5356,97.9232,96.5944,97.2034,38775337
2015-03-16,97.5632,98.4952,97.4617,98.4583,23690977
2015-03-17,98.1861,98.7721,97.96,98.6152,18089583
2015-03-18,98.3476,100.036,97.8401,99.5841,37484473
2015-03-19,99.6856,100.008,99.5379,99.7317,28895284
2015-03-20,100.553,100.877,100.359,100.377,29375505
2015-03-23,100.322,100.599,100.146,100.183,15971315
2015-03-24,100.174,100.636,99.8039,99.8224,20759211
2015-03-25,99.9797,100.072,97.501,97.538,38457904
2015-03-26,96.7333,97.7599,96.4096,97.205,44252119
2015-03-27,97.1865,97.8246,97.0385,97.5934,31333466
2015-03-30,98.1853,98.7957,98.1853,98.7125,28273782
2015-03-31,98.4351,98.6385,97.6397,97.6674,28197855
2015-04-01,97.6674,97.6859,96.5298,97.1587,30493726
2015-04-02,97.2512,97.538,96.909,97.2235,17724643
2015-04-06,96.6501,98.2871,96.5021,98.0189,22614398
2015-04-07,97.9634,98.6848,97.8524,97.8524,17923619
2015-04-08,97.8894,98.768,97.8801,98.6293,23923811
2015-04-09,98.5831,99.286,98.2501,99.249,21378379
2015-04-10,99.212,99.6651,98.99,99.6559,15874968
2015-04-13,99.7299,100.239,99.2952,99.4062,16447593
2015-04-14,99.3045,99.5912,98.5553,99.1195,21971243
2015-04-15,99.3785,99.9519,99.2592,99.7392,19541429
2015-04-16,99.4709,99.7761,99.3322,99.6004,14978702
2015-04-17,98.6478,98.916,97.6212,98.0466,43019863
2015-04-20,98.5368,99.6929,98.4998,99.5172,26771523
2015-04-21,100.091,100.266,99.8224,99.9426,21050070
2015-04-22,100.202,100.655,99.5542,100.488,19819446
2015-04-23,100.146,101.321,100.128,100.868,27259216
2015-04-24,101.931,102.375,101.765,102.236,30066139
2015-04-27,102.616,102.81,101.755,101.977,28783523
2015-04-28,102.051,102.246,100.914,101.774,34081141
2015-04-29,101.21,101.802,100.581,101.136,31486554
2015-04-30,100.562,100.969,99.0177,99.5449,40769247
2015-05-01,99.9334,100.923,99.9149,100.858,30404832
2015-05-04,101.182,101.654,100.969,101.025,21741429
2015-05-05,100.627,100.812,99.3323,99.3785,44249350
2015-05-06,99.5542,99.841,98.0328,98.6941,39480555
2015-05-07,98.6663,99.5635,98.5923,99.286,27132141
2015-05-08,100.313,100.738,100.165,100.525,30542655
2015-05-11,100.59,100.794,100.063,100.137,18200980
2015-05-12,99.545,100.192,98.7773,99.6837,31136145
2015-05-13,100.118,100.636,99.7391,99.8871,19180571
2015-05-14,100.701,101.432,100.331,101.349,22108577
2015-05-15,101.607,101.746,101.099,101.349,22139291
2015-05-18,101.182,101.996,101.108,101.792,16306707
2015-05-19,101.903,102.061,101.515,101.681,13145239
2015-05-20,101.755,102.357,101.205,101.746,19544492
2015-05-21,101.57,102.412,101.422,102.273,15511914
2015-05-22,102.153,102.542,102.088,102.172,12526375
2015-05-26,101.95,102.088,100.59,100.997,23573772
2015-05-27,101.302,102.736,101.08,102.625,28276110
2015-05-28,102.431,102.671,102.079,102.394,16002674
2015-05-29,102.329,102.468,101.543,101.783,28100663
2015-06-01,102.329,102.403,101.293,102.125,22724510
2015-06-02,101.746,102.301,101.247,101.802,17988603
2015-06-03,102.264,102.486,101.857,102.107,18966737
2015-06-04,101.534,102.181,101.006,101.33,29017773
2015-06-05,101.21,101.45,100.47,101.09,20940907
2015-06-08,101.043,101.117,99.8594,100.063,22705093
2015-06-09,99.8224,100.257,99.1472,99.8964,25484727
2015-06-10,100.239,101.561,100.128,101.265,28021908
2015-06-11,101.607,101.876,101.238,101.413,16271858
2015-06-12,100.877,101.09,100.442,100.581,25158398
2015-06-15,99.8317,100.239,99.249,100.081,28892181
2015-06-16,99.9797,100.794,99.9334,100.627,15220653
2015-06-17,100.794,101.228,100.285,100.905,21546709
2015-06-18,101.274,102.551,101.219,102.375,39799838
2015-06-19,102.425,102.504,101.795,101.869,25842779
2015-06-22,102.62,102.926,102.388,102.62,17725264
2015-06-23,102.731,102.796,102.277,102.703,16804757
2015-06-24,102.583,103.019,102.147,102.175,14661501
2015-06-25,102.574,102.676,101.8,101.971,16988988
2015-06-26,101.952,102.184,100.914,101.294,29953226
2015-06-29,100.173,100.729,98.8562,98.9026,47161493
2015-06-30,99.6442,99.8575,98.949,99.2549,32269126
2015-07-01,100.238,100.438,99.5794,100.043,19738784
2015-07-02,100.33,100.414,99.7648,100.071,19003189
2015-07-06,99.4403,100.414,99.2271,99.8389,22536541
2015-07-07,99.9501,100.182,98.1054,100.089,41002338
2015-07-08,99.3754,99.4959,98.1649,98.3464,36794365
2015-07-09,99.6535,99.742,98.2815,98.2908,26309488
2015-07-10,99.5979,100.163,99.2364,99.7926,24487732
2015-07-13,100.655,101.628,100.645,101.545,23898977
2015-07-14,101.684,102.49,101.628,102.212,20373052
2015-07-15,102.407,102.722,102.036,102.323,26541706
2015-07-16,103.167,103.788,102.963,103.769,27660978
2015-07-17,104.604,105.299,104.428,105.299,33304483
2015-07-20,105.521,106.041,105.197,105.66,24601942
2015-07-21,105.698,105.865,105.29,105.596,32879995
2015-07-22,103.983,104.909,103.978,104.4,32978324
2015-07-23,104.502,104.845,103.742,104.01,23822539
2015-07-24,104.567,104.755,102.833,102.991,28593352
2015-07-27,102.407,102.848,101.915,102.138,33367556
2015-07-28,102.592,103.223,101.772,103.019,31104412
2015-07-29,103.241,103.63,102.842,103.408,24764194
2015-07-30,103.167,104.072,102.547,103.899,23581319
2015-07-31,104.224,104.279,103.565,103.779,20469971
2015-08-03,103.797,104.085,102.769,103.454,23176896
2015-08-04,103.408,103.589,102.833,103.26,20516873
2015-08-05,103.834,104.752,103.714,104.057,26873908
2015-08-06,104.149,104.289,101.925,102.388,39050644
2015-08-07,102.138,102.499,101.415,102.258,27816630
2015-08-10,102.907,103.649,102.898,103.426,19931436
2015-08-11,102.88,103.278,101.535,102.101,33486609
2015-08-12,101.396,102.652,100.321,102.453,38831469
2015-08-13,102.555,103.046,102.064,102.286,20867460
2015-08-14,102.045,102.592,101.841,102.444,16616577
2015-08-17,102.194,103.325,101.934,103.297,19675699
2015-08-18,103.153,103.241,102.629,102.768,12963638
2015-08-19,102.453,102.995,101.498,102.092,39408469
2015-08-20,101.146,101.47,99.2549,99.2642,53532356
2015-08-21,97.8644,98.6987,94.9258,94.9258,90627668
2015-08-24,87.3521,95.0463,78.5548,91.2734,139820824
2015-08-25,94.6199,95.241,90.8562,90.9304,69607579
2015-08-26,93.5909,95.6952,91.7091,95.5098,96505220
2015-08-27,96.891,97.9942,95.7415,97.9293,64313787
2015-08-28,97.4101,98.263,97.1969,97.9107,46275954
2015-08-31,97.3638,97.9015,96.4554,96.6964,36662665
2015-09-01,94.2861,95.7508,93.285,93.6743,67815872
2015-09-02,95.3708,96.3348,94.2769,96.3163,40754642
2015-09-03,96.6963,97.3545,95.5747,95.8435,41837596
2015-09-04,94.5272,95.3383,94.1749,94.7033,45775401
2015-09-08,96.5203,97.489,96.1216,97.3731,34617812
2015-09-09,98.5226,98.5504,96.0289,96.2792,43705471
2015-09-10,96.1679,97.9663,96.0567,97.3267,44206022
2015-09-11,96.8818,97.8644,96.6037,97.8644,26981624
2015-09-14,98.226,98.2445,97.197,97.5678,18279525
2015-09-15,97.7995,99.0231,97.4379,98.7172,27829018
2015-09-16,98.7358,99.3662,98.3928,99.2735,29042435
2015-09-17,99.1714,100.789,98.8563,99.3105,52042122
2015-09-18,97.7866,99.0597,97.7308,97.8981,44961573
2015-09-21,98.437,99.0132,97.3219,98.2047,33242236
2015-09-22,96.6993,97.0362,95.8351,96.7365,44009669
2015-09-23,96.9967,97.2568,96.309,96.8108,20234861
2015-09-24,95.8723,96.8201,95.0359,96.4577,35576283
2015-09-25,97.4892,97.5822,95.0453,95.64,41538173
2015-09-28,95.2311,95.2961,92.6384,92.9172,40959664
2015-09-29,93.1495,94.0974,91.7649,92.434,45827198
2015-09-30,93.7535,94.6642,93.3911,94.562,38482194
2015-10-01,94.7293,94.9988,93.4748,94.9895,36556488
2015-10-02,93.67,96.6529,93.3726,96.6529,55171288
2015-10-05,97.3684,98.2977,97.1547,98.0375,30529650
2015-10-06,97.8051,98.1304,96.8108,97.5728,30713623
2015-10-07,98.1862,98.372,96.9131,98.1583,34744607
2015-10-08,97.7866,98.7159,96.8388,98.5486,46638783
2015-10-09,98.595,99.1805,98.3255,98.9946,22224515
2015-10-12,99.1804,99.422,98.8273,99.2362,15018742
2015-10-13,98.6693,99.6729,98.5021,98.595,25089787
2015-10-14,98.595,99.0875,98.0281,98.437,28716731
2015-10-15,98.7995,100.059,98.6694,100.054,35678065
2015-10-16,100.268,100.528,99.7839,100.472,25174803
2015-10-19,100.342,101.113,100.119,101.048,22094461
2015-10-20,100.867,101.086,100.184,100.528,21749161
2015-10-21,101.039,101.141,99.8774,99.9146,28059387
2015-10-22,100.807,102.033,100.52,101.95,39752762
2015-10-23,104.691,105.23,104.143,104.802,49409863
2015-10-26,104.728,105.072,104.329,104.868,24084701
2015-10-27,104.589,105.23,104.561,105.081,29170106
2015-10-28,105.239,105.955,104.394,105.955,39235309
2015-10-29,105.471,105.964,105.36,105.787,23151089
2015-10-30,105.834,106.01,105.286,105.314,25275292
2015-11-02,105.592,106.629,105.369,106.503,20608243
2015-11-03,106.289,107.256,106.131,106.875,18974102
2015-11-04,107.228,107.302,106.438,106.884,26607702
2015-11-05,106.977,107.232,106.038,106.596,23235419
2015-11-06,106.392,106.791,105.713,106.67,27808155
2015-11-09,106.271,106.41,104.882,105.537,31111563
2015-11-10,104.979,105.369,104.663,105.267,32944410
2015-11-11,105.555,106.066,104.96,105.137,21139665
2015-11-12,104.682,105.221,104.041,104.115,28990183
2015-11-13,103.678,103.79,102.015,102.071,49098697
2015-11-16,101.978,103.557,101.736,103.539,31577011
2015-11-17,103.715,104.347,103.343,103.604,28416435
2015-11-18,104.022,105.695,103.92,105.592,30634584
2015-11-19,105.639,106.15,105.462,105.667,24335697
2015-11-20,106.159,106.466,106.066,106.382,21119962
2015-11-23,106.429,106.81,105.62,106.076,19232236
2015-11-24,105.397,106.234,104.856,105.983,24508822
2015-11-25,106.113,106.271,105.853,106.076,13158337
2015-11-27,106.303,106.439,105.862,106.224,8203544
2015-11-30,106.494,106.54,105.611,105.955,23270330
2015-12-01,106.378,107.014,106.252,107.014,26613648
2015-12-02,107.079,107.562,106.196,106.354,20811340
2015-12-03,106.642,106.828,103.932,104.552,39730121
2015-12-04,104.858,107.172,104.654,106.996,37205290
2015-12-07,107.07,107.135,106.001,106.512,24060633
2015-12-08,105.416,106.861,105.36,106.522,28614519
2015-12-09,106.038,106.642,104.263,104.905,45077890
2015-12-10,105.146,106.085,104.831,105.379,28021645
2015-12-11,104.161,104.44,102.888,102.953,52059503
2015-12-14,103.13,103.78,101.643,103.734,49342612
2015-12-15,104.635,105.267,104.236,104.366,45002473
2015-12-16,105.072,106.094,103.975,105.918,41764981
2015-12-17,106.364,106.382,104.356,104.375,42438400
2015-12-18,104.004,104.284,102.373,102.373,50097023
2015-12-21,103.343,103.529,102.578,103.51,24638189
2015-12-22,104.07,104.34,103.51,104.191,24738381
2015-12-23,104.713,105.039,104.545,104.964,23914965
2015-12-24,104.927,105.235,104.899,104.946,10700799
2015-12-28,104.694,104.909,103.939,104.89,17881189
2015-12-29,105.528,106.768,105.449,106.54,25843260
2015-12-30,106.409,106.484,105.561,105.58,18194776
2015-12-31,105.207,105.403,104.247,104.265,27857718
2016-01-04,102,102.159,100.779,102.066,47358104
2016-01-05,102.569,102.699,101.413,101.888,36161218
2016-01-06,100.136,101.497,100.118,100.91,39046938
2016-01-07,98.7659,100.006,97.694,97.7499,57218507
2016-01-08,98.4956,99.0735,96.8458,96.9483,64635936
2016-01-11,97.6754,97.927,95.7552,97.2466,46627745
2016-01-12,98.1601,98.8778,97.0136,98.3745,43561278
2016-01-13,98.8032,99.0176,94.8325,94.9816,65126872
2016-01-14,95.3545,97.8525,93.8351,97.0043,73119768
2016-01-15,93.7419,95.0189,92.7539,93.9936,85235456
2016-01-19,95.2612,95.4197,93.0987,94.1986,52723484
2016-01-20,92.7259,94.9164,90.6473,93.9097,80790284
2016-01-21,94.3198,95.4001,93.0428,94.0029,57473757
2016-01-22,95.8577,96.7619,95.5693,96.7246,39362635
2016-01-25,96.4357,96.9297,95.2053,95.2892,36241670
2016-01-26,95.6806,96.5568,94.8511,96.1467,33689955
2016-01-27,95.5874,95.9976,93.3504,93.7512,50822824
2016-01-28,95.2519,95.3451,93.4529,95.0748,44406948
2016-01-29,95.0748,97.0975,95.0189,97.0602,50562156
2016-02-01,96.5848,97.6847,96.2213,97.3212,30526802
2016-02-02,96.911,96.911,94.9256,95.2146,41877730
2016-02-03,95.8205,95.8485,93.0988,94.7579,57392452
2016-02-04,94.469,95.4989,93.6208,94.7486,45973010
2016-02-05,94.413,94.4503,91.0854,91.4582,65946405
2016-02-08,89.7898,90.4609,88.401,90.0601,85449022
2016-02-09,88.8856,91.1413,88.7178,89.7804,68769279
2016-02-10,90.8803,91.9895,90.0601,90.1253,55387304
2016-02-11,88.9695,90.7125,88.7271,89.9948,71622241
2016-02-12,91.0481,91.4582,90.1626,91.365,45847005
2016-02-16,92.6886,93.425,92.1387,93.425,37811734
2016-02-17,94.1521,95.6714,93.8631,95.5409,38930772
2016-02-18,95.8298,95.8578,94.3291,94.4503,36344186
2016-02-19,94.0588,95.0189,93.7838,94.7299,26339368
2016-02-22,95.5781,96.3611,95.5222,96.2679,22351070
2016-02-23,95.6993,95.9696,94.6181,94.6833,27841681
2016-02-24,93.6208,95.7087,92.9962,95.5875,37973173
2016-02-25,95.7832,96.5289,94.9257,96.5289,27393962
2016-02-26,97.2,97.2801,96.1779,96.4077,28825419
2016-02-29,96.2959,97.0323,95.5409,95.5409,25683201
2016-03-01,96.4264,98.6075,96.1561,98.6075,35140194
2016-03-02,98.4584,98.6634,97.8805,98.6448,27226599
2016-03-03,98.5329,98.5702,97.7499,98.4583,23745043
2016-03-04,98.5795,99.1294,97.8431,98.4956,29506195
2016-03-07,97.983,98.5609,97.1907,97.8898,24105349
2016-03-08,97.2186,98.0704,96.911,97.0788,26936481
2016-03-09,97.4703,97.7219,96.9017,97.7033,28939406
2016-03-10,98.1601,98.6727,96.2959,97.5542,41942572
2016-03-11,98.6168,99.26,98.2999,99.26,29318435
2016-03-14,98.8778,99.6607,98.8591,99.4277,23652095
2016-03-15,99.0549,99.5024,98.7567,99.3905,24723777
2016-03-16,99.1482,100.537,99.1202,100.276,29541294
2016-03-17,99.9777,100.453,99.6141,100.22,27612456
2016-03-18,100.461,100.625,99.844,100.377,35228009
2016-03-21,100.18,100.863,100.143,100.77,16162535
2016-03-22,100.199,101.312,100.18,101.078,17613186
2016-03-23,100.882,100.956,100.022,100.246,19550792
2016-03-24,99.7225,100.302,99.5916,100.274,17778656
2016-03-28,100.554,100.573,99.9562,100.134,12987478
2016-03-29,99.9655,101.807,99.7786,101.742,28012342
2016-03-30,102.35,102.873,102.022,102.237,22256656
2016-03-31,102.181,102.546,101.929,102.088,20050361
2016-04-01,101.508,103.21,101.33,103.172,24670319
2016-04-04,103.125,103.242,102.536,102.78,16045148
2016-04-05,101.976,102.368,101.658,101.788,18798264
2016-04-06,101.901,103.499,101.891,103.462,23424116
2016-04-07,102.873,103.046,101.536,101.976,26706586
2016-04-08,102.62,102.854,101.541,101.901,21406578
2016-04-11,102.35,102.854,101.513,101.527,24093507
2016-04-12,101.583,102.574,100.98,102.378,26703681
2016-04-13,103.135,103.845,103.032,103.686,23705216
2016-04-14,102.836,104.079,102.836,103.696,16079443
2016-04-15,103.612,103.822,103.172,103.434,19962574
2016-04-18,103.144,104.018,103.069,103.985,16010654
2016-04-19,104.182,104.182,102.723,103.35,39714595
2016-04-20,103.34,103.911,102.994,103.434,16900852
2016-04-21,103.378,103.817,102.976,103.443,18899301
2016-04-22,102.097,102.574,101.078,101.882,36529063
2016-04-25,101.545,101.891,101.386,101.882,13417134
2016-04-26,102.088,102.265,101.078,101.387,17873144
2016-04-27,100.349,100.807,99.7412,100.573,30906570
2016-04-28,100.676,101.278,99.162,99.3579,27876080
2016-04-29,99.3018,99.5589,98.0491,98.8344,63106296
2016-05-02,99.068,99.9094,98.6777,99.7692,23197658
2016-05-03,99.0587,99.5074,98.5819,98.8437,36057368
2016-05-04,98.2734,98.611,97.9651,98.208,25685061
2016-05-05,98.5633,98.7783,97.9837,98.18,19434179
2016-05-06,97.7032,98.7222,97.6004,98.7035,28755196
2016-05-09,98.7315,99.442,98.666,98.9839,18033261
2016-05-10,99.3392,100.386,99.1616,100.34,19799452
2016-05-11,100.181,100.489,99.4047,99.4327,19600713
2016-05-12,99.7318,99.7833,98.2921,98.9933,27294740
2016-05-13,98.9559,99.5159,98.4324,98.6287,19687653
2016-05-16,98.7876,100.227,98.6848,99.8627,17119188
2016-05-17,99.7879,100.068,98.3482,98.61,27983169
2016-05-18,98.4323,99.4981,98.1986,98.9652,26342646
2016-05-19,98.582,98.8204,97.7313,98.4511,25554290
2016-05-20,98.853,99.9375,98.7876,99.5355,27624986
2016-05-23,99.6103,100.003,99.3111,99.4046,14705262
2016-05-24,99.9562,101.517,99.9235,101.396,27981857
2016-05-25,101.77,102.434,101.605,102.125,35959510
2016-05-26,102.228,102.555,101.985,102.424,20460431
2016-05-27,102.508,102.966,102.471,102.957,18575852
2016-05-31,103.097,103.312,102.633,103.154,22779132
2016-06-01,102.836,103.396,102.752,103.163,18296817
2016-06-02,102.957,103.387,102.396,103.378,14674281
2016-06-03,103.182,103.228,102.219,102.892,18949723
2016-06-06,103.069,103.537,102.901,103.266,11688075
2016-06-07,103.331,103.425,102.957,103.004,11390728
2016-06-08,103.182,103.396,102.798,103.182,13619827
2016-06-09,102.77,103.125,102.564,103.013,16427171
2016-06-10,102.088,102.275,101.489,101.845,30817948
2016-06-13,101.284,101.835,100.863,100.994,23757060
2016-06-14,100.76,101.354,100.255,100.994,22987036
2016-06-15,101.265,101.377,100.536,100.704,23003108
2016-06-16,100.19,101.097,99.5636,101.003,29990548
2016-06-17,100.794,100.936,99.5848,99.8191,27379088
2016-06-20,100.981,101.459,100.372,100.447,19274642
2016-06-21,100.606,100.967,100.391,100.766,21375575
2016-06-22,100.841,101.413,100.438,100.522,21300646
2016-06-23,101.319,101.975,100.878,101.956,17541894
2016-06-24,98.2443,99.8285,97.5413,97.7569,63752166
2016-06-27,97.1101,97.1101,95.3759,95.8165,46909311
2016-06-28,96.857,97.9631,96.8289,97.9162,26490241
2016-06-29,98.6661,99.8565,98.6389,99.6503,29392406
2016-06-30,99.8472,100.869,99.4816,100.803,34026804
2016-07-01,100.756,101.684,100.719,101.309,18656003
2016-07-05,100.841,100.916,100.147,100.691,19841862
2016-07-06,100.222,101.563,99.8941,101.516,23039536
2016-07-07,101.6,102.041,101.338,101.816,17961380
2016-07-08,102.331,103.447,102.191,103.39,27612519
2016-07-11,103.747,104.36,103.728,103.981,18951932
2016-07-12,104.6,104.787,104.365,104.506,20533857
2016-07-13,104.787,104.815,104.243,104.253,19785479
2016-07-14,104.946,105.162,104.703,104.965,19563543
2016-07-15,105.19,105.265,104.562,104.796,16871762
2016-07-18,104.853,105.678,104.843,105.49,19416327
2016-07-19,105.143,105.434,104.918,105.106,17750424
2016-07-20,105.687,106.531,105.546,106.334,23431967
2016-07-21,106.409,106.615,105.799,106.09,17702322
2016-07-22,106.184,106.652,105.838,106.531,18750267
2016-07-25,106.446,106.568,106.184,106.54,12155719
2016-07-26,106.512,107.046,106.127,106.662,19894296
2016-07-27,107.571,107.684,106.952,107.402,25914258
2016-07-28,107.571,107.899,107.233,107.777,15878493
2016-07-29,108.021,108.302,107.674,108.011,20983008
2016-08-01,108.087,111.339,107.955,108.583,13113683
2016-08-02,108.433,108.518,107.065,107.758,19945428
2016-08-03,107.684,108.124,107.609,108.115,14070912
2016-08-04,108.096,108.527,107.824,108.424,12031249
2016-08-05,108.996,109.708,108.855,109.464,21743437
2016-08-08,109.502,109.549,108.996,109.343,11584017
2016-08-09,109.418,109.942,109.361,109.596,12444774
2016-08-10,109.633,109.689,109.024,109.314,13768275
2016-08-11,109.68,110.017,109.464,109.783,12157316
2016-08-12,109.586,109.868,109.474,109.858,18165055
2016-08-15,109.98,110.58,109.961,110.327,11039954
2016-08-16,110.111,110.13,109.699,109.717,13274318
2016-08-17,109.746,109.952,109.136,109.914,14979263
2016-08-18,109.811,110.102,109.619,109.942,9407578
2016-08-19,109.764,110.158,109.446,109.914,17568833
2016-08-22,109.755,110.186,109.549,109.999,13592240
2016-08-23,110.411,110.617,110.149,110.196,11246335
2016-08-24,110.13,110.271,109.118,109.483,16618069
2016-08-25,109.183,109.643,109.071,109.305,22746128
2016-08-26,109.352,110.177,108.808,109.464,22399016
2016-08-29,109.493,109.906,109.474,109.614,10484204
2016-08-30,109.418,109.755,108.883,109.258,18600235
2016-08-31,109.09,109.258,108.686,109.146,15156845
2016-09-01,109.183,109.558,108.649,109.427,19632661
2016-09-02,109.971,110.196,109.371,109.783,16955097
2016-09-06,109.942,110.467,109.727,110.467,17364735
2016-09-07,110.561,110.72,110.111,110.533,16447660
2016-09-08,110.205,110.233,109.596,109.886,18864599
2016-09-09,108.949,109.211,107.102,107.121,47630166
2016-09-12,106.521,109.193,106.512,109.043,37162371
2016-09-13,108.48,108.818,107.543,108.068,42990851
2016-09-14,108.199,109.174,108.152,108.583,26453831
2016-09-15,108.63,110.435,108.602,110.271,36994199
2016-09-16,110.152,110.332,109.673,110.218,25932549
2016-09-19,110.481,110.838,109.522,109.739,15244691
2016-09-20,110.124,110.396,109.757,109.945,16988503
2016-09-21,110.396,111.186,109.767,111.026,29644627
2016-09-22,111.684,112.032,111.559,111.909,21250852
2016-09-23,111.749,111.825,111.035,111.195,20873998
2016-09-26,110.565,110.697,110.105,110.265,15414783
2016-09-27,110.237,111.407,110.086,111.355,19018130
2016-09-28,111.468,111.609,110.97,111.543,13902283
2016-09-29,111.364,111.562,110.259,110.735,25566992
2016-09-30,111.021,111.891,110.913,111.562,24003034
2016-10-03,111.383,111.543,110.97,111.402,18057763
2016-10-04,111.693,111.975,110.81,111.233,19959057
2016-10-05,111.543,111.984,111.515,111.627,13608121
2016-10-06,111.477,111.807,111.026,111.571,11264283
2016-10-07,111.693,111.834,110.782,111.327,18779190
2016-10-10,111.881,112.276,111.853,112.032,18500270
2016-10-11,111.919,111.956,109.945,110.434,26099740
2016-10-12,110.486,110.716,110.002,110.34,13407522
2016-10-13,109.602,110.246,108.949,109.945,21444981
2016-10-14,110.49,110.932,110.011,110.077,20028207
2016-10-17,110.039,110.227,109.637,109.776,13327528
2016-10-18,111.054,111.27,110.697,110.754,18114352
2016-10-19,110.669,110.904,110.547,110.744,12876687
2016-10-20,110.584,110.857,109.974,110.613,17038939
2016-10-21,110.697,111.092,110.331,111.026,14760679
2016-10-24,111.759,112.436,111.723,112.36,17988727
2016-10-25,112.407,112.445,111.834,112.003,19115305
2016-10-26,111.27,111.853,110.913,111.242,19229810
2016-10-27,111.731,111.815,110.575,110.735,17948145
2016-10-28,110.387,110.988,109.701,110.039,33236610
2016-10-31,110.443,110.443,109.88,109.936,17618836
2016-11-01,110.124,110.143,108.164,109.109,22081826
2016-11-02,109.053,109.288,107.963,108.235,25334503
2016-11-03,108.085,108.414,107.051,107.173,34022150
2016-11-04,106.863,107.634,106.609,106.797,25369597
2016-11-07,108.489,109.447,108.348,109.335,24987890
2016-11-08,109.203,110.547,108.968,110.049,19525088
2016-11-09,108.733,110.735,108.63,110.556,65999493
2016-11-10,111.017,111.242,107.31,108.771,68433589
2016-11-11,108.263,109.053,107.916,108.818,38636080
2016-11-14,108.855,108.949,107.154,107.718,33740971
2016-11-15,108.507,109.588,108.376,109.212,29879365
2016-11-16,108.724,109.939,108.696,109.861,15540934
2016-11-17,109.814,110.678,109.579,110.66,19356533
2016-11-18,110.725,110.979,110.143,110.246,15438067
2016-11-21,110.509,111.496,110.481,111.393,19046436
2016-11-22,111.797,112.003,111.458,111.731,17714006
2016-11-23,111.364,111.486,110.791,111.28,21543597
2016-11-25,111.411,111.684,111.28,111.637,6730896
2016-11-28,111.487,111.9,111.27,111.383,12666315
2016-11-29,111.477,112.304,111.167,111.768,17434277
2016-11-30,111.881,111.95,110.378,110.415,28572014
2016-12-01,110.378,110.387,108.339,108.508,37397011
2016-12-02,108.602,109.156,108.273,108.724,30894494
2016-12-05,109.306,110.002,108.789,109.569,20128134
2016-12-06,109.832,110.02,109.372,109.832,25647646
2016-12-07,109.607,111.364,109.28,111.223,25017198
2016-12-08,111.261,111.702,111.054,111.421,17458209
2016-12-09,111.853,112.332,111.825,112.295,20544867
2016-12-12,111.778,112.022,111.327,111.787,21856850
2016-12-13,112.154,113.808,112.125,113.197,51193068
2016-12-14,113.291,113.704,112.633,112.962,27012718
2016-12-15,113.112,113.808,112.84,113.14,21389823
2016-12-16,113.362,113.646,112.495,112.721,24772102
2016-12-19,112.853,113.88,112.674,113.183,19922813
2016-12-20,113.503,113.824,113.409,113.616,10802540
2016-12-21,113.635,113.739,113.277,113.531,6672114
2016-12-22,113.531,113.569,112.768,113.211,15687608
2016-12-23,113.06,113.333,112.919,113.286,8489376
2016-12-27,113.513,114.53,113.484,113.871,15183907
2016-12-28,114.097,114.219,112.905,112.985,16941334
2016-12-29,112.966,113.22,112.466,112.825,12504397
2016-12-30,113.032,113.051,111.345,111.665,39347722
2017-01-03,112.448,113.088,112.052,112.664,21024520
2017-01-04,112.787,113.484,112.774,113.277,18613141
2017-01-05,113.249,113.993,113.192,113.918,19456834
2017-01-06,114.031,115.218,113.743,114.917,22689599
2017-01-09,115.011,115.501,114.936,115.294,17821605
2017-01-10,115.331,115.897,115.077,115.548,15246183
2017-01-11,115.577,115.859,115.002,115.859,19496162
2017-01-12,115.445,115.755,114.606,115.68,18493856
2017-01-13,115.746,116.274,115.737,116.076,15956978
2017-01-17,115.727,115.954,115.392,115.727,13702260
2017-01-18,115.888,116.076,115.605,115.963,11780706
2017-01-19,116.104,116.538,115.661,115.906,11979565
2017-01-20,116.406,116.707,115.85,116.161,20820405
2017-01-23,116.076,116.425,115.52,116.255,16431384
2017-01-24,116.481,117.216,116.288,117.037,16626199
2017-01-25,117.754,118.244,117.669,118.215,14171365
2017-01-26,118.366,118.583,118.134,118.338,15128857
2017-01-27,118.564,118.678,118.178,118.564,14187158
2017-01-30,118.159,118.168,116.99,117.641,23568384
2017-01-31,117.245,117.433,116.726,117.405,17993050
2017-02-01,118.206,118.451,117.678,118.215,21546908
2017-02-02,118.008,118.47,117.678,118.112,14232755
2017-02-03,118.272,118.574,118.121,118.451,15981804
2017-02-06,118.206,118.611,118.14,118.592,10961197
2017-02-07,118.809,119.271,118.724,119.026,16532164
2017-02-08,118.866,119.394,118.64,119.224,11846200
2017-02-09,119.346,119.921,119.281,119.658,16533705
2017-02-10,119.884,120.223,119.714,120.053,13115301
2017-02-13,120.411,120.883,120.374,120.732,18020391
2017-02-14,120.779,121.142,120.393,121.137,15394009
2017-02-15,121.052,121.91,120.986,121.854,16862284
2017-02-16,121.92,122.174,121.505,121.816,14229867
2017-02-17,121.665,122.353,121.618,122.344,14668537
2017-02-21,122.551,123.022,122.513,122.947,17416723
2017-02-22,122.824,123.079,122.627,122.994,11414286
2017-02-23,123.182,123.182,122.042,122.532,16483089
2017-02-24,122.023,122.768,121.938,122.768,17553246
2017-02-27,122.541,122.928,122.334,122.919,11317955
2017-02-28,122.89,122.947,122.202,122.541,15643862
2017-03-01,123.286,124.106,123.088,123.88,24329063
2017-03-02,123.87,123.87,123.107,123.258,18803828
2017-03-03,123.135,123.522,122.844,123.484,12933446
2017-03-06,123.05,123.418,122.721,123.211,11334432
2017-03-07,122.947,123.54,122.786,123.003,14609363
2017-03-08,123.06,123.606,122.956,123.22,14868625
2017-03-09,123.192,123.484,122.655,123.314,19655691
2017-03-10,123.861,124.031,123.296,123.833,20661654
2017-03-13,123.786,124.068,123.72,124.04,10114325
2017-03-14,123.757,123.804,123.239,123.739,13213310
2017-03-15,124.012,124.789,123.597,124.502,21402961
2017-03-16,124.719,124.737,124.134,124.417,17395656
2017-03-17,124.534,124.704,124.308,124.374,20054802
2017-03-20,124.336,124.77,124.157,124.487,9543800
2017-03-21,124.959,125.073,122.523,122.598,33850645
2017-03-22,122.674,123.552,122.475,123.429,27556855
2017-03-23,123.269,123.609,122.91,123.118,19183207
2017-03-24,123.514,123.996,122.9,123.373,21691563
2017-03-27,122.523,123.788,122.211,123.571,17446186
2017-03-28,123.543,124.695,123.297,124.326,22404033
2017-03-29,124.411,124.95,124.279,124.903,12948287
2017-03-30,124.874,125.243,124.742,125.11,15198331
2017-03-31,124.922,125.365,124.785,125.025,18739086
2017-04-03,125.12,125.432,124.251,124.95,22383609
2017-04-04,124.572,125.167,124.544,125.148,12655561
2017-04-05,125.309,126.064,124.402,124.638,30232730
2017-04-06,124.78,125.035,124.383,124.704,17785936
2017-04-07,124.657,125.016,124.194,124.638,15812874
2017-04-10,124.77,125.2,124.342,124.685,14751524
2017-04-11,124.534,124.756,123.25,124.147,31901752
2017-04-12,124.147,124.232,123.514,123.646,15068780
2017-04-13,123.486,124.204,123.136,123.155,22367268
2017-04-17,123.533,124.194,123.458,124.175,12585188
2017-04-18,123.731,124.345,123.675,123.987,12127680
2017-04-19,124.525,124.94,124.015,124.185,16777872
2017-04-20,124.704,125.498,124.496,125.224,20756884
2017-04-21,125.328,125.384,124.874,125.195,21207425
2017-04-24,126.574,126.825,126.37,126.706,21221591
2017-04-25,127.103,127.846,127.009,127.623,18307463
2017-04-26,127.66,127.981,127.368,127.443,23987484
2017-04-27,127.764,128.208,127.679,128.208,15240050
2017-04-28,128.709,128.765,128.227,128.435,21506807
2017-05-01,128.879,129.748,128.803,129.578,23436856
2017-05-02,129.748,129.852,129.408,129.795,17325873
2017-05-03,129.521,129.549,129.025,129.379,22503773
2017-05-04,129.398,129.795,128.973,129.426,13817261
2017-05-05,129.757,129.899,129.275,129.899,18256698
2017-05-08,129.965,130.182,129.7,130.182,12542144
2017-05-09,130.38,130.926,130.267,130.635,26846849
2017-05-10,130.711,130.758,130.248,130.711,19360489
2017-05-11,130.361,130.645,129.748,130.607,25719153
2017-05-12,130.683,130.928,130.55,130.9,18642012
2017-05-15,130.928,131.391,130.834,131.315,19343455
2017-05-16,131.618,131.882,131.268,131.863,20575636
2017-05-17,130.853,131.06,128.492,128.51,52550884
2017-05-18,128.501,130.069,128.322,129.634,39024287
2017-05-19,130.059,130.73,130.012,130.182,34689519
2017-05-22,130.465,131.348,130.424,131.278,18425765
2017-05-23,131.674,131.674,131.07,131.41,18593749
2017-05-24,131.807,132.08,131.438,132.014,17305848
2017-05-25,132.52,133.478,132.232,133.138,22599201
2017-05-26,133.167,133.431,132.987,133.374,13082034
2017-05-30,133.289,133.643,133.223,133.488,19178251
2017-05-31,133.922,133.96,132.76,133.44,31383284
2017-06-01,133.705,134.016,133.148,133.96,19002893
2017-06-02,134.432,135.518,134.215,135.49,35154889
2017-06-05,135.471,135.698,135.273,135.462,14853760
2017-06-06,135.32,135.745,134.725,134.923,21148942
2017-06-07,135.273,135.565,134.678,135.452,17795593
2017-06-08,135.754,135.811,134.857,135.594,24005298
2017-06-09,135.745,135.905,130.437,132.203,103684496
2017-06-12,131.126,131.731,129.833,131.495,98650850
2017-06-13,132.232,132.751,131.542,132.562,48348907
2017-06-14,133.091,133.1,130.919,131.986,56755172
2017-06-15,130.664,131.542,129.852,131.4,52081478
2017-06-16,131.37,131.424,130.346,130.831,45539696
2017-06-19,132.062,133.141,131.901,133.018,37527077
2017-06-20,132.876,133.056,131.929,131.977,38766306
2017-06-21,132.261,133.35,132.194,133.283,33849659
2017-06-22,133.473,133.738,132.905,133.246,22822328
2017-06-23,133.085,133.928,132.725,133.757,20507050
2017-06-26,134.477,134.751,132.838,133.132,32587948
2017-06-27,132.649,132.791,130.708,130.717,62463293
2017-06-28,131.2,132.715,130.442,132.602,54384630
2017-06-29,132.014,132.052,129.031,130.3,84066299
2017-06-30,130.689,131.322,129.921,130.348,65247962
2017-07-03,130.925,131.096,128.889,128.975,31059389
2017-07-05,129.334,130.594,128.946,130.243,39885193
2017-07-06,129.24,129.798,128.605,129.069,45864578
2017-07-07,129.495,130.812,129.495,130.461,35011686
2017-07-10,130.537,131.622,130.215,131.314,23536793
2017-07-11,131.105,131.844,130.632,131.683,29847825
2017-07-12,132.782,133.397,132.54,133.246,34136065
2017-07-13,133.388,133.861,133.151,133.539,29427301
2017-07-14,134.07,134.761,133.71,134.59,32714642
2017-07-17,134.713,135.13,134.401,134.657,24000448
2017-07-18,134.533,135.585,134.136,135.556,24384346
2017-07-19,135.926,136.551,135.897,136.352,31964082
2017-07-20,136.664,136.787,135.916,136.532,34224738
2017-07-21,136.011,136.475,135.755,136.475,37593896
2017-07-24,136.437,137.195,136.295,137.1,25297474
2017-07-25,136.645,137.072,136.38,136.75,26631020
2017-07-26,137.072,137.27,136.873,137.195,17624629
2017-07-27,138.132,138.227,134.761,136.333,76392141
2017-07-28,135.556,136.442,135.301,136.219,35999200
2017-07-31,136.579,136.778,135.348,135.641,32055305
2017-08-01,136.087,136.143,135.537,135.954,19081891
2017-08-02,136.797,136.863,135.054,136.323,39556677
2017-08-03,136.532,136.532,135.547,135.793,25676346
2017-08-04,136.039,136.342,135.481,136.039,27911410
2017-08-07,136.267,136.901,136.096,136.901,16983785
2017-08-08,136.626,137.763,136.276,136.664,29177993
2017-08-09,135.556,136.551,135.23,136.484,34253184
2017-08-10,135.736,135.803,133.426,133.558,59976290
2017-08-11,133.757,134.865,133.435,134.571,43432648
2017-08-14,135.642,136.513,135.604,136.305,32351148
2017-08-15,136.579,136.657,136.03,136.399,24157688
2017-08-16,136.721,137.28,136.182,136.636,30222217
2017-08-17,136.115,136.314,133.842,133.842,66472191
2017-08-18,133.937,134.666,133.198,133.747,57533245
2017-08-21,133.747,134.032,132.753,133.577,35145276
2017-08-22,134.287,135.755,134.249,135.613,34371320
2017-08-23,134.95,135.433,134.837,135.13,24340596
2017-08-24,135.452,135.585,133.975,134.732,36139005
2017-08-25,135.234,135.594,134.268,134.448,24982779
2017-08-28,134.865,135.178,134.43,134.865,14548241
2017-08-29,133.7,135.623,133.587,135.395,23200383
2017-08-30,135.528,137.214,135.424,136.986,31860294
2017-08-31,137.346,138.464,137.299,138.454,36442011
2017-09-01,138.606,138.819,137.895,138.265,21112420
2017-09-05,137.839,138.151,135.992,137.024,43070960
2017-09-06,137.375,137.753,136.447,137.441,29095007
2017-09-07,137.697,138.113,137.261,137.763,21517350
2017-09-08,137.583,137.649,136.428,136.57,26412471
2017-09-11,137.602,138.378,137.602,138.142,25689157
2017-09-12,138.501,138.653,137.82,138.473,28653628
2017-09-13,138.217,138.681,138.009,138.663,26943500
2017-09-14,138.123,138.536,137.763,137.848,33426371
2017-09-15,137.848,138.824,137.592,138.322,43962894
2017-09-18,138.454,138.919,137.723,138.141,23592742
2017-09-19,138.387,138.577,137.913,138.378,19808782
2017-09-20,138.331,138.482,136.888,137.951,32493355
2017-09-21,137.856,137.865,136.622,137.106,27373633
2017-09-22,136.67,137.173,136.532,136.973,20597626
2017-09-25,136.432,136.508,134.866,135.531,52150572
2017-09-26,136.205,136.48,135.407,135.882,28120550
2017-09-27,136.603,137.619,136.262,137.106,31556823
2017-09-28,136.802,137.198,136.461,137.059,22920076
2017-09-29,137.334,138.145,136.973,138.046,40908221
2017-10-02,138.255,138.729,137.552,138.169,25958935
2017-10-03,138.321,138.625,138.046,138.463,18711541
2017-10-04,138.188,138.891,138.065,138.596,25038162
2017-10-05,139.08,140.029,138.953,139.954,29955658
2017-10-06,139.488,140.143,139.479,140.143,22361683
2017-10-09,140.333,140.475,139.802,139.982,13007184
2017-10-10,140.447,140.599,139.469,140.086,18244523
2017-10-11,140.02,140.532,139.839,140.504,11805830
2017-10-12,140.314,140.803,140.101,140.248,13774665
2017-10-13,140.846,140.95,140.255,140.789,17472729
2017-10-16,141.13,141.311,140.839,141.273,20699189
2017-10-17,141.216,141.472,141.007,141.453,12469351
2017-10-18,141.614,141.614,141.073,141.282,16341736
2017-10-19,140.485,140.779,139.773,140.76,26271209
2017-10-20,141.33,141.453,140.969,141.14,28637276
2017-10-23,141.424,141.443,140.02,140.219,27805742
2017-10-24,140.466,140.751,139.934,140.456,19256626
2017-10-25,140.181,140.637,138.881,139.925,34337404
2017-10-26,139.859,140.186,139.441,139.479,26793121
2017-10-27,141.728,143.807,141.605,143.541,57102372
2017-10-30,143.389,144.443,143.304,143.864,30117978
2017-10-31,144.3,144.613,143.911,144.405,24979526
2017-11-01,144.974,145.05,143.788,144.357,27980801
2017-11-02,144.186,144.253,143.095,144.082,29438465
2017-11-03,144.633,145.487,144.111,145.468,24865562
2017-11-06,145.335,146.018,145.306,145.961,27233234
2017-11-07,145.847,146.239,145.534,146.047,20247096
2017-11-08,145.98,146.673,145.8,146.635,16489112
2017-11-09,145.458,145.942,144.367,145.866,38527989
2017-11-10,145.553,145.971,145.268,145.857,19124970
2017-11-13,145.325,146.226,145.306,146.037,11884943
2017-11-14,145.506,145.686,144.803,145.506,23892281
2017-11-15,144.841,145.211,144.053,144.822,23545132
2017-11-16,145.572,147.005,145.525,146.673,33019543
2017-11-17,146.711,146.815,145.971,146.113,27263500
2017-11-20,146.236,146.35,145.79,145.999,20067595
2017-11-21,146.692,147.651,146.621,147.584,19122129
2017-11-22,147.708,147.907,147.433,147.764,16418420
2017-11-24,147.926,148.353,147.831,148.305,7859058
2017-11-27,148.249,148.59,147.897,148.239,21500213
2017-11-28,148.552,148.714,147.774,148.619,23943109
2017-11-29,148.486,148.486,145.325,146.028,68321845
2017-11-30,146.597,147.537,146.298,147.252,53714448
2017-12-01,146.341,147.337,144.509,146.626,56011598
2017-12-04,147.556,147.703,144.794,144.936,48706718
2017-12-05,144.87,146.682,144.357,145.031,38537221
2017-12-06,144.509,145.909,144.319,145.686,27189440
2017-12-07,145.676,146.597,145.525,146.18,31003314
2017-12-08,147.204,147.613,146.597,146.825,26652155
2017-12-11,146.882,148.011,146.882,147.964,19761594
2017-12-12,147.878,148.201,147.451,147.764,19276344
2017-12-13,148.324,148.524,147.831,148.049,23175437
2017-12-14,148.324,148.685,147.783,147.945,23342668
2017-12-15,148.524,149.786,148.277,149.625,47280221
2017-12-18,150.547,151.003,150.337,150.88,25531332
2017-12-19,150.594,150.747,149.567,149.986,29878207
2017-12-20,150.509,150.537,149.234,149.824,37066129
2017-12-21,150.014,150.509,149.672,149.843,17726905
2017-12-22,149.615,149.731,149.272,149.672,22189150
2017-12-26,148.873,149.053,148.321,148.863,20846493
2017-12-27,148.863,149.282,148.74,148.882,21292993
2017-12-28,149.367,149.382,148.882,149.063,24151601
2017-12-29,149.225,149.225,148.083,148.141,31562563
2018-01-02,148.844,150.77,148.53,150.737,30979833
2018-01-03,150.851,152.335,150.851,152.202,27946166
2018-01-04,152.734,152.924,152.251,152.468,23564124
2018-01-05,153.162,154.104,152.906,153.999,25671929
2018-01-08,153.98,154.674,153.942,154.598,22026155
2018-01-09,154.884,155.064,154.142,154.608,23570127
2018-01-10,153.885,154.275,153.238,154.246,32340605
2018-01-11,154.532,155.312,154.275,155.302,19471986
2018-01-12,155.055,156.605,154.969,156.443,35915417
2018-01-16,157.452,158.274,155.53,155.996,39214851
2018-01-17,156.71,157.918,155.976,157.68,32193993
2018-01-18,157.452,158.07,157.057,157.708,25139158
2018-01-19,158.184,158.46,157.437,158.203,37032826
2018-01-22,158.136,159.896,157.965,159.896,24805541
2018-01-23,160.391,161.361,160.31,161.218,36131268
2018-01-24,161.503,161.912,159.249,160.172,51631743
2018-01-25,161.256,161.332,159.601,160.115,27510000
2018-01-26,160.99,162.589,160.695,162.568,30470928
2018-01-29,162.178,162.549,161.437,161.779,35454280
2018-01-30,160.305,161.132,159.611,160.447,42786971
2018-01-31,161.37,161.674,160.105,161.113,40372646
2018-02-01,159.896,161.427,159.23,159.744,36177135
2018-02-02,159.154,159.496,156.424,156.558,65128264
2018-02-05,155.15,157.642,150.271,150.385,100217548
2018-02-06,148.331,154.56,147.513,154.37,112739255
2018-02-07,153.876,155.549,152.363,152.373,86575377
2018-02-08,152.829,152.934,145.943,145.943,89577474
2018-02-09,148.045,149.548,142.781,148.464,108267943
2018-02-12,149.957,152.126,148.806,151.098,59966331
2018-02-13,150.252,152.182,150.004,151.878,30230695
2018-02-14,151.022,154.96,150.271,154.722,49558436
2018-02-15,156.111,157.594,154.494,157.594,49108033
2018-02-16,157.1,158.598,156.624,156.89,59210803
2018-02-20,156.348,158.526,156.272,157.204,34986144
2018-02-21,157.937,159.515,156.662,156.757,39148220
2018-02-22,157.442,158.279,156.336,156.738,35260797
2018-02-23,157.937,159.943,157.357,159.943,47646263
2018-02-26,160.666,162.064,160.562,162.064,37345797
2018-02-27,162.083,162.378,159.981,160.057,40145026
2018-02-28,160.971,161.494,158.926,159.03,40835963
2018-03-01,159.106,159.848,155.027,156.434,73052488
2018-03-02,154.636,158.146,154.037,157.87,54634961
2018-03-05,157.176,160.029,156.538,159.62,36654876
2018-03-06,160.362,160.837,159.287,160.295,28038771
2018-03-07,159.078,160.799,158.793,160.666,32916366
2018-03-08,161.246,161.665,160.685,161.551,24564883
2018-03-09,162.73,164.689,162.464,164.689,36436462
2018-03-12,165.155,165.945,164.803,165.564,35793930
2018-03-13,166.249,166.639,162.889,163.31,52917156
2018-03-14,164.138,164.29,162.568,163.282,38553407
2018-03-15,163.424,164.09,162.54,163.139,27401007
2018-03-16,163.377,163.776,162.573,162.654,29651628
2018-03-19,161.146,161.203,157.792,159.183,68012527
2018-03-20,159.183,160.079,158.716,159.707,32461228
2018-03-21,159.307,160.764,158.316,159.012,41785382
2018-03-22,156.897,157.916,154.887,155.087,63451585
2018-03-23,154.896,155.563,150.924,151,76314914
2018-03-26,154.02,156.802,151.619,156.611,54758157
2018-03-27,157.754,157.773,150.209,151.543,75151497
2018-03-28,150.752,152.21,148.647,149.8,85135503
2018-03-29,150.638,154.048,149.213,152.543,65438070
2018-04-02,151.467,152.172,146.589,148.142,81496306
2018-04-03,149.486,150.438,147.123,149.809,61053615
2018-04-04,146.961,152.639,146.742,152.172,62652725
2018-04-05,153.687,153.925,151.924,153.039,41015038
2018-04-06,151.41,152.858,148.495,149.209,57034315
2018-04-09,150.524,153.258,150,150.257,39829495
2018-04-10,152.543,154.068,151.534,153.572,46298689
2018-04-11,152.61,154.325,152.515,152.686,39650179
2018-04-12,153.658,155.058,153.525,154.525,29024381
2018-04-13,155.287,155.525,153.058,153.725,42491593
2018-04-16,154.753,155.458,153.829,154.896,26845641
2018-04-17,156.411,158.573,156.144,158.23,33852458
2018-04-18,158.25,159.088,157.478,158.554,28172729
2018-04-19,157.802,158.126,156.554,157.097,33061403
2018-04-20,156.697,156.811,154.068,154.611,46866294
2018-04-23,155.354,155.973,153.391,154.22,31475253
2018-04-24,154.915,155.187,149.933,150.952,66928134
2018-04-25,151.276,151.762,149.057,151.133,49621439
2018-04-26,153.105,154.83,152.591,154.315,40968028
2018-04-27,156.563,156.621,153.534,154.411,48625072
2018-04-30,154.782,155.735,152.934,153.315,33927896
2018-05-01,152.915,155.087,152.553,155.068,34783587
2018-05-02,155.373,155.82,153.972,154.153,36815832
2018-05-03,153.448,154.706,151.676,154.134,57478499
2018-05-04,153.477,157.421,153.353,157.059,39575005
2018-05-07,157.792,158.878,157.669,158.364,30960362
2018-05-08,157.973,158.545,157.049,158.202,24806449
2018-05-09,158.516,160.04,157.926,159.926,27742948
2018-05-10,160.45,161.698,160.317,161.584,25785200
2018-05-11,161.327,161.812,160.727,161.431,23519153
2018-05-14,161.793,162.727,161.441,161.708,20787881
2018-05-15,160.422,160.517,159.069,159.917,47022998
2018-05-16,160.136,161.346,160.05,160.974,21854258
2018-05-17,160.422,161.574,159.574,160.355,26178211
2018-05-18,159.764,160.288,159.288,159.526,24975789
2018-05-21,160.736,161.469,159.736,160.422,21867036
2018-05-22,161.136,161.422,159.926,160.212,18554909
2018-05-23,158.993,161.584,158.974,161.565,25299584
2018-05-24,161.527,161.803,159.888,161.517,26384339
2018-05-25,161.508,162.26,161.193,161.679,26159513
2018-05-29,160.907,161.87,160.003,160.965,39267544
2018-05-30,161.593,162.403,161.203,162.117,21591976
2018-05-31,162.07,163.089,161.593,162.012,33980951
2018-06-01,162.784,164.651,162.775,164.556,43385596
2018-06-04,164.956,166.08,164.87,166.042,19490293
2018-06-05,166.414,166.833,165.818,166.557,23605296
2018-06-06,166.733,167.557,165.89,167.528,23850463
2018-06-07,167.576,167.595,165.328,166.166,37724146
2018-06-08,165.347,166.595,164.975,166.175,30274664
2018-06-11,166.042,167.033,166.023,166.623,21262246
2018-06-12,166.852,167.661,166.671,167.5,21445274
2018-06-13,167.747,168.747,167.118,167.49,36064914
2018-06-14,168.252,169.462,168.138,169.186,34214359
2018-06-15,168.595,168.924,167.766,168.595,47265049
2018-06-18,167.572,168.641,167.009,168.498,30199032
2018-06-19,166.36,168.059,165.835,168.021,36502489
2018-06-20,168.775,169.911,168.641,169.214,31540190
2018-06-21,169.634,169.816,167.419,167.744,41498683
2018-06-22,168.317,168.373,166.77,167.372,28709758
2018-06-25,165.882,166.102,162.111,163.601,74272522
2018-06-26,164.193,165.213,163.601,164.269,37239648
2018-06-27,164.937,165.71,161.92,162.035,50447749
2018-06-28,161.835,163.982,161.5,163.429,44303736
2018-06-29,164.202,165.08,163.624,163.868,34757810
2018-07-02,162.331,165.014,161.978,164.966,30329677
2018-07-03,165.548,165.586,162.894,163.057,24356050
2018-07-05,164.116,165.214,163.276,165.08,30192376
2018-07-06,165.453,167.773,165.157,167.648,35327851
2018-07-09,168.488,169.195,167.849,169.157,26121557
2018-07-10,169.367,169.663,168.699,169.281,22818830
2018-07-11,167.983,169.042,167.83,168.422,28907731
2018-07-12,169.176,171.324,169.052,171.324,26663863
2018-07-13,171.286,171.744,170.837,171.467,26795456
2018-07-16,171.496,171.792,170.77,171.057,20434856
2018-07-17,169.262,172.46,169.243,172.097,29627088
2018-07-18,172.107,172.259,171.247,171.773,22168075
2018-07-19,171.209,171.725,170.713,170.913,29684432
2018-07-20,171.429,172.002,170.684,170.875,34279691
2018-07-23,170.36,171.496,169.682,171.419,21178934
2018-07-24,173.166,173.796,171.419,172.126,35227345
2018-07-25,172.183,174.637,172.116,174.531,34388947
2018-07-26,172.173,172.718,171.658,171.887,39020413
2018-07-27,173.042,173.09,168.594,169.567,56760549
2018-07-30,169.605,169.672,166.369,167.171,57464044
2018-07-31,167.782,169.1,166.894,168.45,45141378
2018-08-01,168.851,169.596,168.113,169.09,35419838
2018-08-02,167.897,171.591,167.82,171.391,45039324
2018-08-03,171.648,171.925,170.961,171.916,27622646
2018-08-06,171.811,172.975,171.591,172.928,23684011
2018-08-07,173.395,173.882,173.042,173.558,28540291
2018-08-08,173.319,174.083,172.851,173.768,21652478
2018-08-09,173.691,174.35,173.405,173.663,17998172
2018-08-10,172.488,173.004,171.687,172.336,32285240
2018-08-13,172.651,173.758,172.07,172.145,24906403
2018-08-14,172.803,173.424,171.878,173.224,19964886
2018-08-15,171.925,172.393,170.045,171.104,55874552
2018-08-16,172.383,172.785,171.333,171.667,26455392
2018-08-17,171.228,172.135,170.186,171.706,34456312
2018-08-20,172.107,172.15,170.885,171.553,23808311
2018-08-21,172.087,173.214,171.963,172.183,25068168
2018-08-22,171.801,173.052,171.601,172.851,17224395
2018-08-23,172.574,173.792,172.317,172.603,24607560
2018-08-24,173.176,174.35,173.138,174.207,22087187
2018-08-27,175.114,175.983,174.808,175.983,28013206
2018-08-28,176.422,176.632,175.868,176.24,19357746
2018-08-29,176.527,178.369,176.479,178.274,27852861
2018-08-30,177.959,179.018,177.367,177.959,27986386
2018-08-31,177.739,178.694,177.548,178.188,27354205
2018-09-04,177.663,177.949,176.469,177.424,27745898
2018-09-05,177.138,177.138,174.532,175.133,40690931
2018-09-06,175.219,175.419,172.393,173.567,44001757
2018-09-07,172.345,174.388,172.259,172.899,44515454
2018-09-10,173.863,173.987,172.531,173.481,24947240
2018-09-11,172.765,175.104,172.336,174.818,28751073
2018-09-12,174.579,174.684,172.804,174.302,34562595
2018-09-13,175.343,176.498,175.314,176.164,29721710
2018-09-14,176.288,176.56,174.952,175.648,29808532
2018-09-17,175.333,175.477,172.956,173.119,31571852
2018-09-18,173.29,175.4,173.176,174.551,30432130
2018-09-19,174.57,174.99,173.281,174.417,30399710
2018-09-20,175.61,176.584,175.2,176.345,31786297
2018-09-21,176.87,177.071,175.162,175.381,36855114
2018-09-24,174.109,175.936,173.392,175.869,33421271
2018-09-25,175.764,176.242,175.19,176.108,24174913
2018-09-26,176.213,177.877,175.883,176.232,34631053
2018-09-27,176.969,178.355,176.854,177.724,31668870
2018-09-28,177.169,178.154,176.902,177.686,26852122
2018-10-01,178.671,179.35,177.6,178.049,26177355
2018-10-02,177.839,179.01,177.236,177.648,24501127
2018-10-03,178.384,178.814,177.561,177.839,27858077
2018-10-04,177.141,177.236,173.162,174.425,77043379
2018-10-05,174.434,174.989,170.647,172.292,79690943
2018-10-08,171.546,172.763,169.212,171.24,63947834
2018-10-09,171.383,173.124,170.953,171.794,46956290
2018-10-10,170.742,170.829,164.019,164.239,109477848
2018-10-11,163.579,165.836,160.49,162.202,136843114
2018-10-12,166.4,167.232,163.477,166.716,97625702
2018-10-15,166.114,166.448,164.077,164.698,62054967
2018-10-16,166.429,169.901,166.123,169.49,68839908
2018-10-17,170.37,170.483,167.816,169.557,64065636
2018-10-18,168.897,168.973,164.918,165.626,78888168
2018-10-19,166.783,168.39,164.87,165.473,79306562
2018-10-22,166.467,167.604,165.062,166.324,50601364
2018-10-23,163.34,166.534,161.456,165.712,74183470
2018-10-24,165.568,165.798,157.841,158.128,98504608
2018-10-25,160.662,164.574,159.868,163.598,79839595
2018-10-26,158.032,162.546,157.066,159.39,125257955
2018-10-29,161.781,162.451,153.107,156.11,106992048
2018-10-30,155.699,158.792,154.948,158.682,88545417
2018-10-31,161.198,163.78,161.188,162.412,70608213
2018-11-01,162.661,164.727,161.418,164.555,50407735
2018-11-02,164.048,165.023,160.882,161.992,72653090
2018-11-05,162.212,162.259,159.792,161.59,37847315
2018-11-06,161.561,163.723,161.36,162.814,32909403
2018-11-07,164.736,167.921,164.373,167.921,48937591
2018-11-08,167.137,167.655,166.056,166.85,38538791
2018-11-09,165.291,165.693,162.738,164.038,48395421
2018-11-12,162.9,163.197,158.931,159.075,59848704
2018-11-13,159.859,162.087,158.759,159.208,61330781
2018-11-14,160.758,161.341,157.085,157.994,71987368
2018-11-15,157.65,161.188,156.33,160.758,70058991
2018-11-16,159.228,160.968,158.549,160.194,62538319
2018-11-19,159.467,159.62,154.494,154.991,64345685
2018-11-20,151.462,154.341,150.276,152.217,98175056
2018-11-21,154.255,154.905,152.286,153.375,41091654
2018-11-23,152.15,153.824,152.15,152.265,22478488
2018-11-26,154.398,155.861,153.748,155.785,40180032
2018-11-27,154.934,156.703,154.149,156.311,35011205
2018-11-28,157.439,161.341,156.341,161.341,67081439
2018-11-29,160.672,161.877,159.543,160.815,42927797
2018-11-30,161.035,162.078,160.232,161.982,35120919
2018-12-03,165.549,165.75,162.116,164.813,48557018
2018-12-04,163.904,164.411,158.3,158.491,67515394
2018-12-06,155.373,159.629,154.714,159.61,68587275
2018-12-07,158.883,159.83,153.843,154.341,76923726
2018-12-10,154.082,156.636,152.456,155.957,70734596
2018-12-11,158.434,158.539,155.154,156.473,56482166
2018-12-12,158.816,160.289,157.764,157.85,51434103
2018-12-13,158.816,159.543,156.875,157.898,44354846
2018-12-14,156.072,156.665,153.69,154.054,54080827
2018-12-17,153.413,154.618,149.358,150.563,71569814
2018-12-18,151.749,152.973,150.19,151.51,60866044
2018-12-19,151.338,153.709,146.651,147.789,78285881
2018-12-20,147.436,149.071,143.83,145.647,94683661
2018-12-21,146.383,147.369,140.32,141.133,134973345
2018-12-24,140.165,141.93,137.594,137.633,53866974
2018-12-26,139.186,146.303,138.199,146.226,94935003
2018-12-27,144.414,146.917,141.066,146.792,82315267
2018-12-28,147.713,149.229,145.517,146.716,74673352
2018-12-31,148.154,148.643,146.466,147.953,50847719
2019-01-02,144.816,149.382,144.711,148.548,56181677
2019-01-03,146.361,146.994,143.378,143.694,71761104
2019-01-04,145.958,150.581,145.536,149.842,71654716
2019-01-07,150.14,152.365,149.727,151.626,49930820
2019-01-08,153.036,153.564,150.773,152.998,47369362
2019-01-09,153.602,154.919,152.95,154.245,44590859
2019-01-10,153.065,154.772,152.211,154.686,37351140
2019-01-11,153.765,154.283,153.257,154.12,28942833
2019-01-14,152.806,153.42,152.106,152.758,29454595
2019-01-15,153.429,155.952,153.372,155.741,39203028
2019-01-16,155.981,157.084,155.655,155.712,32429734
2019-01-17,155.223,157.64,154.964,156.94,37720927
2019-01-18,158.1,159.232,157.122,158.493,54845214
2019-01-22,157.342,157.429,154.187,155.319,54392931
2019-01-23,156.115,156.825,153.765,155.52,36548046
2019-01-24,156.009,156.758,155.436,156.527,31088077
2019-01-25,157.755,158.877,157.247,158.398,34975101
2019-01-28,156.364,156.451,155.137,156.441,32121880
2019-01-29,156.527,156.566,154.408,154.964,29525529
2019-01-30,156.71,159.481,156.23,158.906,39656006
2019-01-31,159.836,162.081,159.664,161.285,35734989
2019-02-01,160.527,161.707,160.162,160.604,30829436
2019-02-04,160.661,162.598,160.488,162.598,25626340
2019-02-05,162.809,164.229,162.752,164.037,27005157
2019-02-06,164.066,164.363,162.809,163.548,26826409
2019-02-07,162.119,162.522,160.124,161.352,40317487
2019-02-08,159.913,161.697,159.76,161.668,27834198
2019-02-11,162.224,162.646,161.112,161.515,20557723
2019-02-12,162.656,164.143,162.407,163.903,28506838
2019-02-13,164.603,165.121,163.836,164.018,25027243
2019-02-14,163.414,164.805,162.886,164.219,29086870
2019-02-15,165.457,165.507,164.142,164.91,31191996
2019-02-19,164.383,165.735,164.373,165.236,18690900
2019-02-20,165.38,166.003,164.315,165.207,31260386
2019-02-21,164.747,165.217,163.73,164.603,24176764
2019-02-22,164.948,165.936,164.872,165.821,26601352
2019-02-25,167.078,167.519,166.31,166.425,31275497
2019-02-26,165.965,167.126,165.744,166.598,21042681
2019-02-27,165.85,166.694,164.737,166.492,24133222
2019-02-28,165.965,166.704,165.639,166.109,24059819
2019-03-01,167.279,167.509,166.099,167.26,30146049
2019-03-04,168.2,168.603,165.418,167.289,36507184
2019-03-05,167.385,167.926,166.584,167.413,21407283
2019-03-06,167.538,167.605,166.195,166.464,26082683
2019-03-07,166.013,166.099,163.807,164.421,37796202
2019-03-08,162.579,164.258,162.414,164.171,37696268
2019-03-11,164.833,167.701,164.824,167.586,29270619
2019-03-12,168.008,168.938,167.626,168.507,32565270
2019-03-13,169.38,170.655,169.14,169.773,40691489
2019-03-14,169.873,170.089,169.437,169.485,22780372
2019-03-15,170.176,171.566,170.032,171.058,36630427
2019-03-18,170.985,171.984,170.641,171.465,31646054
2019-03-19,172.148,172.955,171.312,172.042,35449338
2019-03-20,172.052,173.781,171.264,172.724,48143892
2019-03-21,172.225,175.674,172.186,175.424,40767827
2019-03-22,174.646,175.136,171.389,171.571,68023664
2019-03-25,170.956,171.84,170.005,171.245,44522917
2019-03-26,172.551,173.618,171.168,172.042,31946793
2019-03-27,172.253,172.686,169.688,170.937,35644735
2019-03-28,171.379,171.975,170.303,171.331,29179636
2019-03-29,172.599,172.791,171.6,172.628,33827567
2019-04-01,174.319,175.126,173.695,174.915,29757334
2019-04-02,175.098,175.746,174.665,175.578,21758825
2019-04-03,176.548,177.682,176.038,176.587,30395354
2019-04-04,176.616,177.279,175.501,176.52,27414135
2019-04-05,177.087,177.538,176.816,177.432,24669753
2019-04-08,177.154,178.028,176.443,177.884,21809168
2019-04-09,177.279,177.865,176.885,177.26,24628665
2019-04-10,177.519,178.268,177.298,178.211,23601566
2019-04-11,178.499,178.509,177.461,177.788,19845697
2019-04-12,178.585,178.672,177.817,178.557,24011078
2019-04-15,178.538,178.787,177.394,178.585,20248259
2019-04-16,179.21,179.594,178.653,179.2,26131272
2019-04-17,180.402,180.574,179.296,179.825,28491025
2019-04-18,180.142,180.44,178.999,180.056,27462211
2019-04-22,179.239,180.632,179.133,180.565,17234021
2019-04-23,180.997,183.082,180.767,182.861,32347895
2019-04-24,182.986,183.246,182.227,182.285,23999511
2019-04-25,183.669,183.736,182.035,183.025,28362199
2019-04-26,182.756,183.226,181.209,183.188,25327832
2019-04-29,183.159,183.832,182.89,183.544,20866269
2019-04-30,182.064,182.419,180.844,182.121,30262553
2019-05-01,183.294,183.832,181.406,181.535,33435158
2019-05-02,181.487,182.419,179.556,180.747,42383657
2019-05-03,182.266,183.764,181.92,183.63,29196872
2019-05-06,179.777,182.756,179.45,182.506,36869920
2019-05-07,180.507,181.286,177.288,178.951,56515998
2019-05-08,178.413,179.844,177.721,178.499,35710677
2019-05-09,176.568,178.155,174.963,177.538,53185207
2019-05-10,176.856,178.614,173.945,177.759,56235675
2019-05-13,173.243,174.165,171.091,171.59,64556123
2019-05-14,172.484,174.521,171.859,173.474,41663514
2019-05-15,172.369,176.366,172.292,175.924,39341991
2019-05-16,175.943,178.787,175.789,177.692,37743708
2019-05-17,175.934,178.318,175.722,175.876,42952655
2019-05-20,173.445,174.089,172.321,172.907,37097170
2019-05-21,174.396,175.194,173.839,174.713,30376430
2019-05-22,173.733,174.944,173.676,173.935,23380178
2019-05-23,171.994,172.016,170.207,171.273,43576263
2019-05-24,172.282,172.811,170.975,171.187,24889428
2019-05-28,171.677,172.628,170.524,170.543,23794572
2019-05-29,169.544,170.072,168.237,169.14,40527896
2019-05-30,169.63,170.332,168.89,169.851,29166716
2019-05-31,167.872,168.429,167.065,167.142,43667443
2019-06-03,166.728,167.142,162.645,163.462,72873820
2019-06-04,165.249,168.122,164.663,168.064,45927061
2019-06-05,169.688,169.697,167.555,169.313,33065798
2019-06-06,169.611,171.072,168.852,170.658,28742417
2019-06-07,171.514,174.652,171.35,173.954,44092283
2019-06-10,175.098,177.615,175.078,175.982,39765459
2019-06-11,177.826,178.143,175.626,176.222,39645408
2019-06-12,175.722,176.107,174.877,175.203,26671680
2019-06-13,175.953,176.673,175.588,176.241,22787600
2019-06-14,175.299,175.943,174.819,175.492,21949976
2019-06-17,175.847,177.038,175.679,176.548,19581836
2019-06-18,178.605,180.373,178.171,179.114,46291664
2019-06-19,179.421,180.19,178.307,179.787,30433198
2019-06-20,182.294,182.333,179.833,181.458,39320295
2019-06-21,181.189,182.342,180.809,181.189,38415595
2019-06-24,181.542,181.734,181.098,181.195,18657990
2019-06-25,181.098,181.176,177.815,178.084,32665428
2019-06-26,179.24,180.395,178.624,178.913,21759282
2019-06-27,179.567,180.02,179.105,179.596,18979640
2019-06-28,180.029,180.222,179.182,179.827,20395241
2019-07-01,183.256,183.516,181.407,182.254,30038695
2019-07-02,182.187,182.996,181.676,182.976,17368130
2019-07-03,183.4,184.353,183.246,184.353,15207490
2019-07-05,183.111,184.315,182.379,183.978,20622866
2019-07-08,182.832,182.842,181.936,182.687,16947364
2019-07-09,181.801,183.833,181.667,183.602,18483000
2019-07-10,184.69,185.942,184.382,185.432,27324155
2019-07-11,185.74,186.183,184.71,185.297,22857468
2019-07-12,185.499,186.376,185.326,186.366,19463687
2019-07-15,186.79,187.001,186.279,186.963,15028368
2019-07-16,186.684,186.905,185.432,186,19443478
2019-07-17,186.048,186.327,185.066,185.085,16144466
2019-07-18,184.219,185.653,183.631,185.297,27990378
2019-07-19,186.645,186.655,183.747,183.939,28300083
2019-07-22,184.411,185.798,184.353,185.403,18251983
2019-07-23,186.414,186.636,185.172,186.616,22906207
2019-07-24,185.923,187.936,185.885,187.926,19666862
2019-07-25,187.281,187.319,185.788,186.145,22567242
2019-07-26,187.319,188.311,187.233,188.061,19674921
2019-07-29,187.955,187.955,186.231,187.416,19694586
2019-07-30,186.01,187.339,185.846,186.607,18012593
2019-07-31,187.117,187.233,182.312,184.026,40086538
2019-08-01,184.421,187.762,182.225,183.111,60910223
2019-08-02,181.83,181.994,179.317,180.415,53170132
2019-08-05,176.717,176.717,172.566,174.04,72262166
2019-08-06,175.629,176.996,174.367,176.476,40346321
2019-08-07,174.608,177.68,173.231,177.43,48140060
2019-08-08,178.296,181.349,177.738,181.291,36995940
2019-08-09,180.386,181.041,178.181,179.587,32364810
2019-08-12,178.479,179.018,176.707,177.526,23730648
2019-08-13,177.449,182.658,177.208,181.416,38974834
2019-08-14,178.45,179.067,175.667,175.995,49112643
2019-08-15,176.332,176.794,174.454,175.792,35484162
2019-08-16,177.295,179.067,177.285,178.614,33497355
2019-08-19,181.07,181.84,180.559,181.455,21733198
2019-08-20,181.041,181.652,180.001,180.049,19201435
2019-08-21,181.676,182.225,181.002,181.647,19977535
2019-08-22,181.984,182.447,179.635,181.06,23372090
2019-08-23,179.847,181.474,174.839,175.33,53390523
2019-08-26,177.372,178.027,176.303,177.978,26664828
2019-08-27,179.192,179.519,176.91,177.603,27040641
2019-08-28,177.035,178.537,176.139,178.238,21039998
2019-08-29,180.434,181.48,179.765,180.964,24485963
2019-08-30,181.946,181.975,179.51,180.53,25357973
2019-09-03,179.365,180.251,178.181,178.778,26989143
2019-09-04,180.492,181.513,179.981,181.359,20873937
2019-09-05,183.342,185.206,183.294,184.681,32800142
2019-09-06,184.921,185.056,184.093,184.498,18766428
2019-09-09,185.066,185.153,183.174,184.113,23504069
2019-09-10,183.15,183.679,181.917,183.583,22865722
2019-09-11,183.91,185.403,183.506,185.307,24135824
2019-09-12,186.472,187.502,185.827,186.077,27627852
2019-09-13,185.807,186.241,185.172,185.413,26645527
2019-09-16,184.219,184.97,184.036,184.585,19566833
2019-09-17,184.604,185.47,184.209,185.47,20332101
2019-09-18,185.085,185.47,183.073,185.393,30019114
2019-09-19,185.721,186.852,185.345,185.702,25244454
2019-09-20,185.962,186.154,183.121,183.737,29016141
2019-09-23,183.683,184.368,183.066,183.818,22113738
2019-09-24,184.658,185.063,180.587,181.377,39655156
2019-09-25,181.203,183.895,179.679,183.413,35218993
2019-09-26,183.21,183.336,181.387,182.738,26081951
2019-09-27,183.046,183.172,179.235,180.47,39373028
2019-09-30,181.165,182.477,180.827,182.188,25628255
2019-10-01,182.892,183.905,180.398,180.702,31519302
2019-10-02,179.486,180.638,176.601,177.594,47215705
2019-10-03,177.614,179.675,175.443,179.544,38222919
2019-10-04,180.431,182.448,180.325,182.188,31603872
2019-10-07,181.628,183.085,181.319,181.637,20653816
2019-10-08,180.451,181.267,178.772,178.916,32037384
2019-10-09,180.402,181.483,179.891,180.663,20098443
2019-10-10,180.682,182.786,180.557,182.062,25757502
2019-10-11,184.108,185.874,184.031,184.407,39975809
2019-10-14,184.127,184.976,183.958,184.388,14833577
2019-10-15,184.928,187.167,184.841,186.732,22903297
2019-10-16,186.115,186.742,185.681,186.269,19963545
2019-10-17,187.369,187.678,186.047,186.761,18489726
2019-10-18,186.481,186.877,184.016,184.967,26746827
2019-10-21,185.893,186.732,185.401,186.607,15312351
2019-10-22,187.253,187.601,185.063,185.121,22182656
2019-10-23,184.716,185.515,184.445,185.478,14665250
2019-10-24,186.829,187.398,185.98,187.282,18588529
2019-10-25,186.317,188.874,186.279,188.778,20752765
2019-10-28,189.675,190.891,189.656,190.64,18181414
2019-10-29,190.322,190.607,189.135,189.164,17918349
2019-10-30,189.531,190.399,188.44,190.081,21000930
2019-10-31,190.631,190.717,189.068,190.167,25861739
2019-11-01,190.988,191.904,190.698,191.895,21355613
2019-11-04,193.168,193.492,191.891,193.081,18348878
2019-11-05,193.323,193.516,192.551,193.188,14521026
2019-11-06,192.966,192.985,191.813,192.753,19033627
2019-11-07,193.718,194.645,192.84,193.4,17206896
2019-11-08,193.004,194.191,192.541,194.172,14736840
2019-11-11,193.207,193.985,192.927,193.911,9829907
2019-11-12,194.075,195.117,193.776,194.471,14259933
2019-11-13,193.796,194.698,193.67,194.519,15545275
2019-11-14,193.786,194.49,193.197,194.365,16457466
2019-11-15,195.503,195.793,194.915,195.793,17787935
2019-11-18,195.503,196.256,194.693,195.947,17763120
2019-11-19,196.69,196.69,195.484,196.237,16401380
2019-11-20,195.735,196.314,193.583,195.06,35418810
2019-11-21,194.857,194.982,194.018,194.625,17305305
2019-11-22,195.079,195.224,193.699,194.751,16593842
2019-11-25,195.561,197.096,195.561,197.057,17170573
2019-11-26,197.154,197.684,196.893,197.433,14293364
2019-11-27,197.935,198.823,197.704,198.813,16461847
2019-11-29,198.379,198.611,197.81,197.906,9508909
2019-12-02,197.916,197.983,194.703,195.88,27134679
2019-12-03,193.294,194.423,186.988,194.346,30323163
2019-12-04,195.388,195.793,195.05,195.33,14798816
2019-12-05,196.025,196.025,194.76,195.716,14511309
2019-12-06,197.086,197.95,196.99,197.81,15981335
2019-12-09,197.453,198.383,196.826,196.912,13540005
2019-12-10,197.009,197.694,196.304,196.748,21083342
2019-12-11,197.202,197.993,196.883,197.79,18234928
2019-12-12,197.588,200.048,197.318,199.267,31557522
2019-12-13,199.122,200.618,198.736,199.923,31377271
2019-12-16,201.187,202.181,201.168,201.93,20616766
2019-12-17,202.152,202.355,201.708,202.046,15472239
2019-12-18,202.248,202.76,201.988,202.2,14947494
2019-12-19,202.287,203.532,202.268,203.464,17264498
2019-12-20,204.381,205.064,203.86,204.284,26719674
2019-12-23,205.036,205.152,204.65,204.824,23013688
2019-12-24,204.978,205.094,204.466,204.93,6855191
2019-12-26,205.259,206.758,205.23,206.738,16593324
2019-12-27,207.473,207.483,206.013,206.564,17543829
2019-12-30,206.467,206.584,204.195,205.21,21109866
2019-12-31,204.64,205.742,204.234,205.597,17601223
2020-01-02,207.328,209.03,206.922,209.03,29991893
2020-01-03,206.255,208.363,206.245,207.115,26624512
2020-01-06,205.481,208.479,205.239,208.45,21010340
2020-01-07,208.527,209.011,207.763,208.421,22358361
2020-01-08,208.363,210.945,208.063,209.987,25591300
2020-01-09,211.689,212.173,210.531,211.767,22861490
2020-01-10,212.511,212.618,210.848,211.225,21191788
2020-01-13,212.076,213.691,211.757,213.662,22092535
2020-01-14,213.469,213.913,212.492,212.821,23762804
2020-01-15,212.917,213.904,212.212,212.908,24892990
2020-01-16,213.943,214.987,213.517,214.948,18184688
2020-01-17,215.876,216.186,214.796,216.012,23522814
2020-01-21,215.383,216.457,215.316,215.915,20448759
2020-01-22,216.979,217.724,216.215,216.486,20052424
2020-01-23,216.331,217.279,215.354,217.182,25622147
2020-01-24,218.178,218.43,214.359,215.354,36201665
2020-01-27,210.539,212.051,210.016,210.906,40870355
2020-01-28,212.357,214.639,211.834,214.146,25850145
2020-01-29,215.316,215.577,213.546,214.494,28104497
2020-01-30,213.101,215.354,212.443,215.258,38262965
2020-01-31,216.128,216.186,211.085,211.844,50300119
2020-02-03,212.879,215.533,212.734,215.045,24628251
2020-02-04,217.956,220.344,217.242,219.967,29678875
2020-02-05,222.626,222.655,219.367,220.692,37263772
2020-02-06,221.224,222.655,220.46,222.597,21726015
2020-02-07,221.601,222.839,221.002,221.64,25031134
2020-02-10,220.895,224.328,220.847,224.319,20770460
2020-02-11,225.518,226.301,223.767,224.357,29201919
2020-02-12,225.643,226.649,225.121,226.543,23664104
2020-02-13,224.947,227.181,224.696,226.253,22021997
2020-02-14,226.552,227.113,225.846,226.9,22665419
2020-02-18,225.769,227.413,225.556,226.988,23712425
2020-02-19,228.283,229.637,228.071,229.163,21497207
2020-02-20,228.661,229.134,224.232,227.036,41198748
2020-02-21,225.934,226.291,221.757,222.675,63879711
2020-02-24,214.523,216.853,212.995,214.088,81734635
2020-02-25,215.828,216.6,207.657,208.266,94519006
2020-02-26,209.523,213.014,207.812,209.339,77748086
2020-02-27,204.089,209.285,198.722,198.857,117804364
2020-02-28,192.359,200.337,191.633,199.012,144324275
2020-03-02,201.99,209.427,199.147,209.281,109208840
2020-03-03,209.949,212.366,200.772,202.57,127601075
2020-03-04,206.284,211.128,204.398,211.022,70675491
2020-03-05,205.674,209.223,203.17,204.611,76109389
2020-03-06,197.919,202.251,196.217,201.159,86865462
2020-03-09,187.098,194.525,185.773,187.185,112583818
2020-03-10,194.477,197.561,187.292,197.378,97281021
2020-03-11,192.775,194.128,186.373,188.781,86227609
2020-03-12,176.084,184.487,171.104,171.471,133274765
2020-03-13,180.9,188.065,172.255,185.996,130433012
2020-03-16,168.406,178.588,163.58,163.716,89018010
2020-03-17,169.682,178.308,164.18,176.132,117257495
2020-03-18,165.945,173.309,161.298,170.775,110390957
2020-03-19,169.895,177.438,165.969,171.8,116908800
2020-03-20,175.745,176.838,164.489,165.07,115059319
2020-03-23,165.634,168.822,159.829,165.189,120785104
2020-03-24,174.346,178.145,172.447,177.98,91947511
2020-03-25,178.717,183.649,174.414,176.662,86010133
2020-03-26,178.184,186.76,177.932,185.965,77417001
2020-03-27,181.149,184.623,178.949,179.57,57025168
2020-03-30,181.314,186.537,180.578,186.101,47830561
2020-03-31,185.607,189.212,183.349,184.512,60721509
2020-04-01,179.095,181.857,175.267,176.672,52054212
2020-04-02,175.974,184.221,175.374,180.258,54719149
2020-04-03,179.763,181.286,175.684,177.699,46019045
2020-04-06,184.492,191.538,183.339,190.404,60853241
2020-04-07,195.889,196.393,189.939,190.326,67742670
2020-04-08,191.958,194.949,190.107,194.367,44519716
2020-04-09,196.015,196.935,192.873,194.648,66210977
2020-04-13,193.737,197.129,192.604,196.751,41528674
2020-04-14,200.763,205.928,200.036,205.308,61981571
2020-04-15,202.033,205.283,200.715,202.953,45581349
2020-04-16,205.231,207.74,203.205,206.655,62657817
2020-04-17,209.281,209.814,205.521,208.632,60919157
2020-04-20,206.674,209.204,205.996,206.161,37066254
2020-04-21,204.116,204.63,197.333,198.554,70677293
2020-04-22,202.672,205.783,201.887,204.446,38945922
2020-04-23,205.25,207.803,203.598,204.01,41940136
2020-04-24,204.417,207.673,203.021,207.227,33242520
2020-04-27,209.495,209.931,207.867,208.894,35324412
2020-04-28,210.551,210.599,204.678,204.959,45413573
2020-04-29,209.524,213.167,208.487,212.227,47209823
2020-04-30,213.206,213.235,210.628,212.14,42018567
2020-05-01,207.905,209.969,205.134,206.161,47285958
2020-05-04,205.066,208.787,204.591,208.564,31825393
2020-05-05,210.677,213.332,210.144,210.929,36614625
2020-05-06,212.586,214.204,211.365,212.227,35327821
2020-05-07,214.892,215.842,213.603,214.96,37430347
2020-05-08,216.637,218.042,215.6,217.906,30975905
2020-05-11,216.588,220.881,216.346,219.854,34609662
2020-05-12,220.445,221.041,215.222,215.251,39784515
2020-05-13,215.764,217.664,210.008,212.557,63494931
2020-05-14,211.374,215.009,209.31,214.97,49955163
2020-05-15,212.005,216.423,211.578,216.365,54023206
2020-05-18,219.282,221.608,218.497,220.397,41280198
2020-05-19,220.62,222.742,219.699,219.844,35116654
2020-05-20,222.383,224.593,222.383,224.234,36259869
2020-05-21,224.331,224.956,221.279,221.792,42293235
2020-05-22,221.395,222.761,220.464,222.558,27872906
2020-05-26,226.221,226.347,221.715,221.957,32033110
2020-05-27,221.443,223.285,217.015,223.168,53944089
2020-05-28,221.967,226.25,221.967,222.878,41678432
2020-05-29,223.304,226.376,221.686,226.143,49305172
2020-06-01,225.213,227.199,224.825,226.822,25331737
2020-06-02,227.171,228.401,224.835,228.343,32351034
2020-06-03,228.924,230.126,228.072,229.37,36077392
2020-06-04,229.012,230.436,226.453,227.762,37518791
2020-06-05,228.76,232.866,228.343,232.277,45900769
2020-06-08,232.132,234.206,230.553,234.08,31918714
2020-06-09,233.217,236.629,233.033,235.776,33962434
2020-06-10,237.423,240.151,236.949,238.606,56288135
2020-06-11,234.797,236.057,226.725,226.783,70664363
2020-06-12,231.696,232.965,224.573,228.585,69807079
2020-06-15,225.252,232.045,224.312,231.367,43906226
2020-06-16,236.241,236.832,231.706,235.34,47378163
2020-06-17,236.842,237.908,235.223,236.086,33674644
2020-06-18,235.766,236.968,234.991,236.725,29632988
2020-06-19,239.109,239.361,234.952,236.687,47893718
2020-06-22,236.642,239.652,236.264,239.525,23364929
2020-06-23,241.127,243.807,240.574,241.564,31809275
2020-06-24,240.739,242.035,235.079,236.584,44686426
2020-06-25,236.778,239.137,234.089,238.836,35860692
2020-06-26,238.564,238.768,232.672,233.196,51280012
2020-06-29,232.963,235.749,230.41,235.74,33372628
2020-06-30,235.672,240.904,235.487,240.36,37771549
2020-07-01,240.419,244.166,239.856,243.166,33674926
2020-07-02,245.573,246.835,244.35,244.816,31022122
2020-07-06,247.991,251.357,247.961,250.835,33577693
2020-07-07,250.553,253.252,248.806,249.107,35508684
2020-07-08,250.456,252.417,249,252.388,29536630
2020-07-09,254.233,255.184,250.097,254.514,39134198
2020-07-10,254.339,256.504,251.68,256.252,31923770
2020-07-13,259.067,261.902,250.155,250.98,62233621
2020-07-14,248.583,253.165,245.37,252.757,70118556
2020-07-15,254.029,255.009,249.961,253.271,52929638
2020-07-16,250.427,252.184,248.146,251.544,46202511
2020-07-17,252.116,252.699,249.651,251.835,34110472
2020-07-20,252.514,259.611,251.223,258.98,39422726
2020-07-21,260.562,260.562,255.432,256.281,42172739
2020-07-22,256.727,258.116,254.873,257.184,28992281
2020-07-23,256.815,257.485,249.049,250.466,49861711
2020-07-24,246.69,249.418,243.972,248.088,52474042
2020-07-27,249.835,252.903,248.947,252.514,35380094
2020-07-28,251.747,252.252,249.01,249.301,30387136
2020-07-29,250.777,253.039,250.369,252.175,26751147
2020-07-30,250.243,254.058,249.049,253.495,40553014
2020-07-31,258.057,258.174,253.223,258.018,52184370
2020-08-03,260.212,262.251,260.038,261.504,31143537
2020-08-04,260.882,262.571,260.251,262.474,24182902
2020-08-05,262.911,263.581,262.067,263.125,21051840
2020-08-06,262.863,266.94,262.29,266.61,27228119
2020-08-07,266.027,266.845,261.373,263.533,43654502
2020-08-10,263.795,264.028,258.873,262.406,34062417
2020-08-11,261.232,262.533,256.892,257.436,41843991
2020-08-12,259.552,264.862,259.552,263.911,37757045
2020-08-13,264.668,266.794,263.571,264.513,30963115
2020-08-14,265.027,265.406,262.804,264.202,29898942
2020-08-17,265.901,267.775,264.239,267.27,24077755
2020-08-18,268.328,270.323,266.872,269.842,22841518
2020-08-19,269.804,270.862,267.513,268.027,31063728
2020-08-20,267.25,272.23,266.823,271.745,26912774
2020-08-21,271.881,274.085,271.29,273.628,33732906
2020-08-24,276.725,277.638,273.046,275.337,35353680
2020-08-25,274.512,277.696,274.114,277.502,33847125
2020-08-26,278.715,283.676,277.472,283.423,40982317
2020-08-27,284.511,285.259,280.264,282.54,48035896
2020-08-28,283.724,284.608,282.423,283.977,27201712
2020-08-31,284.588,288.069,284.064,286.258,35259040
2020-09-01,288.898,291.267,287.141,291.151,35331589
2020-09-02,294.393,294.626,288.209,293.908,49350354
2020-09-03,289.481,289.889,276.094,279.006,106864564
2020-09-04,277.405,280.482,263.853,275.288,120334561
2020-09-08,264.309,270.085,261.775,262.057,96657349
2020-09-09,267.483,271.857,265.018,269.755,62942061
2020-09-10,272.755,273.944,262.649,264.377,67630433
2020-09-11,266.309,267.173,259.096,262.542,69709381
2020-09-14,266.26,269.114,264.979,267.115,37398753
2020-09-15,270.745,272.25,267.089,270.901,40626270
2020-09-16,271.59,272.163,266.231,266.581,41194845
2020-09-17,259.698,266.372,258.883,262.416,79185790
2020-09-18,263.678,264.134,254.951,259.067,83729224
2020-09-21,255.215,260.203,252.872,260.067,55577865
2020-09-22,262.536,265.482,259.124,264.898,39984484
2020-09-23,264.578,264.762,255.925,256.81,47478385
2020-09-24,254.302,261.224,253.952,258.006,68666389
2020-09-25,258.424,264.816,256.946,264.004,53705271
2020-09-28,268.918,269.487,264.115,269.487,56812263
2020-09-29,269.02,269.983,267.71,268.272,26422667
2020-09-30,268.408,273.269,268.196,270.109,48006798
2020-10-01,273.949,275.008,272.054,274.397,48628425
2020-10-02,268.33,274.388,265.832,266.677,73396697
2020-10-05,268.651,272.685,268.544,272.365,27400349
2020-10-06,271.519,273.366,266.619,267.504,48321222
2020-10-07,270.099,272.928,269.565,272.131,26773376
2020-10-08,274.465,274.61,272.51,273.58,24735332
2020-10-09,275.213,277.838,274.844,277.76,29360803
2020-10-12,282.514,289.183,281.416,286.335,77162194
2020-10-13,288.094,288.784,284.954,286.325,62452556
2020-10-14,287.103,288.104,282.184,283.934,36146671
2020-10-15,279.257,282.621,278.567,282.028,41331228
2020-10-16,283.681,285.109,280.132,280.482,39441832
2020-10-19,282.407,283.37,274.921,275.903,35734002
2020-10-20,276.642,279.617,275.077,276.496,31299524
2020-10-21,276.749,279.325,275.796,276.283,28490707
2020-10-22,277.118,278.023,273.006,276.273,31300303
2020-10-23,276.866,276.983,273.941,276.817,23972423
2020-10-26,274.465,277.362,269.059,272.666,37352034
2020-10-27,273.59,275.616,272.403,274.795,29708813
2020-10-28,270.391,270.887,263.829,264.082,51927305
2020-10-29,265.443,271.713,264.937,268.699,42042981
2020-10-30,266.741,267.582,259.639,261.885,64101249
2020-11-02,264.169,265.909,259.542,262.468,38874770
2020-11-03,264.296,269.117,263.304,267.008,42390872
2020-11-04,275.67,280.735,274.027,278.927,73621092
2020-11-05,285.246,287.171,283.875,286.199,50605801
2020-11-06,285.411,287.142,281.766,286.413,39820060
2020-11-09,289.037,290.816,280.103,280.56,84129181
2020-11-10,277.323,278.684,272.812,275.534,67104281
2020-11-11,277.964,282.174,275.495,281.698,35098375
2020-11-12,282.631,283.947,279.257,280.375,33556405
2020-11-13,281.94,283.457,279.86,282.835,24188280
2020-11-16,282.592,285.343,281.921,285.042,29328934
2020-11-17,285.236,285.567,283.496,284.138,21235668
2020-11-18,283.583,285.207,281.95,282.038,27288583
2020-11-19,281.425,284.556,280.813,284.245,22086286
2020-11-20,284.167,284.91,282.213,282.3,25186442
2020-11-23,283.302,284.604,280.055,282.31,26127786
2020-11-24,283.379,286.772,281.571,286.276,23834612
2020-11-25,287.22,288.678,286.393,288.036,22677768
2020-11-27,289.99,291.818,289.611,290.69,16685558
2020-11-30,290.972,291.623,286.578,291.283,27061689
2020-12-01,293.47,296.65,292.46,295.016,26873491
2020-12-02,293.811,295.731,291.993,295.395,22962776
2020-12-03,295.609,297.369,295.085,295.814,22193527
2020-12-04,295.862,297.165,295.182,297.019,18794171
2020-12-07,297.204,299.07,297.019,298.701,20270795
2020-12-08,298.224,300.013,296.465,299.712,17831114
2020-12-09,299.498,299.78,291.857,292.926,47480366
2020-12-10,290.884,295.23,289.796,294.102,26753810
2020-12-11,292.44,293.578,290.165,293.451,26015818
2020-12-14,294.647,297.534,294.579,295.58,28003337
2020-12-15,297.845,298.74,295.648,298.74,25072845
2020-12-16,299.138,301.165,298.089,300.383,24753420
2020-12-17,301.987,302.58,300.781,302.346,23070224
2020-12-18,302.988,303.299,299.051,301.433,40027744
2020-12-21,298.473,301.405,295.688,300.869,36128718
2020-12-22,301.775,302.613,298.848,301.687,25690882
2020-12-23,301.736,302.096,300.007,300.168,20648739
2020-12-24,300.431,301.94,300.353,301.492,16347558
2020-12-28,304.112,305.008,302.272,304.531,21911426
2020-12-29,305.865,306.484,303.898,304.804,25197669
2020-12-30,305.973,306.294,304.19,304.814,17665363
2020-12-31,304.716,306.05,303.635,305.563,21048180
2021-01-04,306.898,307.073,297.227,301.249,44125156
2021-01-05,300.255,304.005,300.255,303.732,28559192
2021-01-06,298.999,303.752,298.006,299.525,51433315
2021-01-07,302.194,307.609,302.164,306.771,29602690
2021-01-08,309.07,311.066,306.87,310.716,33070908
2021-01-11,307.745,308.923,305.573,306.226,32012479
2021-01-12,306.265,307.355,303.09,305.739,28504017
2021-01-13,306.002,308.602,305.398,307.803,22301651
2021-01-14,308.251,309.255,305.682,306.158,22887677
2021-01-15,305.943,306.907,302.486,303.732,34203466
2021-01-19,306.06,308.67,304.96,308.164,23897580
2021-01-20,311.797,316.277,308.26,315.332,29927273
2021-01-21,316.676,318.604,315.293,317.854,24657136
2021-01-22,316.812,317.952,316.247,316.939,21046260
2021-01-25,320.338,321.711,313.034,319.559,38062134
2021-01-26,320.28,321.166,318.692,320.026,24833586
2021-01-27,317.757,317.767,309.089,311.105,53823716
2021-01-28,312.313,317.913,311.69,312.946,41719939
2021-01-29,311.251,312.361,304.609,306.362,53818888
2021-02-01,309.819,315.108,307.784,314.017,34717014
2021-02-02,316.997,320.299,316.832,319.14,33046544
2021-02-03,321.224,321.59,317.816,317.874,24177552
2021-02-04,319.276,321.721,317.952,321.633,21768446
2021-02-05,322.588,323.74,320.942,322.724,22139528
2021-02-08,324.419,325.042,322.773,324.886,19929519
2021-02-09,323.951,326.084,323.942,324.818,17138862
2021-02-10,326.26,326.717,320.913,324.078,27337184
2021-02-11,325.617,326.269,323.464,325.86,21471513
2021-02-12,325.013,327.847,323.961,327.682,19816551
2021-02-16,328.48,329.376,325.627,326.795,26375011
2021-02-17,323.805,326.909,321.565,325.227,30647373
2021-02-18,321.624,325.165,319.802,323.805,31396112
2021-02-19,325.159,325.286,321.371,322.393,38137169
2021-02-22,317.991,319.257,313.832,314.037,46025350
2021-02-23,308.738,314.777,302.895,313.102,94707652
2021-02-24,310.433,315.994,307.726,315.683,56689333
2021-02-25,313.014,315.585,303.129,304.677,107311085
2021-02-26,307.618,310.793,302.778,305.953,102010107
2021-03-01,310.949,315.498,309.649,315.157,47883210
2021-03-02,315.799,315.878,309.849,310.102,47109433
2021-03-03,309.001,309.946,301.044,301.103,84051927
2021-03-04,300.733,303.908,292.289,296.175,135505617
2021-03-05,298.799,301.54,289.698,300.635,118356591
2021-03-08,300.09,301.979,291.704,292.123,86105678
2021-03-09,299.457,305.554,298.921,303.645,78295995
2021-03-10,307.92,308.222,302.086,302.778,74796597
2021-03-11,307.541,311.524,306.645,309.751,52090907
2021-03-12,305.68,309.937,303.276,307.239,67509125
2021-03-15,307.56,310.686,305.909,310.521,41999324
2021-03-16,312.722,315.751,310.784,312.225,53494446
2021-03-17,309.177,315.41,307.453,313.511,76219186
2021-03-18,308.612,309.596,303.45,303.908,80780654
2021-03-19,303.742,306.528,301.59,304.979,76401777
2021-03-22,307.383,312.775,307.383,310.698,54799303
2021-03-23,311.79,313.116,308.519,309.343,52127969
2021-03-24,310.718,310.757,303.979,304.125,63194491
2021-03-25,302.271,305.115,299.757,303.599,76773970
2021-03-26,303.384,308.475,301.98,308.153,61942276
2021-03-29,307.617,309.118,304.711,308.065,53251915
2021-03-30,306.095,307.09,303.804,306.515,43527272
2021-03-31,308.309,312.775,307.968,311.205,53665943
2021-04-01,315.047,316.647,314.794,316.51,54302787
2021-04-05,319.007,323.6,316.576,322.829,41125232
2021-04-06,322.517,324.565,321.825,322.605,32704397
2021-04-07,322.127,324.224,321.191,323.385,31250585
2021-04-08,326.252,326.944,325.452,326.759,29197294
2021-04-09,325.394,328.944,324.653,328.739,35754404
2021-04-12,327.695,328.729,326.418,328.31,25191509
2021-04-13,329.841,332.61,329.626,332.142,29619770
2021-04-14,332.386,332.513,327.335,328.154,41507359
2021-04-15,331.04,333.517,327.866,333.127,35440340
2021-04-16,333.654,333.732,331.635,333.517,39845439
2021-04-19,331.937,333.098,328.535,330.465,33675589
2021-04-20,329.802,331.089,326.078,328.056,37136153
2021-04-21,326.769,331.05,325.677,330.865,35689258
2021-04-22,330.474,331.459,325.716,326.876,44795425
2021-04-23,327.51,332.305,327.51,330.991,35510654
2021-04-26,331.235,333.429,330.484,333.147,30046835
2021-04-27,333.439,333.654,330.747,331.703,32363057
2021-04-28,331.372,332.386,329.928,330.582,32780939
2021-04-29,333.868,334.287,328.534,331.772,36772475
2021-04-30,329.314,331.81,328.68,329.597,37313250
2021-05-03,330.806,331.557,327.393,327.842,28991470
2021-05-04,325.277,325.599,318.109,321.942,63529207
2021-05-05,323.999,324.867,320.079,320.859,45071576
2021-05-06,320.596,323.434,318.344,323.278,45651768
2021-05-07,326.067,328.29,323.455,325.901,52000285
2021-05-10,324.516,324.692,317.466,317.671,59193123
2021-05-11,311.761,318.031,311.098,317.232,70176564
2021-05-12,312.278,314.608,308.153,309.021,88901007
2021-05-13,311.976,314.394,309.031,311.41,68142529
2021-05-14,314.589,319.202,314.082,318.285,43268199
2021-05-17,316.569,318.267,313.468,316.354,38214008
2021-05-18,317.31,318.539,313.945,314.219,35621359
2021-05-19,308.797,314.882,308.445,314.579,64672243
2021-05-20,316.071,321.522,315.847,320.664,45312266
2021-05-21,322.225,322.644,318.529,318.889,49080614
2021-05-24,321.191,325.384,318.785,324.253,31669311
2021-05-25,325.774,326.496,323.517,324.702,30503541
2021-05-26,325.374,326.301,324.682,325.833,24813067
2021-05-27,325.384,326.233,324.409,324.614,27238138
2021-05-28,325.823,327.237,325.316,325.638,29184277
2021-06-01,326.974,327.447,323.2,324.555,30372006
2021-06-02,324.975,326.038,323.458,325.189,21500433
2021-06-03,322.342,323.619,320.128,321.805,36137596
2021-06-04,323.609,327.713,323.541,327.266,37774624
2021-06-07,326.73,328.3,326.038,328.241,31802018
2021-06-08,329.992,330.865,326.71,328.397,26605319
2021-06-09,329.772,330.552,328.291,328.475,20951784
2021-06-10,328.817,332.006,328.368,331.898,32865167
2021-06-11,331.908,332.776,331.255,332.766,20695817
2021-06-14,333.195,335.965,332.006,335.955,27136693
2021-06-15,335.604,335.916,333.039,333.761,35070707
2021-06-16,334.229,335.302,329.07,332.542,54023835
2021-06-17,331.528,337.779,331.479,336.764,58239627
2021-06-18,335.097,336.246,333.371,334.122,54038763
2021-06-21,334.314,336.52,332.088,336.198,32210658
2021-06-22,335.993,339.781,335.69,339.332,28255657
2021-06-23,339.273,340.65,338.658,339.498,26544031
2021-06-24,341.441,343.13,340.894,341.597,31809368
2021-06-25,342.163,342.407,340.572,341.177,28002961
2021-06-28,342.466,345.463,342.407,345.326,38202849
2021-06-29,345.151,346.605,344.311,346.576,28728589
2021-06-30,346.42,346.81,345.444,346.029,31948338
2021-07-01,345.678,346.674,344.321,346.166,28595750
2021-07-02,348.07,350.462,347.836,350.14,31951547
2021-07-06,350.745,351.936,348.04,351.653,37921758
2021-07-07,353.859,354.162,350.432,352.395,34429385
2021-07-08,347.308,351.126,346.02,350.267,49683834
2021-07-09,349.681,352.932,349.095,352.453,34350589
2021-07-12,353.859,354.289,352.278,353.83,25108125
2021-07-13,353.449,356.803,352.971,353.83,38781514
2021-07-14,356.183,356.827,353.635,354.465,34498818
2021-07-15,354.377,354.582,349.964,351.975,52126079
2021-07-16,352.834,353.82,348.773,349.124,46141763
2021-07-19,345.658,346.762,343.696,346.264,62878130
2021-07-20,347.201,351.741,345.414,350.286,41183866
2021-07-21,349.857,352.99,349.632,352.99,29542648
2021-07-22,353.195,355.333,353.195,355.324,29535205
2021-07-23,356.651,359.751,355.29,359.473,31203273
2021-07-26,358.78,360.147,357.912,359.756,27764094
2021-07-27,359.492,359.492,351.624,355.792,56560024
2021-07-28,356.935,358.741,354.63,357.159,41069146
2021-07-29,356.593,358.965,356.593,357.794,25064039
2021-07-30,353.849,356.515,353.82,355.929,35619893
2021-08-02,357.599,358.184,355.246,355.958,26686231
2021-08-03,356.622,358.233,353.42,358.116,34715707
2021-08-04,358.077,359.59,356.964,358.633,28900615
2021-08-05,359.453,361.142,358.741,360.908,20935667
2021-08-06,359.639,360.615,358.209,359.327,32542073
2021-08-09,359.785,360.518,358.682,359.99,25344943
2021-08-10,360.508,360.801,356.954,358.145,34298135
2021-08-11,359.414,359.912,356.193,357.53,33438021
2021-08-12,357.022,359.18,355.661,358.819,25387544
2021-08-13,359.17,360.41,358.672,360.078,18877886
2021-08-16,358.956,360.274,355.08,360.234,34213504
2021-08-17,357.471,358.448,354.621,357.061,43732197
2021-08-18,356.525,357.93,353.288,353.625,37628420
2021-08-19,351.682,357.013,351.428,355.333,47349846
2021-08-20,356.407,359.414,356.095,359.014,38550137
2021-08-23,360.059,365.072,360.049,364.384,33228056
2021-08-24,364.979,366.102,364.511,365.497,21217798
2021-08-25,365.75,366.492,364.994,365.917,19957368
2021-08-26,365.057,365.741,363.154,363.593,28442820
2021-08-27,364.228,367.635,363.739,367.127,26462320
2021-08-30,367.918,371.735,367.898,371.247,26648710
2021-08-31,371.491,371.559,369.392,370.944,28925939
2021-09-01,372.009,373.639,371.354,371.56,27471377
2021-09-02,372.917,373.249,370.163,371.384,24899057
2021-09-03,370.232,372.926,370.213,372.526,24041283
2021-09-07,372.634,373.706,371.47,373.053,23402062
2021-09-08,372.878,372.878,369.48,371.755,32168203
2021-09-09,371.979,373.092,370.232,370.476,28702173
2021-09-10,372.194,372.917,367.327,367.664,39295418
2021-09-13,370.007,370.437,365.35,367.41,47586513
2021-09-14,368.904,369.636,365.409,366.366,40835248
2021-09-15,366.824,369.441,364.52,369.09,33289687
2021-09-16,367.752,369.919,365.814,369.343,34358932
2021-09-17,368.865,368.914,363.925,364.97,59468533
2021-09-20,359.148,360.898,352.766,357.428,74479514
2021-09-21,359.266,360.468,356.734,357.868,40979093
2021-09-22,358.786,362.677,357.681,361.21,45910404
2021-09-23,362.374,365.579,361.728,364.543,43641985
2021-09-24,362.266,365.306,361.895,364.885,35241208
2021-09-27,361.826,362.854,359.412,361.973,42357784
2021-09-28,357.399,361.926,351.222,351.73,95491638
2021-09-29,353,355.151,350.523,351.153,56762946
2021-09-30,352.805,354.476,349.023,349.863,59996085
2021-10-01,350.488,353.079,346.364,352.033,55100286
2021-10-04,350.41,350.743,342.396,344.644,75029575
2021-10-05,345.709,351.554,345.484,349.296,46164508
2021-10-06,346.071,351.808,345.162,351.534,55521596
2021-10-07,354.594,357.418,354.056,354.76,38519696
2021-10-08,355.845,356.076,352.453,352.991,40876307
2021-10-11,351.446,354.984,350.195,350.283,34058945
2021-10-12,351.74,352.179,348.417,349.062,42911982
2021-10-13,351.378,352.531,349.345,351.857,39213280
2021-10-14,355.463,358.552,354.799,358.337,42451405
2021-10-15,359.559,360.712,358.523,360.595,39505595
2021-10-18,359.295,364.436,358.689,364.221,33732830
2021-10-19,365.296,367.026,364.267,366.977,28432934
2021-10-20,367.436,368.047,365.013,366.498,30680303
2021-10-21,365.697,368.932,365.394,368.736,24893174
2021-10-22,367.475,368.443,363.962,365.638,35455275
2021-10-25,367.065,370.3,365.11,369.381,31860445
2021-10-26,371.629,374.053,369.357,370.544,46123826
2021-10-27,370.994,374.483,370.73,371.405,44725410
2021-10-28,373.31,375.783,372.533,375.529,37147305
2021-10-29,372.44,377.543,372.089,377.376,36466177
2021-11-01,377.816,378.794,375.725,378.667,30069403
2021-11-02,378.051,380.729,378.002,380.25,24566736
2021-11-03,380.738,384.707,379.693,384.286,32985509
2021-11-04,385.557,390.17,385.01,389.212,39354524
2021-11-05,390.991,391.92,388.176,389.584,42402474
2021-11-08,389.555,390.581,388.411,389.056,28594502
2021-11-09,390.131,390.532,385.01,386.378,49348637
2021-11-10,383.592,386.417,378.764,380.699,53694724
2021-11-11,383.69,383.866,381.413,381.755,31513656
2021-11-12,382.908,386.31,381.305,385.772,33944964
2021-11-15,386.955,387.277,383.226,385.684,32954190
2021-11-16,384.951,388.929,384.755,388.431,27242463
2021-11-17,388.753,390.678,387.668,388.636,28053999
2021-11-18,390.688,393.171,388.46,392.663,44687309
2021-11-19,394.305,396.132,393.474,394.852,44169500
2021-11-22,396.396,399.465,390.16,390.268,60319391
2021-11-23,389.105,391.177,384.032,388.489,68513118
2021-11-24,385.997,390.024,383.661,389.74,45892289
2021-11-26,387.15,388.548,380.953,382.351,50367647
2021-11-29,386.935,391.666,386.202,390.649,53215531
2021-11-30,389.76,392.115,382.889,384.912,79492965
2021-12-01,389.271,391.421,377.894,378.363,76606343
2021-12-02,377.073,382.879,375.646,381.09,82507156
2021-12-03,382.459,383.465,370.329,374.464,102966133
2021-12-06,374.952,378.833,370.72,377.464,66059964
2021-12-07,384.14,389.447,384.101,388.831,54738439
2021-12-08,389.164,390.776,387.258,390.571,38317251
2021-12-09,389.339,391.147,384.628,384.824,48843315
2021-12-10,387.648,389.271,384.462,389.007,51357196
2021-12-13,388.997,389.315,383.016,383.387,49031657
2021-12-14,378.539,381.266,374.952,379.419,73498199
2021-12-15,379.165,388.43,375.197,388.069,72187376
2021-12-16,389.036,389.462,376.497,378.09,80723176
2021-12-17,374.659,380.387,373.134,376.203,79796126
2021-12-20,371.453,373.347,369.403,372.555,63940557
2021-12-21,375.843,381.206,372.076,380.892,47854488
2021-12-22,380.599,385.737,379.933,385.531,36250599
2021-12-23,385.884,389.91,385.717,388.438,28963073
2021-12-27,389.739,394.858,389.709,394.858,32119322
2021-12-28,395.758,395.934,392.147,393.027,32406082
2021-12-29,393.164,394.437,390.581,392.969,31559324
2021-12-30,392.754,394.945,391.207,391.794,23340387
2021-12-31,391.119,392.488,388.849,389.348,34010197
2022-01-03,390.522,393.35,388.399,393.096,39708732
2022-01-04,393.644,393.683,384.883,387.997,56787146
2022-01-05,386.304,387.43,375.823,376.078,74121267
2022-01-06,374.248,379.072,372.007,375.813,69301001
2022-01-07,375.823,377.516,369.961,371.742,71099708
2022-01-10,366.81,372.506,361.418,371.987,89809321
2022-01-11,371.248,377.741,369.157,377.575,66836194
2022-01-12,380.159,381.861,376.782,379.072,53410052
2022-01-13,380.462,381.147,368.65,369.589,76327208
2022-01-14,367.055,372.222,366.849,371.889,78409003
2022-01-18,366.047,368.18,361.868,362.631,74192166
2022-01-19,364.197,366.683,358.384,358.648,80043566
2022-01-20,361.887,365.88,353.452,353.99,86717035
2022-01-21,351.788,354.44,343.891,344.174,140324636
2022-01-24,338.513,346.415,327.009,345.75,195185844
2022-01-25,339.262,343.528,334.378,337.735,121739968
2022-01-26,345.368,349.253,333.497,337.206,143427464
2022-01-27,341.933,343.763,332.783,333.811,93220024
2022-01-28,335.699,344.497,330.728,344.282,105856317
2022-01-31,345.652,355.879,344.008,355.292,92310604
2022-02-01,356.642,358.364,351.465,357.709,72842361
2022-02-02,361.858,362.191,356.5,360.615,77093651
2022-02-03,350.868,354.195,344.928,345.995,93346357
2022-02-04,346.513,353.677,344.448,350.359,84473652
2022-02-07,350.956,353.334,346.278,347.541,56954385
2022-02-08,346.396,352.542,345.261,351.445,63337793
2022-02-09,355.986,358.971,354.381,358.893,54574681
2022-02-10,351.837,358.656,348.921,350.77,110064993
2022-02-11,350.77,352.375,338.41,339.643,99398533
2022-02-14,339.085,343.479,336.541,340.064,78539369
2022-02-15,345.368,348.754,344.302,348.519,54207092
2022-02-16,346.259,349.458,343.215,348.431,57687370
2022-02-17,345.202,345.906,337.647,338.068,60480633
2022-02-18,339.007,339.398,331.892,334.212,78291853
2022-02-22,331.256,336.688,327.205,330.855,84129952
2022-02-23,334.026,334.871,322.067,322.38,84372920
2022-02-24,312.026,333.752,311.459,333.214,127822821
2022-02-25,334.016,338.586,330.18,338.381,77157209
2022-02-28,335.19,341.092,334.026,339.389,75859013
2022-03-01,338.361,340.639,331.658,334.192,65966501
2022-03-02,335.748,341.141,332.969,339.8,69100086
2022-03-03,342.452,342.56,333.077,334.946,69570189
2022-03-04,332.578,334.016,327.763,330.092,75364037
2022-03-07,330.082,331.246,317.712,317.918,88011865
2022-03-08,317.125,326.089,313.103,316.44,113671657
2022-03-09,324.66,329.191,322.057,327.831,63340216
2022-03-10,323.75,325.404,319.728,324.191,67880417
2022-03-11,327.176,327.489,316.978,317.467,64813114
2022-03-14,316.225,319.611,310.666,311.371,78097200
2022-03-15,314.023,321.92,312.408,321.137,74836776
2022-03-16,325.072,333.165,321.383,333.047,102993938
2022-03-17,331.139,337.138,329.838,337.079,66360831
2022-03-18,335.416,344.272,334.251,343.979,83620349
2022-03-21,343.139,345.374,338.608,343.022,72311178
2022-03-22,343.522,350.635,343.139,349.763,62068790
2022-03-23,346.873,350.449,344.678,344.737,69191744
2022-03-24,346.667,352.448,344.505,352.399,52475504
2022-03-25,352.34,353.398,347.788,352.105,56423183
2022-03-28,352.095,357.651,350.851,357.553,55688020
2022-03-29,361.462,364.333,358.68,363.706,66700517
2022-03-30,361.83,363.501,358.2,359.689,67371468
2022-03-31,359.836,360.189,354.388,355.231,65660365
2022-04-01,355.495,356.279,351.36,354.555,53428406
2022-04-04,355.397,361.864,355.133,361.854,45023749
2022-04-05,360.395,361.11,352.673,353.82,61473775
2022-04-06,348.48,349.587,343.492,346.138,88260994
2022-04-07,345.138,349.165,341.66,346.961,62491535
2022-04-08,345.217,345.971,341.474,342.111,60706978
2022-04-11,337.858,338.779,333.669,334.017,64774584
2022-04-12,338.789,340.68,331.22,332.606,71322671
2022-04-13,332.949,340.425,332.224,339.367,60130502
2022-04-14,339.455,339.975,331.391,331.607,72037119
2022-04-18,330.549,334.164,329.021,331.862,57379907
2022-04-19,331.215,339.857,330.186,339.279,55376243
2022-04-20,340.092,340.553,333.106,334.331,64179462
2022-04-21,338.23,340.857,326.482,327.413,74272761
2022-04-22,327.57,328.795,318.408,318.84,80897584
2022-04-25,317.203,323.249,315.929,322.935,99704363
2022-04-26,320.868,321.054,310.467,310.746,103686126
2022-04-27,310.844,316.37,308.649,310.374,108962179
2022-04-28,315.361,323.239,311.118,321.397,97444923
2022-04-29,317.174,320.628,306.298,306.935,90123474
2022-05-02,306.523,312.294,303.402,312.059,113182918
2022-05-03,312.079,314.695,309.609,312.392,76609215
2022-05-04,312.872,323.631,307.562,322.955,113742993
2022-05-05,318.614,318.693,303.378,306.69,151490299
2022-05-06,304.681,308.737,298.954,303.015,136758820
2022-05-09,297.362,303.112,289.758,291.159,111101273
2022-05-10,298.371,299.595,290.591,294.696,121622094
2022-05-11,292.423,297.959,285.084,285.956,137496925
2022-05-12,281.655,289.787,279.195,285.28,118473162
2022-05-13,289.758,296.89,288.153,295.853,81997734
2022-05-16,294.099,296.166,291.139,292.423,57997086
2022-05-17,298.312,300.379,294.491,299.997,61450864
2022-05-18,295.461,296.156,284.006,285.27,77874736
2022-05-19,283.457,288.455,281.782,283.742,78309408
2022-05-20,287.22,287.877,274.561,282.86,89914076
2022-05-23,283.908,287.945,281.498,287.563,62365172
2022-05-24,282.316,283.036,276.56,281.449,72009449
2022-05-25,279.95,287.475,279.744,285.388,65790829
2022-05-26,284.584,294.853,284.3,293.295,58263391
2022-05-27,296.44,303.015,296.323,302.868,65635076
2022-05-31,302.839,305.053,298.194,302.065,59739132
2022-06-01,304.211,306.346,297.606,299.831,64024266
2022-06-02,298.704,308.218,297.283,308.042,58095940
2022-06-03,302.799,304.211,298.772,300.027,59686559
2022-06-06,304.485,306.053,299.458,301.026,50740947
2022-06-07,297.685,304.406,296.586,303.623,43995038
2022-06-08,302.819,305.435,300.585,301.438,37569036
2022-06-09,299.742,302.819,293.197,293.364,54773452
2022-06-10,287.73,288.925,282.57,283.017,84230315
2022-06-13,274.11,276.648,268.995,269.857,92537942
2022-06-14,272.062,273.042,267.827,270.347,63393135
2022-06-15,273.782,281.047,271.033,277.098,84316526
2022-06-16,270.034,270.494,263.851,265.918,80258879
2022-06-17,266.693,271.602,265.058,269.152,81035992
2022-06-21,273.643,278.257,273.535,275.931,50687842
2022-06-22,273.418,279.956,272.819,275.528,66236860
2022-06-23,278.022,280.486,275.175,279.632,56405205
2022-06-24,282.469,289.635,282.233,289.213,57351997
2022-06-27,290.578,291.147,285.954,287.092,53159429
2022-06-28,287.632,290.234,278.159,278.346,60733688
2022-06-29,278.208,280.113,275.695,278.601,56252985
2022-06-30,275.607,278.742,270.728,275.146,77860626
2022-07-01,273.84,277.354,271.955,276.962,55636869
2022-07-05,273.212,281.821,271.68,281.703,60696605
2022-07-06,282.086,285.62,280.358,283.509,62037039
2022-07-07,284.324,290.283,284.324,289.576,55582877
2022-07-08,286.729,291.314,285.787,289.939,58798238
2022-07-11,287.515,287.74,282.862,283.745,54261344
2022-07-12,285.002,286.926,279.396,280.996,54774930
2022-07-13,275.46,282.773,274.89,280.417,72584906
2022-07-14,277.806,282.292,274.674,281.418,62574133
2022-07-15,284.422,286.631,282.802,286.523,62649038
2022-07-18,289.321,290.735,282.92,284.098,58429222
2022-07-19,287.74,293.13,286.13,292.835,54161907
2022-07-20,293.258,298.667,292.475,297.479,66527941
2022-07-21,297.94,301.803,295.27,301.749,54040891
2022-07-22,300.816,302.897,294.617,296.458,56081169
2022-07-25,296.487,296.958,292.757,294.769,39838930
2022-07-26,293.061,293.316,288.163,288.977,49156790
2022-07-27,293.562,302.888,292.992,301.189,68034739
2022-07-28,300.974,304.71,297.199,304.134,54129816
2022-07-29,305.681,310.594,304.253,309.681,56447661
2022-08-01,307.904,312.97,306.805,309.495,45509574
2022-08-02,307.188,312.71,306.127,308.572,47784781
2022-08-03,310.26,317.799,310.201,316.975,52751329
2022-08-04,317.053,318.771,314.894,318.457,38259688
2022-08-05,313.343,317.898,312.557,315.856,52906675
2022-08-08,316.779,320.489,313.362,314.835,43259035
2022-08-09,312.93,313.186,309.642,311.271,39035764
2022-08-10,318.644,320.254,316.16,319.959,50516857
2022-08-11,322.291,324.308,317.436,318.143,45056838
2022-08-12,320.2,324.529,319.145,324.337,40178601
2022-08-15,323.385,327.454,323.366,326.959,37565595
2022-08-16,325.972,328.294,323.13,326.193,40432337
2022-08-17,323.042,325.358,320.381,322.472,46965726
2022-08-18,322.423,324.436,320.803,323.248,41168906
2022-08-19,320.195,320.853,316.18,316.945,50822161
2022-08-22,312.665,312.901,307.786,308.601,50162784
2022-08-23,308.366,311.193,307.59,308.346,38773510
2022-08-24,307.865,311.065,307.256,309.239,37359876
2022-08-25,311.026,314.727,309.973,314.707,37400329
2022-08-26,314.413,315.62,301.72,301.808,67782832
2022-08-29,299.04,301.592,297.724,298.833,47436622
2022-08-30,300.492,301.111,292.973,295.505,50246832
2022-08-31,298.421,299.324,293.68,293.788,49127270
2022-09-01,291.284,294.288,287.583,293.915,56928404
2022-09-02,296.801,298.185,288.143,289.763,63482190
2022-09-06,290.244,291.167,285.541,287.681,55961136
2022-09-07,288.163,294.494,287.897,293.493,48357967
2022-09-08,291.412,296.34,290.038,295.015,54630357
2022-09-09,297.282,301.965,295.016,301.464,55097039
2022-09-12,302.848,305.381,302.534,305.047,45064768
2022-09-13,296.271,297.469,287.421,288.32,78104643
2022-09-14,289.463,291.49,287.691,290.607,53901331
2022-09-15,288.683,291.098,284.157,285.767,64103155
2022-09-16,282.449,284.413,280.388,284.02,78456289
2022-09-19,281.363,286.389,281.304,286.231,51742726
2022-09-20,283.714,286.251,281.638,283.95,50422243
2022-09-21,284.795,289.083,278.728,278.865,81557903
2022-09-22,277.331,278.344,274.199,275.433,61718028
2022-09-23,272.955,273.25,267.516,270.948,73576512
2022-09-26,270.476,274.862,269.031,269.827,69998227
2022-09-27,273.21,275.571,267.605,269.935,68624784
2022-09-28,269.916,276.593,268.426,275.305,78333359
2022-09-29,271.293,271.676,264.389,267.369,79871284
2022-09-30,266.543,270.634,262.678,262.835,77182987
2022-10-03,264.615,270.604,263.101,269.001,60253074
2022-10-04,274.371,278.167,274.371,277.459,65592659
2022-10-05,273.673,279.111,270.86,277.311,54843006
2022-10-06,276.308,279.475,274.804,275.128,52603798
2022-10-07,270.467,270.594,263.307,264.645,70173276
2022-10-10,264.841,265.235,259.275,261.999,59393077
2022-10-11,260.317,263.199,256.708,258.4,65421116
2022-10-12,259.039,260.966,257.613,258.311,49742736
2022-10-13,250.935,265.697,250.05,264.369,111024929
2022-10-14,266.71,267.31,255.833,256.423,75965392
2022-10-17,262.422,265.766,262.324,264.891,63507287
2022-10-18,271.952,272.62,264.291,266.985,68625660
2022-10-19,265.461,269.149,263.632,266.012,52235994
2022-10-20,265.117,270.289,263.484,264.654,59602067
2022-10-21,263.543,271.4,262.406,270.86,76607972
2022-10-24,271.125,274.774,267.467,273.84,62904543
2022-10-25,274.784,279.888,273.299,279.504,58037399
2022-10-26,273.85,279.278,272.837,273.328,62840303
2022-10-27,272.207,273.672,267.831,268.352,56803987
2022-10-28,267.723,277.034,267.556,276.564,61614007
2022-10-31,274.302,275.128,271.421,273.348,46951510
2022-11-01,276.834,277.4,270.191,270.555,45136016
2022-11-02,270.526,273.604,261.212,261.281,78481852
2022-11-03,258.655,260.121,255.794,256.177,68879300
2022-11-04,261.134,262.196,254.79,260.298,77016611
2022-11-07,261.35,263.701,259.206,263.16,46550141
2022-11-08,264.684,268.332,261.124,265.077,62167180
2022-11-09,263.327,264.113,258.675,258.96,63788229
2022-11-10,271.44,278.364,269.316,278.069,97613327
2022-11-11,277.882,283.861,276.534,283.192,65853077
2022-11-14,281.127,284.427,279.731,280.714,54168112
2022-11-15,287.372,288.405,281.235,284.599,72760425
2022-11-16,282.632,284.691,279.888,280.714,48050852
2022-11-17,276.23,281.578,276.072,280.095,54543812
2022-11-18,283.124,283.222,277.647,280.104,52701378
2022-11-21,278.708,279.868,276.387,277.223,39419872
2022-11-22,277.96,281.373,275.816,281.216,41180153
2022-11-23,281.235,284.668,281.058,284.038,45621905
2022-11-25,282.435,283.143,281.678,282.17,15242194
2022-11-28,280.183,282.209,277.095,278.029,38233378
2022-11-29,278.255,278.659,274.548,275.925,35029150
2022-11-30,276.19,288.611,275.335,288.503,73480994
2022-12-01,288.828,290.853,286.064,288.857,50693880
2022-12-02,283.763,288.591,283.586,287.706,52696001
2022-12-05,285.572,286.851,281.412,282.878,40795310
2022-12-06,282.72,282.858,275.615,277.016,53044579
2022-12-07,275.826,277.892,274.164,275.885,44859033
2022-12-08,277.242,280.124,275.158,279.15,41889682
2022-12-09,278.128,280.911,276.928,277.37,47068085
2022-12-12,277.547,280.911,276.505,280.852,35140903
2022-12-13,291.738,291.96,281.176,283.871,79332087
2022-12-14,283.281,286.585,278.501,281.766,63908497
2022-12-15,277.655,278.324,271.106,272.306,59551541
2022-12-16,271.627,273.171,268.096,269.709,67169517
2022-12-19,269.981,270.069,264.677,265.919,43540697
2022-12-20,264.746,267.467,263.159,265.712,50339043
2022-12-21,266.757,270.878,265.909,269.567,45735848
2022-12-22,266.54,266.673,258.728,262.972,59422379
2022-12-23,261.7,264.234,259.788,263.563,38814446
2022-12-27,262.952,263.061,259.295,259.837,37469256
2022-12-28,259.433,261.7,256.042,256.406,46469632
2022-12-29,259.226,263.608,258.526,262.656,45241834
2022-12-30,259.876,262.627,258.565,262.499,37320662
2023-01-03,264.835,266.319,258.408,260.724,41734137
2023-01-04,262.853,263.652,258.802,261.966,47076705
2023-01-05,260.29,260.458,257.55,257.865,44752076
2023-01-06,259.61,266.107,256.643,264.983,53883521
2023-01-09,266.984,271.381,266.087,266.698,44921566
2023-01-10,265.663,269.064,265.15,268.956,34747216
2023-01-11,270.03,273.717,269.241,273.609,43451115
2023-01-12,274.171,276.122,269.853,275.087,59739392
2023-01-13,272.573,277.225,272.238,276.98,44166703
2023-01-17,276.783,278.833,275.611,277.542,35754678
2023-01-18,279.09,280.647,273.727,273.934,47076401
2023-01-19,272.297,273.436,270.001,271.243,43523477
2023-01-20,272.859,279.001,271.795,278.666,59752843
2023-01-23,279.513,286.089,278.715,284.857,52050102
2023-01-24,283.23,285.438,282.707,284.275,44237887
2023-01-25,279.74,284.265,277.187,283.644,50149596
2023-01-26,287.084,289.352,284.422,289.174,50863624
2023-01-27,287.853,294.025,287.735,292.053,55640426
2023-01-30,288.77,290.199,285.773,286.148,48704224
2023-01-31,286.187,290.535,286.079,290.436,46041869
2023-02-01,290.229,299.121,288.149,296.647,66602736
2023-02-02,303.202,309.225,302.374,307.293,81890956
2023-02-03,300.61,307.954,300.215,301.832,75089111
2023-02-06,299.2,301.566,297.928,299.279,40222929
2023-02-07,299.151,306.613,298.027,305.479,66624247
2023-02-08,304.159,305.105,299.358,300.048,55915377
2023-02-09,304.454,304.602,295.937,297.396,48440023
2023-02-10,295.227,297.287,293.029,295.444,49339347
2023-02-13,296.854,300.767,295.671,300.176,39073852
2023-02-14,298.589,303.35,296.637,302.394,63169084
2023-02-15,300.57,304.878,299.88,304.711,42810594
2023-02-16,300.058,304.05,298.845,298.993,58653705
2023-02-17,296.795,297.642,293.867,296.883,57403807
2023-02-21,293.039,294.488,289.716,289.854,45865988
2023-02-22,290.436,292.151,288.405,290.071,50659467
2023-02-23,293.739,293.896,288.396,292.605,68310397
2023-02-24,287.617,288.81,285.931,287.706,73276389
2023-02-27,290.88,292.28,289.174,289.766,48299237
2023-02-28,289.135,291.919,288.8,289.391,47558048
2023-03-01,289.095,289.756,286.079,287.065,57459242
2023-03-02,284.561,290.249,284.275,289.44,52975428
2023-03-03,291.195,295.661,290.683,295.424,59652226
2023-03-06,296.666,299.683,295.562,295.759,55930593
2023-03-07,295.809,296.735,291.521,292.132,65019126
2023-03-08,292.556,294.192,290.693,293.591,50153786
2023-03-09,294.094,296.706,287.686,288.504,70441947
2023-03-10,288.672,290.17,283.299,284.452,97193468
2023-03-13,282.658,290.288,281.14,286.562,95744379
2023-03-14,290.131,293.699,289.283,293.147,72557338
2023-03-15,290.525,295.02,289.076,294.685,82443917
2023-03-16,293.768,302.818,292.97,302.453,97157242
2023-03-17,302.364,304.76,299.062,301.024,88646725
2023-03-20,300.404,302.418,298.182,302.092,55645200
2023-03-21,304.037,306.861,302.512,306.407,49126434
2023-03-22,306.338,311.255,302.073,302.24,74831343
2023-03-23,305.992,310.168,303.119,305.824,73630825
2023-03-24,305.4,307.048,303.06,306.95,56520271
2023-03-27,307.651,308.737,303.988,304.847,49650067
2023-03-28,304.264,304.294,300.911,303.228,47970150
2023-03-29,306.94,309.379,306.12,308.757,52599077
2023-03-30,311.245,312.311,308.844,311.679,57615225
2023-03-31,311.906,317.1,311.6,316.863,61350577
2023-04-03,314.73,316.359,313.397,316.092,46529552
2023-04-04,316.537,317.554,313.797,315.026,45293953
2023-04-05,314.069,315.016,310.09,311.916,61999852
2023-04-06,310.257,314.513,308.855,314.019,46321890
2023-04-10,311.077,313.891,309.28,313.841,44562698
2023-04-11,313.802,313.861,311.314,311.827,39605198
2023-04-12,313.792,314.384,308.604,309.073,62017230
2023-04-13,310.84,315.599,309.655,315.125,53921628
2023-04-14,313.565,316.3,311.61,314.533,55565020
2023-04-17,314.118,315.154,312.034,314.799,42461946
2023-04-18,316.922,317.346,313.614,314.819,46154475
2023-04-19,312.4,315.737,312.272,314.671,38466352
2023-04-20,311.689,315.224,310.978,312.272,61670502
2023-04-21,311.906,313.377,310.119,312.597,58254497
2023-04-24,312.37,313.712,309.764,311.946,43484864
2023-04-25,310.307,310.978,305.962,306.061,56397684
2023-04-26,309.467,310.944,307.394,307.917,54698361
2023-04-27,311.699,316.793,311.057,316.29,64601129
2023-04-28,316.053,318.561,314.918,318.472,58955848
2023-05-01,318.008,319.528,317.021,318.107,40493592
2023-05-02,318.038,318.363,313.585,315.332,55803083
2023-05-03,315.698,318.383,313.16,313.269,59123131
2023-05-04,313.042,314.197,311.121,312.163,49587981
2023-05-05,314.434,319.657,312.204,318.798,51149513
2023-05-08,318.334,319.933,317.243,319.588,36003639
2023-05-09,317.919,318.788,317.248,317.564,31366170
2023-05-10,320.012,321.878,317.524,321.019,59680525
2023-05-11,321.572,322.609,320.012,322.066,43717373
2023-05-12,322.599,323.023,318.847,320.911,47819007
2023-05-15,321.384,322.885,319.854,322.648,32952561
2023-05-16,321.927,324.734,321.888,323.014,39511952
2023-05-17,324.08,327.506,322.895,326.923,46884284
2023-05-18,327.318,333.213,327.299,332.996,63399643
2023-05-19,333.213,333.919,331.179,332.245,60774788
2023-05-22,331.988,334.378,331.978,333.361,42470775
2023-05-23,331.633,332.788,328.78,329.135,47605563
2023-05-24,327.17,328.686,325.383,327.447,62094091
2023-05-25,334.842,336.688,332.398,335.414,66015350
2023-05-26,336.441,344.819,336.342,343.984,62208407
2023-05-30,348.24,349.444,344.113,345.544,71731372
2023-05-31,343.955,346.156,342.118,343.58,64280238
2023-06-01,343.323,348.882,342.267,347.549,49848720
2023-06-02,349.316,351.32,347.549,350.155,52695680
2023-06-05,349.938,352.964,349.365,350.402,46667178
2023-06-06,349.79,351.31,348.457,350.343,40865821
2023-06-07,350.629,352.594,343.767,344.399,68348577
2023-06-08,344.695,349.138,344.468,348.674,46556296
2023-06-09,350.135,353.127,348.556,350.007,52522717
2023-06-12,351.676,356.02,350.698,355.921,44249635
2023-06-13,358.686,359.495,355.467,358.656,56374152
2023-06-14,358.666,361.549,355.852,361.263,68644476
2023-06-15,359.989,367.058,359.367,365.567,70237213
2023-06-16,367.996,368.125,362.823,363.267,79906247
2023-06-20,361.809,364.152,359.772,362.748,48647924
2023-06-21,361.601,362.036,356.875,357.805,52774242
2023-06-22,356.549,362.185,356.144,362.026,47064360
2023-06-23,358.111,360.751,356.74,358.438,48369299
2023-06-26,357.904,360.711,353.543,353.633,52089292
2023-06-27,355.185,360.444,354.453,359.713,48868762
2023-06-28,357.884,362.372,357.809,360.415,45971864
2023-06-29,360.118,360.761,358.042,359.693,45628734
2023-06-30,363.391,366.298,363.074,365.24,58048118
2023-07-03,365.882,366.733,364.795,366.1,19160518
2023-07-05,364.523,367.8,364.488,366.09,34070919
2023-07-06,362.363,363.747,360.395,363.302,48816000
2023-07-07,363.074,366.288,361.868,362.096,46600398
2023-07-10,361.819,362.897,359.298,362.214,47949993
2023-07-11,362.639,364.461,360.494,364.004,37781722
2023-07-12,368.127,369.956,366.11,368.601,61005465
2023-07-13,371.795,375.69,371.211,374.86,46428616
2023-07-14,375.29,378.528,373.901,374.78,54524448
2023-07-17,375.502,379.16,375.018,378.28,40406451
2023-07-18,377.638,382.749,375.7,381.375,54717179
2023-07-19,382.443,383.59,379.951,381.286,53480847
2023-07-20,378.28,379.749,371.468,372.497,71127583
2023-07-21,374.889,375.621,370.945,371.379,59815032
2023-07-24,372.358,373.307,370.104,371.973,39923120
2023-07-25,372.685,376.165,372.665,374.494,38454258
2023-07-26,373.446,374.948,370.935,373.248,46543004
2023-07-27,378.735,380.357,371.063,372.358,63216688
2023-07-28,376.432,380.169,375.918,379.141,56259025
2023-07-31,379.447,380.525,378.013,379.338,43521783
2023-08-01,377.984,379.22,376.382,378.458,40841020
2023-08-02,374.968,374.968,368.908,370.153,71864581
2023-08-03,367.731,371.696,367.563,369.56,47313849
2023-08-04,371.498,373.821,367.326,367.83,61004534
2023-08-07,369.649,371.043,367.306,370.944,36809146
2023-08-08,368.423,368.443,364.647,367.79,44220331
2023-08-09,368.077,368.235,362.986,363.747,50572084
2023-08-10,366.772,370.124,362.882,364.419,71220134
2023-08-11,361.849,363.836,360.563,362.096,48156030
2023-08-14,361.295,366.278,360.573,366.159,41654047
2023-08-15,365.18,365.98,361.601,362.274,45024559
2023-08-16,361.73,363.272,358.339,358.438,52588623
2023-08-17,359.841,360.188,354.107,354.522,61895908
2023-08-18,351.24,355.343,350.696,354.077,60498949
2023-08-21,355.551,360.464,355.086,359.782,50122837
2023-08-22,362.402,362.412,358.576,359.268,44108666
2023-08-23,360.454,366.031,360.237,364.933,51184773
2023-08-24,368.423,368.522,356.925,357.133,66086107
2023-08-25,357.973,361.601,354.522,359.901,69168806
2023-08-28,362.837,363.549,360.128,362.61,40447088
2023-08-29,362.412,370.885,362.087,370.529,57830467
2023-08-30,370.638,373.176,369.629,372.595,41259283
2023-08-31,372.675,375.422,372.605,373.713,35326374
2023-09-01,376.095,376.521,371.824,373.317,39350791
2023-09-05,372.507,375.017,371.577,373.792,31978217
2023-09-06,373.011,373.357,368.483,370.5,42512171
2023-09-07,366.021,368.631,364.973,367.85,51471604
2023-09-08,367.8,370.608,367.395,368.364,35441712
2023-09-11,371.409,373.218,369.432,372.704,39484709
2023-09-12,371.023,372.686,368.285,368.572,40922638
2023-09-13,368.809,371.587,367.672,369.975,45776749
2023-09-14,371.735,373.99,369.659,373.001,47495776
2023-09-15,371.656,372.061,365.675,366.614,69021225
2023-09-18,365.669,368.115,365.382,366.996,36538727
2023-09-19,365.669,367.018,363.174,366.214,37249802
2023-09-20,367.283,367.639,360.857,360.936,45064243
2023-09-21,357.233,358.025,354.154,354.322,69045454
2023-09-22,356.075,358.223,354.055,354.372,51079672
2023-09-25,353.401,356.144,352.411,356.055,38780778
2023-09-26,353.461,354.005,349.718,350.708,53127296
2023-09-27,351.867,353.451,347.887,351.53,55511705
2023-09-28,350.609,356.609,349.748,354.471,55895212
2023-09-29,357.966,359.362,353.491,354.728,64188726
2023-10-02,354.996,359.095,354.382,357.689,51114684
2023-10-03,355.233,357.441,349.783,351.411,59880604
2023-10-04,352.253,357.045,351.788,356.194,54245065
2023-10-05,356.184,356.59,351.629,355.144,45443651
2023-10-06,352.134,362.293,351.342,361.095,74307186
2023-10-09,358.718,363.481,357.213,362.936,44856889
2023-10-10,363.273,367.609,362.768,364.946,46504473
2023-10-11,366.283,367.74,364.55,367.55,37837294
2023-10-12,368.055,370.045,363.867,366.273,49097718
2023-10-13,366.907,367.491,360.263,361.669,52000676
2023-10-16,362.996,366.817,362.847,365.758,43764086
2023-10-17,362.194,366.263,360.065,364.56,50494928
2023-10-18,362.055,364.273,358.441,359.778,53743867
2023-10-19,361.204,362.402,355.609,356.411,71559752
2023-10-20,355.906,356.481,350.867,351.094,71842389
2023-10-23,349.768,355.708,347.649,352.154,60065464
2023-10-24,353.976,356.352,352.273,355.58,46616632
2023-10-25,353.174,353.352,346.292,346.877,70486770
2023-10-26,345.669,346.609,338.966,340.263,77844184
2023-10-27,343.005,345.391,340.678,341.896,62849187
2023-10-30,344.391,347.075,343.025,345.748,54751856
2023-10-31,345.777,347.777,343.193,347.401,47200626
2023-11-01,348.243,353.995,348.144,353.431,58409472
2023-11-02,357.966,360.085,356.738,359.847,57587458
2023-11-03,361.144,365.372,360.916,364.075,52753728
2023-11-06,364.847,366.124,363.283,365.56,38464680
2023-11-07,366.609,369.887,365.397,369.016,50275414
2023-11-08,369.392,370.095,366.956,369.253,35310798
2023-11-09,369.946,371.095,365.916,366.411,53326970
2023-11-10,368.144,374.798,367.61,374.649,57791420
2023-11-13,373.065,374.54,371.53,373.481,40330820
2023-11-14,379.917,382.441,379.392,381.521,67122448
2023-11-15,383.422,383.917,380.436,381.808,53606155
2023-11-16,381.035,382.372,379.768,382.134,44895273
2023-11-17,381.402,383.243,380.491,382.224,46161840
2023-11-20,382.234,387.541,382.234,386.877,44096389
2023-11-21,385.164,385.382,382.877,384.63,42908564
2023-11-22,386.709,389.184,385.194,386.204,43741820
2023-11-24,385.798,386.392,384.659,385.659,15563433
2023-11-27,385.164,387.283,384.441,385.323,33802158
2023-11-28,384.57,386.917,384.214,386.333,35140257
2023-11-29,388.808,390.244,385.61,385.956,38428067
2023-11-30,386.224,386.689,382.006,384.986,52312068
2023-12-01,383.917,386.679,382.256,386.085,40089790
2023-12-04,382.273,382.773,378.877,382.501,50680915
2023-12-05,380.59,384.659,380.412,383.461,42508531
2023-12-06,386.412,386.511,380.897,381.243,41578917
2023-12-07,384.233,387.402,383.134,386.57,49103268
2023-12-08,384.828,388.739,384.64,388.293,46225973
2023-12-11,387.867,391.877,387.659,391.61,40790737
2023-12-12,391.65,394.848,390.511,394.729,38833417
2023-12-13,395.669,400.363,394.897,399.749,54860374
2023-12-14,400.976,402.283,396.382,399.402,54899654
2023-12-15,400.184,402.521,399.58,401.333,62274850
2023-12-18,401.728,404.764,401.401,403.861,46241410
2023-12-19,404.317,406.044,404.124,405.924,35429462
2023-12-20,405.121,407.224,399.714,399.893,53615094
2023-12-21,403.841,404.913,401.272,404.546,45208567
2023-12-22,405.766,406.728,403.264,405.151,34042659
2023-12-26,406.014,408.306,405.915,407.631,22542869
2023-12-27,407.915,408.746,407.051,408.461,31744267
2023-12-28,409.622,409.87,407.905,408.262,26829504
2023-12-29,408.242,408.599,404.569,406.495,42347010
2024-01-02,402.842,403.091,397.284,399.616,57598356
2024-01-03,396.976,398.038,394.951,395.388,46655622
2024-01-04,393.512,396.639,393.135,393.353,39141543
2024-01-05,393.522,396.609,392.42,393.819,44590997
2024-01-08,395.05,402.247,394.901,401.959,42160075
2024-01-09,398.941,403.686,398.743,402.753,38843811
2024-01-10,403.071,406.49,402.177,405.483,33711911
2024-01-11,406.763,408.163,401.256,406.326,54133376
2024-01-12,407.369,408.212,405.135,406.535,39302496
2024-01-16,405.294,408.083,403.825,406.495,43578754
2024-01-17,403.17,404.574,399.944,404.202,53984255
2024-01-18,407.488,410.52,406.138,409.94,59122575
2024-01-19,412.153,418.228,411.562,418.069,69805685
2024-01-22,420.283,421.59,418.009,418.615,44549142
2024-01-23,419.31,420.57,417.464,420.352,32760037
2024-01-24,424.283,426.675,422.188,422.685,46601249
2024-01-25,425.196,425.871,420.848,423.201,44039503
2024-01-26,421.305,423.062,420.025,420.68,36862725
2024-01-29,421.136,425.186,420.481,424.988,38408912
2024-01-30,423.945,424.521,421.245,422.159,36467595
2024-01-31,417.741,419.746,413.711,413.89,63537856
2024-02-01,415.697,419.255,414.724,418.764,50631860
2024-02-02,420.67,427.062,419.667,425.841,59162199
2024-02-05,425.901,426.437,421.861,425.285,39594579
2024-02-06,426.437,427.042,422.079,424.432,35581359
2024-02-07,427.231,429.633,425.921,428.799,37434104
2024-02-08,428.918,430.358,428.233,429.593,29669116
2024-02-09,430.735,434.611,429.941,433.822,36671030
2024-02-12,433.713,435.896,431.44,432.125,32958063
2024-02-13,424.124,428.085,422.189,425.385,64015317
2024-02-14,428.075,430.447,425.712,430.02,44759650
2024-02-15,430.715,431.767,428.144,431.301,38509583
2024-02-16,431.678,431.777,426.675,427.39,53319716
2024-02-20,425.385,426.903,420.372,424.164,53600595
2024-02-21,421.414,422.556,418.516,422.466,49809055
2024-02-22,431.281,435.876,430.507,434.834,53489725
2024-02-23,436.403,437.336,432.571,433.554,39559485
2024-02-26,434.368,435.36,433.132,433.326,32799170
2024-02-27,434.437,434.755,431.812,434.368,33464207
2024-02-28,432.214,433.445,431.092,432.055,32695527
2024-02-29,434.993,436.839,431.807,435.757,42181269
2024-03-01,436.651,443.281,436.591,442.319,43529120
2024-03-04,442.319,442.746,440.492,440.74,34072153
2024-03-05,437.683,437.693,430.447,432.829,57489347
2024-03-06,437.068,438.725,433.663,435.549,45892963
2024-03-07,439.152,443.42,437.604,442.16,44197787
2024-03-08,442.517,445.326,435.102,435.777,71563444
2024-03-11,434.278,435.42,432.224,434.159,45521256
2024-03-12,436.482,440.74,433.236,440.383,54892442
2024-03-13,439.38,439.4,435.876,436.998,37648537
2024-03-14,438.239,438.765,433.167,435.896,51809680
2024-03-15,432.849,435.632,429.545,430.715,72530115
2024-03-18,436.066,438.362,434.585,434.823,47036416
2024-03-19,432.806,436.314,430.698,435.907,42742962
2024-03-20,437.109,441.413,435.4,441.075,43388392
2024-03-21,446.154,446.611,442.964,443.162,39106717
2024-03-22,442.646,444.773,441.791,443.669,28082325
2024-03-25,440.856,443.55,439.853,442.059,27620394
2024-03-26,443.59,444.509,440.399,440.628,33934701
2024-03-27,443.729,443.828,439.246,442.129,41108078
2024-03-28,442.079,442.934,440.956,441.314,36615928
2024-04-01,442.268,444.812,440.33,442.248,38493759
2024-04-02,437.408,438.749,435.37,438.431,43990899
2024-04-03,436.294,441.304,436.284,439.415,39707155
2024-04-04,443.62,444.236,432.468,432.696,56919889
2024-04-05,434.128,440.479,433.313,437.795,54412191
2024-04-08,438.729,439.813,436.533,437.924,27974025
2024-04-09,440.27,440.548,434.784,439.544,39281566
2024-04-10,434.346,436.573,433.631,435.708,61128705
2024-04-11,437.586,443.62,435.3,442.665,45198398
2024-04-12,438.421,439.554,434.227,435.608,53339106
2024-04-15,439.375,439.465,427.598,428.442,63068286
2024-04-16,428.283,431.126,427.091,428.482,47329790
2024-04-17,430.47,430.49,422.32,423.254,56535120
2024-04-18,423.9,425.639,420.262,420.839,46266683
2024-04-19,419.656,420.183,410.562,412.132,74774145
2024-04-22,414.776,418.622,411.426,416.277,47517335
2024-04-23,418.215,423.691,416.328,422.489,44115205
2024-04-24,425.6,427.12,421.624,423.92,48146145
2024-04-25,416.694,422.737,415.601,421.872,57043637
2024-04-26,425.023,429.923,424.328,428.383,41620620
2024-04-29,430.5,431.126,427.369,430.122,29839842
2024-04-30,428.532,429.933,421.932,422.012,43400761
2024-05-01,420.58,427.528,418.105,418.96,51934398
2024-05-02,422.717,425.212,418.076,424.308,36336999
2024-05-03,431.802,433.829,429.993,432.836,48220632
2024-05-06,434.644,437.666,433.869,437.577,30043639
2024-05-07,438.024,439.286,436.911,437.646,30807862
2024-05-08,435.012,438.799,434.893,437.388,24745528
2024-05-09,437.656,438.918,435.797,438.342,24430850
2024-05-10,439.853,441.612,437.824,439.375,26951899
2024-05-13,441.294,441.393,438.968,440.389,22854552
2024-05-14,439.962,443.754,439.773,443.222,34268943
2024-05-15,445.707,450.398,444.186,450.15,41212848
2024-05-16,449.961,451.929,449.066,449.235,34569198
2024-05-17,449.365,449.971,446.81,449.017,35586294
2024-05-20,449.235,452.813,449.042,452.147,24325607
2024-05-21,450.289,453.221,450.09,453.032,23027032
2024-05-22,453.29,454.046,450.329,452.943,24967492
2024-05-23,457.753,457.783,449.106,450.905,40650865
2024-05-24,452.525,456.441,450.813,455.169,29489287
2024-05-28,456.392,456.948,453.917,456.888,26057613
2024-05-29,452.714,455.457,452.575,453.668,29558644
2024-05-30,452.734,452.873,447.476,448.808,30527603
2024-05-31,449.036,449.732,440.365,447.973,55601590
2024-06-03,451.81,452.813,445.18,450.378,32797087
2024-06-04,450.12,452.808,448.392,451.611,23623104
2024-06-05,455.199,460.795,451.648,460.715,33612041
2024-06-06,461.401,461.719,459.383,460.556,21833422
2024-06-07,460.188,462.912,459.035,460.149,25672866
2024-06-10,459.016,462.365,458.727,462.007,20593944
2024-06-11,460.725,465.297,459.224,465.178,21919353
2024-06-12,469.124,473.606,468.428,471.271,34322886
2024-06-13,474.819,475.485,471.539,473.825,25701975
2024-06-14,473.626,476.35,473.159,476.28,23230683
2024-06-17,476.548,483.904,475.236,482.114,36829481
2024-06-18,482.065,482.949,480.494,482.263,24290164
2024-06-20,483.466,483.882,476.707,478.546,33712704
2024-06-21,478.268,479.605,475.763,477.264,39193445
2024-06-24,476.031,477.773,471.691,471.83,37581314
2024-06-25,473.931,477.524,472.985,477.226,29118763
2024-06-26,476.399,478.759,475.981,478.211,22634928
2024-06-27,477.962,480.929,477.146,479.446,26104302
2024-06-28,480.242,485.01,476.31,476.957,34724822
2024-07-01,477.883,480.322,474.115,479.754,24786449
2024-07-02,478.251,484.851,478.122,484.792,26603465
2024-07-03,484.035,488.963,484.035,488.833,17983699
2024-07-05,489.68,494.368,489.381,493.93,28367881
2024-07-08,494.299,495.658,493.273,495.105,22010062
2024-07-09,496.628,497.753,494.01,495.533,25585747
2024-07-10,497.464,501.257,496.15,500.7,27920857
2024-07-11,500.809,501.018,488.52,489.719,49742048
2024-07-12,490.297,497.375,489.829,492.596,36942630
2024-07-15,494.378,498.759,491.87,493.92,31011397
2024-07-16,495.384,496.2,490.934,494.109,25834000
2024-07-17,486.086,486.602,479.535,479.605,56015895
2024-07-18,483.348,483.527,474.13,477.335,49125595
2024-07-19,476.997,479.525,471.81,473.104,41853921
2024-07-22,478.998,481.178,475.56,480.152,40118896
2024-07-23,479.246,482.253,477.982,478.46,23177818
2024-07-24,471.691,472.059,460.431,461.298,58554306
2024-07-25,461.636,465.837,453.582,456.211,58990458
2024-07-26,460.571,463.836,457.704,460.889,39812403
2024-07-29,463.617,465.807,459.54,461.815,28091664
2024-07-30,463.757,464.464,452.109,455.474,41131531
2024-07-31,465.767,470.665,464.314,468.953,44351911
2024-08-01,469.64,473.413,453.931,457.594,56399297
2024-08-02,448.864,451.532,442.473,446.733,66025183
2024-08-05,422.801,440.302,421.547,433.414,87090305
2024-08-06,435.265,445.061,432.607,437.555,62880580
2024-08-07,444.483,446.982,432.418,432.816,54682315
2024-08-08,439.078,446.972,435.185,446.056,47674855
2024-08-09,444.732,450.029,443.608,448.386,33423102
2024-08-12,449.362,452.328,446.539,449.352,27670099
2024-08-13,453.772,460.77,453.632,460.501,39904324
2024-08-14,461.427,463.019,456.34,460.651,34577661
2024-08-15,466.653,472.686,466.275,472.288,38108537
2024-08-16,470.496,474.269,469.53,472.895,38211124
2024-08-19,473.035,479.147,471.243,479.107,23630994
2024-08-20,478.191,480.77,476.399,478.102,29078073
2024-08-21,478.888,482.193,477.166,480.332,25543481
2024-08-22,482.661,483.358,471.681,472.716,37569974
2024-08-23,477.086,480.571,473.144,477.843,35899453
2024-08-26,477.295,478.221,471.113,473.204,27329268
2024-08-27,471.561,475.693,469.59,474.617,27386373
2024-08-28,474.15,474.876,465.787,469.232,37204493
2024-08-29,471.153,475.782,467.263,468.545,40896857
2024-08-30,472.905,474.757,468.396,474.13,33316075
2024-09-03,471.073,471.203,457.345,459.735,44633210
2024-09-04,456.609,462.363,455.673,458.54,32359021
2024-09-05,456.907,463.269,455.881,458.968,34297563
2024-09-06,458.261,459.147,446.176,446.674,50396886
2024-09-09,451.024,453.413,447.802,452.418,32832958
2024-09-10,454.19,457.107,450.198,456.599,29546938
2024-09-11,457.843,467.261,449.252,466.514,57583043
2024-09-12,466.544,471.91,464.751,471.093,39994917
2024-09-13,470.357,474.388,470.128,473.204,28981020
2024-09-16,471.064,471.73,467.778,471.113,22484102
2024-09-17,474.15,475.454,468.853,471.362,29949237
2024-09-18,472.567,476.678,468.714,469.321,39729871
2024-09-19,480.441,484.045,478.331,481.188,52545318
2024-09-20,480.322,481.516,476.151,480.272,34422267
2024-09-23,481.455,482.641,480.109,481.545,24766072
2024-09-24,482.96,484.825,478.684,483.868,25872308
2024-09-25,483.24,486.28,483.06,484.316,26467687
2024-09-26,491.843,492.172,484.296,487.955,31921096
2024-09-27,488.982,489.121,484.057,485.243,22780390
2024-09-30,484.276,486.898,481.425,486.559,30236728
2024-10-01,486.19,486.49,475.922,479.78,42603141
2024-10-02,478.873,482.382,476.241,480.458,23670555
2024-10-03,478.255,483.045,477.507,480.099,25258793
2024-10-04,485.941,486.37,480.892,485.812,30649745
2024-10-07,483.888,485.064,479.382,480.608,24897811
2024-10-08,483.16,488.473,482.347,487.785,28184511
2024-10-09,487.486,492.202,486.44,491.624,24917579
2024-10-10,489.331,492.94,488.015,491.065,25670744
2024-10-11,489.221,492.86,488.653,491.833,20580599
2024-10-14,494.236,497.286,493.727,495.96,25979487
2024-10-15,496.289,496.957,487.167,489.331,34676845
2024-10-16,489.66,490.168,486.061,489.391,22925598
2024-10-17,494.903,494.953,489.67,489.729,27126433
2024-10-18,492.531,494.036,491.773,492.94,25256611
2024-10-21,491.723,494.694,489.789,493.887,30242649
2024-10-22,491.205,495.905,490.447,494.425,26603236
2024-10-23,492.062,492.72,483.549,486.848,39224778
2024-10-24,490.587,491.474,487.925,490.796,21956755
2024-10-25,493.607,498.731,492.9,493.787,38642158
2024-10-28,496.917,496.977,493.568,493.867,20414395
2024-10-29,494.185,499.798,492.321,498.612,27927346
2024-10-30,497.844,498.801,494.355,494.844,29663854
2024-10-31,490.856,490.906,482.253,482.352,41117576
2024-11-01,483.997,489.232,483.698,485.921,33551583
2024-11-04,485.313,487.865,482.755,484.506,23219483
2024-11-05,486.101,491.354,486.011,490.686,24278239
2024-11-06,499.011,504.842,498.054,504.015,42948849
2024-11-07,506.826,512.738,506.767,511.95,32751428
2024-11-08,511.447,513.324,510.824,512.549,22853523
2024-11-11,513.775,513.984,509.339,512.25,24092674
2024-11-12,512.18,513.067,508.252,511.322,25755322
2024-11-13,510.814,513.386,508.371,510.664,24491375
2024-11-14,510.325,511.203,506.198,507.115,28590745
2024-11-15,501.383,501.772,492.959,495.033,51301763
2024-11-18,496.588,500.586,495.193,498.472,27108491
2024-11-19,495.88,502.394,495.541,501.902,24447112
2024-11-20,501.603,501.922,495.018,501.612,29473974
2024-11-21,504.673,505.391,496.02,503.417,34419865
2024-11-22,502.859,504.962,501.224,504.224,23752889
2024-11-25,508.322,509.869,502.702,505.022,26293528
2024-11-26,506.507,508.561,505.66,507.733,26474857
2024-11-27,506.597,506.667,500.376,503.736,24880186
2024-11-29,504.364,508.76,503.746,508.162,15286507
2024-12-02,509.428,514.662,509.039,513.695,25069331
2024-12-03,512.359,515.549,511.781,515.27,18540333
2024-12-04,518.709,521.899,517.992,521.64,26005474
2024-12-05,521.69,522.418,519.806,520.195,18113389
2024-12-06,520.863,525.09,520.733,524.85,23689057
2024-12-09,523.923,524.721,519.607,520.763,20610417
2024-12-10,521.999,523.754,517.553,518.989,24274669
2024-12-11,523.375,528.968,522.966,528.28,32069006
2024-12-12,526.047,527.323,524.392,524.87,23504519
2024-12-13,528.818,531.516,525.668,528.888,28691323
2024-12-16,531.43,537.481,531.35,536.504,31880872
2024-12-17,534.7,535.816,532.477,534.141,28490607
2024-12-18,533.494,535.218,513.416,514.871,54533840
2024-12-19,519.577,520.145,512.24,512.578,46298004
2024-12-20,508.86,523.195,507.714,517.055,60342604
2024-12-23,518.777,522.471,515.362,522.092,29628633
2024-12-24,524.049,529.261,523.41,529.171,17532087
2024-12-26,527.534,530.449,525.527,528.812,19112998
2024-12-27,525.227,525.666,517.089,521.782,33789191
2024-12-30,514.743,518.587,511.068,514.843,34532552
2024-12-31,516.131,516.89,509.5,510.469,29073692
2025-01-02,513.534,515.871,504.957,509.47,36335613
2025-01-03,512.586,518.872,511.767,517.808,29016265
2025-01-06,523.24,527.134,521.253,523.759,36055976
2025-01-07,524.808,525.207,512.516,514.413,36635663
2025-01-08,514.313,516.15,509.81,514.503,30731965
2025-01-10,510.719,510.819,503.17,506.435,40472172
2025-01-13,500.454,505.267,498.956,504.807,31647036
2025-01-14,507.983,509.396,500.843,504.328,33687021
2025-01-15,512.266,517.079,510.699,515.931,34905517
2025-01-16,518.208,518.287,512.187,512.316,28187021
2025-01-17,522.072,523.293,512.345,520.963,51760781
2025-01-21,523.699,525.187,519.286,524.019,23592804
2025-01-22,528.782,533.026,528.472,530.719,33542992
2025-01-23,528.253,531.967,527.663,531.847,23062212
2025-01-24,532.227,532.995,527.364,528.842,19848663
2025-01-27,510.239,517.219,509.391,513.445,60681241
2025-01-28,514.453,522.221,511.018,521.033,33144802
2025-01-29,521.682,521.812,516.13,520.055,26609346
2025-01-30,522.93,525.312,517.439,522.271,27390473
2025-01-31,526.136,530.727,520.414,521.513,38787654
2025-02-03,512.706,520.074,510.289,517.339,40520436
2025-02-04,517.858,524.328,517.459,523.689,26007978
2025-02-05,521.043,526.226,519.845,526.066,21102613
2025-02-06,526.575,529.021,524.959,528.812,19405521
2025-02-07,529.351,531.308,521.413,522.142,29561407
2025-02-10,526.435,529.568,525.966,528.462,20821739
2025-02-11,525.177,529.131,525.047,527.204,19296734
2025-02-12,521.523,528.402,521.173,527.514,24972131
2025-02-13,529.191,535.422,528.402,535.102,28672058
2025-02-14,535.207,538.038,534.873,537.349,17835983
2025-02-18,538.927,539.196,535.242,538.567,20534420
2025-02-19,537.768,540.005,535.661,538.717,19637584
2025-02-20,537.928,538.298,531.667,536.43,26511233
2025-02-21,537.579,537.599,524.928,525.297,47023661
2025-02-24,527.094,528.281,518.757,519.096,39209942
2025-02-25,518.467,518.547,508.682,512.556,48867182
2025-02-26,514.763,518.886,510.609,513.794,34406332
2025-02-27,517.359,518.297,499.306,499.525,52369906
2025-02-28,499.386,508.023,496.19,507.414,47583107
2025-03-03,510.759,512.276,492.845,496.31,44520836
2025-03-04,493.444,502.99,487.009,494.812,67774369
2025-03-05,495.461,502.88,490.529,501.263,46254778
2025-03-06,492.955,497.838,485.476,487.473,57488627
2025-03-07,486.435,492.546,479.815,491.058,54633287
2025-03-10,482.73,483.25,467.962,472.026,76553920
2025-03-11,471.647,478.092,466.315,470.898,68658412
2025-03-12,478.447,480.344,471.088,476.21,46901161
2025-03-13,475.541,475.571,465.736,467.643,46494045
2025-03-14,473.025,479.845,472.416,478.946,43498162
2025-03-17,478.896,485.117,477.089,482.051,41682216
2025-03-18,478.697,478.896,471.707,473.834,39014118
2025-03-19,476.1,484.608,474.163,480.174,40370148
2025-03-20,476.17,483.829,475.471,478.547,36725802
2025-03-21,473.374,480.893,472.201,480.124,42172007
2025-03-24,487.74,491.51,484.4,490.66,34567191
2025-03-25,491.39,493.62,490.42,493.46,26035240
2025-03-26,492.3,493.16,482.82,484.38,35043359
2025-03-27,482.41,486.58,480.25,481.62,33469820
2025-03-28,479.81,480.52,468.05,468.94,46363801
2025-03-31,461.92,469.86,457.33,468.92,53000301
2025-04-01,467.3,473.63,464.42,472.7,41156230
2025-04-02,466.12,479.56,465.86,476.15,49894488
2025-04-03,456.44,460.07,450.14,450.66,70456336
2025-04-04,438.14,440.37,422.67,422.67,117088398
2025-04-07,408.66,443.14,402.39,423.69,161556984
2025-04-08,438.16,443.138,409.79,416.06,101248094
2025-04-09,415.57,467.83,415.43,466,142876891
2025-04-10,453.56,455.59,432.63,446.18,108384094
2025-04-11,444.65,455.79,441.33,454.4,52483781
2025-04-14,464.46,465.05,452.63,457.48,43941180
2025-04-15,458.54,462.38,456.15,457.99,35404207
2025-04-16,449.03,452.62,437.76,444.18,48980551
2025-04-17,447.17,447.75,441.36,444.1,44837047
2025-04-21,438.23,439.08,427.93,433.11,44149312
2025-04-22,438.82,447.58,437.62,444.48,52304391
2025-04-23,458.17,463.38,452.88,454.56,55801141
2025-04-24,456.48,467.66,455.83,467.35,45956141
2025-04-25,466.97,473.09,465.39,472.56,38697059
2025-04-28,473.03,474.808,466.03,472.41,33550781
2025-04-29,470.17,476.42,469.59,475.53,30613100
2025-04-30,467.13,477.2,462.43,475.47,46810600
2025-05-01,483.41,487.18,480.74,481.68,43316500
2025-05-02,486.54,490.91,484.83,488.83,39218100
2025-05-05,484.6,489.03,484.1,485.93,28309500
2025-05-06,479.56,485.05,478.19,481.41,32786300
2025-05-07,482.08,485.8,476.78,483.3,38006300
2025-05-08,488.53,492.7,484.17,488.29,39577600
2025-05-09,490.21,491.54,486.2,487.97,27767400
2025-05-12,506.99,507.89,501.48,507.85,45090600
2025-05-13,509.16,517.39,508.42,515.59,53269600
2025-05-14,516.77,519.23,515.75,518.68,47014500
2025-05-15,516.52,521.93,515.17,519.25,50153300
2025-05-16,520.66,521.7,517.1,521.51,48394600
2025-05-19,514.24,522.53,514.24,522.01,52536200
2025-05-20,519.47,520.93,516.66,520.27,42336200
2025-05-21,516.27,523,511.24,512.84,68944626
